protein	position	label	detected	n_cys_peptide	abundance	peptide_mass
A0A0A6YVU8	60	0	1	1	288340000.0	
A0A0A6YVU8	80	0	1	1	288340000.0	
A0A0A6YVU8	88	0	1	1	288340000.0	
A0A0G2JF45	45	1	1	1		1491.74906
A0A140LI88	465	0	1	2		
A0A140LI88	467	0	1	2		
A0A140LI88	1605	0	1	1		
A0A140LI88	1618	1	1	1		1029.55018
A0A140LIF8	256	0	1	1		
A0A286YCX6	505	0	1	1		
A0A571BF58	5335	0	1	1		
A0A5F8MPI9	108	0	1	1		
A0A5F8MPI9	485	0	1	1		
A0A8V5KX55	731	1	1	1		2210.09629
A0AAG1F914	71	0	1	1		
A0AAG1FCE8	418	0	1	2		
A0AAG1FCE8	419	0	1	2		
A1L3P4	597	1	1	2		3940.92153
A1L3P4	598	1	1	2		3940.92153
A2A5R2	1002	0	1	1	107370000.0	
A2A5R2	1213	0	1	1	107370000.0	
A2A791	816	0	1	2		
A2A791	819	0	1	2		
A2A9Q0	147	1	1	1		1141.61653
A2AAY5	102	0	1	1	710160000.0	
A2AGT5	343	0	1	1	336600000.0	
A2AHC3	949	0	1	1		
A2AHM1	105	0	1	1		
A2AJ72	125	1	1	1	377970000.0	2996.51247
A2AJI0	375	1	1	1	99546000.0	1400.67181
A2AJI0	384	0	1	1	99546000.0	
A2AN08	381	0	1	1	350480000.0	
A2ANX3	202	0	1	1		
A2APB8	535	1	1	1	82505000.0	1469.66091
A2AR02	10	0	1	1	132700000.0	
A2ARZ3	1079	0	1	1		
A2AUP5	394	0	1	1		
A2AVZ9	226	1	1	1		2090.00438
A2AWP8	861	0	1	1	32227000.0	
A2BDX3	331	0	1	1	517150000.0	
A2BDX3	365	0	1	1	517150000.0	
A2RSJ4	204	0	1	1		
A3KGF7	1104	0	1	1		
A3KMP2	24	0	1	1		
A6H611	279	0	1	1	49191000.0	
A6H8H2	126	0	1	1	51900000.0	
A6X8Z5	560	0	1	1		
A8C756	1722	0	1	1	13375000.0	
A8Y5H7	258	0	1	1		
B1ARD6	160	0	1	1	33862000.0	
B1ARD6	404	0	1	1	33862000.0	
B1ARD6	509	0	1	2	33862000.0	
B1ARD6	516	0	1	2	33862000.0	
B1ART1	3294	1	1	1		1412.70099
B1AXB9	17	0	1	2		
B1AXB9	21	0	1	2		
B1AXP3	6	0	1	4		
B1AXP3	8	0	1	4		
B1AXP3	11	0	1	4		
B1AXP3	13	0	1	4		
B1AY13	150	0	1	1	32250000.0	
B1AY13	1505	1	1	1	32250000.0	1589.7218
B1AY13	1513	0	1	1	32250000.0	
B1AZI6	89	0	1	2	119190000.0	
B1AZI6	97	0	1	2	119190000.0	
B1AZI6	986	0	1	2	119190000.0	
B1AZI6	996	0	1	2	119190000.0	
B1AZP2	726	0	1	1		
B1B1A0	450	0	1	3		
B1B1A0	457	0	1	3		
B1B1A0	465	0	1	3		
B2RQC6	736	0	1	1	5646700000.0	
B2RQC6	834	0	1	1	5646700000.0	
B2RQC6	868	0	1	1	5646700000.0	
B2RQC6	1142	0	1	1	5646700000.0	
B2RQC6	1215	0	1	1	5646700000.0	
B2RQC6	1529	0	1	1	5646700000.0	
B2RQC6	1636	0	1	1	5646700000.0	
B2RQC6	1696	0	1	1	5646700000.0	
B2RQC6	1889	0	1	1	5646700000.0	
B2RRE7	898	0	1	1	113730000.0	
B2RX14	1243	0	1	1		
B2RXR6	122	0	1	1		
B2RXS4	112	0	1	1	290950000.0	
B2RXS4	313	0	1	1	290950000.0	
B2RXS4	557	0	1	1	290950000.0	
B2RXS4	617	0	1	1	290950000.0	
B2RXS4	940	0	1	1	290950000.0	
B2RXS4	1488	1	1	1	290950000.0	1275.64929
B2RXS4	1508	0	1	2	290950000.0	
B2RXS4	1510	0	1	2	290950000.0	
B2RY56	110	0	1	1	966560000.0	
B2RY56	132	0	1	1	966560000.0	
B8ZXI1	174	0	1	1	47591000.0	
B9EJ54	1297	0	1	1	345770000.0	
B9EJ86	255	0	1	1	1613499999.9999998	
B9EJ86	494	0	1	1	1613499999.9999998	
D0QMC3	490	0	1	1	124220000.0	
D3YUP5	404	0	1	1		
D3YUP5	750	1	1	1		1445.80646
D3YXK2	81	1	1	1	774460000.0	2333.0329
D3YXK2	470	0	1	1	774460000.0	
D3YYY8	564	1	1	1		1044.42946
D3YYY8	715	0	1	1		
D3YZZ5	151	0	1	1	270770000.0	
D3Z286	352	0	1	1		
D3Z2H9	154	0	1	1	20332000000.0	
D3Z2H9	170	0	1	1	20332000000.0	
D3Z2H9	226	0	1	2	20332000000.0	
D3Z2H9	233	1	1	2	20332000000.0	1528.67625
D3Z6Q9	205	0	1	1	174030000.0	
D3Z7P3	183	0	1	1	1242900000.0	
D3Z7P3	208	0	1	1	1242900000.0	
D3Z7P3	271	0	1	1	1242900000.0	
D3Z7P3	523	0	1	2	1242900000.0	
D3Z7P3	530	0	1	2	1242900000.0	
E9PVA8	246	0	1	1	1367600000.0	
E9PVA8	1235	0	1	1	1367600000.0	
E9PVA8	1595	0	1	1	1367600000.0	
E9PVX6	868	0	1	1	3945699999.9999995	
E9PVX6	1053	0	1	1	3945699999.9999995	
E9PVZ8	1952	0	1	1	63281000.0	
E9PWW6	607	0	1	1		
E9PYD1	111	0	1	1	19769000.0	
E9PYF7	137	0	1	1		
E9PYF7	185	0	1	1		
E9PZM7	1112	0	1	1		
E9PZQ0	491	0	1	1		
E9Q137	94	0	1	1	50963000.0	
E9Q1P8	40	0	1	1	269960000.0	
E9Q1P8	532	1	1	1	269960000.0	1595.68859
E9Q236	19	1	1	1		2476.22026
E9Q3L4	16	0	1	1	323130000.0	
E9Q3L4	69	0	1	1	323130000.0	
E9Q3L4	531	1	1	1	323130000.0	1479.69876
E9Q3L4	852	0	1	1	323130000.0	
E9Q3L4	863	0	1	1	323130000.0	
E9Q3L4	941	1	1	1	323130000.0	1245.60234
E9Q3P4	308	1	1	1		1833.86661
E9Q555	472	0	1	1	401110000.0	
E9Q555	653	0	1	1	401110000.0	
E9Q555	1380	0	1	1	401110000.0	
E9Q555	2373	0	1	2	401110000.0	
E9Q555	2385	0	1	2	401110000.0	
E9Q555	2879	0	1	1	401110000.0	
E9Q555	3220	0	1	1	401110000.0	
E9Q555	3289	0	1	1	401110000.0	
E9Q555	3484	0	1	1	401110000.0	
E9Q555	4127	0	1	1	401110000.0	
E9Q555	4184	0	1	1	401110000.0	
E9Q555	4216	0	1	1	401110000.0	
E9Q555	4306	0	1	1	401110000.0	
E9Q555	4451	0	1	1	401110000.0	
E9Q555	4880	0	1	1	401110000.0	
E9Q557	2445	1	1	2		1787.91614
E9Q557	2454	1	1	2		1787.91614
E9Q5F9	1728	0	1	1		
E9Q616	2012	0	1	1	12676000000.0	
E9Q634	586	0	1	1	524170000.0	
E9Q634	790	0	1	1	524170000.0	
E9Q6K3	334	0	1	1		
E9Q7G0	373	0	1	1	1831499999.9999998	
E9Q7G0	439	0	1	1	1831499999.9999998	
E9Q7G0	728	0	1	1	1831499999.9999998	
E9Q7G0	1717	1	1	1	1831499999.9999998	3497.75594
E9Q9B7	93	0	1	1	26888000.0	
E9Q9B7	625	0	1	1	26888000.0	
E9Q9B7	779	0	1	1	26888000.0	
E9Q9B7	1273	0	1	1	26888000.0	
E9QAA1	407	0	1	3		
E9QAA1	410	0	1	3		
E9QAA1	413	0	1	3		
E9QAT4	1560	0	1	1	110620000.0	
F8VPN4	136	0	1	1	11296000.0	
F8VPN4	1290	0	1	1	11296000.0	
F8VPS6	617	0	1	1		
F8VQ05	2370	0	1	1	5463200.0	
F8VQC1	128	0	1	1	965480000.0	
F8VQC1	349	0	1	1	965480000.0	
G3UWE6	298	0	1	2		
G3UWE6	302	0	1	2		
G3UXL2	41	0	1	1	2477900000.0	
G3UXL2	91	1	1	1	2477900000.0	1392.72239
G3UXL2	165	1	1	1	2477900000.0	1288.60815
G3UXL2	265	0	1	1	2477900000.0	
G3X972	495	0	1	1	250670000.0	
G3X972	912	0	1	1	250670000.0	
G5E829	649	0	1	1	714300000.0	
G5E870	1571	1	1	1	164670000.0	1433.64381
G5E870	1681	0	1	1	164670000.0	
G5E8P0	1551	0	1	1	46880000.0	
J3QMC5	3061	0	1	2	208850000.0	
J3QMC5	3062	0	1	2	208850000.0	
J3QMC5	4183	0	1	1	208850000.0	
J3QMS2	359	0	1	3		
J3QMS2	370	0	1	3		
J3QMS2	371	0	1	3		
J3QNY8	622	0	1	2		
J3QNY8	625	0	1	2		
L7N2E7	86	0	1	1		
L7N2E7	114	1	1	1		1531.80283
M0QWN7	468	1	1	1		2042.97651
O08528	9	0	1	1	1769599999.9999998	
O08528	133	0	1	1	1769599999.9999998	
O08528	158	0	1	1	1769599999.9999998	
O08528	368	1	1	1	1769599999.9999998	1694.841
O08528	375	0	1	1	1769599999.9999998	
O08528	386	0	1	1	1769599999.9999998	
O08528	517	0	1	1	1769599999.9999998	
O08528	628	0	1	1	1769599999.9999998	
O08528	794	0	1	1	1769599999.9999998	
O08528	813	0	1	1	1769599999.9999998	
O08528	823	0	1	1	1769599999.9999998	
O08528	886	0	1	1	1769599999.9999998	
O08528	909	0	1	1	1769599999.9999998	
O08529	82	0	1	1	81478000.0	
O08529	405	0	1	1	81478000.0	
O08529	577	0	1	1	81478000.0	
O08553	248	1	1	1	3240399999.9999995	1821.92948
O08553	439	0	1	1	3240399999.9999995	
O08553	504	1	1	1	3240399999.9999995	1619.78651
O08573	73	0	1	1	9525300.0	
O08573	101	0	1	1	9525300.0	
O08573	258	0	1	1	9525300.0	
O08688	58	0	1	1		
O08688	160	0	1	1		
O08688	173	0	1	1		
O08688	246	0	1	1		
O08688	495	0	1	1		
O08709	47	1	1	1	3468699999.9999995	1394.65001
O08715	80	0	1	1	118060000.0	
O08715	352	0	1	1	118060000.0	
O08749	477	1	1	1	3192499999.9999995	3353.63841
O08749	484	1	1	1	3192499999.9999995	1523.73033
O08759	135	0	1	1	185830000.0	
O08759	193	1	1	1	185830000.0	1828.72036
O08759	475	0	1	1	185830000.0	
O08759	755	1	1	1	185830000.0	1994.02953
O08759	838	1	1	1	185830000.0	2974.44947
O08788	791	0	1	1	637390000.0	
O08795	464	1	1	1	830900000.0	1551.65247
O08796	9	0	1	1		
O08800	98	0	1	1		
O08800	154	0	1	1		
O08807	151	0	1	1	3056499999.9999995	
O08810	662	0	1	1	2946799999.9999995	
O08810	673	0	1	1	2946799999.9999995	
O08810	779	0	1	1	2946799999.9999995	
O08832	503	0	1	1		
O08842	222	0	1	3		
O08842	224	0	1	3		
O08842	229	0	1	3		
O08843	88	0	1	1		
O08912	442	0	1	1		
O08912	459	0	1	1		
O08912	482	0	1	1		
O08912	497	0	1	1		
O08917	34	1	1	1		1499.82825
O08917	85	0	1	1		
O08917	203	0	1	1		
O09000	709	0	1	1	61529000.0	
O09009	239	0	1	1		
O09044	79	1	1	5	228180000.0	1468.5502
O09044	80	1	1	5	228180000.0	1468.5502
O09044	83	1	1	5	228180000.0	1468.5502
O09044	85	1	1	5	228180000.0	1468.5502
O09044	87	1	1	5	228180000.0	1468.5502
O09106	408	0	1	1	1117800000.0	
O09117	64	1	1	1	29258000.0	1087.53319
O09126	520	0	1	1		
O09126	529	1	1	1		1486.68344
O09126	553	0	1	1		
O09126	624	0	1	1		
O09131	90	1	1	1	3850799999.9999995	3940.97683
O09131	236	0	1	1	3850799999.9999995	
O09172	35	0	1	1	526990000.0	
O35075	243	0	1	1	177640000.0	
O35083	273	0	1	1		
O35114	274	0	1	1		
O35218	346	0	1	1	140010000.0	
O35226	37	1	1	1	1789199999.9999998	1709.8519
O35286	174	0	1	1	2721900000.0	
O35286	190	0	1	1	2721900000.0	
O35286	226	0	1	1	2721900000.0	
O35286	307	0	1	1	2721900000.0	
O35286	644	0	1	1	2721900000.0	
O35286	750	0	1	1	2721900000.0	
O35316	71	0	1	1	175890000.0	
O35344	325	0	1	1	658650000.0	
O35350	49	0	1	1	42368000.0	
O35375	427	0	1	1	63899000.0	
O35375	592	0	1	1	63899000.0	
O35375	902	1	1	1	63899000.0	2065.93027
O35379	1476	0	1	1	144060000.0	
O35381	123	0	1	1	1543799999.9999998	
O35454	399	0	1	1		
O35465	251	0	1	1	389770000.0	
O35465	264	0	1	1	389770000.0	
O35465	285	0	1	1	389770000.0	
O35484	133	1	1	1		1751.79575
O35516	1357	0	1	1		
O35566	192	0	1	1		
O35598	400	0	1	1	8949900.0	
O35598	525	0	1	2	8949900.0	
O35598	531	0	1	2	8949900.0	
O35598	633	1	1	1	8949900.0	1604.76169
O35598	640	0	1	1	8949900.0	
O35604	177	1	1	1	51293000.0	858.474557
O35604	346	0	1	1	51293000.0	
O35604	799	1	1	2	51293000.0	1298.62236
O35604	800	1	1	2	51293000.0	1298.62236
O35604	956	0	1	2	51293000.0	
O35604	957	0	1	2	51293000.0	
O35604	979	0	1	1	51293000.0	
O35609	144	1	1	2	525900000.0	3807.78878
O35609	149	1	1	2	525900000.0	3807.78878
O35609	175	0	1	2	525900000.0	
O35609	187	0	1	2	525900000.0	
O35623	28	0	1	1	12968000.0	
O35643	95	0	1	1	668800000.0	
O35643	123	0	1	1	668800000.0	
O35643	129	0	1	1	668800000.0	
O35643	144	0	1	1	668800000.0	
O35643	380	0	1	1	668800000.0	
O35643	391	0	1	1	668800000.0	
O35643	863	1	1	1	668800000.0	1318.58233
O35643	924	0	1	1	668800000.0	
O35664	270	1	1	1		865.47316
O35682	273	0	1	1	107060000.0	
O35682	286	0	1	1	107060000.0	
O35737	22	1	1	1	4123499999.9999995	1503.67763
O35737	267	0	1	1	4123499999.9999995	
O35841	71	0	1	1	929240000.0	
O35855	93	1	1	1	958730000.0	3110.60116
O35855	136	0	1	2	958730000.0	
O35855	148	0	1	2	958730000.0	
O35855	229	0	1	1	958730000.0	
O35892	392	0	1	1		
O35892	432	0	1	1		
O35904	90	0	1	1	28465000.0	
O35927	610	0	1	1		
O54692	650	0	1	1	64644000.0	
O54692	686	0	1	1	64644000.0	
O54774	1179	0	1	1	170940000.0	
O54928	37	0	1	1		
O54928	218	0	1	1		
O54988	358	0	1	1	1230000000.0	
O54988	1151	0	1	1	1230000000.0	
O55013	31	0	1	1	188390000.0	
O55013	68	1	1	1	188390000.0	1560.73548
O55023	8	0	1	1	592560000.0	
O55023	183	0	1	1	592560000.0	
O55029	56	0	1	1	1295100000.0	
O55029	104	0	1	1	1295100000.0	
O55029	190	0	1	1	1295100000.0	
O55029	276	0	1	1	1295100000.0	
O55029	741	0	1	1	1295100000.0	
O55125	6	0	1	1	9618000.0	
O55135	110	0	1	1	2351800000.0	
O55143	344	0	1	2	5154700000.0	
O55143	349	0	1	2	5154700000.0	
O55143	364	1	1	1	5154700000.0	1483.67591
O55143	377	0	1	1	5154700000.0	
O55143	404	0	1	3	5154700000.0	
O55143	417	0	1	3	5154700000.0	
O55143	420	0	1	3	5154700000.0	
O55143	447	1	1	1	5154700000.0	1619.80764
O55143	471	0	1	1	5154700000.0	
O55143	498	1	1	1	5154700000.0	1541.69665
O55143	560	0	1	1	5154700000.0	
O55143	635	0	1	1	5154700000.0	
O55143	669	0	1	1	5154700000.0	
O55143	875	0	1	1	5154700000.0	
O55143	998	1	1	1	5154700000.0	1860.904
O55222	8	0	1	1	279850000.0	
O55222	42	0	1	1	279850000.0	
O55222	239	1	1	1	279850000.0	1065.41856
O55229	72	1	1	1		2300.1947
O70133	12	0	1	1	3283199999.9999995	
O70133	244	1	1	1	3283199999.9999995	1287.69691
O70133	440	1	1	1	3283199999.9999995	1356.68198
O70133	1031	1	1	1	3283199999.9999995	1485.62281
O70145	291	1	1	1	822930000.0	1657.84978
O70145	513	0	1	1	822930000.0	
O70194	195	0	1	2	3548499999.9999995	
O70194	196	0	1	2	3548499999.9999995	
O70194	258	0	1	1	3548499999.9999995	
O70194	327	0	1	1	3548499999.9999995	
O70194	375	0	1	1	3548499999.9999995	
O70194	493	0	1	2	3548499999.9999995	
O70194	498	0	1	2	3548499999.9999995	
O70251	50	1	1	1	5541400000.0	3414.65544
O70251	161	0	1	1	5541400000.0	
O70281	226	0	1	2		
O70281	234	0	1	2		
O70305	302	0	1	1	76921000.0	
O70309	563	0	1	4	17780000.0	
O70309	569	0	1	4	17780000.0	
O70309	571	0	1	4	17780000.0	
O70309	574	0	1	4	17780000.0	
O70310	294	0	1	1	354320000.0	
O70318	307	0	1	1	1135500000.0	
O70318	756	0	1	1	1135500000.0	
O70325	93	0	1	1		
O70325	102	0	1	1		
O70325	134	0	1	1		
O70325	195	0	1	1		
O70370	178	0	1	1	646240000.0	
O70370	281	0	1	1	646240000.0	
O70378	12	0	1	1	77210000.0	
O70435	42	0	1	1	2469900000.0	
O70439	28	1	1	1	433510000.0	1232.61832
O70496	635	0	1	1		
O70503	38	1	1	1	2585600000.0	1801.89337
O70503	166	0	1	1	2585600000.0	
O70503	215	0	1	1	2585600000.0	
O70551	495	0	1	1	445490000.0	
O70551	640	0	1	1	445490000.0	
O70558	58	0	1	3		
O70558	67	0	1	3		
O70558	71	0	1	3		
O70566	881	0	1	1		
O88324	98	0	1	1		
O88342	170	0	1	1	7289999999.999999	
O88342	225	0	1	1	7289999999.999999	
O88342	382	0	1	1	7289999999.999999	
O88342	438	0	1	1	7289999999.999999	
O88342	507	1	1	1	7289999999.999999	2279.05285
O88379	548	0	1	1	44887000.0	
O88379	932	0	1	1	44887000.0	
O88531	128	0	1	1	39333000.0	
O88532	844	0	1	2	111970000.0	
O88532	856	0	1	2	111970000.0	
O88532	899	0	1	1	111970000.0	
O88544	255	0	1	1	766060000.0	
O88569	50	1	1	1	21568000000.0	1646.82324
O88587	200	0	1	1	969250000.0	
O88622	421	1	1	1	10189000.0	1370.6361
O88622	811	0	1	1	10189000.0	
O88627	18	0	1	1		
O88627	615	0	1	2		
O88627	616	0	1	2		
O88693	143	0	1	1		
O88697	53	1	1	1		1782.79551
O88697	174	0	1	1		
O88738	68	0	1	1	463530000.0	
O88738	974	0	1	1	463530000.0	
O88738	4468	0	1	1	463530000.0	
O88738	4626	0	1	1	463530000.0	
O88738	4691	1	1	1	463530000.0	1937.97817
O88829	194	0	1	1		
O88839	410	0	1	1	38406000.0	
O88839	572	0	1	1	38406000.0	
O88839	647	0	1	2	38406000.0	
O88839	658	0	1	2	38406000.0	
O88839	742	1	1	1	38406000.0	1672.81037
O88842	148	0	1	1	46595000.0	
O88844	73	0	1	1	2251800000.0	
O88844	269	0	1	1	2251800000.0	
O88844	363	0	1	1	2251800000.0	
O88844	379	0	1	1	2251800000.0	
O88878	76	1	1	1	136160000.0	1750.74281
O88983	14	0	1	1	8781000.0	
O88983	126	1	1	1	8781000.0	1813.79411
O88986	26	0	1	1	528230000.0	
O88986	215	0	1	1	528230000.0	
O88986	230	0	1	1	528230000.0	
O88986	401	0	1	1	528230000.0	
O89001	581	0	1	1	22685000.0	
O89013	66	1	1	1		1431.59362
O89017	52	1	1	1	1124900000.0	1718.80596
O89017	221	1	1	1	1124900000.0	1570.5882
O89023	364	0	1	1	519190000.0	
O89050	13	0	1	1	62219000.0	
O89050	469	0	1	1	62219000.0	
O89050	582	1	1	1	62219000.0	1243.5503
O89051	38	0	1	1	10185000.0	
O89051	89	0	1	1	10185000.0	
O89051	248	0	1	1	10185000.0	
O89051	265	0	1	1	10185000.0	
O89053	24	1	1	1	11982000000.0	1154.46624
O89053	40	1	1	1	11982000000.0	1795.81993
O89053	192	0	1	2	11982000000.0	
O89053	195	1	1	2	11982000000.0	1219.53254
O89053	285	1	1	1	11982000000.0	3845.90736
O89053	332	1	1	1	11982000000.0	1443.76163
O89053	345	1	1	1	11982000000.0	1300.66316
O89103	52	0	1	1	38532000.0	
O89103	140	0	1	1	38532000.0	
O89103	164	0	1	2	38532000.0	
O89103	179	0	1	2	38532000.0	
O89103	187	0	1	1	38532000.0	
O89103	224	0	1	1	38532000.0	
O89103	254	0	1	1	38532000.0	
O89103	297	0	1	1	38532000.0	
O89110	26	0	1	1	153930000.0	
O89110	81	0	1	1	153930000.0	
O89110	131	0	1	1	153930000.0	
O89110	211	0	1	1	153930000.0	
O89110	238	0	1	1	153930000.0	
O89110	347	0	1	1	153930000.0	
O89110	362	0	1	1	153930000.0	
O89110	435	0	1	1	153930000.0	
O89112	108	0	1	1	11821000.0	
O89112	252	0	1	1	11821000.0	
P00342	163	0	1	1	61636000000.0	
P00397	498	0	1	1	229910000.0	
P00493	23	1	1	1	1388800000.0	3436.56568
P00493	106	1	1	1	1388800000.0	1386.57216
P00493	206	0	1	1	1388800000.0	
P00520	5	0	1	1	27327000.0	
P01897	188	0	1	1	28745000.0	
P01901	185	0	1	1	723210000.0	
P04441	196	0	1	1		
P05063	73	0	1	1	1812299999.9999998	
P05063	290	0	1	1	1812299999.9999998	
P05064	73	1	1	1	55393000000.0	3112.63794
P05064	178	1	1	1	55393000000.0	3176.58121
P05064	202	0	1	1	55393000000.0	
P05064	240	1	1	1	55393000000.0	3116.55356
P05064	290	1	1	1	55393000000.0	1807.94435
P05064	339	1	1	1	55393000000.0	1131.57064
P05201	160	0	1	1	5283500000.0	
P05201	391	0	1	1	5283500000.0	
P05202	106	0	1	1	10389000000.0	
P05202	187	1	1	1	10389000000.0	1645.72939
P05202	295	1	1	1	10389000000.0	979.516088
P05202	382	0	1	1	10389000000.0	
P05213	4	0	1	3	51804000000.0	
P05213	20	0	1	3	51804000000.0	
P05213	25	0	1	3	51804000000.0	
P05213	129	1	1	1	51804000000.0	3533.70716
P05213	295	1	1	1	51804000000.0	2749.28399
P05213	315	1	1	2	51804000000.0	1316.57157
P05213	316	1	1	2	51804000000.0	1316.57157
P05213	347	1	1	1	51804000000.0	1583.74425
P05213	376	1	1	1	51804000000.0	1863.89714
P05555	638	0	1	1	750860000.0	
P05555	721	0	1	1	750860000.0	
P06151	84	1	1	1	61636000000.0	1570.76611
P06151	163	1	1	1	61636000000.0	1247.59283
P06151	185	1	1	1	61636000000.0	3609.81507
P06151	293	1	1	1	61636000000.0	2906.47356
P06332	444	0	1	2		
P06332	446	0	1	2		
P06745	404	1	1	1	13269000000.0	2192.15984
P06800	339	0	1	1	940220000.0	
P06800	384	1	1	1	940220000.0	2648.32281
P06800	751	0	1	1	940220000.0	
P06800	778	0	1	1	940220000.0	
P06800	842	0	1	1	940220000.0	
P06800	1111	0	1	1	940220000.0	
P06800	1157	0	1	1	940220000.0	
P06804	148	0	1	1		
P06869	63	0	1	1	22577000.0	
P06869	71	0	1	1	22577000.0	
P06869	134	0	1	1	22577000.0	
P06869	169	0	1	1	22577000.0	
P06869	290	0	1	1	22577000.0	
P06869	301	0	1	1	22577000.0	
P06869	315	0	1	1	22577000.0	
P06869	347	0	1	1	22577000.0	
P06869	363	0	1	1	22577000.0	
P07356	9	1	1	1	3296299999.9999995	1127.56449
P07356	133	1	1	1	3296299999.9999995	1776.85638
P07356	262	0	1	1	3296299999.9999995	
P07356	335	0	1	1	3296299999.9999995	
P07724	77	0	1	2		
P07724	86	0	1	2		
P07724	416	1	1	1		2957.49569
P07724	472	0	1	1		
P07742	254	0	1	1	3815899999.9999995	
P07742	544	0	1	1	3815899999.9999995	
P07901	375	1	1	1	25346000000.0	2430.15995
P07901	421	0	1	1	25346000000.0	
P07901	482	1	1	1	25346000000.0	2244.96673
P07901	530	0	1	1	25346000000.0	
P07901	573	0	1	1	25346000000.0	
P08030	83	1	1	1	4277899999.9999995	2132.14523
P08030	140	1	1	1	4277899999.9999995	2727.40879
P08030	153	0	1	1	4277899999.9999995	
P08103	393	0	1	1		
P08103	480	0	1	1		
P08113	576	1	1	1	30497000000.0	3103.48485
P08113	645	1	1	1	30497000000.0	2355.06237
P08249	89	1	1	1	19260000000.0	1488.72827
P08249	93	1	1	1	19260000000.0	1337.71256
P08249	212	1	1	1	19260000000.0	1369.76392
P08249	275	1	1	1	19260000000.0	1367.63912
P08249	285	1	1	1	19260000000.0	1757.85459
P08508	98	0	1	1		
P08556	51	0	1	1	153630000.0	
P08556	80	1	1	1	153630000.0	1655.79774
P08556	118	0	1	1	153630000.0	
P08752	66	1	1	1	3441199999.9999995	1635.6835
P08752	112	0	1	1	3441199999.9999995	
P08752	140	0	1	1	3441199999.9999995	
P08752	255	1	1	1	3441199999.9999995	1109.51754
P08752	287	1	1	1	3441199999.9999995	3284.55472
P08752	326	1	1	1	3441199999.9999995	1585.70826
P08905	83	1	1	1	1999799999.9999998	1295.5717
P09055	64	0	1	1	786900000.0	
P09055	75	1	1	1	786900000.0	1271.55645
P09055	301	0	1	1	786900000.0	
P09055	435	0	1	1	786900000.0	
P09055	462	0	1	1	786900000.0	
P09055	464	0	1	2	786900000.0	
P09055	466	0	1	2	786900000.0	
P09055	553	0	1	3	786900000.0	
P09055	555	0	1	3	786900000.0	
P09055	560	0	1	3	786900000.0	
P09055	568	0	1	2	786900000.0	
P09055	574	0	1	2	786900000.0	
P09055	691	0	1	1	786900000.0	
P09103	314	1	1	1	17307000000.0	1935.0288
P09103	345	0	1	1	17307000000.0	
P09405	544	0	1	1	51303000000.0	
P09411	50	1	1	1	33923000000.0	923.417102
P09411	99	1	1	2	33923000000.0	2849.36878
P09411	108	1	1	2	33923000000.0	2849.36878
P09411	316	1	1	1	33923000000.0	2608.22614
P09411	367	0	1	3	33923000000.0	
P09411	379	0	1	3	33923000000.0	
P09411	380	0	1	3	33923000000.0	
P09528	131	1	1	1	2977999999.9999995	2898.37457
P0CW02	74	1	1	2		2386.15218
P0CW02	78	1	1	2		2386.15218
P0DM40	1852	0	1	1		
P0DOV1	69	0	1	1		
P0DOV2	69	0	1	1	135590000.0	
P0DOV2	180	0	1	2	135590000.0	
P0DOV2	181	0	1	2	135590000.0	
P0DOV2	404	0	1	1	135590000.0	
P0DOV2	592	0	1	1	135590000.0	
P0DPE0	57	0	1	1	45908000.0	
P10107	189	1	1	1	3921799999.9999995	1819.80065
P10107	263	0	1	1	3921799999.9999995	
P10107	270	0	1	1	3921799999.9999995	
P10107	324	0	1	1	3921799999.9999995	
P10107	343	0	1	1	3921799999.9999995	
P10126	111	1	1	1	102470000000.0	2924.42596
P10126	234	1	1	1	102470000000.0	3950.0823
P10126	411	1	1	1	102470000000.0	2994.39255
P10404	181	0	1	1	2202000000.0	
P10404	356	1	1	1	2202000000.0	1827.97643
P10404	526	0	1	1	2202000000.0	
P10404	533	0	1	3	2202000000.0	
P10404	534	0	1	3	2202000000.0	
P10518	75	0	1	1	123050000.0	
P10605	59	0	1	1	11344000000.0	
P10605	93	1	1	1	11344000000.0	1587.74637
P10605	105	1	1	2	11344000000.0	2239.92627
P10605	108	1	1	2	11344000000.0	2239.92627
P10605	211	1	1	1	11344000000.0	1619.67735
P10605	319	1	1	1	11344000000.0	1836.87885
P10639	32	1	1	2	2033999999.9999998	1805.84806
P10639	35	1	1	2	2033999999.9999998	1805.84806
P10639	46	1	1	1	2033999999.9999998	1521.74723
P10639	62	0	1	2	2033999999.9999998	
P10639	69	1	1	2	2033999999.9999998	2856.24699
P10639	73	0	1	1	2033999999.9999998	
P10649	174	0	1	1	3166699999.9999995	
P10711	263	0	1	1	924120000.0	
P10711	271	1	1	1	924120000.0	1269.57718
P10810	213	1	1	1	291620000.0	2209.30207
P10833	70	0	1	1		
P11103	295	0	1	1	3857299999.9999995	
P11103	311	0	1	1	3857299999.9999995	
P11152	310	0	1	1	638220000.0	
P11352	154	0	1	1	26833000.0	
P11370	129	0	1	1	1071199999.9999999	
P11370	394	0	1	1	1071199999.9999999	
P11370	564	1	1	3	1071199999.9999999	2791.24041
P11370	571	1	1	3	1071199999.9999999	2791.24041
P11370	572	1	1	3	1071199999.9999999	2791.24041
P11438	327	0	1	1	1325700000.0	
P11499	366	1	1	1	108150000000.0	2389.13341
P11499	412	0	1	1	108150000000.0	
P11499	521	1	1	1	108150000000.0	2447.13888
P11499	564	0	1	1	108150000000.0	
P11499	589	0	1	2	108150000000.0	
P11499	590	0	1	2	108150000000.0	
P11680	159	0	1	1	96041000.0	
P11680	292	0	1	1	96041000.0	
P11680	332	0	1	1	96041000.0	
P11680	402	0	1	1	96041000.0	
P11835	74	0	1	1	594410000.0	
P11835	199	0	1	1	594410000.0	
P11835	247	0	1	1	594410000.0	
P11835	287	0	1	1	594410000.0	
P11835	387	0	1	1	594410000.0	
P11835	401	1	1	1	594410000.0	2133.0273
P11835	421	0	1	1	594410000.0	
P11835	446	0	1	3	594410000.0	
P11835	448	0	1	3	594410000.0	
P11835	450	0	1	3	594410000.0	
P11835	468	0	1	2	594410000.0	
P11835	471	0	1	2	594410000.0	
P11835	473	0	1	1	594410000.0	
P11835	482	0	1	2	594410000.0	
P11835	484	0	1	2	594410000.0	
P11835	550	0	1	1	594410000.0	
P11835	583	0	1	1	594410000.0	
P11835	591	0	1	1	594410000.0	
P11835	672	0	1	1	594410000.0	
P11835	697	0	1	1	594410000.0	
P11881	992	0	1	2		
P11881	995	0	1	2		
P11881	1458	0	1	1		
P11928	39	1	1	1	5467700.0	1250.63291
P11928	46	0	1	1	5467700.0	
P11983	76	1	1	1	10501000000.0	3098.64208
P11983	147	0	1	1	10501000000.0	
P11983	218	0	1	1	10501000000.0	
P11983	236	1	1	1	10501000000.0	1193.61144
P11983	357	1	1	1	10501000000.0	1230.65297
P11983	385	1	1	1	10501000000.0	1473.53228
P11983	397	1	1	1	10501000000.0	1140.59613
P12023	117	0	1	1	6270200.0	
P12265	165	1	1	1	2544600000.0	1230.63906
P12265	392	0	1	1	2544600000.0	
P12367	356	0	1	1	320180000.0	
P12382	114	0	1	1	864420000.0	
P12382	170	0	1	1	864420000.0	
P12382	334	0	1	1	864420000.0	
P12382	351	0	1	1	864420000.0	
P12382	630	0	1	1	864420000.0	
P12382	708	0	1	1	864420000.0	
P12970	174	1	1	1	24115000000.0	2814.58299
P12970	182	0	1	1	24115000000.0	
P12970	199	1	1	1	24115000000.0	2140.04703
P13020	329	0	1	1	2759700000.0	
P13020	670	0	1	1	2759700000.0	
P13439	174	1	1	1	1103500000.0	2268.16062
P13439	255	1	1	1	1103500000.0	1563.71989
P13439	278	0	1	1	1103500000.0	
P13597	134	0	1	1	30229000.0	
P13597	292	0	1	1	30229000.0	
P13864	62	0	1	1	2702100000.0	
P13864	232	0	1	1	2702100000.0	
P13864	359	0	1	2	2702100000.0	
P13864	362	0	1	2	2702100000.0	
P13864	420	0	1	1	2702100000.0	
P13864	426	0	1	1	2702100000.0	
P13864	765	0	1	1	2702100000.0	
P13864	927	0	1	1	2702100000.0	
P13864	1063	0	1	1	2702100000.0	
P13864	1194	0	1	1	2702100000.0	
P13864	1258	0	1	1	2702100000.0	
P14115	70	1	1	1	6238099999.999999	2635.30644
P14115	144	0	1	1	6238099999.999999	
P14148	208	1	1	1	26832000000.0	2293.15989
P14152	137	1	1	1	6554099999.999999	1756.91417
P14152	154	1	1	1	6554099999.999999	1025.46003
P14206	148	1	1	1	20342000000.0	2995.47093
P14206	163	1	1	1	20342000000.0	1305.63872
P14211	105	1	1	1	24910000000.0	1475.64633
P14211	137	1	1	1	24910000000.0	2440.01337
P14211	163	0	1	1	24910000000.0	
P14685	479	0	1	1	2473200000.0	
P14733	199	0	1	1	7989199999.999999	
P14824	96	0	1	1	1031899999.9999999	
P14824	114	0	1	1	1031899999.9999999	
P14824	358	1	1	1	1031899999.9999999	1664.71005
P14824	552	0	1	1	1031899999.9999999	
P14869	27	1	1	1	8625300000.0	1265.60742
P14869	119	1	1	1	8625300000.0	2179.09432
P14869	226	1	1	1	8625300000.0	2787.42655
P15105	49	0	1	1		
P15105	359	0	1	1		
P15307	496	0	1	1	79978000.0	
P15379	703	1	1	1	468320000.0	3325.9676
P15379	760	1	1	1	468320000.0	3031.33213
P15920	165	0	1	1		
P15920	323	0	1	2		
P15920	330	0	1	2		
P16045	3	1	1	2	12030000000.0	2053.03363
P16045	17	1	1	2	12030000000.0	1985.00742
P16045	43	1	1	1	12030000000.0	1485.6783
P16045	61	1	1	1	12030000000.0	1660.76275
P16045	89	1	1	1	12030000000.0	4091.92111
P16460	331	0	1	1	554140000.0	
P16675	241	0	1	2	2265100000.0	
P16675	251	0	1	2	2265100000.0	
P16675	276	0	1	1	2265100000.0	
P16675	356	0	1	1	2265100000.0	
P16675	438	1	1	1	2265100000.0	1347.68567
P16858	150	1	1	2	85694000000.0	1886.92302
P16858	154	1	1	2	85694000000.0	1886.92302
P16858	245	1	1	1	85694000000.0	1555.80283
P16858	282	1	1	1	85694000000.0	4048.8385
P17047	149	0	1	1	971010000.0	
P17182	119	1	1	1	53408000000.0	1518.82283
P17182	337	1	1	2	53408000000.0	1074.52019
P17182	339	1	1	2	53408000000.0	1074.52019
P17182	389	1	1	1	53408000000.0	2352.15189
P17426	331	0	1	1	766620000.0	
P17426	354	0	1	1	766620000.0	
P17426	397	0	1	1	766620000.0	
P17427	282	0	1	1	330020000.0	
P17427	396	0	1	1	330020000.0	
P17710	662	0	1	1	395090000.0	
P17710	684	0	1	1	395090000.0	
P17710	869	0	1	1	395090000.0	
P17710	942	0	1	1	395090000.0	
P17742	62	1	1	1	42820000000.0	1597.73812
P17742	115	1	1	1	42820000000.0	2790.32177
P17742	161	1	1	1	42820000000.0	1133.57506
P17751	21	0	1	3	25123000000.0	
P17751	27	1	1	3	25123000000.0	3698.77828
P17751	42	0	1	3	25123000000.0	
P17751	67	1	1	1	25123000000.0	1136.56483
P17751	127	1	1	1	25123000000.0	1822.96112
P17751	218	1	1	1	25123000000.0	1325.66494
P17918	81	1	1	1	9442600000.0	1260.61324
P17918	135	0	1	1	9442600000.0	
P17918	162	1	1	1	9442600000.0	1583.79774
P17981	141	0	1	1		
P18052	654	0	1	1	80310000.0	
P18242	117	0	1	1	9319900000.0	
P18242	284	0	1	1	9319900000.0	
P18242	288	1	1	1	9319900000.0	2727.40006
P18242	327	1	1	1	9319900000.0	1988.01111
P18572	203	0	1	1	774790000.0	
P18760	39	1	1	1	48577000000.0	1308.67477
P18760	80	0	1	1	48577000000.0	
P18760	139	1	1	1	48577000000.0	1789.80535
P19096	135	1	1	1	18719000000.0	3769.76759
P19096	161	1	1	1	18719000000.0	2619.33265
P19096	180	1	1	1	18719000000.0	2743.44009
P19096	212	1	1	1	18719000000.0	1205.55328
P19096	223	1	1	1	18719000000.0	1249.46697
P19096	274	1	1	1	18719000000.0	4433.13731
P19096	496	0	1	1	18719000000.0	
P19096	630	0	1	1	18719000000.0	
P19096	634	0	1	2	18719000000.0	
P19096	642	0	1	2	18719000000.0	
P19096	779	0	1	1	18719000000.0	
P19096	893	1	1	1	18719000000.0	1651.87962
P19096	1010	1	1	1	18719000000.0	2715.25988
P19096	1084	0	1	1	18719000000.0	
P19096	1128	1	1	1	18719000000.0	2324.0817
P19096	1181	1	1	1	18719000000.0	2835.49128
P19096	1222	1	1	1	18719000000.0	1533.77086
P19096	1354	0	1	1	18719000000.0	
P19096	1397	1	1	1	18719000000.0	1333.64889
P19096	1441	0	1	2	18719000000.0	
P19096	1452	0	1	2	18719000000.0	
P19096	1464	0	1	1	18719000000.0	
P19096	1557	0	1	1	18719000000.0	
P19096	1590	0	1	1	18719000000.0	
P19096	1686	0	1	1	18719000000.0	
P19096	1752	0	1	1	18719000000.0	
P19096	2003	0	1	2	18719000000.0	
P19096	2017	0	1	2	18719000000.0	
P19096	2084	0	1	1	18719000000.0	
P19096	2352	0	1	2	18719000000.0	
P19096	2362	0	1	2	18719000000.0	
P19096	2461	0	1	1	18719000000.0	
P19253	38	0	1	1	6520399999.999999	
P19973	274	1	1	1	393640000.0	1507.66468
P20108	230	1	1	1	3039299999.9999995	3412.63979
P21278	144	0	1	1	246520000.0	
P21279	9	1	1	2	246520000.0	1782.78381
P21279	10	1	1	2	246520000.0	1782.78381
P21279	144	1	1	1	246520000.0	1751.75733
P21279	330	0	1	1	246520000.0	
P21855	188	1	1	1		1912.83335
P21855	243	0	1	1		
P21855	260	0	1	1		
P21995	89	0	1	1	117670000.0	
P21995	145	1	1	1	117670000.0	988.432418
P21995	240	1	1	1	117670000.0	1620.69909
P22227	201	0	1	2	59723000.0	
P22227	204	0	1	2	59723000.0	
P22682	382	0	1	1	184090000.0	
P22682	419	0	1	1	184090000.0	
P23116	58	0	1	1	8054899999.999999	
P23188	450	0	1	1		
P23198	160	0	1	1	2790100000.0	
P23198	177	1	1	1	2790100000.0	1471.60379
P23906	83	1	1	1		1791.81313
P24270	232	1	1	1	7472999999.999999	1337.62855
P24270	377	1	1	1	7472999999.999999	1802.91377
P24270	393	0	1	1	7472999999.999999	
P24270	460	0	1	1	7472999999.999999	
P24452	77	1	1	1	8091999999.999999	2782.42968
P24527	147	0	1	1	759340000.0	
P24547	140	1	1	1	9785000000.0	1429.67723
P24547	468	0	1	1	9785000000.0	
P24668	33	0	1	1	686170000.0	
P24668	146	1	1	1	686170000.0	1064.51068
P24668	241	1	1	2	686170000.0	3181.42083
P24668	245	1	1	2	686170000.0	3181.42083
P25206	263	0	1	1	3527199999.9999995	
P25206	319	0	1	1	3527199999.9999995	
P25206	446	0	1	1	3527199999.9999995	
P25206	792	0	1	1	3527199999.9999995	
P25444	182	0	1	1	12554000000.0	
P25444	188	0	1	1	12554000000.0	
P25444	222	0	1	1	12554000000.0	
P25444	229	1	1	1	12554000000.0	1138.54409
P25911	203	0	1	1	206940000.0	
P25911	226	0	1	1	206940000.0	
P25911	381	1	1	1	206940000.0	1436.70034
P25911	419	0	1	1	206940000.0	
P25911	468	0	1	1	206940000.0	
P26011	537	1	1	3		1975.87748
P26011	543	1	1	3		1975.87748
P26011	545	0	1	3		
P26039	29	0	1	1	16842000000.0	
P26039	116	0	1	1	16842000000.0	
P26039	286	1	1	1	16842000000.0	1281.53294
P26039	732	1	1	1	16842000000.0	2139.0994
P26039	750	0	1	1	16842000000.0	
P26039	956	1	1	1	16842000000.0	1454.75515
P26039	1045	0	1	1	16842000000.0	
P26039	1087	0	1	1	16842000000.0	
P26039	1199	0	1	2	16842000000.0	
P26039	1202	0	1	2	16842000000.0	
P26039	1353	0	1	1	16842000000.0	
P26039	1363	0	1	1	16842000000.0	
P26039	1392	0	1	1	16842000000.0	
P26039	1434	0	1	1	16842000000.0	
P26039	1558	0	1	1	16842000000.0	
P26039	1661	0	1	2	16842000000.0	
P26039	1671	0	1	2	16842000000.0	
P26039	1927	1	1	1	16842000000.0	1497.76096
P26039	1939	0	1	1	16842000000.0	
P26039	2161	0	1	1	16842000000.0	
P26039	2243	0	1	1	16842000000.0	
P26039	2408	0	1	1	16842000000.0	
P26041	117	0	1	1	12730000000.0	
P26151	95	0	1	1	16007000.0	
P26369	429	0	1	1	1028099999.9999999	
P26369	442	1	1	1	1028099999.9999999	1618.77013
P26443	112	1	1	1	5523900000.0	2049.16697
P26443	172	0	1	1	5523900000.0	
P26443	327	0	1	1	5523900000.0	
P26443	376	0	1	1	5523900000.0	
P26638	117	0	1	1	1956299999.9999998	
P26638	300	0	1	1	1956299999.9999998	
P26638	395	0	1	2	1956299999.9999998	
P26638	398	0	1	2	1956299999.9999998	
P26638	438	0	1	1	1956299999.9999998	
P26883	23	1	1	1	5579100000.0	2078.00373
P27048	19	0	1	1	1950599999.9999998	
P27512	51	0	1	1		
P27512	83	0	1	1		
P27546	636	1	1	1	638880000.0	1673.73151
P27600	11	1	1	1		1056.53861
P27600	332	0	1	1		
P27601	14	1	1	2	97526000.0	2479.18354
P27601	18	1	1	2	97526000.0	2479.18354
P27601	318	1	1	1	97526000.0	2550.25769
P27601	329	0	1	1	97526000.0	
P27659	114	1	1	1	19709000000.0	1434.64493
P27659	253	1	1	1	19709000000.0	1236.6186
P27659	336	0	1	1	19709000000.0	
P27773	85	1	1	2	35838000000.0	1464.59733
P27773	92	1	1	2	35838000000.0	1464.59733
P27773	244	1	1	1	35838000000.0	2805.34659
P27870	71	0	1	1	522110000.0	
P27870	284	0	1	1	522110000.0	
P27870	369	0	1	1	522110000.0	
P27870	652	0	1	1	522110000.0	
P27870	753	0	1	1	522110000.0	
P27870	845	0	1	1	522110000.0	
P28271	50	0	1	1	605420000.0	
P28271	118	0	1	1	605420000.0	
P28352	64	1	1	1	3850699999.9999995	1218.58154
P28352	92	1	1	1	3850699999.9999995	2243.11438
P28352	98	0	1	1	3850699999.9999995	
P28352	207	1	1	1	3850699999.9999995	2529.33734
P28352	295	1	1	1	3850699999.9999995	2091.07106
P28352	309	1	1	1	3850699999.9999995	1642.83888
P28474	97	0	1	2	2013699999.9999998	
P28474	100	0	1	2	2013699999.9999998	
P28474	240	1	1	1	2013699999.9999998	1899.86728
P28474	268	0	1	1	2013699999.9999998	
P28575	260	0	1	2		
P28575	263	0	1	2		
P28656	88	0	1	1	6282399999.999999	
P28656	132	1	1	1	6282399999.999999	3955.77211
P28656	388	0	1	1	6282399999.999999	
P28658	134	0	1	1	1556699999.9999998	
P28658	382	0	1	1	1556699999.9999998	
P28704	490	0	1	1	12995000.0	
P28798	177	0	1	1	1177900000.0	
P28798	207	1	1	1	1177900000.0	1488.76465
P28798	214	1	1	3	1177900000.0	1867.73865
P28798	220	1	1	3	1177900000.0	1867.73865
P28798	221	1	1	3	1177900000.0	1867.73865
P28798	282	0	1	4	1177900000.0	
P28798	288	0	1	4	1177900000.0	
P28798	294	0	1	4	1177900000.0	
P28798	295	0	1	4	1177900000.0	
P28798	304	1	1	2	1177900000.0	1480.65914
P28798	305	1	1	2	1177900000.0	1480.65914
P28798	333	0	1	1	1177900000.0	
P28798	364	0	1	1	1177900000.0	
P28798	493	0	1	1	1177900000.0	
P28798	517	1	1	4	1177900000.0	2406.91982
P28798	523	1	1	4	1177900000.0	2406.91982
P28798	529	1	1	4	1177900000.0	2406.91982
P28798	530	1	1	4	1177900000.0	2406.91982
P28798	539	1	1	2	1177900000.0	1525.66937
P28798	540	1	1	2	1177900000.0	1525.66937
P28798	554	1	1	3	1177900000.0	1444.55469
P28798	555	1	1	3	1177900000.0	1444.55469
P28798	561	1	1	3	1177900000.0	1444.55469
P28867	493	0	1	1	173640000.0	
P29341	128	1	1	1	12458000000.0	1805.86582
P29341	339	1	1	1	12458000000.0	1661.73956
P29351	102	1	1	1	2832400000.0	1437.61944
P29351	361	0	1	1	2832400000.0	
P29351	480	0	1	1	2832400000.0	
P29452	168	0	1	1	551560000.0	
P29452	362	0	1	1	551560000.0	
P29758	150	0	1	1	3521399999.9999995	
P30416	103	0	1	2	9868600000.0	
P30416	107	0	1	2	9868600000.0	
P30416	189	0	1	2	9868600000.0	
P30416	202	1	1	2	9868600000.0	2817.28371
P30416	342	1	1	1	9868600000.0	1437.69221
P30416	396	0	1	1	9868600000.0	
P30678	323	1	1	1		1408.60413
P30681	106	1	1	1	6799999999.999999	1951.97269
P30993	157	0	1	1	240070000.0	
P30999	394	0	1	1	680910000.0	
P30999	533	0	1	1	680910000.0	
P30999	618	1	1	1	680910000.0	2376.11684
P31230	90	1	1	1	1332200000.0	3032.49721
P31230	209	0	1	1	1332200000.0	
P31230	282	0	1	1	1332200000.0	
P31266	206	0	1	1	434010000.0	
P31266	278	0	1	1	434010000.0	
P31266	312	0	1	1	434010000.0	
P31266	325	0	1	1	434010000.0	
P31266	339	1	1	1	434010000.0	1301.68019
P31266	423	0	1	2	434010000.0	
P31266	429	0	1	2	434010000.0	
P31266	480	1	1	1	434010000.0	3447.68814
P31750	77	0	1	1	117050000.0	
P31938	207	0	1	1	805910000.0	
P31938	341	0	1	1	805910000.0	
P31996	177	1	1	1	1812099999.9999998	2849.35953
P31996	283	0	1	2	1812099999.9999998	
P31996	286	0	1	2	1812099999.9999998	
P31996	314	1	1	1	1812099999.9999998	3502.15646
P32067	244	1	1	1	4128999999.9999995	1312.53538
P32921	10	1	1	1	1121800000.0	2950.36884
P32921	278	1	1	1	1121800000.0	1415.63912
P32921	309	0	1	2	1121800000.0	
P32921	313	0	1	2	1121800000.0	
P33174	153	0	1	1	61773000.0	
P33434	60	0	1	1		
P34022	99	1	1	1	4135199999.9999995	2417.12901
P34022	132	1	1	1	4135199999.9999995	2738.32751
P34884	81	1	1	1	6556899999.999999	1045.55902
P34902	183	0	1	1	4338000.0	
P35123	110	0	1	1	97006000.0	
P35123	475	0	1	1	97006000.0	
P35123	500	0	1	1	97006000.0	
P35123	519	0	1	1	97006000.0	
P35123	624	0	1	1	97006000.0	
P35123	714	0	1	1	97006000.0	
P35123	758	0	1	1	97006000.0	
P35123	855	0	1	1	97006000.0	
P35282	175	0	1	1	270810000.0	
P35330	134	0	1	1	6715600.0	
P35486	41	0	1	1	1010399999.9999999	
P35486	181	0	1	1	1010399999.9999999	
P35486	218	0	1	2	1010399999.9999999	
P35486	222	0	1	2	1010399999.9999999	
P35486	261	0	1	1	1010399999.9999999	
P35486	273	0	1	1	1010399999.9999999	
P35564	161	1	1	1	7526599999.999999	3701.88036
P35564	195	1	1	1	7526599999.999999	3405.55334
P35564	361	1	1	2	7526599999.999999	2546.11408
P35564	367	1	1	2	7526599999.999999	2546.11408
P35601	591	1	1	1	215470000.0	1531.7049
P35700	71	0	1	2	43521000000.0	
P35700	83	1	1	2	43521000000.0	2834.36324
P35700	173	1	1	1	43521000000.0	2391.16413
P35762	156	0	1	2	61781000.0	
P35762	157	0	1	2	61781000.0	
P35762	175	0	1	2	61781000.0	
P35762	190	0	1	2	61781000.0	
P35821	32	0	1	1	144220000.0	
P35821	339	0	1	1	144220000.0	
P35831	164	0	1	1	134320000.0	
P35831	242	0	1	1	134320000.0	
P35951	841	0	1	1	12450000.0	
P35979	17	1	1	1	7899399999.999999	1417.68713
P35979	141	1	1	1	7899399999.999999	1674.79953
P35979	162	1	1	1	7899399999.999999	2045.91127
P37040	228	0	1	1	4569200000.0	
P37040	566	0	1	1	4569200000.0	
P37913	66	0	1	1	1123700000.0	
P37913	432	0	1	1	1123700000.0	
P37913	792	0	1	1	1123700000.0	
P37913	844	0	1	1	1123700000.0	
P38060	141	1	1	1	411110000.0	1453.62559
P38060	307	1	1	1	411110000.0	1746.90869
P38060	323	0	1	1	411110000.0	
P38647	66	0	1	1	17089000000.0	
P38647	317	1	1	1	17089000000.0	2824.3623
P38647	366	0	1	1	17089000000.0	
P38647	608	0	1	1	17089000000.0	
P39429	209	0	1	3		
P39429	212	0	1	3		
P39429	216	0	1	3		
P39688	404	0	1	1	3095600.0	
P40124	29	1	1	1	15292000000.0	2176.91537
P40124	92	1	1	1	15292000000.0	1656.82535
P40124	355	0	1	1	15292000000.0	
P40124	374	1	1	1	15292000000.0	1162.56522
P40124	415	0	1	1	15292000000.0	
P40124	426	0	1	1	15292000000.0	
P40142	41	0	1	2	38970000000.0	
P40142	42	0	1	2	38970000000.0	
P40142	133	0	1	1	38970000000.0	
P40142	206	0	1	2	38970000000.0	
P40142	225	1	1	2	38970000000.0	2554.16208
P40142	386	1	1	1	38970000000.0	1650.78645
P40237	174	0	1	2		
P40237	176	0	1	2		
P40240	9	1	1	1	308190000.0	4020.18922
P40240	150	0	1	3	308190000.0	
P40240	151	0	1	3	308190000.0	
P40240	165	1	1	3	308190000.0	2939.33259
P40240	179	0	1	1	308190000.0	
P41105	13	1	1	1	2850300000.0	967.479702
P41216	221	1	1	1	143600000.0	1726.95391
P41216	242	0	1	1	143600000.0	
P41216	626	0	1	1	143600000.0	
P41241	299	0	1	1	268730000.0	
P41274	22	0	1	1		
P41274	77	1	1	1		1788.83659
P41438	222	0	1	1		
P41731	191	0	1	1	47767000.0	
P41731	225	1	1	2	47767000.0	2973.67993
P41731	226	1	1	2	47767000.0	2973.67993
P42082	110	0	1	1	20327000.0	
P42208	111	1	1	1	1909699999.9999998	1749.83558
P42932	136	0	1	1	10219000000.0	
P42932	148	0	1	2	10219000000.0	
P42932	149	0	1	2	10219000000.0	
P42932	187	1	1	1	10219000000.0	2449.20599
P42932	244	1	1	1	10219000000.0	1830.85321
P42932	430	1	1	1	10219000000.0	2185.07252
P43430	206	0	1	2		
P43430	216	0	1	2		
P45376	45	1	1	1	11310000000.0	1503.67763
P45376	187	1	1	1	11310000000.0	2217.08884
P46061	82	0	1	1	1475399999.9999998	
P46061	141	0	1	1	1475399999.9999998	
P46061	152	1	1	1	1475399999.9999998	1192.53288
P46061	169	0	1	1	1475399999.9999998	
P46061	274	0	1	1	1475399999.9999998	
P46061	575	1	1	1	1475399999.9999998	2560.37233
P46460	334	0	1	1	974420000.0	
P46460	599	0	1	1	974420000.0	
P46467	240	0	1	1	722150000.0	
P46471	236	0	1	1	2968299999.9999995	
P46471	270	1	1	1	2968299999.9999995	1766.86616
P46471	377	1	1	1	2968299999.9999995	1216.58702
P46664	18	1	1	1	1416800000.0	2201.00187
P46664	58	1	1	1	1416800000.0	1585.81339
P46664	182	0	1	1	1416800000.0	
P46664	338	0	1	1	1416800000.0	
P46718	51	0	1	1	33823000.0	
P46718	54	0	1	1	33823000.0	
P46737	215	1	1	1	101310000.0	1579.74129
P46978	637	0	1	1	609360000.0	
P47226	169	0	1	1	242300000.0	
P47226	303	0	1	2	242300000.0	
P47226	306	0	1	2	242300000.0	
P47713	151	0	1	1	769500000.0	
P47713	633	0	1	1	769500000.0	
P47713	725	0	1	1	769500000.0	
P47738	68	1	1	1	14750000000.0	2961.43897
P47738	181	1	1	1	14750000000.0	2719.3767
P47738	388	1	1	1	14750000000.0	1059.51313
P47757	8	1	1	1	2845400000.0	1605.71269
P47757	62	1	1	1	2845400000.0	1230.53392
P47757	147	0	1	1	2845400000.0	
P47791	256	0	1	1	515300000.0	
P47791	355	0	1	1	515300000.0	
P47791	462	0	1	1	515300000.0	
P47856	2	1	1	1	689370000.0	1608.78712
P47856	55	1	1	1	689370000.0	2398.01317
P47856	262	1	1	1	689370000.0	1523.71776
P47856	390	0	1	1	689370000.0	
P47856	433	1	1	1	689370000.0	3075.44301
P47856	476	1	1	1	689370000.0	2053.97387
P47856	568	0	1	1	689370000.0	
P47856	618	1	1	1	689370000.0	1285.6561
P47856	636	1	1	1	689370000.0	1987.00444
P47934	449	0	1	1		
P47955	9	1	1	1	3250999999.9999995	3571.83313
P47955	61	1	1	1	3250999999.9999995	3781.90574
P47962	62	0	1	1	11815000000.0	
P47962	76	0	1	1	11815000000.0	
P47962	100	1	1	1	11815000000.0	1926.00332
P47962	144	0	1	1	11815000000.0	
P47964	48	1	1	1	3007999999.9999995	1226.53901
P48036	314	1	1	1	10287000000.0	1174.55399
P48377	778	0	1	1		
P48678	522	1	1	1	21540000000.0	1335.59898
P48678	572	1	1	1	21540000000.0	1705.71145
P48774	38	0	1	1	10409000.0	
P48774	177	0	1	1	10409000.0	
P48962	160	0	1	1	661700000.0	
P48962	257	0	1	1	661700000.0	
P49282	64	1	1	1		1772.80797
P49282	137	0	1	1		
P49282	245	0	1	2		
P49282	248	0	1	2		
P49300	201	0	1	1	115050000.0	
P49312	43	0	1	1	13197000000.0	
P49717	161	0	1	1	1965199999.9999998	
P49718	221	0	1	1	1348400000.0	
P49718	397	0	1	1	1348400000.0	
P49718	482	0	1	1	1348400000.0	
P50247	79	0	1	1	8594200000.0	
P50247	113	1	1	1	8594200000.0	2297.03105
P50247	195	0	1	1	8594200000.0	
P50247	228	0	1	1	8594200000.0	
P50247	278	0	1	1	8594200000.0	
P50284	62	0	1	2		
P50284	72	0	1	2		
P50431	62	0	1	1	1706799999.9999998	
P50431	90	0	1	1	1706799999.9999998	
P50431	104	1	1	1	1706799999.9999998	4212.02758
P50431	198	1	1	1	1706799999.9999998	1239.62816
P50431	329	0	1	1	1706799999.9999998	
P50431	374	1	1	2	1706799999.9999998	1263.59514
P50431	378	1	1	2	1706799999.9999998	1263.59514
P50516	32	0	1	1	13699000000.0	
P50516	240	1	1	2	13699000000.0	2503.22395
P50516	254	0	1	2	13699000000.0	
P50516	277	1	1	1	13699000000.0	1730.79338
P50516	394	0	1	1	13699000000.0	
P50543	8	0	1	1	50137000.0	
P50544	216	0	1	1	441310000.0	
P50580	49	1	1	1	11748000000.0	1850.92954
P50580	149	1	1	1	11748000000.0	1181.59753
P50580	179	0	1	1	11748000000.0	
P50580	296	0	1	1	11748000000.0	
P50713	81	0	1	1		
P51174	166	0	1	1	305340000.0	
P51660	175	0	1	1	1602999999.9999998	
P51829	297	0	1	1		
P51829	331	0	1	2		
P51829	334	0	1	2		
P51829	357	0	1	1		
P51829	384	0	1	1		
P51829	546	0	1	3		
P51829	563	1	1	3		3168.3468
P51829	564	1	1	3		3168.3468
P51859	12	0	1	1	2457900000.0	
P51859	108	1	1	1	2457900000.0	2153.91714
P51863	39	0	1	1	867300000.0	
P51863	197	0	1	2	867300000.0	
P51863	209	0	1	2	867300000.0	
P51863	335	0	1	1	867300000.0	
P51881	129	1	1	1	22291000000.0	2795.33774
P51881	160	1	1	1	22291000000.0	860.442588
P51881	257	1	1	1	22291000000.0	1815.82839
P51912	21	0	1	1	182800000.0	
P51912	216	0	1	1	182800000.0	
P51912	222	1	1	1	182800000.0	1000.5124
P51912	375	0	1	1	182800000.0	
P51912	479	1	1	1	182800000.0	2470.17984
P52019	556	0	1	1	15180000.0	
P52293	272	0	1	1	1797999999.9999998	
P52332	61	0	1	1		
P52332	169	0	1	1		
P52332	656	0	1	1		
P52332	762	0	1	1		
P52332	987	0	1	1		
P52431	317	0	1	1	166510000.0	
P52431	871	0	1	1	166510000.0	
P52480	31	0	1	1	97395000000.0	
P52480	49	1	1	1	97395000000.0	1358.69763
P52480	152	1	1	1	97395000000.0	2646.23458
P52480	326	1	1	1	97395000000.0	1875.96205
P52480	358	1	1	1	97395000000.0	2493.13632
P52480	423	0	1	2	97395000000.0	
P52480	424	0	1	2	97395000000.0	
P52480	474	1	1	1	97395000000.0	932.515359
P52482	67	1	1	1	71131000.0	1893.91423
P52592	305	1	1	1		1355.71322
P52825	643	0	1	1	70967000.0	
P53395	279	0	1	1	152200000.0	
P53395	333	0	1	1	152200000.0	
P53564	3	0	1	1	95629000.0	
P53702	39	1	1	1	57926000.0	1750.84073
P53702	70	1	1	1	57926000.0	1499.67148
P53798	6	0	1	1		
P53810	95	0	1	1	788330000.0	
P53811	187	1	1	1	284190000.0	1171.52917
P53995	1412	0	1	1	60454000.0	
P53996	6	0	1	1	2223000000.0	
P53996	54	1	1	1	2223000000.0	1774.83486
P53996	57	0	1	1	2223000000.0	
P53996	67	0	1	3	2223000000.0	
P53996	75	0	1	3	2223000000.0	
P53996	78	0	1	3	2223000000.0	
P53996	98	0	1	3	2223000000.0	
P53996	99	0	1	3	2223000000.0	
P53996	102	0	1	3	2223000000.0	
P53996	112	0	1	3	2223000000.0	
P53996	120	0	1	2	2223000000.0	
P53996	123	1	1	2	2223000000.0	1552.64388
P53996	141	0	1	2	2223000000.0	
P53996	151	1	1	2	2223000000.0	1499.6497
P53996	159	0	1	1	2223000000.0	
P53996	162	0	1	1	2223000000.0	
P53996	172	0	1	1	2223000000.0	
P54071	113	0	1	1	8112399999.999999	
P54071	154	0	1	1	8112399999.999999	
P54071	308	0	1	1	8112399999.999999	
P54071	402	0	1	1	8112399999.999999	
P54071	418	1	1	1	8112399999.999999	1382.69763
P54103	276	0	1	1	346920000.0	
P54116	87	1	1	1	275900000.0	1776.94843
P54276	558	0	1	1	413300000.0	
P54276	1115	0	1	1	413300000.0	
P54310	396	0	1	2	3763600.0	
P54310	401	0	1	2	3763600.0	
P54729	115	0	1	1	203690000.0	
P54729	399	1	1	1	203690000.0	1736.76488
P54822	27	0	1	1	2316800000.0	
P54822	113	1	1	1	2316800000.0	2542.32136
P55772	108	0	1	1		
P55772	254	0	1	1		
P55772	281	1	1	1		2309.0998
P56382	19	0	1	1	151070000.0	
P56399	219	0	1	1	1928499999.9999998	
P56399	532	1	1	1	1928499999.9999998	3214.49173
P56528	86	0	1	1		
P56546	44	0	1	1	282590000.0	
P56546	60	0	1	1	282590000.0	
P56960	327	0	1	1	247780000.0	
P57716	585	0	1	1	91128000.0	
P57759	159	1	1	1	3312299999.9999995	2526.2287
P57776	217	1	1	1	8349199999.999999	2820.331
P57780	174	0	1	1	7142299999.999999	
P57780	352	0	1	1	7142299999.999999	
P57780	500	0	1	1	7142299999.999999	
P57791	314	0	1	1	14450000.0	
P57791	328	0	1	1	14450000.0	
P58021	83	0	1	1	302860000.0	
P58021	173	0	1	2	302860000.0	
P58021	181	0	1	2	302860000.0	
P58021	193	0	1	1	302860000.0	
P58021	249	0	1	1	302860000.0	
P58252	41	1	1	1	55803000000.0	1122.55907
P58252	131	0	1	2	55803000000.0	
P58252	136	0	1	2	55803000000.0	
P58252	290	1	1	1	55803000000.0	1493.79522
P58252	369	1	1	1	55803000000.0	2326.06097
P58252	466	1	1	1	55803000000.0	2758.42515
P58252	536	0	1	2	55803000000.0	
P58252	557	0	1	2	55803000000.0	
P58252	567	1	1	1	55803000000.0	1566.77119
P58252	591	1	1	1	55803000000.0	1593.7556
P58252	651	1	1	1	55803000000.0	2232.12489
P58252	693	1	1	1	55803000000.0	1207.49616
P58252	728	1	1	1	55803000000.0	1377.70747
P58252	751	1	1	1	55803000000.0	3004.5402
P58252	812	1	1	1	55803000000.0	4243.977
P58404	337	0	1	1	48002000.0	
P58465	48	1	1	2		1422.64243
P58465	49	1	1	2		1422.64243
P58466	44	1	1	3		1520.70504
P58466	45	1	1	3		1520.70504
P58466	47	1	1	3		1520.70504
P58742	473	0	1	1	238990000.0	
P58801	286	0	1	1		
P59325	138	0	1	1	832670000.0	
P59729	88	1	1	1		1694.83064
P59808	1103	0	1	1		
P59999	21	0	1	1	2868400000.0	
P60122	49	0	1	1	2818700000.0	
P60122	94	1	1	1	2818700000.0	1941.92162
P60122	141	1	1	1	2818700000.0	2688.15711
P60122	206	0	1	1	2818700000.0	
P60229	345	0	1	1	1473299999.9999998	
P60330	741	0	1	1	4710300.0	
P60330	1527	0	1	1	4710300.0	
P60335	54	1	1	1	8623600000.0	1287.58775
P60335	109	1	1	1	8623600000.0	1441.79629
P60335	158	1	1	1	8623600000.0	1671.88656
P60335	163	0	1	1	8623600000.0	
P60335	194	1	1	1	8623600000.0	2474.17562
P60335	201	1	1	1	8623600000.0	3944.86393
P60335	293	1	1	1	8623600000.0	3200.59245
P60605	75	1	1	1	130980000.0	1882.81307
P60605	89	1	1	1	130980000.0	2403.08349
P60670	138	0	1	2	111020000.0	
P60670	141	0	1	2	111020000.0	
P60670	188	0	1	1	111020000.0	
P60670	208	0	1	1	111020000.0	
P60710	17	1	1	1	1603599999.9999998	1820.79206
P60710	217	1	1	1	1603599999.9999998	2549.16656
P60710	257	1	1	2	1603599999.9999998	3298.48071
P60710	272	1	1	2	1603599999.9999998	3601.65024
P60710	285	0	1	1	1603599999.9999998	
P60766	81	0	1	1	4738000000.0	
P60766	105	1	1	1	4738000000.0	1402.68159
P60766	157	1	1	1	4738000000.0	1197.56997
P60867	36	0	1	1	12301000000.0	
P61079	85	1	1	1	1057099999.9999999	2099.04697
P61079	107	1	1	2	1057099999.9999999	2773.40304
P61079	111	1	1	2	1057099999.9999999	2705.37682
P61082	47	1	1	1	887760000.0	1885.84039
P61082	65	1	1	1	887760000.0	1339.64822
P61082	95	0	1	2	887760000.0	
P61082	111	1	1	2	887760000.0	2727.28188
P61087	92	1	1	1	777980000.0	2136.14015
P61087	170	1	1	1	777980000.0	1324.59039
P61089	87	1	1	1	2193700000.0	2068.15032
P61161	11	0	1	1	3019699999.9999995	
P61161	20	0	1	1	3019699999.9999995	
P61161	221	0	1	1	3019699999.9999995	
P61222	38	0	1	1	2599700000.0	
P61222	65	0	1	1	2599700000.0	
P61222	88	0	1	1	2599700000.0	
P61222	201	0	1	1	2599700000.0	
P61222	475	0	1	1	2599700000.0	
P61226	140	1	1	1	390090000.0	1855.81207
P61407	792	1	1	1		2635.20601
P61514	39	0	1	2	1950799999.9999998	
P61514	42	0	1	2	1950799999.9999998	
P61514	57	0	1	2	1950799999.9999998	
P61514	60	0	1	2	1950799999.9999998	
P61620	13	0	1	1	801750000.0	
P61759	8	1	1	1	190680000.0	1433.63174
P61759	112	0	1	1	190680000.0	
P61965	195	0	1	1	990670000.0	
P61971	114	0	1	1	571720000.0	
P61979	132	1	1	1	20480000000.0	4054.02451
P61979	145	1	1	1	20480000000.0	1097.44477
P61979	184	1	1	2	20480000000.0	1548.64495
P61979	185	1	1	2	20480000000.0	1616.67116
P61982	112	0	1	1	13547000000.0	
P61982	194	1	1	1	13547000000.0	3011.48513
P62046	241	0	1	1	6237900.0	
P62137	62	0	1	1	3750199999.9999995	
P62137	105	0	1	1	3750199999.9999995	
P62137	127	0	1	1	3750199999.9999995	
P62137	140	0	1	1	3750199999.9999995	
P62137	155	0	1	2	3750199999.9999995	
P62137	158	0	1	2	3750199999.9999995	
P62137	171	0	1	2	3750199999.9999995	
P62137	172	0	1	2	3750199999.9999995	
P62137	202	0	1	1	3750199999.9999995	
P62141	244	0	1	1	581550000.0	
P62192	399	0	1	1	2484500000.0	
P62196	112	0	1	1	2367400000.0	
P62196	363	0	1	1	2367400000.0	
P62242	71	0	1	2	16866000000.0	
P62242	72	0	1	2	16866000000.0	
P62242	100	1	1	1	16866000000.0	1449.7286
P62245	72	0	1	1	6566499999.999999	
P62254	90	1	1	1		2934.33417
P62259	97	0	1	2	13672000000.0	
P62259	98	0	1	2	13672000000.0	
P62264	85	0	1	1	9828600000.0	
P62267	90	1	1	1	3744799999.9999995	2995.43857
P62274	39	0	1	1	1498099999.9999998	
P62281	60	1	1	1	13322000000.0	1149.56008
P62281	116	0	1	1	13322000000.0	
P62281	131	1	1	1	13322000000.0	1985.02518
P62317	46	1	1	1	1133300000.0	1230.6139
P62320	20	1	1	1	4062899999.9999995	2413.13322
P62334	170	1	1	1	2523500000.0	1218.60669
P62334	193	1	1	1	2523500000.0	1364.67584
P62334	228	1	1	1	2523500000.0	2085.9612
P62334	347	0	1	1	2523500000.0	
P62702	41	1	1	1	23528000000.0	1272.72641
P62702	181	0	1	1	23528000000.0	
P62715	20	0	1	1	734560000.0	
P62717	22	0	1	1	6624899999.999999	
P62717	64	0	1	1	6624899999.999999	
P62717	109	1	1	1	6624899999.999999	1454.68238
P62746	16	1	1	1		1073.55393
P62746	83	0	1	1		
P62746	107	0	1	1		
P62746	159	0	1	1		
P62746	189	1	1	3		1460.54827
P62746	192	1	1	3		1460.54827
P62746	193	1	1	3		1460.54827
P62754	12	1	1	1	13040000000.0	1334.66527
P62754	100	1	1	1	13040000000.0	1826.03356
P62814	112	0	1	1	5597500000.0	
P62814	162	0	1	1	5597500000.0	
P62814	207	1	1	1	5597500000.0	2177.14154
P62814	289	0	1	1	5597500000.0	
P62827	112	0	1	2	21651000000.0	
P62827	120	1	1	2	21651000000.0	1582.78473
P62830	28	1	1	1	4900000000.0	1969.03026
P62830	125	0	1	1	4900000000.0	
P62855	74	0	1	2	6734799999.999999	
P62855	77	0	1	2	6734799999.999999	
P62874	204	0	1	1	1284200000.0	
P62874	271	0	1	1	1284200000.0	
P62874	294	0	1	1	1284200000.0	
P62880	25	0	1	1	2535100000.0	
P62880	204	1	1	1	2535100000.0	1254.59144
P62880	250	0	1	1	2535100000.0	
P62880	271	0	1	1	2535100000.0	
P62880	294	0	1	1	2535100000.0	
P62880	317	0	1	1	2535100000.0	
P62889	52	1	1	1	9232200000.0	1352.75984
P62889	85	1	1	1	9232200000.0	2013.93267
P62889	92	1	1	1	9232200000.0	1756.90294
P62908	97	1	1	1	18235000000.0	1287.66052
P62908	119	0	1	1	18235000000.0	
P62908	134	0	1	1	18235000000.0	
P62911	91	1	1	1	4440900000.0	1263.62029
P62911	96	1	1	1	4440900000.0	1464.66673
P62918	90	0	1	1	14334000000.0	
P62918	114	0	1	2	14334000000.0	
P62918	115	0	1	2	14334000000.0	
P62962	17	1	1	1		2731.2258
P62983	121	0	1	2	7624599999.999999	
P62983	126	0	1	2	7624599999.999999	
P62983	144	0	1	3	7624599999.999999	
P62983	145	0	1	3	7624599999.999999	
P62983	149	0	1	3	7624599999.999999	
P62984	115	0	1	1	7624599999.999999	
P63001	6	0	1	1	7171899999.999999	
P63001	81	1	1	1	7171899999.999999	3254.67981
P63001	105	1	1	1	7171899999.999999	1585.83988
P63001	157	1	1	1	7171899999.999999	1239.59177
P63001	178	0	1	1	7171899999.999999	
P63005	168	0	1	1	1528499999.9999998	
P63005	184	0	1	1	1528499999.9999998	
P63005	252	0	1	1	1528499999.9999998	
P63017	17	1	1	1	115770000000.0	2262.1103
P63017	574	0	1	1	115770000000.0	
P63017	603	1	1	1	115770000000.0	943.516088
P63028	28	1	1	1	6315799999.999999	1431.69155
P63028	172	0	1	1	6315799999.999999	
P63032	10	1	1	1		1462.69736
P63037	302	0	1	1	1949499999.9999998	
P63038	237	1	1	1	36076000000.0	1600.74431
P63038	442	1	1	1	36076000000.0	1683.89779
P63038	447	0	1	1	36076000000.0	
P63101	25	1	1	1	11922000000.0	1103.40859
P63101	94	0	1	1	11922000000.0	
P63158	23	0	1	1	17553000000.0	
P63158	106	1	1	1	17553000000.0	2000.99309
P63168	24	0	1	1	1121000000.0	
P63168	56	1	1	1	1121000000.0	1401.66119
P63242	22	1	1	1	16636000000.0	2815.24291
P63242	73	1	1	1	16636000000.0	2316.09909
P63260	17	1	1	1	144640000000.0	1876.85466
P63276	35	1	1	1	6979599999.999999	1385.75884
P63280	93	1	1	1	183460000.0	3968.01825
P63280	138	1	1	1	183460000.0	3614.8039
P63323	50	1	1	2	12767000000.0	2201.99078
P63323	56	1	1	2	12767000000.0	2201.99078
P63323	69	1	1	1	12767000000.0	1749.94474
P63323	92	1	1	1	12767000000.0	1060.53755
P63323	106	0	1	2	12767000000.0	
P63323	108	0	1	2	12767000000.0	
P63330	20	1	1	1	734560000.0	1703.78249
P63330	50	0	1	2	734560000.0	
P63330	55	0	1	2	734560000.0	
P63330	133	0	1	1	734560000.0	
P63330	196	0	1	1	734560000.0	
P63330	251	0	1	1	734560000.0	
P63330	266	1	1	1	734560000.0	1702.81373
P63330	269	0	1	1	734560000.0	
P67778	69	1	1	1	5784000000.0	3122.63755
P67871	23	0	1	1	462460000.0	
P67871	109	1	1	1	462460000.0	1389.57718
P67871	140	0	1	1	462460000.0	
P67984	25	1	1	1	5392400000.0	3082.38007
P68037	86	1	1	1	2092199999.9999998	1997.04043
P68040	138	1	1	1	19269000000.0	1089.5641
P68040	153	1	1	1	19269000000.0	1980.86359
P68040	168	1	1	1	19269000000.0	1906.88835
P68040	182	1	1	1	19269000000.0	1003.49094
P68040	207	1	1	1	19269000000.0	2742.30314
P68040	240	1	1	1	19269000000.0	2275.10555
P68040	249	1	1	1	19269000000.0	1365.67511
P68040	286	1	1	1	19269000000.0	3067.43455
P68254	25	0	1	1	2766400000.0	
P68254	94	0	1	1	2766400000.0	
P68254	134	1	1	1	2766400000.0	1267.5503
P68368	4	0	1	3	508730000.0	
P68368	20	0	1	3	508730000.0	
P68368	25	0	1	3	508730000.0	
P68368	54	0	1	1	508730000.0	
P68368	129	0	1	1	508730000.0	
P68369	347	1	1	1	667980000.0	1597.7599
P68373	295	1	1	1	822610000.0	2763.29964
P68510	112	0	1	1	3061399999.9999995	
P70168	158	0	1	1	7889599999.999999	
P70168	345	0	1	1	7889599999.999999	
P70168	543	0	1	1	7889599999.999999	
P70168	765	0	1	1	7889599999.999999	
P70195	219	0	1	1	548900000.0	
P70280	21	0	1	1	21421000.0	
P70280	56	0	1	1	21421000.0	
P70280	64	1	1	1	21421000.0	1657.76577
P70290	179	0	1	1	495110000.0	
P70290	242	1	1	1	495110000.0	1984.93128
P70296	13	1	1	1	4762800000.0	2842.37083
P70296	133	1	1	1	4762800000.0	2709.29962
P70296	168	0	1	1	4762800000.0	
P70303	216	0	1	1	43873000.0	
P70333	22	0	1	1	619250000.0	
P70336	330	0	1	1	12912000.0	
P70349	38	1	1	1	4449600000.0	3178.62738
P70349	84	0	1	1	4449600000.0	
P70372	13	1	1	1	1347800000.0	2180.84874
P70398	787	0	1	1	190900000.0	
P70398	819	0	1	1	190900000.0	
P70398	864	0	1	1	190900000.0	
P70399	1175	0	1	1	53842000.0	
P70399	1372	0	1	1	53842000.0	
P70399	1522	0	1	1	53842000.0	
P70404	81	1	1	1	1475699999.9999998	2653.17146
P70404	148	0	1	1	1475699999.9999998	
P70404	333	0	1	1	1475699999.9999998	
P70414	965	0	1	1		
P70460	7	0	1	1	555330000.0	
P70460	332	1	1	1	555330000.0	2638.09366
P70698	216	0	1	1	1205700000.0	
P70698	218	0	1	1	1205700000.0	
P70698	299	0	1	1	1205700000.0	
P70698	491	0	1	1	1205700000.0	
P70699	92	1	1	2	593270000.0	2009.85712
P70699	103	1	1	2	593270000.0	2009.85712
P70699	108	1	1	2	593270000.0	1350.64243
P70699	109	1	1	2	593270000.0	1350.64243
P80313	29	0	1	1	8514499999.999999	
P80313	158	0	1	1	8514499999.999999	
P80313	310	1	1	1	8514499999.999999	2402.11474
P80313	364	1	1	1	8514499999.999999	1132.50117
P80313	370	0	1	1	8514499999.999999	
P80313	450	1	1	1	8514499999.999999	1792.8414
P80313	511	1	1	1	8514499999.999999	2655.39017
P80314	289	1	1	1	15286000000.0	1129.5451
P80314	395	1	1	1	15286000000.0	1553.82356
P80314	412	1	1	1	15286000000.0	2365.09771
P80315	120	0	1	1	8494899999.999999	
P80315	221	0	1	1	8494899999.999999	
P80315	252	1	1	1	8494899999.999999	1345.74279
P80315	295	1	1	1	8494899999.999999	1144.62743
P80315	337	0	1	1	8494899999.999999	
P80315	379	0	1	1	8494899999.999999	
P80315	450	0	1	1	8494899999.999999	
P80316	253	1	1	1	10527000000.0	1609.89019
P80316	302	1	1	1	10527000000.0	3321.62006
P80316	493	1	1	1	10527000000.0	1452.70311
P80317	282	0	1	1	9150500000.0	
P80317	406	1	1	1	9150500000.0	2451.26792
P80318	173	1	1	1	13853000000.0	1546.78136
P80318	213	1	1	1	13853000000.0	1427.74425
P80318	279	0	1	1	13853000000.0	
P80318	366	0	1	1	13853000000.0	
P80318	372	1	1	1	13853000000.0	845.479308
P80318	398	0	1	1	13853000000.0	
P80318	455	1	1	1	13853000000.0	1332.68198
P82343	104	0	1	1	411490000.0	
P82343	239	1	1	1	411490000.0	2370.14854
P83626	79	0	1	3		
P83626	82	0	1	3		
P83626	85	0	1	3		
P83626	111	0	1	2		
P83626	116	0	1	2		
P83626	120	0	1	3		
P83626	123	1	1	3		1471.52787
P83626	126	0	1	3		
P83882	72	1	1	2	1636299999.9999998	1243.53254
P83882	77	1	1	2	1636299999.9999998	1243.53254
P83882	88	0	1	1	1636299999.9999998	
P84091	337	0	1	1	432160000.0	
P84096	157	0	1	1	1388000000.0	
P97310	624	0	1	1	1332900000.0	
P97310	661	0	1	1	1332900000.0	
P97311	180	1	1	1	2277100000.0	1050.49166
P97311	393	0	1	1	2277100000.0	
P97311	721	0	1	1	2277100000.0	
P97315	58	0	1	1	481570000.0	
P97315	122	0	1	1	481570000.0	
P97315	167	0	1	1	481570000.0	
P97329	858	1	1	1	47814000.0	1656.70496
P97333	54	0	1	1	78521000.0	
P97333	82	0	1	1	78521000.0	
P97333	173	0	1	1	78521000.0	
P97333	424	0	1	1	78521000.0	
P97333	809	0	1	1	78521000.0	
P97351	96	1	1	1	22839000000.0	1577.70788
P97351	139	0	1	1	22839000000.0	
P97351	201	1	1	1	22839000000.0	1703.84536
P97363	252	0	1	1	85741000.0	
P97363	436	0	1	1	85741000.0	
P97370	191	1	1	1	3074099999.9999995	1941.02814
P97370	249	1	1	1	3074099999.9999995	1370.66125
P97371	22	0	1	1	1795099999.9999998	
P97372	91	0	1	1	2417200000.0	
P97372	118	0	1	1	2417200000.0	
P97384	224	0	1	1	215380000.0	
P97384	382	0	1	1	215380000.0	
P97386	341	0	1	1	81568000.0	
P97386	734	0	1	1	81568000.0	
P97429	108	1	1	1	1310000000.0	1660.80903
P97429	141	0	1	1	1310000000.0	
P97429	198	1	1	1	1310000000.0	994.526987
P97452	353	0	1	2	1783999999.9999998	
P97452	359	1	1	2	1783999999.9999998	1276.59441
P97452	390	0	1	1	1783999999.9999998	
P97461	66	1	1	1	4899100000.0	971.48585
P97461	155	1	1	1	4899100000.0	1500.78712
P97461	172	1	1	1	4899100000.0	1630.82362
P97470	266	0	1	1	97129000.0	
P97494	295	0	1	1	272870000.0	
P97494	553	0	1	1	272870000.0	
P97496	461	0	1	1	676090000.0	
P97496	510	1	1	1	676090000.0	1551.73514
P97496	656	0	1	1	676090000.0	
P97499	21	0	1	1		
P97770	12	0	1	1	11601000.0	
P97770	241	0	1	1	11601000.0	
P97770	393	0	1	1	11601000.0	
P97770	428	0	1	1	11601000.0	
P97808	173	1	1	1	65010000.0	1164.57098
P97814	148	0	1	1		
P97821	320	0	1	1	366850000.0	
P97821	447	0	1	1	366850000.0	
P97822	87	0	1	1	1234700000.0	
P97823	144	0	1	1	99729000.0	
P97855	73	1	1	1	4269299999.9999995	1481.63913
P97864	186	0	1	1		
P98078	138	1	1	1	2205500000.0	2014.93597
P98192	232	0	1	1		
P98195	88	1	1	1		1337.62268
P98195	261	0	1	1		
P98195	282	0	1	1		
P98195	550	0	1	1		
P98195	625	0	1	1		
P98195	676	0	1	1		
P98195	735	0	1	1		
P98195	774	0	1	1		
P98197	14	1	1	1		1484.59904
P98197	627	0	1	1		
P98197	791	0	1	1		
P99024	127	1	1	2	14508000000.0	3378.55303
P99024	129	1	1	2	14508000000.0	3378.55303
P99024	201	0	1	2	14508000000.0	
P99024	211	0	1	2	14508000000.0	
P99024	239	1	1	1	14508000000.0	2707.33094
P99024	303	1	1	1	14508000000.0	1096.40998
P99024	354	1	1	1	14508000000.0	1027.51206
P99029	96	0	1	1	809560000.0	
P99029	200	0	1	1	809560000.0	
Q00196	239	0	1	1		
Q00519	150	0	1	1	11890000.0	
Q00519	904	1	1	1	11890000.0	1522.74498
Q00609	165	0	1	1		
Q00612	158	0	1	1	8871800000.0	
Q00612	232	1	1	1	8871800000.0	2166.07794
Q00612	385	1	1	1	8871800000.0	1416.6456
Q00612	446	0	1	1	8871800000.0	
Q00651	493	0	1	3	801470000.0	
Q00651	502	0	1	3	801470000.0	
Q00651	508	0	1	3	801470000.0	
Q00651	705	0	1	1	801470000.0	
Q00651	718	0	1	1	801470000.0	
Q00651	757	0	1	1	801470000.0	
Q00651	859	0	1	1	801470000.0	
Q00651	868	0	1	1	801470000.0	
Q00651	904	0	1	2	801470000.0	
Q00651	909	0	1	2	801470000.0	
Q00941	87	0	1	1		
Q00941	145	0	1	1		
Q00PI9	403	0	1	1	555150000.0	
Q00PI9	516	0	1	1	555150000.0	
Q00PI9	536	0	1	1	555150000.0	
Q01320	391	1	1	1	1579499999.9999998	1242.55505
Q01768	109	1	1	1	6822899999.999999	1050.49166
Q01768	145	1	1	1	6822899999.999999	1165.44986
Q01853	69	1	1	2	18784000000.0	2176.99803
Q01853	77	0	1	2	18784000000.0	
Q01853	105	1	1	1	18784000000.0	1539.79668
Q01853	415	1	1	1	18784000000.0	3671.78495
Q01853	522	1	1	1	18784000000.0	1250.61178
Q01853	535	1	1	1	18784000000.0	1577.78718
Q01853	572	1	1	1	18784000000.0	1922.9448
Q01853	691	0	1	1	18784000000.0	
Q01965	82	0	1	1	311190000.0	
Q01965	172	0	1	2	311190000.0	
Q01965	178	0	1	2	311190000.0	
Q01965	214	0	1	2	311190000.0	
Q01965	222	1	1	2	311190000.0	1835.80699
Q01965	242	1	1	1	311190000.0	1224.57098
Q01965	339	0	1	1	311190000.0	
Q01965	626	1	1	1	311190000.0	1667.78249
Q02053	179	0	1	1	6317199999.999999	
Q02053	234	1	1	1	6317199999.999999	1444.66164
Q02053	262	0	1	1	6317199999.999999	
Q02053	278	1	1	1	6317199999.999999	2354.0889
Q02053	340	1	1	1	6317199999.999999	3338.71082
Q02053	431	0	1	1	6317199999.999999	
Q02053	481	1	1	1	6317199999.999999	1609.8538
Q02053	494	0	1	1	6317199999.999999	
Q02053	632	1	1	1	6317199999.999999	930.520839
Q02053	748	1	1	1	6317199999.999999	4306.06879
Q02053	906	0	1	1	6317199999.999999	
Q02053	1039	0	1	2	6317199999.999999	
Q02053	1040	1	1	2	6317199999.999999	2633.19892
Q03265	244	1	1	1	33240000000.0	1326.70059
Q03265	294	1	1	1	33240000000.0	3387.57916
Q03963	82	0	1	1	58918000.0	
Q04447	254	1	1	1	5797800000.0	1556.79087
Q04447	283	1	1	1	5797800000.0	2952.4051
Q04692	440	0	1	1	62712000.0	
Q04750	302	0	1	1	1806899999.9999998	
Q04998	35	0	1	2		
Q04998	38	0	1	2		
Q05144	105	1	1	1	1329800000.0	1558.82898
Q05144	178	1	1	1	1329800000.0	1040.5437
Q05816	67	1	1	1	15121000000.0	2247.01138
Q05816	87	1	1	1	15121000000.0	2575.21254
Q05816	120	0	1	2	15121000000.0	
Q05816	127	0	1	2	15121000000.0	
Q05920	131	0	1	1	71969000.0	
Q05921	54	0	1	1		
Q05CL8	142	0	1	1	346560000.0	
Q05CL8	243	0	1	1	346560000.0	
Q07076	260	0	1	1	943210000.0	
Q07076	273	0	1	1	943210000.0	
Q07076	338	0	1	1	943210000.0	
Q07113	144	0	1	1	250850000.0	
Q07113	361	0	1	1	250850000.0	
Q07113	566	0	1	1	250850000.0	
Q07113	724	0	1	1	250850000.0	
Q07113	1035	0	1	1	250850000.0	
Q07113	1263	0	1	1	250850000.0	
Q07113	1326	0	1	1	250850000.0	
Q07113	1401	0	1	1	250850000.0	
Q07113	1454	0	1	1	250850000.0	
Q07113	1509	0	1	1	250850000.0	
Q07113	1591	0	1	1	250850000.0	
Q07113	1743	1	1	1	250850000.0	3146.51313
Q07113	1886	0	1	2	250850000.0	
Q07113	1896	0	1	2	250850000.0	
Q07113	1910	0	1	1	250850000.0	
Q07113	1935	0	1	1	250850000.0	
Q07113	1950	0	1	1	250850000.0	
Q07113	1968	0	1	1	250850000.0	
Q07113	2022	1	1	1	250850000.0	2942.40213
Q07113	2032	0	1	1	250850000.0	
Q07113	2089	1	1	1	250850000.0	1278.64895
Q07113	2106	0	1	1	250850000.0	
Q07113	2241	0	1	1	250850000.0	
Q07113	2310	0	1	1	250850000.0	
Q07417	289	0	1	1	957200000.0	
Q07797	243	0	1	1	482220000.0	
Q07797	553	0	1	1	482220000.0	
Q08857	3	1	1	2	927830000.0	3585.85436
Q08857	7	1	1	1	927830000.0	3097.67419
Q08857	272	1	1	1	927830000.0	1030.45422
Q08857	311	1	1	2	927830000.0	2844.29997
Q08857	313	1	1	2	927830000.0	2844.29997
Q08857	333	0	1	1	927830000.0	
Q08890	173	0	1	1		
Q08943	200	0	1	1	1143200000.0	
Q08943	207	0	1	1	1143200000.0	
Q09014	111	0	1	1	242970000.0	
Q09143	21	0	1	1	99968000.0	
Q09143	83	0	1	1	99968000.0	
Q09143	621	0	1	1	99968000.0	
Q09324	217	0	1	1		
Q0VDN7	561	0	1	1		
Q0VGB7	377	1	1	1	325650000.0	1821.76869
Q0VGY8	797	0	1	1	23953000.0	
Q0VGY8	831	0	1	1	23953000.0	
Q0VGY8	1020	0	1	1	23953000.0	
Q0VGY8	1183	0	1	1	23953000.0	
Q11011	67	0	1	1	536470000.0	
Q11136	58	0	1	1	1094600000.0	
Q11136	158	0	1	1	1094600000.0	
Q11136	183	0	1	1	1094600000.0	
Q11204	152	0	1	1		
Q14B71	312	1	1	1	391960000.0	1445.68204
Q14BV6	18	0	1	1	85266000.0	
Q14C51	551	0	1	1	169170000.0	
Q1HFZ0	184	0	1	1	2855900000.0	
Q1HFZ0	221	0	1	1	2855900000.0	
Q1HFZ0	235	1	1	1	2855900000.0	1997.96628
Q1HFZ0	267	0	1	2	2855900000.0	
Q1HFZ0	271	0	1	2	2855900000.0	
Q1HFZ0	321	0	1	1	2855900000.0	
Q1HFZ0	598	1	1	1	2855900000.0	1444.56774
Q1HFZ0	672	0	1	2	2855900000.0	
Q1HFZ0	677	0	1	2	2855900000.0	
Q2TBA3	83	0	1	1		
Q2TBE6	50	0	1	1	102170000.0	
Q2TBE6	123	1	1	1	102170000.0	1663.78757
Q2TBE6	174	1	1	4	102170000.0	1228.46097
Q2TBE6	175	1	1	4	102170000.0	1228.46097
Q2TBE6	177	1	1	4	102170000.0	1228.46097
Q2TBE6	178	1	1	4	102170000.0	1228.46097
Q2TBE6	183	1	1	1	102170000.0	2279.11036
Q2TBE6	320	0	1	2	102170000.0	
Q2TBE6	327	0	1	2	102170000.0	
Q2YDW2	46	0	1	1	221000000.0	
Q2YDW2	389	0	1	1	221000000.0	
Q2YDW2	397	0	1	1	221000000.0	
Q2YDW2	429	0	1	1	221000000.0	
Q2YDW2	458	0	1	1	221000000.0	
Q31093	60	0	1	1		
Q31093	188	0	1	1		
Q3B7Z2	792	0	1	1	59695000.0	
Q3LR78	1046	0	1	2		
Q3LR78	1049	0	1	2		
Q3TBD2	135	0	1	1	634400000.0	
Q3TBD2	152	0	1	1	634400000.0	
Q3TBD2	193	0	1	1	634400000.0	
Q3TBD2	277	0	1	1	634400000.0	
Q3TBT3	205	0	1	1	104430000.0	
Q3TBW2	180	0	1	1	83063000.0	
Q3TCN2	347	1	1	1	52506000.0	1646.8239
Q3TCT4	90	0	1	1		
Q3TCT4	173	0	1	1		
Q3TCT4	296	0	1	1		
Q3TCT4	355	0	1	1		
Q3TD49	70	0	1	1		
Q3TDN2	32	0	1	1	101710000.0	
Q3TDQ1	712	0	1	1	339130000.0	
Q3TFQ1	7	1	1	2	46557000.0	1135.49028
Q3TFQ1	8	1	1	2	46557000.0	1135.49028
Q3TFQ1	150	0	1	1	46557000.0	
Q3TFQ1	173	0	1	1	46557000.0	
Q3TGW2	99	0	1	1	23336000.0	
Q3TGW2	271	0	1	1	23336000.0	
Q3TGW2	312	0	1	1	23336000.0	
Q3TGW2	350	0	1	1	23336000.0	
Q3TH73	227	0	1	2		
Q3TH73	231	0	1	2		
Q3TH73	300	0	1	1		
Q3THK7	137	0	1	1	2426900000.0	
Q3THK7	213	0	1	1	2426900000.0	
Q3THK7	252	0	1	1	2426900000.0	
Q3THK7	449	0	1	2	2426900000.0	
Q3THK7	456	0	1	2	2426900000.0	
Q3THK7	489	0	1	1	2426900000.0	
Q3THK7	523	0	1	1	2426900000.0	
Q3THK7	530	0	1	1	2426900000.0	
Q3THK7	554	1	1	1	2426900000.0	1439.71257
Q3THS6	34	0	1	1	2378700000.0	
Q3TIU4	179	0	1	1	313560000.0	
Q3TIU4	320	0	1	1	313560000.0	
Q3TIU4	347	0	1	1	313560000.0	
Q3TIX9	452	0	1	1	108960000.0	
Q3TPR7	362	0	1	1		
Q3TPX4	71	0	1	1		
Q3TRM8	18	0	1	2	1494499999.9999998	
Q3TRM8	34	0	1	2	1494499999.9999998	
Q3TRM8	54	1	1	1	1494499999.9999998	2189.11842
Q3TRM8	144	0	1	1	1494499999.9999998	
Q3TRM8	169	1	1	1	1494499999.9999998	1894.87845
Q3TRM8	188	0	1	1	1494499999.9999998	
Q3TRM8	397	0	1	1	1494499999.9999998	
Q3TRM8	449	0	1	1	1494499999.9999998	
Q3TRM8	570	0	1	1	1494499999.9999998	
Q3TRM8	586	0	1	1	1494499999.9999998	
Q3TRM8	611	1	1	1	1494499999.9999998	2070.02445
Q3TRM8	633	1	1	1	1494499999.9999998	1883.8836
Q3TRM8	709	0	1	1	1494499999.9999998	
Q3TRM8	780	0	1	1	1494499999.9999998	
Q3TRM8	839	1	1	1	1494499999.9999998	1442.75515
Q3TRM8	891	0	1	1	1494499999.9999998	
Q3TRM8	914	0	1	1	1494499999.9999998	
Q3TW96	50	0	1	1	3138699999.9999995	
Q3TW96	161	0	1	1	3138699999.9999995	
Q3TW96	254	0	1	1	3138699999.9999995	
Q3TW96	271	0	1	2	3138699999.9999995	
Q3TW96	278	0	1	2	3138699999.9999995	
Q3TW96	401	0	1	1	3138699999.9999995	
Q3TW96	423	0	1	1	3138699999.9999995	
Q3TW96	507	0	1	1	3138699999.9999995	
Q3TWI9	126	1	1	1		1585.73475
Q3TWI9	327	1	1	1		1588.70792
Q3TWL2	94	1	1	1		1229.60742
Q3TWL2	111	0	1	2		
Q3TWL2	114	0	1	2		
Q3TWN3	399	1	1	1		1848.94038
Q3TWN3	508	0	1	1		
Q3TX08	87	0	1	1	33992000.0	
Q3TX08	149	0	1	1	33992000.0	
Q3TX08	304	0	1	1	33992000.0	
Q3TXS7	104	0	1	1	1832599999.9999998	
Q3TXS7	141	0	1	1	1832599999.9999998	
Q3TXS7	571	0	1	1	1832599999.9999998	
Q3TXS7	633	1	1	1	1832599999.9999998	2398.15871
Q3TXS7	898	0	1	1	1832599999.9999998	
Q3TYX3	101	0	1	1	199720000.0	
Q3TYX3	193	0	1	1	199720000.0	
Q3TYX3	375	0	1	2	199720000.0	
Q3TYX3	377	0	1	2	199720000.0	
Q3U0B3	69	0	1	1		
Q3U0V1	297	0	1	1	4598200000.0	
Q3U0V1	437	0	1	1	4598200000.0	
Q3U0V2	102	0	1	1	72124000.0	
Q3U0V2	135	0	1	1	72124000.0	
Q3U186	372	0	1	1		
Q3U1J4	87	0	1	1	3384199999.9999995	
Q3U1J4	128	0	1	1	3384199999.9999995	
Q3U1T9	21	1	1	1		2756.38435
Q3U308	31	0	1	1	25795000.0	
Q3U3W5	794	0	1	1		
Q3U481	71	0	1	1		
Q3U4G3	385	0	1	1		
Q3U5Q7	76	0	1	2		
Q3U5Q7	85	0	1	2		
Q3U5Q7	226	0	1	1		
Q3U5Q7	243	0	1	1		
Q3U5Q7	287	1	1	1		1750.91886
Q3U5Q7	422	0	1	1		
Q3UCV8	47	0	1	1	19624000.0	
Q3UCV8	92	0	1	1	19624000.0	
Q3UDE2	93	0	1	1	573840000.0	
Q3UDE2	121	0	1	1	573840000.0	
Q3UDE2	304	0	1	1	573840000.0	
Q3UDE2	356	0	1	1	573840000.0	
Q3UDE2	365	0	1	1	573840000.0	
Q3UDE2	607	0	1	1	573840000.0	
Q3UDE2	633	0	1	1	573840000.0	
Q3UDK1	109	0	1	1		
Q3UDW8	455	1	1	1	141000000.0	1536.67796
Q3UE37	102	0	1	1	11557000.0	
Q3UE37	156	0	1	1	11557000.0	
Q3UE37	245	0	1	1	11557000.0	
Q3UE37	256	0	1	1	11557000.0	
Q3UE37	288	0	1	1	11557000.0	
Q3UFY7	56	0	1	1	28250000.0	
Q3UH93	1222	1	1	1		1602.80356
Q3UHK1	303	1	1	1		1157.58629
Q3UHN9	751	0	1	1		
Q3UIA2	364	0	1	1	446440000.0	
Q3UJB9	4	0	1	1	297050000.0	
Q3UJB9	843	1	1	1	297050000.0	1279.57143
Q3UJB9	981	0	1	1	297050000.0	
Q3UJD6	90	0	1	1	254990000.0	
Q3UJD6	875	0	1	1	254990000.0	
Q3UJD6	1059	0	1	1	254990000.0	
Q3UJD6	1084	1	1	1	254990000.0	1660.69988
Q3UJF0	9	1	1	1		1824.75846
Q3ULJ0	216	0	1	1	149970000.0	
Q3ULM6	47	0	1	2		
Q3ULM6	50	0	1	2		
Q3ULW8	66	0	1	1	96456000.0	
Q3ULW8	114	0	1	1	96456000.0	
Q3ULW8	182	1	1	1	96456000.0	2445.29375
Q3ULW8	324	0	1	1	96456000.0	
Q3UMM4	176	1	1	1		1293.64996
Q3UMR5	190	0	1	1	3491100.0	
Q3UMT1	650	1	1	1	77700000.0	1477.64672
Q3UMY5	325	0	1	1	443660000.0	
Q3UMY5	439	0	1	1	443660000.0	
Q3UMY5	822	0	1	1	443660000.0	
Q3UN04	320	0	1	2	16637000.0	
Q3UN04	322	0	1	2	16637000.0	
Q3UPF5	8	0	1	1	144180000.0	
Q3UPF5	150	0	1	1	144180000.0	
Q3UPF5	219	0	1	1	144180000.0	
Q3UPF5	604	1	1	1	144180000.0	1217.58629
Q3UPL0	279	0	1	1	1373300000.0	
Q3UPL0	588	0	1	1	1373300000.0	
Q3UPL0	1140	0	1	1	1373300000.0	
Q3UVL4	190	0	1	1	58422000.0	
Q3UVL4	226	0	1	1	58422000.0	
Q3UW53	176	0	1	1	70686000.0	
Q3UW53	193	0	1	1	70686000.0	
Q3UW53	408	0	1	1	70686000.0	
Q3UW53	515	1	1	1	70686000.0	1344.70714
Q3UYV9	36	0	1	1	406140000.0	
Q3UYV9	320	0	1	1	406140000.0	
Q3UYV9	436	0	1	1	406140000.0	
Q3UZ39	278	1	1	1	717040000.0	2572.18236
Q3UZ39	311	0	1	1	717040000.0	
Q3UZ39	354	0	1	1	717040000.0	
Q3V009	106	0	1	1	15272000.0	
Q3V0C5	39	0	1	1	6006100.0	
Q3V3R1	129	0	1	1	2322700000.0	
Q3V3R1	197	0	1	1	2322700000.0	
Q3V3R1	450	0	1	1	2322700000.0	
Q3V3R1	813	1	1	1	2322700000.0	1259.64314
Q3V3R1	827	0	1	1	2322700000.0	
Q3V3R1	905	0	1	1	2322700000.0	
Q3ZK22	41	0	1	1		
Q3ZK22	488	0	1	1		
Q497Y9	341	0	1	1		
Q499X9	66	1	1	1	17797000.0	3364.70669
Q499X9	107	0	1	1	17797000.0	
Q499X9	472	0	1	1	17797000.0	
Q4FK66	158	0	1	1	43181000.0	
Q4FZC9	75	1	1	1	45569000.0	2168.12595
Q4FZC9	333	0	1	1	45569000.0	
Q4FZC9	626	0	1	1	45569000.0	
Q4FZC9	953	0	1	1	45569000.0	
Q4QRL3	1233	0	1	1	71527000.0	
Q4VA53	498	0	1	1	61089000.0	
Q4VBD2	5	0	1	1		
Q4VBD2	559	0	1	1		
Q4VC33	333	0	1	1	120340000.0	
Q501J6	240	0	1	1	1542799999.9999998	
Q505D1	122	0	1	1		
Q505F5	62	1	1	1	766070000.0	2174.1558
Q505F5	366	0	1	1	766070000.0	
Q569Z5	478	0	1	1	721150000.0	
Q569Z5	501	0	1	1	721150000.0	
Q569Z5	590	0	1	1	721150000.0	
Q571I9	28	0	1	1	460760000.0	
Q571I9	249	0	1	1	460760000.0	
Q5DTT3	1701	0	1	1		
Q5DU31	320	0	1	1		
Q5DU41	729	0	1	1		
Q5DW34	575	0	1	1	91066000.0	
Q5FWI3	581	0	1	1		
Q5KU39	124	0	1	1	13508000.0	
Q5KU39	313	0	1	1	13508000.0	
Q5M9N4	166	0	1	1		
Q5NC05	445	0	1	1	20083000.0	
Q5ND34	638	0	1	1	56457000.0	
Q5ND34	1249	0	1	1	56457000.0	
Q5PSV9	356	0	1	1	256650000.0	
Q5SNZ0	600	0	1	1		
Q5SSK3	53	0	1	1	22180000.0	
Q5SSW2	1378	0	1	1		
Q5SSZ5	25	1	1	1	352880000.0	2722.32723
Q5SSZ5	729	0	1	1	352880000.0	
Q5SUA5	478	0	1	1	238080000.0	
Q5SUA5	607	0	1	1	238080000.0	
Q5SUA5	794	0	1	1	238080000.0	
Q5SUF2	35	0	1	1	647900000.0	
Q5SUF2	40	0	1	2	647900000.0	
Q5SUF2	43	0	1	2	647900000.0	
Q5SUF2	58	0	1	1	647900000.0	
Q5SUQ9	128	0	1	1	6396300.0	
Q5SUQ9	979	0	1	2	6396300.0	
Q5SUQ9	980	0	1	2	6396300.0	
Q5SUR0	66	0	1	1	3257199999.9999995	
Q5SUR0	270	1	1	1	3257199999.9999995	1225.53974
Q5SUR0	294	1	1	1	3257199999.9999995	2449.19207
Q5SUR0	336	0	1	1	3257199999.9999995	
Q5SUR0	606	0	1	1	3257199999.9999995	
Q5SUR0	763	0	1	1	3257199999.9999995	
Q5SUR0	830	0	1	1	3257199999.9999995	
Q5SUR0	870	0	1	1	3257199999.9999995	
Q5SUR0	974	0	1	1	3257199999.9999995	
Q5SUR0	1055	0	1	1	3257199999.9999995	
Q5SW19	153	0	1	1	1654899999.9999998	
Q5SW19	214	1	1	1	1654899999.9999998	1186.61686
Q5SW19	333	0	1	1	1654899999.9999998	
Q5SW19	665	0	1	1	1654899999.9999998	
Q5SW19	734	0	1	1	1654899999.9999998	
Q5SW19	755	0	1	1	1654899999.9999998	
Q5SW19	764	0	1	1	1654899999.9999998	
Q5SW19	1198	0	1	1	1654899999.9999998	
Q5SWU9	1768	0	1	1	381090000.0	
Q5SXY1	138	1	1	1	239530000.0	1532.71407
Q5SXY1	527	0	1	1	239530000.0	
Q5SXY1	633	0	1	1	239530000.0	
Q5U458	494	0	1	1	219890000.0	
Q5U458	518	0	1	1	219890000.0	
Q5U4D8	575	1	1	1		1254.73698
Q5XF89	67	0	1	1		
Q5XF89	916	0	1	1		
Q5XFZ0	178	1	1	1		1477.68311
Q5XJY5	286	0	1	1	1452400000.0	
Q5XJY5	441	0	1	1	1452400000.0	
Q5Y5T1	131	0	1	1		
Q5Y5T1	305	0	1	1		
Q60591	571	0	1	1	35623000.0	
Q60597	283	0	1	1	1418100000.0	
Q60597	331	0	1	1	1418100000.0	
Q60597	395	0	1	1	1418100000.0	
Q60597	487	0	1	1	1418100000.0	
Q60597	507	0	1	1	1418100000.0	
Q60597	566	0	1	1	1418100000.0	
Q60597	604	0	1	1	1418100000.0	
Q60597	956	0	1	1	1418100000.0	
Q60634	56	0	1	1		
Q60634	88	0	1	1		
Q60668	126	0	1	1	4643000000.0	
Q60676	77	0	1	1	759370000.0	
Q60676	404	0	1	1	759370000.0	
Q60692	185	0	1	1	3102099999.9999995	
Q60710	83	0	1	1	876980000.0	
Q60710	135	0	1	1	876980000.0	
Q60710	209	0	1	1	876980000.0	
Q60710	352	0	1	1	876980000.0	
Q60710	373	0	1	1	876980000.0	
Q60710	615	0	1	1	876980000.0	
Q60710	645	0	1	1	876980000.0	
Q60715	167	0	1	1	437090000.0	
Q60738	385	0	1	1		
Q60738	428	0	1	2		
Q60738	432	0	1	2		
Q60749	19	0	1	1	1019499999.9999999	
Q60766	8	0	1	1	135740000.0	
Q60766	156	1	1	1	135740000.0	2442.18895
Q60766	303	1	1	1	135740000.0	1821.79855
Q60766	356	1	1	1	135740000.0	1441.72101
Q60770	547	0	1	1		
Q60778	240	1	1	1	59224000.0	1599.73112
Q60790	328	0	1	1	57039000.0	
Q60854	102	1	1	1	1918599999.9999998	1613.81233
Q60854	372	0	1	1	1918599999.9999998	
Q60864	26	1	1	1	9965600000.0	2037.96772
Q60864	417	0	1	2	9965600000.0	
Q60864	420	0	1	2	9965600000.0	
Q60864	461	1	1	1	9965600000.0	1897.84761
Q60864	471	0	1	1	9965600000.0	
Q60865	224	0	1	1	3334099999.9999995	
Q60870	14	1	1	1	502850000.0	1064.49945
Q60875	674	0	1	1	425990000.0	
Q60930	48	1	1	1	9093300000.0	1906.78506
Q60930	77	1	1	1	9093300000.0	1432.6333
Q60930	104	1	1	1	9093300000.0	2518.20097
Q60930	211	1	1	2	9093300000.0	2500.06349
Q60930	228	0	1	2	9093300000.0	
Q60931	36	1	1	1	1659399999.9999998	1989.83743
Q60931	65	1	1	1	1659399999.9999998	1329.63872
Q60932	140	0	1	1	5265200000.0	
Q60932	245	1	1	1	5265200000.0	1399.60782
Q60953	156	0	1	1	19047000.0	
Q60953	208	0	1	1	19047000.0	
Q60953	322	0	1	1	19047000.0	
Q60953	386	0	1	2	19047000.0	
Q60953	393	0	1	2	19047000.0	
Q60960	240	0	1	1	51875000.0	
Q60960	359	0	1	1	51875000.0	
Q60972	167	1	1	1	1709099999.9999998	1804.81625
Q60973	97	1	1	1	3483699999.9999995	3293.43198
Q60973	166	1	1	1	3483699999.9999995	1788.82133
Q60973	202	0	1	1	3483699999.9999995	
Q60973	277	1	1	1	3483699999.9999995	4107.94839
Q60I26	316	0	1	2		
Q60I26	320	0	1	2		
Q61009	470	1	1	1	31849000.0	1130.5219
Q61024	43	0	1	2	1221200000.0	
Q61024	44	0	1	2	1221200000.0	
Q61024	73	0	1	1	1221200000.0	
Q61024	158	1	1	1	1221200000.0	1627.72219
Q61024	207	1	1	1	1221200000.0	2212.98477
Q61024	255	1	1	1	1221200000.0	1973.08671
Q61024	455	0	1	1	1221200000.0	
Q61033	202	0	1	1	2065599999.9999998	
Q61033	407	0	1	1	2065599999.9999998	
Q61033	443	1	1	1	2065599999.9999998	1961.8286
Q61035	224	0	1	1	1577199999.9999998	
Q61035	455	0	1	1	1577199999.9999998	
Q61074	13	0	1	1	624080000.0	
Q61074	241	1	1	1	624080000.0	4058.77842
Q61074	348	0	1	1	624080000.0	
Q61081	309	0	1	1	2447800000.0	
Q61081	337	0	1	1	2447800000.0	
Q61093	185	0	1	1	272490000.0	
Q61093	244	1	1	1	272490000.0	2771.27084
Q61093	257	0	1	1	272490000.0	
Q61093	282	0	1	1	272490000.0	
Q61093	369	0	1	2	272490000.0	
Q61093	371	1	1	2	272490000.0	3041.33239
Q61093	428	0	1	1	272490000.0	
Q61093	445	0	1	1	272490000.0	
Q61093	537	1	1	1	272490000.0	2855.43751
Q61124	92	0	1	1	72025000.0	
Q61136	962	0	1	1	79573000.0	
Q61144	31	1	1	1	24452000.0	2145.91339
Q61144	56	0	1	1	24452000.0	
Q61144	65	0	1	2	24452000.0	
Q61168	12	1	1	3		1257.50528
Q61168	13	1	1	3		1257.50528
Q61168	14	1	1	3		1257.50528
Q61168	106	0	1	1		
Q61171	70	1	1	1	3595299999.9999995	2698.35372
Q61171	172	0	1	1	3595299999.9999995	
Q61188	452	0	1	1	37997000.0	
Q61191	149	0	1	1	930740000.0	
Q61191	1882	0	1	1	930740000.0	
Q61207	42	0	1	1	1597699999.9999998	
Q61207	63	0	1	2	1597699999.9999998	
Q61207	66	0	1	2	1597699999.9999998	
Q61207	197	0	1	2	1597699999.9999998	
Q61207	200	0	1	2	1597699999.9999998	
Q61207	240	1	1	1	1597699999.9999998	1044.52738
Q61207	348	1	1	1	1597699999.9999998	1453.73475
Q61207	473	1	1	1	1597699999.9999998	1310.59652
Q61207	515	1	1	1	1597699999.9999998	993.495352
Q61207	528	0	1	2	1597699999.9999998	
Q61207	536	0	1	2	1597699999.9999998	
Q61207	545	0	1	2	1597699999.9999998	
Q61207	551	0	1	2	1597699999.9999998	
Q61210	536	0	1	1	653170000.0	
Q61210	814	0	1	1	653170000.0	
Q61211	258	0	1	1		
Q61211	446	0	1	1		
Q61211	505	0	1	1		
Q61233	31	1	1	1	33906000000.0	2172.96336
Q61233	42	1	1	1	33906000000.0	1116.575
Q61233	101	1	1	1	33906000000.0	3904.78501
Q61233	140	0	1	1	33906000000.0	
Q61233	164	1	1	1	33906000000.0	2638.28834
Q61233	283	1	1	1	33906000000.0	2912.37631
Q61233	336	1	1	1	33906000000.0	1234.54344
Q61233	460	1	1	1	33906000000.0	1522.74498
Q61233	618	1	1	1	33906000000.0	1386.65319
Q61263	61	1	1	1	757440000.0	1921.88801
Q61263	82	1	1	1	757440000.0	2371.13995
Q61263	335	0	1	1	757440000.0	
Q61316	34	0	1	2	11137000000.0	
Q61316	38	1	1	2	11137000000.0	1290.57368
Q61316	140	1	1	1	11137000000.0	2167.06195
Q61316	167	0	1	1	11137000000.0	
Q61316	245	0	1	1	11137000000.0	
Q61316	290	0	1	1	11137000000.0	
Q61316	310	0	1	1	11137000000.0	
Q61316	376	0	1	2	11137000000.0	
Q61316	380	0	1	2	11137000000.0	
Q61316	417	1	1	1	11137000000.0	1963.86219
Q61329	1557	0	1	2		
Q61329	1560	0	1	2		
Q61411	80	0	1	1	153630000.0	
Q61425	201	0	1	1	889280000.0	
Q61450	144	0	1	1		
Q61450	300	0	1	1		
Q61464	711	0	1	1	56035000.0	
Q61464	959	0	1	1	56035000.0	
Q61470	152	0	1	2		
Q61470	153	0	1	2		
Q61470	217	0	1	1		
Q61470	230	0	1	1		
Q61510	70	0	1	1	606030000.0	
Q61510	185	0	1	1	606030000.0	
Q61510	555	0	1	1	606030000.0	
Q61543	114	1	1	1	946580000.0	1592.71005
Q61543	186	1	1	1	946580000.0	1775.86113
Q61543	231	0	1	2	946580000.0	
Q61543	237	0	1	2	946580000.0	
Q61543	265	1	1	1	946580000.0	1557.70932
Q61543	287	0	1	1	946580000.0	
Q61543	320	0	1	1	946580000.0	
Q61543	333	0	1	1	946580000.0	
Q61543	347	0	1	1	946580000.0	
Q61543	381	1	1	1	946580000.0	1000.47601
Q61543	400	1	1	1	946580000.0	1690.85348
Q61543	415	0	1	1	946580000.0	
Q61543	440	0	1	1	946580000.0	
Q61543	448	0	1	1	946580000.0	
Q61543	476	0	1	1	946580000.0	
Q61543	503	0	1	2	946580000.0	
Q61543	511	0	1	2	946580000.0	
Q61543	524	0	1	1	946580000.0	
Q61543	538	0	1	1	946580000.0	
Q61543	635	0	1	1	946580000.0	
Q61543	655	0	1	2	946580000.0	
Q61543	667	0	1	2	946580000.0	
Q61543	730	0	1	1	946580000.0	
Q61543	755	0	1	1	946580000.0	
Q61543	822	0	1	1	946580000.0	
Q61543	888	0	1	1	946580000.0	
Q61543	966	1	1	1	946580000.0	1790.87203
Q61543	980	1	1	1	946580000.0	1221.52957
Q61543	1067	1	1	1	946580000.0	1997.0292
Q61543	1088	0	1	1	946580000.0	
Q61549	373	0	1	2	305700000.0	
Q61549	387	0	1	2	305700000.0	
Q61549	514	0	1	1	305700000.0	
Q61550	589	0	1	1	250980000.0	
Q61598	202	1	1	2	10743000000.0	1966.80369
Q61598	203	1	1	2	10743000000.0	1966.80369
Q61598	282	0	1	1	10743000000.0	
Q61598	302	0	1	1	10743000000.0	
Q61598	317	1	1	1	10743000000.0	2198.04983
Q61598	335	0	1	1	10743000000.0	
Q61598	414	1	1	1	10743000000.0	2562.16967
Q61599	75	1	1	1	8271899999.999999	2643.34994
Q61655	224	0	1	1	1071399999.9999999	
Q61655	392	0	1	1	1071399999.9999999	
Q61656	89	1	1	1	12639000000.0	2972.44255
Q61656	170	1	1	1	12639000000.0	1367.72312
Q61656	191	1	1	1	12639000000.0	1791.85738
Q61656	200	1	1	1	12639000000.0	1052.49608
Q61656	221	1	1	1	12639000000.0	1171.60194
Q61656	234	1	1	1	12639000000.0	1093.54778
Q61699	13	0	1	1	5042100000.0	
Q61699	34	0	1	1	5042100000.0	
Q61699	140	0	1	1	5042100000.0	
Q61699	167	1	1	1	5042100000.0	1627.87158
Q61699	245	0	1	1	5042100000.0	
Q61699	290	0	1	1	5042100000.0	
Q61699	310	0	1	1	5042100000.0	
Q61699	642	0	1	1	5042100000.0	
Q61699	651	0	1	1	5042100000.0	
Q61699	659	0	1	1	5042100000.0	
Q61699	797	0	1	1	5042100000.0	
Q61699	845	1	1	1	5042100000.0	2115.90283
Q61739	154	0	1	1	194470000.0	
Q61739	1039	1	1	1	194470000.0	4479.54991
Q61753	18	0	1	2	10055000000.0	
Q61753	19	0	1	2	10055000000.0	
Q61753	48	0	1	1	10055000000.0	
Q61753	111	0	1	2	10055000000.0	
Q61753	116	0	1	2	10055000000.0	
Q61753	254	1	1	1	10055000000.0	2487.18124
Q61753	281	1	1	1	10055000000.0	2047.01567
Q61753	295	0	1	1	10055000000.0	
Q61753	369	1	1	1	10055000000.0	1639.90796
Q61768	294	0	1	1	1102200000.0	
Q61792	53	0	1	1	3520899999.9999995	
Q61830	74	0	1	1	614050000.0	
Q61830	149	1	1	1	614050000.0	1285.56087
Q61830	168	0	1	1	614050000.0	
Q61830	182	0	1	1	614050000.0	
Q61830	209	0	1	1	614050000.0	
Q61830	316	0	1	1	614050000.0	
Q61830	332	0	1	1	614050000.0	
Q61830	391	0	1	1	614050000.0	
Q61830	617	1	1	1	614050000.0	1719.81379
Q61830	646	0	1	1	614050000.0	
Q61830	1051	0	1	1	614050000.0	
Q61830	1262	0	1	1	614050000.0	
Q61881	67	0	1	1	2076499999.9999998	
Q61881	482	0	1	1	2076499999.9999998	
Q61937	21	1	1	1	30379000000.0	2948.25229
Q61990	109	1	1	1	3311099999.9999995	1427.78064
Q61990	158	1	1	1	3311099999.9999995	1711.95424
Q61990	298	1	1	1	3311099999.9999995	3228.58736
Q62141	129	0	1	1		
Q62141	964	1	1	1		1378.62342
Q62167	223	1	1	1	5829699999.999999	1237.54311
Q62167	298	1	1	1	5829699999.999999	1900.99415
Q62167	317	0	1	1	5829699999.999999	
Q62167	341	0	1	1	5829699999.999999	
Q62167	468	0	1	1	5829699999.999999	
Q62192	87	0	1	1	562380000.0	
Q62192	365	0	1	1	562380000.0	
Q62192	419	0	1	1	562380000.0	
Q62193	49	1	1	1	417020000.0	2598.34757
Q62230	770	0	1	1	12195000.0	
Q62230	1145	0	1	1	12195000.0	
Q62230	1552	0	1	1	12195000.0	
Q62273	686	0	1	1		
Q62318	66	0	1	2	4621400000.0	
Q62318	69	0	1	2	4621400000.0	
Q62318	210	0	1	1	4621400000.0	
Q62318	222	0	1	3	4621400000.0	
Q62318	225	0	1	3	4621400000.0	
Q62318	230	0	1	3	4621400000.0	
Q62318	233	1	1	1	4621400000.0	2486.1397
Q62318	628	0	1	1	4621400000.0	
Q62351	67	1	1	2	4078899999.9999995	3572.8175
Q62351	89	0	1	2	4078899999.9999995	
Q62351	355	0	1	1	4078899999.9999995	
Q62351	365	0	1	1	4078899999.9999995	
Q62376	39	0	1	1	1570799999.9999998	
Q62407	1480	0	1	1	17754000.0	
Q62418	67	0	1	1	1174100000.0	
Q62418	127	1	1	1	1174100000.0	1577.65892
Q62426	3	1	1	1	14661000000.0	2565.12193
Q62426	64	1	1	1	14661000000.0	1353.68232
Q62432	70	0	1	1	60344000.0	
Q62432	312	0	1	1	60344000.0	
Q62433	253	0	1	2	90892000.0	
Q62433	272	0	1	2	90892000.0	
Q62433	289	0	1	1	90892000.0	
Q62465	63	1	1	1	3506899999.9999995	1328.64347
Q62465	99	1	1	1	3506899999.9999995	1323.60638
Q62465	337	1	1	1	3506899999.9999995	2533.26351
Q62504	1324	0	1	1		
Q62523	376	0	1	1	75501000.0	
Q62523	379	0	1	1	75501000.0	
Q640L5	767	0	1	1		
Q640N3	1021	1	1	1	72185000.0	1588.67875
Q64133	266	0	1	1	134380000.0	
Q64213	279	0	1	1	1206000000.0	
Q64310	32	0	1	1	102860000.0	
Q64324	110	0	1	1	557570000.0	
Q64324	158	1	1	1	557570000.0	3597.73911
Q64337	26	0	1	2	944150000.0	
Q64337	44	0	1	2	944150000.0	
Q64337	113	0	1	1	944150000.0	
Q64337	128	0	1	2	944150000.0	
Q64337	131	0	1	2	944150000.0	
Q64337	142	0	1	4	944150000.0	
Q64337	145	0	1	4	944150000.0	
Q64337	151	0	1	4	944150000.0	
Q64337	154	0	1	4	944150000.0	
Q64337	219	1	1	1	944150000.0	2696.25004
Q64337	333	0	1	1	944150000.0	
Q64343	30	0	1	1		
Q64343	209	0	1	1		
Q64343	271	0	1	1		
Q64343	315	0	1	1		
Q64343	349	0	1	1		
Q64435	176	0	1	1	313850000.0	
Q64435	278	0	1	1	313850000.0	
Q64442	106	0	1	1	810220000.0	
Q64442	120	0	1	2	810220000.0	
Q64442	130	0	1	2	810220000.0	
Q64442	140	0	1	1	810220000.0	
Q64442	165	0	1	1	810220000.0	
Q64442	179	0	1	1	810220000.0	
Q64442	301	0	1	1	810220000.0	
Q64514	150	0	1	1	2138799999.9999998	
Q64514	197	0	1	1	2138799999.9999998	
Q64514	209	0	1	1	2138799999.9999998	
Q64514	322	0	1	1	2138799999.9999998	
Q64514	342	0	1	1	2138799999.9999998	
Q64514	614	0	1	1	2138799999.9999998	
Q64514	710	0	1	1	2138799999.9999998	
Q64514	733	0	1	1	2138799999.9999998	
Q64514	787	0	1	1	2138799999.9999998	
Q64514	967	1	1	1	2138799999.9999998	1550.77628
Q64514	1138	0	1	1	2138799999.9999998	
Q64514	1231	0	1	1	2138799999.9999998	
Q64516	299	0	1	1	98336000.0	
Q64518	498	1	1	1	5154700000.0	1611.73851
Q64521	270	0	1	1	212920000.0	
Q64674	25	1	1	1	4769800000.0	2601.31219
Q64674	123	0	1	1	4769800000.0	
Q64695	190	0	1	1		
Q64735	309	0	1	1		
Q64737	41	1	1	1	4462000000.0	1512.77186
Q64737	62	0	1	1	4462000000.0	
Q64737	93	0	1	1	4462000000.0	
Q64737	134	0	1	1	4462000000.0	
Q64737	298	1	1	1	4462000000.0	1627.86436
Q64737	466	1	1	1	4462000000.0	2167.07319
Q64737	646	1	1	1	4462000000.0	2790.34942
Q64737	733	0	1	1	4462000000.0	
Q64737	769	0	1	1	4462000000.0	
Q65Z40	119	0	1	1	69869000.0	
Q65Z40	133	0	1	1	69869000.0	
Q65Z40	301	1	1	1	69869000.0	3002.47675
Q65Z40	684	0	1	1	69869000.0	
Q68ED3	473	0	1	1	22602000.0	
Q68EF4	520	0	1	2		
Q68EF4	524	1	1	2		1345.61186
Q68FD5	39	1	1	1	26427000000.0	3833.9233
Q68FD5	151	1	1	1	26427000000.0	1517.7409
Q68FD5	217	0	1	1	26427000000.0	
Q68FD5	292	0	1	1	26427000000.0	
Q68FD5	328	0	1	1	26427000000.0	
Q68FD5	436	0	1	1	26427000000.0	
Q68FD5	459	0	1	1	26427000000.0	
Q68FD5	491	1	1	1	26427000000.0	1506.75006
Q68FD5	617	0	1	1	26427000000.0	
Q68FD5	682	0	1	1	26427000000.0	
Q68FD5	736	0	1	1	26427000000.0	
Q68FD5	753	0	1	1	26427000000.0	
Q68FD5	824	0	1	1	26427000000.0	
Q68FD5	870	1	1	1	26427000000.0	1775.82608
Q68FD5	918	1	1	1	26427000000.0	1485.71468
Q68FD5	926	0	1	2	26427000000.0	
Q68FD5	934	0	1	2	26427000000.0	
Q68FD5	1102	0	1	1	26427000000.0	
Q68FD5	1528	0	1	1	26427000000.0	
Q68FF6	149	0	1	1	91417000.0	
Q68FF6	222	0	1	1	91417000.0	
Q68FF6	235	0	1	1	91417000.0	
Q68FH4	99	0	1	1	355140000.0	
Q68FH4	175	0	1	1	355140000.0	
Q68FH4	301	0	1	1	355140000.0	
Q68FH4	303	0	1	1	355140000.0	
Q68FL6	38	1	1	1	2596500000.0	2454.31923
Q68FL6	66	0	1	1	2596500000.0	
Q68FL6	289	0	1	1	2596500000.0	
Q68FL6	311	0	1	1	2596500000.0	
Q68FL6	335	0	1	1	2596500000.0	
Q68FL6	407	0	1	3	2596500000.0	
Q68FL6	410	0	1	3	2596500000.0	
Q68FL6	420	0	1	3	2596500000.0	
Q68FL6	568	0	1	1	2596500000.0	
Q68FL6	789	1	1	1	2596500000.0	1655.88175
Q69Z38	992	0	1	1	39994000.0	
Q69Z38	1654	0	1	1	39994000.0	
Q69ZF7	217	1	1	1		1333.62961
Q69ZN7	212	0	1	1	996440000.0	
Q69ZN7	275	0	1	1	996440000.0	
Q69ZN7	409	0	1	1	996440000.0	
Q69ZN7	1118	0	1	1	996440000.0	
Q69ZN7	1219	0	1	1	996440000.0	
Q69ZN7	1247	0	1	1	996440000.0	
Q69ZN7	1379	0	1	1	996440000.0	
Q69ZN7	1389	0	1	1	996440000.0	
Q69ZN7	1412	0	1	1	996440000.0	
Q69ZN7	1454	0	1	1	996440000.0	
Q69ZN7	1470	0	1	1	996440000.0	
Q69ZN7	1540	0	1	1	996440000.0	
Q69ZN7	1561	0	1	1	996440000.0	
Q69ZN7	1597	0	1	1	996440000.0	
Q69ZN7	1640	0	1	2	996440000.0	
Q69ZN7	1647	0	1	2	996440000.0	
Q69ZN7	1848	0	1	1	996440000.0	
Q69ZN7	1906	0	1	1	996440000.0	
Q69ZN7	1939	0	1	1	996440000.0	
Q69ZN7	2000	1	1	1	996440000.0	2318.11539
Q69ZR2	58	0	1	1	971380000.0	
Q69ZR2	209	0	1	1	971380000.0	
Q69ZR2	254	0	1	1	971380000.0	
Q69ZR2	508	0	1	1	971380000.0	
Q69ZR2	2420	0	1	1	971380000.0	
Q6A026	485	0	1	1	580770000.0	
Q6A051	707	0	1	2		
Q6A051	715	1	1	2		1921.87747
Q6A065	959	0	1	1	29709000.0	
Q6A0A9	53	0	1	1	1103300000.0	
Q6A0A9	279	0	1	1	1103300000.0	
Q6A0A9	692	0	1	1	1103300000.0	
Q6A0A9	823	0	1	1	1103300000.0	
Q6A0A9	917	1	1	1	1103300000.0	1752.74856
Q6A0D4	129	0	1	1	48653000.0	
Q6A0D4	496	1	1	1	48653000.0	1655.78382
Q6A4J8	301	0	1	1	286390000.0	
Q6A4J8	722	0	1	1	286390000.0	
Q6A4J8	962	0	1	1	286390000.0	
Q6DFW4	183	0	1	1	2539100000.0	
Q6DFW4	205	0	1	1	2539100000.0	
Q6DFW4	439	1	1	1	2539100000.0	1627.70357
Q6DFW5	170	0	1	1		
Q6DFW5	740	0	1	1		
Q6DFW5	1175	0	1	1		
Q6DFX2	175	0	1	1	4345500.0	
Q6DFX2	279	0	1	1	4345500.0	
Q6DFZ1	1394	0	1	1	24109000.0	
Q6DG52	61	0	1	1	29492000.0	
Q6GQT6	147	0	1	1		
Q6GQT9	980	0	1	1	807830000.0	
Q6NS46	1344	0	1	1	2535400000.0	
Q6NS60	732	0	1	1		
Q6NSQ9	42	0	1	1	7108400.0	
Q6NSQ9	269	1	1	1	7108400.0	2199.11064
Q6NSR8	189	1	1	1	302590000.0	2677.2979
Q6NSR8	284	0	1	1	302590000.0	
Q6NSR8	397	0	1	1	302590000.0	
Q6NSR8	504	0	1	1	302590000.0	
Q6NVF9	159	1	1	1	580160000.0	1720.86789
Q6NWW5	144	0	1	1		
Q6NXL1	299	0	1	1	11681000.0	
Q6NZC7	463	0	1	1	206500000.0	
Q6NZJ6	666	0	1	1	8103599999.999999	
Q6NZJ6	923	0	1	1	8103599999.999999	
Q6P073	157	0	1	1		
Q6P1B1	46	0	1	2	998070000.0	
Q6P1B1	48	0	1	2	998070000.0	
Q6P1B1	279	0	1	1	998070000.0	
Q6P1B1	443	0	1	1	998070000.0	
Q6P1F6	13	0	1	1	768930000.0	
Q6P1F6	239	0	1	1	768930000.0	
Q6P1H6	428	1	1	1	10823000.0	1390.67036
Q6P1H6	919	0	1	1	10823000.0	
Q6P4T2	133	0	1	1	2290800000.0	
Q6P4T2	502	0	1	1	2290800000.0	
Q6P4T2	1278	0	1	1	2290800000.0	
Q6P4T2	1359	0	1	1	2290800000.0	
Q6P4T2	1580	0	1	1	2290800000.0	
Q6P5B0	102	0	1	1	930680000.0	
Q6P5B0	674	0	1	1	930680000.0	
Q6P5B0	800	0	1	1	930680000.0	
Q6P5B0	840	0	1	1	930680000.0	
Q6P5D3	1005	0	1	1		
Q6P5D8	1334	0	1	1	501430000.0	
Q6P5E4	880	0	1	1	549400000.0	
Q6P5E4	1024	1	1	1	549400000.0	1014.41505
Q6P5F6	378	0	1	1	554760000.0	
Q6P5F7	299	0	1	1	17717000.0	
Q6P5F9	34	1	1	1	1367800000.0	2540.24417
Q6P5F9	119	0	1	1	1367800000.0	
Q6P5F9	164	0	1	1	1367800000.0	
Q6P5F9	498	0	1	1	1367800000.0	
Q6P5F9	1070	0	1	1	1367800000.0	
Q6P9J5	392	0	1	1		
Q6P9J9	107	0	1	1		
Q6P9J9	136	0	1	1		
Q6P9J9	251	0	1	1		
Q6P9J9	262	1	1	1		1731.70463
Q6P9P6	24	0	1	1	121010000.0	
Q6P9Q4	31	0	1	1	28716000.0	
Q6P9Q4	936	0	1	1	28716000.0	
Q6P9Q6	753	0	1	1	309570000.0	
Q6P9Q6	1118	0	1	1	309570000.0	
Q6P9R1	310	0	1	1	70179000.0	
Q6P9R4	926	0	1	1		
Q6PAR5	1109	0	1	1	333100000.0	
Q6PAV2	144	0	1	1	50991000.0	
Q6PAV2	160	0	1	1	50991000.0	
Q6PAV2	175	0	1	1	50991000.0	
Q6PAV2	248	0	1	2	50991000.0	
Q6PAV2	249	0	1	2	50991000.0	
Q6PAV2	384	0	1	1	50991000.0	
Q6PAV2	1025	1	1	1	50991000.0	2944.50044
Q6PB44	425	0	1	1	106530000.0	
Q6PB66	112	0	1	1	3878099999.9999995	
Q6PB66	129	0	1	1	3878099999.9999995	
Q6PB66	207	1	1	1	3878099999.9999995	1679.81887
Q6PB66	483	0	1	1	3878099999.9999995	
Q6PB66	926	0	1	1	3878099999.9999995	
Q6PB66	929	0	1	1	3878099999.9999995	
Q6PB66	951	0	1	1	3878099999.9999995	
Q6PB66	1042	0	1	1	3878099999.9999995	
Q6PB66	1275	0	1	2	3878099999.9999995	
Q6PB66	1289	0	1	2	3878099999.9999995	
Q6PDI5	444	0	1	1	769800000.0	
Q6PDI5	1252	0	1	1	769800000.0	
Q6PDI5	1633	0	1	1	769800000.0	
Q6PDM2	148	1	1	1	2139299999.9999998	1416.59798
Q6PDQ2	389	0	1	1	864650000.0	
Q6PDQ2	1461	0	1	1	864650000.0	
Q6PDY2	225	0	1	1	27965000.0	
Q6PFD9	1067	0	1	1	584320000.0	
Q6PFD9	1609	0	1	1	584320000.0	
Q6PFE3	570	1	1	2		1644.848
Q6PFE3	574	0	1	2		
Q6PFQ7	656	0	1	1		
Q6PFQ7	760	0	1	1		
Q6PGC1	617	0	1	1	52406000.0	
Q6PGC1	622	0	1	2	52406000.0	
Q6PGC1	626	0	1	2	52406000.0	
Q6PGG2	278	0	1	1	609320000.0	
Q6PGG2	339	0	1	2	609320000.0	
Q6PGG2	340	0	1	2	609320000.0	
Q6PGG2	528	0	1	2	609320000.0	
Q6PGG2	536	0	1	2	609320000.0	
Q6PGG2	570	0	1	1	609320000.0	
Q6PGG2	598	0	1	1	609320000.0	
Q6PGG2	850	1	1	1	609320000.0	3485.49856
Q6PGG2	894	0	1	1	609320000.0	
Q6PGG2	920	1	1	1	609320000.0	1451.7191
Q6PGG6	336	0	1	1	72891000.0	
Q6PHU5	456	0	1	1		
Q6PHU5	554	0	1	1		
Q6PHZ2	373	0	1	1	156600000.0	
Q6PIC6	42	0	1	1	259280000.0	
Q6PIC6	221	0	1	1	259280000.0	
Q6PIC6	239	0	1	1	259280000.0	
Q6PIC6	449	0	1	1	259280000.0	
Q6PIC6	508	0	1	1	259280000.0	
Q6PIC6	546	0	1	1	259280000.0	
Q6PIP5	31	0	1	1	154730000.0	
Q6PR54	1413	0	1	1	25170000.0	
Q6Q899	130	0	1	2		
Q6Q899	136	0	1	2		
Q6Q899	158	0	1	1		
Q6Q899	429	0	1	1		
Q6Q899	474	0	1	1		
Q6Q899	521	0	1	1		
Q6Q899	681	0	1	1		
Q6Q899	739	0	1	1		
Q6R0H7	913	0	1	1	198410000.0	
Q6R0H7	1118	0	1	1	198410000.0	
Q6VN19	389	1	1	1	50307000.0	2592.12591
Q6WKZ8	19	0	1	1	12428000.0	
Q6WKZ8	112	0	1	1	12428000.0	
Q6X893	68	0	1	1		
Q6X893	97	0	1	1		
Q6X893	112	0	1	2		
Q6X893	116	0	1	2		
Q6X893	158	0	1	1		
Q6ZPJ3	177	0	1	1	214830000.0	
Q6ZPJ3	239	0	1	1	214830000.0	
Q6ZPJ3	348	0	1	1	214830000.0	
Q6ZPJ3	580	0	1	1	214830000.0	
Q6ZPJ3	593	0	1	1	214830000.0	
Q6ZPJ3	1096	0	1	1	214830000.0	
Q6ZQ08	616	0	1	1	229440000.0	
Q6ZQ18	675	0	1	1		
Q6ZQ18	763	0	1	1		
Q6ZQ38	71	0	1	1	1462399999.9999998	
Q6ZQ38	237	0	1	1	1462399999.9999998	
Q6ZQ38	264	0	1	1	1462399999.9999998	
Q6ZQ38	275	0	1	2	1462399999.9999998	
Q6ZQ38	301	0	1	1	1462399999.9999998	
Q6ZQ38	356	0	1	1	1462399999.9999998	
Q6ZQ38	802	0	1	1	1462399999.9999998	
Q6ZQ38	1007	0	1	1	1462399999.9999998	
Q6ZQ58	930	0	1	1	1293200000.0	
Q6ZQ58	1030	0	1	1	1293200000.0	
Q6ZQA0	1649	0	1	1		
Q6ZQB6	388	0	1	1	8421400.0	
Q6ZQI3	205	1	1	1	435640000.0	1732.90696
Q6ZQI3	287	0	1	2	435640000.0	
Q6ZQI3	289	0	1	2	435640000.0	
Q6ZQK5	329	0	1	1	45780000.0	
Q6ZQK5	468	0	1	1	45780000.0	
Q6ZQM8	125	1	1	1	313850000.0	1411.67069
Q6ZQM8	154	1	1	1	313850000.0	2329.13003
Q6ZQM8	175	0	1	2	313850000.0	
Q6ZQM8	184	0	1	2	313850000.0	
Q6ZQM8	278	1	1	1	313850000.0	3525.82649
Q6ZQM8	381	0	1	1	313850000.0	
Q6ZWR6	1085	0	1	3		
Q6ZWR6	1098	0	1	3		
Q6ZWR6	1101	0	1	3		
Q6ZWU9	77	1	1	1	3556399999.9999995	968.438566
Q6ZWV3	49	1	1	1	9107900000.0	3081.36957
Q6ZWV3	105	0	1	1	9107900000.0	
Q6ZWV3	195	0	1	1	9107900000.0	
Q6ZWX6	70	0	1	1	5789300000.0	
Q6ZWX6	199	0	1	1	5789300000.0	
Q6ZWX6	218	0	1	1	5789300000.0	
Q6ZWZ2	93	1	1	1		3816.75121
Q6ZWZ2	191	0	1	1		
Q71FD7	35	0	1	1	41151000.0	
Q71FD7	248	0	1	1	41151000.0	
Q71FD7	334	0	1	1	41151000.0	
Q75N73	116	0	1	2		
Q75N73	128	0	1	2		
Q76LS9	94	1	1	1	109110000.0	2082.0164
Q76LS9	115	0	1	1	109110000.0	
Q76LS9	173	0	1	1	109110000.0	
Q76MZ3	148	1	1	2	3521099999.9999995	1584.70648
Q76MZ3	154	0	1	2	3521099999.9999995	
Q76MZ3	174	0	1	1	3521099999.9999995	
Q76MZ3	294	0	1	1	3521099999.9999995	
Q76MZ3	377	1	1	1	3521099999.9999995	2749.4109
Q76MZ3	390	1	1	1	3521099999.9999995	1941.03535
Q78IQ7	64	0	1	1		
Q78JW9	23	0	1	2	120810000.0	
Q78JW9	28	0	1	2	120810000.0	
Q78PY7	31	0	1	1	8244699999.999999	
Q78PY7	96	0	1	1	8244699999.999999	
Q78PY7	152	0	1	1	8244699999.999999	
Q78PY7	268	0	1	1	8244699999.999999	
Q78PY7	296	0	1	1	8244699999.999999	
Q78PY7	440	0	1	1	8244699999.999999	
Q78PY7	736	0	1	1	8244699999.999999	
Q78XF5	14	1	1	1	155880000.0	1427.78466
Q78ZA7	77	0	1	1	1070499999.9999999	
Q791V5	79	0	1	1	570510000.0	
Q791V5	296	0	1	1	570510000.0	
Q7M759	39	0	1	1		
Q7M759	68	0	1	1		
Q7M759	81	0	1	1		
Q7M759	120	0	1	1		
Q7M759	210	1	1	1		1489.65477
Q7M759	250	0	1	1		
Q7SIG6	357	1	1	1		1787.89752
Q7TMB8	98	0	1	1	495990000.0	
Q7TMB8	428	0	1	1	495990000.0	
Q7TMB8	918	0	1	1	495990000.0	
Q7TMB8	1180	0	1	1	495990000.0	
Q7TMB8	1241	0	1	1	495990000.0	
Q7TMF2	23	1	1	1	49342000.0	1912.93128
Q7TMF2	310	0	1	1	49342000.0	
Q7TMI3	542	0	1	1		
Q7TMK6	317	0	1	1		
Q7TMK9	96	0	1	1	4530000000.0	
Q7TMK9	289	0	1	1	4530000000.0	
Q7TMS5	374	1	1	1		2354.18414
Q7TMX5	285	0	1	1	22427000.0	
Q7TMY8	349	0	1	1	797700000.0	
Q7TNG5	110	0	1	1		
Q7TNG5	203	0	1	2		
Q7TNG5	224	0	1	2		
Q7TNG5	301	0	1	1		
Q7TNL5	403	0	1	1	112240000.0	
Q7TNL5	477	0	1	1	112240000.0	
Q7TNV0	165	0	1	1	655720000.0	
Q7TPR4	480	0	1	1	1356300000.0	
Q7TPR4	690	1	1	1	1356300000.0	2441.18967
Q7TPR4	774	0	1	1	1356300000.0	
Q7TPV4	361	0	1	1	13756000000.0	
Q7TPV4	477	0	1	1	13756000000.0	
Q7TPV4	612	0	1	2	13756000000.0	
Q7TPV4	621	0	1	2	13756000000.0	
Q7TPV4	676	0	1	1	13756000000.0	
Q7TPV4	963	0	1	1	13756000000.0	
Q7TPV4	1028	0	1	1	13756000000.0	
Q7TPV4	1043	0	1	1	13756000000.0	
Q7TQA3	222	0	1	1		
Q7TQI3	91	1	1	1	1138500000.0	1284.56695
Q7TQK1	42	0	1	1	10339000.0	
Q7TQZ6	85	1	1	1		1264.60431
Q7TRU1	130	0	1	1		
Q7TSG5	195	1	1	1		1438.57831
Q7TSI1	572	0	1	1	48594000.0	
Q7TSI1	953	0	1	1	48594000.0	
Q7TT37	451	0	1	1	456000000.0	
Q80SU7	1289	0	1	1		
Q80SW1	106	0	1	1	43163000.0	
Q80SW1	211	0	1	1	43163000.0	
Q80SW1	272	0	1	1	43163000.0	
Q80T14	2708	0	1	1		
Q80TH2	306	0	1	1	12367000.0	
Q80TH2	354	0	1	1	12367000.0	
Q80TH2	464	1	1	1	12367000.0	1710.71553
Q80TM9	186	0	1	1	392620000.0	
Q80TM9	438	0	1	1	392620000.0	
Q80TM9	1346	0	1	1	392620000.0	
Q80TN5	73	0	1	1		
Q80TN5	453	0	1	3		
Q80TN5	456	0	1	3		
Q80TN5	459	0	1	3		
Q80TN5	590	1	1	1		1803.85738
Q80TY0	248	0	1	1	127090000.0	
Q80TY5	867	0	1	1		
Q80U44	1417	0	1	1	29290000.0	
Q80U72	334	0	1	1	11497000.0	
Q80U72	992	0	1	1	11497000.0	
Q80U72	1113	0	1	1	11497000.0	
Q80U93	909	0	1	1	729100000.0	
Q80UJ7	322	0	1	1	107960000.0	
Q80UJ7	693	0	1	1	107960000.0	
Q80UK7	304	0	1	2		
Q80UK7	310	0	1	2		
Q80UM3	214	0	1	1	1582399999.9999998	
Q80UM3	238	0	1	1	1582399999.9999998	
Q80UM7	599	0	1	1	640180000.0	
Q80UP3	525	0	1	1	139110000.0	
Q80UP3	605	0	1	1	139110000.0	
Q80UP3	688	0	1	1	139110000.0	
Q80UP3	717	0	1	1	139110000.0	
Q80UP3	862	0	1	1	139110000.0	
Q80UU9	75	1	1	1	241490000.0	1825.86286
Q80V86	295	0	1	1		
Q80VD1	216	0	1	2	200070000.0	
Q80VD1	220	0	1	2	200070000.0	
Q80VL1	109	0	1	1	12736000.0	
Q80VP0	397	0	1	1	68319000.0	
Q80VP0	861	0	1	1	68319000.0	
Q80VQ0	162	1	1	1	17412000.0	1613.78718
Q80VQ0	217	0	1	2	17412000.0	
Q80VQ0	223	0	1	2	17412000.0	
Q80VQ0	244	0	1	2	17412000.0	
Q80VQ0	252	0	1	2	17412000.0	
Q80VQ0	300	1	1	1	17412000.0	972.517485
Q80VQ0	387	0	1	1	17412000.0	
Q80WJ7	75	1	1	1	1798299999.9999998	3574.96391
Q80WQ2	101	0	1	1	386180000.0	
Q80X41	220	0	1	1	413910000.0	
Q80X73	204	0	1	1	139110000.0	
Q80X90	604	0	1	1	573910000.0	
Q80X90	1081	0	1	1	573910000.0	
Q80X90	1326	0	1	1	573910000.0	
Q80X90	1617	0	1	1	573910000.0	
Q80X90	2057	0	1	1	573910000.0	
Q80X90	2289	0	1	1	573910000.0	
Q80X90	2333	0	1	1	573910000.0	
Q80XN0	221	0	1	1	73449000.0	
Q80XQ2	192	0	1	1	70485000.0	
Q80XR2	139	0	1	2	35311000.0	
Q80XR2	141	0	1	2	35311000.0	
Q80XR2	408	0	1	2	35311000.0	
Q80XR2	410	0	1	2	35311000.0	
Q80XR2	476	0	1	1	35311000.0	
Q80Y17	724	0	1	1		
Q80Y81	79	0	1	1	426030000.0	
Q80Y81	128	0	1	1	426030000.0	
Q80Y81	370	0	1	1	426030000.0	
Q80Y81	437	0	1	1	426030000.0	
Q80YR5	219	0	1	1		
Q80YR5	297	0	1	1		
Q80YR5	405	0	1	1		
Q80YT7	1170	1	1	1		1147.5404
Q80YW0	49	0	1	1	68540000.0	
Q80YX1	439	1	1	2		1227.49856
Q80YX1	443	1	1	2		1227.49856
Q80ZJ1	140	0	1	1	33980000.0	
Q80ZQ9	58	0	1	1	122510000.0	
Q80ZQ9	111	0	1	1	122510000.0	
Q80ZW2	85	0	1	1	47508000.0	
Q810A7	339	1	1	2	488950000.0	1415.61733
Q810A7	346	1	1	2	488950000.0	1415.61733
Q810B6	34	0	1	1	192910000.0	
Q810B6	742	0	1	1	192910000.0	
Q810B6	995	0	1	1	192910000.0	
Q810D6	66	0	1	1	377750000.0	
Q810D6	299	0	1	1	377750000.0	
Q811U4	260	0	1	1		
Q8BFR5	127	1	1	1	6824299999.999999	1769.758
Q8BFR5	147	0	1	1	6824299999.999999	
Q8BFR5	222	1	1	1	6824299999.999999	3008.51649
Q8BFR5	290	0	1	1	6824299999.999999	
Q8BFS9	257	1	1	1		1340.67584
Q8BFV2	83	0	1	1	12514000.0	
Q8BFV2	148	0	1	1	12514000.0	
Q8BFV3	73	0	1	1		
Q8BFY9	103	0	1	1	1314600000.0	
Q8BFY9	164	0	1	1	1314600000.0	
Q8BFY9	467	0	1	1	1314600000.0	
Q8BFY9	620	0	1	1	1314600000.0	
Q8BFY9	683	0	1	1	1314600000.0	
Q8BG05	64	0	1	1	21168000000.0	
Q8BG05	85	0	1	2	21168000000.0	
Q8BG05	94	0	1	2	21168000000.0	
Q8BG05	196	1	1	1	21168000000.0	1471.65141
Q8BG07	311	1	1	1	493310000.0	2517.17469
Q8BG28	493	1	1	3		2276.07518
Q8BG28	497	0	1	3		
Q8BG28	499	0	1	3		
Q8BG67	6	1	1	4		1437.60976
Q8BG67	7	1	1	4		1437.60976
Q8BG67	8	1	1	4		1437.60976
Q8BG67	9	1	1	4		1437.60976
Q8BG67	237	0	1	1		
Q8BG67	765	0	1	1		
Q8BG79	412	0	1	1		
Q8BGA9	148	0	1	1	33374000.0	
Q8BGD9	543	1	1	1	2683000000.0	2004.92831
Q8BGE6	78	0	1	2	22274000.0	
Q8BGE6	89	0	1	2	22274000.0	
Q8BGG7	229	0	1	1		
Q8BGH2	65	0	1	1	315030000.0	
Q8BGQ7	152	0	1	1	1285100000.0	
Q8BGQ7	184	0	1	2	1285100000.0	
Q8BGQ7	187	0	1	2	1285100000.0	
Q8BGQ7	403	0	1	1	1285100000.0	
Q8BGQ7	525	0	1	1	1285100000.0	
Q8BGQ7	671	1	1	1	1285100000.0	2916.47251
Q8BGQ7	711	0	1	2	1285100000.0	
Q8BGQ7	723	0	1	2	1285100000.0	
Q8BGQ7	947	1	1	1	1285100000.0	2118.08917
Q8BGR6	37	0	1	1		
Q8BGR6	53	0	1	1		
Q8BGT9	224	0	1	3		
Q8BGT9	226	0	1	3		
Q8BGT9	228	0	1	3		
Q8BGU5	122	0	1	1		
Q8BGV0	121	0	1	1	25504000.0	
Q8BGV0	455	0	1	1	25504000.0	
Q8BGW1	335	0	1	1	37477000.0	
Q8BH04	55	0	1	2	825880000.0	
Q8BH04	63	0	1	2	825880000.0	
Q8BH04	210	0	1	2	825880000.0	
Q8BH04	230	0	1	2	825880000.0	
Q8BH04	306	1	1	1	825880000.0	1240.59104
Q8BH04	325	1	1	1	825880000.0	1449.63807
Q8BH04	431	0	1	1	825880000.0	
Q8BH04	559	0	1	1	825880000.0	
Q8BH07	48	0	1	1		
Q8BH15	504	1	1	1	65730000.0	2147.87606
Q8BH24	64	0	1	1	296180000.0	
Q8BH35	109	1	1	2		1976.86802
Q8BH35	115	1	1	2		1976.86802
Q8BH43	27	1	1	1	282630000.0	1534.69334
Q8BH57	225	1	1	1	120520000.0	1552.67875
Q8BH61	153	0	1	1		
Q8BH61	328	0	1	1		
Q8BH69	71	0	1	1	197320000.0	
Q8BH74	645	0	1	1	259490000.0	
Q8BH86	54	0	1	1	122900000.0	
Q8BH95	111	1	1	1	421390000.0	1134.46517
Q8BH95	225	0	1	1	421390000.0	
Q8BHD7	471	0	1	1	923220000.0	
Q8BHG1	685	0	1	1	193430000.0	
Q8BHG1	917	0	1	1	193430000.0	
Q8BHI7	38	0	1	1	21818000.0	
Q8BHL7	10	1	1	2		1413.71084
Q8BHL7	11	1	1	2		1413.71084
Q8BHZ4	894	0	1	2		
Q8BHZ4	897	0	1	2		
Q8BIG7	133	1	1	1	196780000.0	1342.64387
Q8BIG7	198	0	1	1	196780000.0	
Q8BIJ6	91	0	1	1	305870000.0	
Q8BIJ6	819	0	1	1	305870000.0	
Q8BIJ6	1002	0	1	1	305870000.0	
Q8BIJ6	1005	0	1	1	305870000.0	
Q8BIJ7	188	0	1	1	100290000.0	
Q8BJ05	261	0	1	1	38096000.0	
Q8BJ48	133	0	1	1	100790000.0	
Q8BJ48	149	0	1	1	100790000.0	
Q8BJ71	325	0	1	1	663940000.0	
Q8BJ71	328	0	1	1	663940000.0	
Q8BJ71	397	0	1	1	663940000.0	
Q8BJ71	422	0	1	1	663940000.0	
Q8BJ71	487	0	1	1	663940000.0	
Q8BJ71	569	0	1	1	663940000.0	
Q8BJM3	623	0	1	1		
Q8BJM5	184	1	1	1		1728.95966
Q8BJQ2	321	0	1	1		
Q8BJU0	130	0	1	1	946910000.0	
Q8BJU0	149	1	1	1	946910000.0	1479.67763
Q8BJW5	513	0	1	1	82562000.0	
Q8BJW6	306	0	1	1	2918499999.9999995	
Q8BK64	56	1	1	1	2312800000.0	2832.31958
Q8BK67	100	0	1	1	7305599999.999999	
Q8BK67	142	1	1	1	7305599999.999999	910.433086
Q8BK67	156	0	1	1	7305599999.999999	
Q8BK67	207	0	1	1	7305599999.999999	
Q8BK67	278	0	1	1	7305599999.999999	
Q8BK67	303	1	1	1	7305599999.999999	1292.60709
Q8BK67	335	1	1	1	7305599999.999999	1882.93194
Q8BK67	426	0	1	1	7305599999.999999	
Q8BKC5	110	0	1	1	5404000000.0	
Q8BKC5	180	0	1	1	5404000000.0	
Q8BKC5	229	0	1	1	5404000000.0	
Q8BKC5	266	0	1	1	5404000000.0	
Q8BKC5	348	0	1	1	5404000000.0	
Q8BKC5	420	0	1	1	5404000000.0	
Q8BKC5	473	1	1	1	5404000000.0	1954.9571
Q8BKC5	560	0	1	1	5404000000.0	
Q8BKC5	733	0	1	1	5404000000.0	
Q8BKC5	750	0	1	1	5404000000.0	
Q8BKC5	776	0	1	2	5404000000.0	
Q8BKC5	784	0	1	2	5404000000.0	
Q8BKC5	915	0	1	1	5404000000.0	
Q8BKC5	944	0	1	1	5404000000.0	
Q8BKC5	972	1	1	1	5404000000.0	1833.88908
Q8BKC5	1057	0	1	1	5404000000.0	
Q8BKT3	325	0	1	1		
Q8BKT3	434	0	1	2		
Q8BKT3	442	0	1	2		
Q8BKU8	140	0	1	1		
Q8BKZ9	170	1	1	1	211730000.0	2915.49636
Q8BKZ9	307	1	1	1	211730000.0	1987.96733
Q8BL66	346	0	1	1	515060000.0	
Q8BL86	212	0	1	1		
Q8BLF1	345	0	1	1	858960000.0	
Q8BLH7	464	0	1	1	132870000.0	
Q8BLN5	428	1	1	1	263490000.0	1576.71916
Q8BLN5	485	0	1	1	263490000.0	
Q8BLN5	568	0	1	1	263490000.0	
Q8BLV3	132	0	1	1		
Q8BM55	392	0	1	1	172260000.0	
Q8BM55	529	0	1	1	172260000.0	
Q8BMA6	560	0	1	1	769890000.0	
Q8BMC4	141	0	1	1	106170000.0	
Q8BMF4	163	1	1	1	977210000.0	2457.28251
Q8BMF4	290	1	1	1	977210000.0	1522.8429
Q8BMF4	483	1	1	1	977210000.0	832.447674
Q8BMF4	581	1	1	1	977210000.0	3208.64381
Q8BMF4	613	1	1	1	977210000.0	1879.85567
Q8BMI0	797	0	1	1		
Q8BMI4	246	0	1	1		
Q8BMJ2	72	0	1	1	2485400000.0	
Q8BMJ2	115	0	1	1	2485400000.0	
Q8BMJ2	250	0	1	1	2485400000.0	
Q8BMJ2	328	0	1	1	2485400000.0	
Q8BMJ2	370	0	1	1	2485400000.0	
Q8BMJ2	556	0	1	1	2485400000.0	
Q8BMJ2	575	0	1	1	2485400000.0	
Q8BMJ2	783	0	1	1	2485400000.0	
Q8BMJ2	938	1	1	1	2485400000.0	2099.05821
Q8BMJ2	1095	0	1	1	2485400000.0	
Q8BMK4	79	1	1	1	2502100000.0	1427.59468
Q8BML9	111	0	1	1	2660500000.0	
Q8BML9	298	0	1	1	2660500000.0	
Q8BML9	478	1	1	1	2660500000.0	1455.66052
Q8BML9	556	0	1	1	2660500000.0	
Q8BML9	687	0	1	1	2660500000.0	
Q8BMQ2	176	0	1	1	71178000.0	
Q8BMS1	470	1	1	1	2962199999.9999995	3111.55466
Q8BMS1	550	0	1	1	2962199999.9999995	
Q8BN82	35	1	1	2		1348.58637
Q8BN82	36	1	1	2		1348.58637
Q8BN82	83	0	1	1		
Q8BND3	872	1	1	2		2066.95875
Q8BND3	882	1	1	2		2066.95875
Q8BNJ6	7	0	1	1		
Q8BNU0	354	0	1	3	84451000.0	
Q8BNU0	358	0	1	3	84451000.0	
Q8BNU0	362	0	1	3	84451000.0	
Q8BNV1	101	0	1	1	327150000.0	
Q8BNV1	453	0	1	1	327150000.0	
Q8BNV1	528	0	1	1	327150000.0	
Q8BNV1	541	0	1	1	327150000.0	
Q8BNV1	570	0	1	1	327150000.0	
Q8BP40	168	0	1	1	47858000.0	
Q8BP47	125	1	1	1	2765800000.0	1325.62855
Q8BP47	213	1	1	1	2765800000.0	4406.05096
Q8BP47	277	1	1	1	2765800000.0	2498.23629
Q8BP47	449	1	1	1	2765800000.0	1687.86371
Q8BP47	463	0	1	1	2765800000.0	
Q8BP47	522	1	1	1	2765800000.0	1635.74637
Q8BP47	548	0	1	1	2765800000.0	
Q8BP48	9	0	1	2	346540000.0	
Q8BP48	14	0	1	2	346540000.0	
Q8BP48	174	0	1	1	346540000.0	
Q8BP48	255	0	1	1	346540000.0	
Q8BP48	368	0	1	1	346540000.0	
Q8BP67	6	0	1	1	2881500000.0	
Q8BP67	36	0	1	1	2881500000.0	
Q8BPM0	16	1	1	2		1305.59983
Q8BPM0	17	1	1	2		1305.59983
Q8BPU7	38	0	1	1	1286300000.0	
Q8BPU7	438	0	1	1	1286300000.0	
Q8BPU7	561	1	1	1	1286300000.0	980.474951
Q8BPU7	726	0	1	1	1286300000.0	
Q8BPX9	272	1	1	3		1324.54748
Q8BPX9	273	1	1	3		1324.54748
Q8BPX9	275	1	1	3		1324.54748
Q8BQ30	592	0	1	1	94017000.0	
Q8BQM4	445	0	1	1	363400000.0	
Q8BQR4	302	0	1	1	3634800.0	
Q8BQZ5	41	0	1	1		
Q8BR63	7	0	1	1		
Q8BR63	109	1	1	1		1597.76577
Q8BRH4	1237	0	1	1		
Q8BRH4	2783	0	1	1		
Q8BRH4	3906	0	1	1		
Q8BSP2	184	0	1	1		
Q8BSY0	367	0	1	1	623940000.0	
Q8BSY0	631	0	1	1	623940000.0	
Q8BSY0	643	0	1	1	623940000.0	
Q8BT60	249	0	1	1	491140000.0	
Q8BTH8	279	0	1	1		
Q8BTI7	122	0	1	1	88860000.0	
Q8BTI8	1144	0	1	1	2128999999.9999998	
Q8BTM8	8	0	1	1	11033000000.0	
Q8BTM8	53	1	1	1	11033000000.0	2105.00002
Q8BTM8	205	0	1	2	11033000000.0	
Q8BTM8	210	0	1	2	11033000000.0	
Q8BTM8	444	0	1	1	11033000000.0	
Q8BTM8	649	0	1	1	11033000000.0	
Q8BTM8	717	1	1	1	11033000000.0	1761.82033
Q8BTM8	796	0	1	1	11033000000.0	
Q8BTM8	810	0	1	1	11033000000.0	
Q8BTM8	841	0	1	1	11033000000.0	
Q8BTM8	1018	1	1	1	11033000000.0	2478.29006
Q8BTM8	1157	0	1	1	11033000000.0	
Q8BTM8	1165	0	1	1	11033000000.0	
Q8BTM8	1260	0	1	1	11033000000.0	
Q8BTM8	1410	0	1	1	11033000000.0	
Q8BTM8	1453	0	1	1	11033000000.0	
Q8BTM8	2199	0	1	1	11033000000.0	
Q8BTM8	2293	0	1	1	11033000000.0	
Q8BTM8	2378	0	1	1	11033000000.0	
Q8BTM8	2601	1	1	1	11033000000.0	1087.55835
Q8BTY2	125	0	1	1	143810000.0	
Q8BU04	286	0	1	1	36191000.0	
Q8BU14	82	0	1	1	132950000.0	
Q8BU30	299	0	1	1	2625400000.0	
Q8BU30	336	0	1	1	2625400000.0	
Q8BU30	350	1	1	2	2625400000.0	3094.40522
Q8BU30	357	0	1	2	2625400000.0	
Q8BU30	400	1	1	1	2625400000.0	1925.92467
Q8BU30	433	0	1	1	2625400000.0	
Q8BU30	526	0	1	1	2625400000.0	
Q8BU30	1001	0	1	1	2625400000.0	
Q8BU31	140	1	1	1	33980000.0	1824.81749
Q8BUB4	290	0	1	1	39880000.0	
Q8BUJ9	103	0	1	1		
Q8BUV3	26	0	1	1	129900000.0	
Q8BUV3	284	0	1	1	129900000.0	
Q8BUY9	32	0	1	1	14042000.0	
Q8BVA5	18	0	1	1	37508000.0	
Q8BVA5	28	0	1	1	37508000.0	
Q8BVE3	73	0	1	1	1046799999.9999999	
Q8BVG4	843	0	1	1	24341000.0	
Q8BVK9	386	0	1	1		
Q8BVQ5	312	1	1	1	36593000.0	1444.77482
Q8BVY0	196	0	1	1	3580199999.9999995	
Q8BW70	168	1	1	1		1536.79701
Q8BWG8	59	0	1	1	348550000.0	
Q8BWG8	150	0	1	1	348550000.0	
Q8BWG9	197	0	1	1		
Q8BWH0	30	0	1	1		
Q8BWJ3	91	1	1	1		1040.44531
Q8BWP8	182	0	1	1		
Q8BWQ6	277	0	1	1	44319000.0	
Q8BWT1	179	0	1	1	432590000.0	
Q8BWT1	287	0	1	1	432590000.0	
Q8BWW4	126	0	1	1	697530000.0	
Q8BWY3	302	0	1	1	1841599999.9999998	
Q8BX17	19	0	1	1	470860000.0	
Q8BX17	136	0	1	1	470860000.0	
Q8BX17	341	0	1	1	470860000.0	
Q8BX17	659	0	1	1	470860000.0	
Q8BX17	1044	0	1	1	470860000.0	
Q8BX17	1090	0	1	1	470860000.0	
Q8BX17	1176	0	1	1	470860000.0	
Q8BX70	1699	0	1	1	353410000.0	
Q8BX90	245	0	1	1		
Q8BX90	369	0	1	1		
Q8BX90	465	0	1	1		
Q8BX90	560	0	1	1		
Q8BX90	632	0	1	1		
Q8BX90	696	0	1	1		
Q8BX90	827	0	1	1		
Q8BX90	1022	0	1	2		
Q8BX90	1026	0	1	2		
Q8BX90	1112	1	1	1		1431.64526
Q8BX90	1124	0	1	1		
Q8BX90	1173	1	1	1		3678.01869
Q8BXH3	495	1	1	1		1466.66328
Q8BXN9	89	0	1	1		
Q8BXQ2	186	0	1	1	50396000.0	
Q8BXQ2	235	0	1	1	50396000.0	
Q8BXV2	218	1	1	1	420600000.0	2521.2231
Q8BY71	24	0	1	1	668520000.0	
Q8BY71	117	0	1	1	668520000.0	
Q8BY71	291	0	1	1	668520000.0	
Q8BY71	373	0	1	1	668520000.0	
Q8BY87	856	0	1	1	29716000.0	
Q8BY89	74	0	1	1		
Q8BY89	95	0	1	3		
Q8BY89	106	0	1	3		
Q8BY89	112	0	1	3		
Q8BY89	139	0	1	1		
Q8BY89	158	0	1	1		
Q8BY89	172	0	1	1		
Q8BY89	401	0	1	1		
Q8BY89	427	0	1	1		
Q8BYA0	775	0	1	1	198420000.0	
Q8BYB9	108	0	1	1	12366000.0	
Q8BYC6	90	0	1	1	206540000.0	
Q8BYI6	4	0	1	1		
Q8BYI6	228	0	1	1		
Q8BYI6	509	0	1	1		
Q8BYW1	184	0	1	1	212390000.0	
Q8BYW1	293	0	1	1	212390000.0	
Q8BYW1	449	0	1	1	212390000.0	
Q8BZ52	704	0	1	1		
Q8BZA9	242	0	1	1	316330000.0	
Q8BZM1	13	0	1	1		
Q8BZM1	238	0	1	1		
Q8BZN6	1510	0	1	1	146890000.0	
Q8C052	54	0	1	1	630470000.0	
Q8C052	350	0	1	1	630470000.0	
Q8C052	373	1	1	1	630470000.0	1458.7177
Q8C052	754	0	1	1	630470000.0	
Q8C0C7	60	0	1	1	2259100000.0	
Q8C0D5	402	0	1	1	218790000.0	
Q8C0D5	646	0	1	1	218790000.0	
Q8C0E3	351	0	1	1	53115000.0	
Q8C0I1	213	0	1	1	401190000.0	
Q8C0I1	284	0	1	1	401190000.0	
Q8C0I1	391	0	1	1	401190000.0	
Q8C0I1	400	0	1	1	401190000.0	
Q8C0M9	193	0	1	1	67331000.0	
Q8C0X7	197	1	1	1		1510.61673
Q8C0Z1	353	0	1	1		
Q8C129	35	0	1	1	315780000.0	
Q8C129	103	1	1	1	315780000.0	1374.61978
Q8C129	305	0	1	1	315780000.0	
Q8C145	312	0	1	1		
Q8C147	198	0	1	1	293710000.0	
Q8C147	686	0	1	1	293710000.0	
Q8C147	1195	0	1	1	293710000.0	
Q8C159	380	1	1	1		1613.84469
Q8C166	52	0	1	1	237850000.0	
Q8C166	199	0	1	1	237850000.0	
Q8C172	236	0	1	1	21796000.0	
Q8C180	80	0	1	1		
Q8C1A5	91	1	1	1	2068099999.9999998	1553.76605
Q8C1A5	175	1	1	1	2068099999.9999998	1221.64274
Q8C1A5	231	0	1	1	2068099999.9999998	
Q8C1A5	246	0	1	1	2068099999.9999998	
Q8C1A5	248	0	1	2	2068099999.9999998	
Q8C1A5	253	0	1	2	2068099999.9999998	
Q8C1A5	687	0	1	1	2068099999.9999998	
Q8C261	228	1	1	4		1380.54068
Q8C261	231	1	1	4		1380.54068
Q8C261	232	1	1	4		1380.54068
Q8C261	234	1	1	4		1380.54068
Q8C2K1	123	0	1	1		
Q8C3J5	297	0	1	1	550960000.0	
Q8C3J5	607	0	1	1	550960000.0	
Q8C3R1	326	0	1	1	3965200.0	
Q8C3R1	721	0	1	1	3965200.0	
Q8C4J7	9	0	1	1	1141000000.0	
Q8C4X2	51	0	1	1		
Q8C4X2	277	0	1	1		
Q8C547	471	0	1	1	52678000.0	
Q8C570	68	0	1	1	325530000.0	
Q8C570	106	0	1	1	325530000.0	
Q8C570	143	0	1	1	325530000.0	
Q8C570	173	0	1	2	325530000.0	
Q8C570	175	0	1	2	325530000.0	
Q8C650	4	1	1	1	13284000.0	1382.62486
Q8C6G8	133	0	1	1	218990000.0	
Q8C6G8	218	0	1	1	218990000.0	
Q8C6G8	296	0	1	1	218990000.0	
Q8C6G8	318	0	1	1	218990000.0	
Q8C6G8	453	0	1	1	218990000.0	
Q8C779	149	0	1	1		
Q8C7R4	63	0	1	1	499520000.0	
Q8C7R4	156	0	1	1	499520000.0	
Q8C7R4	197	0	1	1	499520000.0	
Q8C7R4	231	0	1	1	499520000.0	
Q8C7R4	298	0	1	1	499520000.0	
Q8C7R4	311	1	1	1	499520000.0	3645.79597
Q8C7R4	347	1	1	1	499520000.0	1234.54997
Q8C7R4	546	1	1	1	499520000.0	1908.84515
Q8C7R4	581	0	1	1	499520000.0	
Q8C7R4	625	1	1	1	499520000.0	3635.75661
Q8C7R4	682	0	1	1	499520000.0	
Q8C7R4	699	1	1	1	499520000.0	1260.62849
Q8C7R4	721	1	1	1	499520000.0	1596.84463
Q8C7R4	770	1	1	1	499520000.0	1589.77997
Q8C863	500	1	1	1		2258.13401
Q8C863	796	0	1	1		
Q8C878	28	0	1	1	174040000.0	
Q8C878	70	0	1	1	174040000.0	
Q8C878	82	1	1	1	174040000.0	1497.85889
Q8C878	139	1	1	1	174040000.0	2639.29145
Q8C878	164	1	1	1	174040000.0	1740.93451
Q8C878	249	0	1	1	174040000.0	
Q8C878	324	1	1	1	174040000.0	2244.21879
Q8C8K6	217	1	1	1		2049.96772
Q8C8U0	140	0	1	1	120000000.0	
Q8C9E8	138	0	1	1		
Q8C9W3	690	0	1	2		
Q8C9W3	695	0	1	2		
Q8CAI1	246	0	1	1		
Q8CAS9	418	0	1	1		
Q8CAS9	671	0	1	1		
Q8CAY6	65	0	1	1	525330000.0	
Q8CAY6	148	0	1	1	525330000.0	
Q8CBC4	446	0	1	1		
Q8CBY8	30	0	1	1	134630000.0	
Q8CC84	90	0	1	1		
Q8CCJ3	707	0	1	1	41925000.0	
Q8CD15	19	1	1	1	284830000.0	1914.87415
Q8CD92	591	0	1	1	70768000.0	
Q8CD92	628	0	1	1	70768000.0	
Q8CDA1	725	0	1	1		
Q8CDG3	159	0	1	1	208650000.0	
Q8CDM1	42	0	1	1	22384000.0	
Q8CDM8	623	0	1	1	15546000.0	
Q8CDN9	97	0	1	1		
Q8CDN9	1135	0	1	1		
Q8CEC0	157	1	1	1	452060000.0	1430.71876
Q8CEC0	392	0	1	1	452060000.0	
Q8CEC0	567	0	1	1	452060000.0	
Q8CEC0	725	0	1	1	452060000.0	
Q8CFA1	174	0	1	1		
Q8CFE6	400	1	1	1	148790000.0	1241.64381
Q8CFE6	474	0	1	1	148790000.0	
Q8CFI2	93	1	1	1	29396000.0	3803.75596
Q8CFI2	191	0	1	1	29396000.0	
Q8CFQ3	1249	0	1	1	252730000.0	
Q8CG48	279	0	1	1	885440000.0	
Q8CG64	191	0	1	1		
Q8CG64	289	0	1	1		
Q8CG64	296	0	1	1		
Q8CG64	375	0	1	1		
Q8CGA3	295	1	1	1	53853000.0	1275.67444
Q8CGA3	392	0	1	1	53853000.0	
Q8CGC7	5	0	1	1	12116000000.0	
Q8CGC7	105	0	1	1	12116000000.0	
Q8CGC7	350	0	1	1	12116000000.0	
Q8CGC7	381	1	1	1	12116000000.0	2899.38508
Q8CGC7	680	0	1	2	12116000000.0	
Q8CGC7	692	0	1	2	12116000000.0	
Q8CGC7	697	0	1	1	12116000000.0	
Q8CGC7	744	1	1	1	12116000000.0	2453.14927
Q8CGC7	856	1	1	1	12116000000.0	1360.7272
Q8CGC7	910	0	1	1	12116000000.0	
Q8CGC7	1076	0	1	1	12116000000.0	
Q8CGC7	1148	0	1	1	12116000000.0	
Q8CGC7	1252	0	1	1	12116000000.0	
Q8CGC7	1309	1	1	1	12116000000.0	2998.54674
Q8CGC7	1377	0	1	1	12116000000.0	
Q8CGC7	1448	0	1	2	12116000000.0	
Q8CGC7	1453	0	1	2	12116000000.0	
Q8CGK3	509	1	1	1	1022699999.9999999	1280.66996
Q8CGK3	626	0	1	1	1022699999.9999999	
Q8CGN8	52	0	1	2		
Q8CGN8	65	0	1	2		
Q8CGY8	68	0	1	1	518330000.0	
Q8CGY8	297	0	1	1	518330000.0	
Q8CGY8	315	0	1	1	518330000.0	
Q8CH18	576	0	1	1	350550000.0	
Q8CH72	240	0	1	1		
Q8CHG3	1404	1	1	1	116230000.0	1683.76301
Q8CHP8	217	0	1	1	209250000.0	
Q8CHP8	243	0	1	1	209250000.0	
Q8CHT3	58	0	1	1	7802000.0	
Q8CHW4	192	0	1	1	148950000.0	
Q8CI11	156	0	1	1	701970000.0	
Q8CI32	213	0	1	1	26128000.0	
Q8CI51	474	0	1	1	930860000.0	
Q8CI59	100	0	1	1	68779000.0	
Q8CI59	140	0	1	1	68779000.0	
Q8CI59	168	1	1	1	68779000.0	1386.68131
Q8CI59	225	0	1	1	68779000.0	
Q8CI59	261	0	1	1	68779000.0	
Q8CI75	301	0	1	1	24006000.0	
Q8CI94	496	0	1	1	514600000.0	
Q8CIE6	41	0	1	1	2872300000.0	
Q8CIE6	85	0	1	1	2872300000.0	
Q8CIE6	245	0	1	1	2872300000.0	
Q8CIE6	254	0	1	1	2872300000.0	
Q8CIE6	380	0	1	1	2872300000.0	
Q8CIE6	453	0	1	1	2872300000.0	
Q8CIE6	522	0	1	1	2872300000.0	
Q8CIE6	655	0	1	1	2872300000.0	
Q8CIE6	693	0	1	1	2872300000.0	
Q8CIE6	921	0	1	1	2872300000.0	
Q8CIE6	975	0	1	1	2872300000.0	
Q8CIE6	1065	0	1	1	2872300000.0	
Q8CIF6	256	0	1	1		
Q8CIF6	676	1	1	1		1401.74386
Q8CIG8	22	0	1	1	483460000.0	
Q8CIG8	42	0	1	1	483460000.0	
Q8CIG8	344	0	1	1	483460000.0	
Q8CIH5	409	0	1	1	1017899999.9999999	
Q8CIH5	551	0	1	1	1017899999.9999999	
Q8CIH5	624	0	1	1	1017899999.9999999	
Q8CIH9	100	0	1	2	275710000.0	
Q8CIH9	105	0	1	2	275710000.0	
Q8CIH9	207	0	1	1	275710000.0	
Q8CIH9	247	0	1	1	275710000.0	
Q8CIH9	306	0	1	1	275710000.0	
Q8CIH9	339	0	1	2	275710000.0	
Q8CIH9	348	0	1	2	275710000.0	
Q8CII2	170	0	1	1	20098000.0	
Q8CII2	212	0	1	1	20098000.0	
Q8CII9	265	1	1	1		2372.20862
Q8CIM8	171	0	1	1	38606000.0	
Q8CIM8	473	0	1	2	38606000.0	
Q8CIM8	474	0	1	2	38606000.0	
Q8CIV8	302	0	1	1	29858000.0	
Q8CJF7	521	0	1	1	152800000.0	
Q8CJG0	345	0	1	1	80876000.0	
Q8JZK9	86	0	1	1	565610000.0	
Q8JZK9	224	1	1	1	565610000.0	1437.7286
Q8JZK9	406	0	1	1	565610000.0	
Q8JZK9	443	0	1	1	565610000.0	
Q8JZQ2	524	0	1	1	496980000.0	
Q8JZQ9	291	0	1	1	9544700000.0	
Q8JZQ9	373	1	1	1	9544700000.0	1918.89958
Q8JZQ9	504	1	1	1	9544700000.0	1107.53828
Q8JZR0	93	0	1	1	178580000.0	
Q8JZR0	610	0	1	1	178580000.0	
Q8JZU2	262	0	1	1	41570000.0	
Q8JZV7	348	0	1	1	181380000.0	
Q8JZX4	306	0	1	1	577350000.0	
Q8JZX4	343	0	1	1	577350000.0	
Q8K009	174	0	1	1	17392000.0	
Q8K009	683	0	1	1	17392000.0	
Q8K009	707	0	1	1	17392000.0	
Q8K009	728	1	1	1	17392000.0	2028.93321
Q8K009	783	0	1	1	17392000.0	
Q8K021	132	1	1	1	13139000.0	3665.76533
Q8K078	30	1	1	1	288460000.0	2209.95459
Q8K078	85	1	1	1	288460000.0	2482.15871
Q8K078	391	0	1	1	288460000.0	
Q8K078	506	0	1	3	288460000.0	
Q8K078	511	0	1	3	288460000.0	
Q8K078	512	0	1	3	288460000.0	
Q8K078	553	0	1	2	288460000.0	
Q8K078	555	0	1	2	288460000.0	
Q8K078	572	0	1	2	288460000.0	
Q8K078	576	0	1	2	288460000.0	
Q8K094	166	0	1	1		
Q8K094	398	1	1	1		1526.64197
Q8K0B2	13	0	1	2	66823000.0	
Q8K0B2	26	0	1	2	66823000.0	
Q8K0B2	463	0	1	1	66823000.0	
Q8K0C9	237	0	1	1	495790000.0	
Q8K0C9	336	0	1	1	495790000.0	
Q8K0D5	257	0	1	1	1063299999.9999999	
Q8K0D5	594	0	1	1	1063299999.9999999	
Q8K0D5	706	0	1	2	1063299999.9999999	
Q8K0D5	718	0	1	2	1063299999.9999999	
Q8K0D5	723	1	1	1	1063299999.9999999	1792.83016
Q8K0P3	217	0	1	2		
Q8K0P3	232	0	1	2		
Q8K0P3	322	0	1	1		
Q8K0V2	163	0	1	1		
Q8K0Z7	231	0	1	1	58404000.0	
Q8K124	444	1	1	1	923230000.0	2946.54846
Q8K135	903	0	1	2		
Q8K135	905	0	1	2		
Q8K182	497	0	1	1		
Q8K1B8	128	0	1	1	3934199999.9999995	
Q8K1B8	194	0	1	1	3934199999.9999995	
Q8K1B8	235	0	1	1	3934199999.9999995	
Q8K1B8	403	1	1	1	3934199999.9999995	1486.70859
Q8K1B8	435	0	1	2	3934199999.9999995	
Q8K1B8	448	0	1	2	3934199999.9999995	
Q8K1M6	361	0	1	1	496790000.0	
Q8K1M6	431	0	1	1	496790000.0	
Q8K1M6	470	0	1	1	496790000.0	
Q8K1R7	11	0	1	1	106480000.0	
Q8K1R7	260	0	1	1	106480000.0	
Q8K1X4	54	0	1	1	201290000.0	
Q8K1X4	338	1	1	1	201290000.0	1683.75359
Q8K205	358	0	1	1	648730000.0	
Q8K205	441	0	1	1	648730000.0	
Q8K205	471	0	1	1	648730000.0	
Q8K205	735	0	1	2	648730000.0	
Q8K205	736	0	1	2	648730000.0	
Q8K205	775	0	1	1	648730000.0	
Q8K205	781	0	1	1	648730000.0	
Q8K205	802	0	1	1	648730000.0	
Q8K205	866	0	1	1	648730000.0	
Q8K205	912	0	1	1	648730000.0	
Q8K205	980	0	1	1	648730000.0	
Q8K224	486	0	1	2	877090000.0	
Q8K224	489	0	1	2	877090000.0	
Q8K296	81	0	1	1		
Q8K296	261	0	1	1		
Q8K296	460	0	1	1		
Q8K298	208	0	1	1	20950000.0	
Q8K2B3	89	1	1	1	5577800000.0	1756.84542
Q8K2B3	238	0	1	1	5577800000.0	
Q8K2B3	266	0	1	1	5577800000.0	
Q8K2B3	467	0	1	2	5577800000.0	
Q8K2B3	475	0	1	2	5577800000.0	
Q8K2B3	536	1	1	1	5577800000.0	1204.57579
Q8K2B3	654	0	1	1	5577800000.0	
Q8K2D3	47	0	1	1	42326000.0	
Q8K2J0	650	0	1	1		
Q8K2J7	89	1	1	1		1936.85717
Q8K2P7	286	0	1	1	53734000.0	
Q8K2T1	227	0	1	1	75135000.0	
Q8K310	230	0	1	1	2376500000.0	
Q8K310	805	0	1	1	2376500000.0	
Q8K354	226	1	1	2		1429.72101
Q8K354	227	1	1	2		1429.72101
Q8K3A9	219	0	1	1	24195000.0	
Q8K3C0	6	1	1	2		1004.47832
Q8K3C0	7	1	1	2		1004.47832
Q8K3G5	372	0	1	1	11591000.0	
Q8K3X4	364	0	1	1	9464200.0	
Q8K411	112	0	1	1	2115799999.9999998	
Q8K411	241	1	1	1	2115799999.9999998	3066.53722
Q8K411	313	0	1	1	2115799999.9999998	
Q8K411	477	0	1	1	2115799999.9999998	
Q8K411	556	0	1	1	2115799999.9999998	
Q8K411	588	0	1	1	2115799999.9999998	
Q8K411	619	1	1	1	2115799999.9999998	2816.51464
Q8K411	627	1	1	1	2115799999.9999998	1064.5437
Q8K411	672	0	1	1	2115799999.9999998	
Q8K411	775	0	1	1	2115799999.9999998	
Q8K411	780	0	1	1	2115799999.9999998	
Q8K411	868	1	1	1	2115799999.9999998	2047.03495
Q8K441	440	1	1	1		1655.813
Q8K449	108	0	1	1		
Q8K449	805	0	1	1		
Q8K4Q8	27	1	1	1	243150000.0	1267.58669
Q8K4T5	20	1	1	1		1392.7395
Q8QZT1	116	1	1	1	2031199999.9999998	1928.00371
Q8QZT1	193	0	1	1	2031199999.9999998	
Q8QZV2	38	0	1	1		
Q8QZV7	202	0	1	1		
Q8QZY1	417	0	1	1	2417900000.0	
Q8QZY6	200	0	1	1	59240000.0	
Q8R010	168	0	1	1	704400000.0	
Q8R010	306	0	1	1	704400000.0	
Q8R016	40	1	1	1	1502399999.9999998	2838.43343
Q8R016	73	1	1	2	1502399999.9999998	1552.6989
Q8R016	78	1	1	2	1502399999.9999998	1552.6989
Q8R016	111	0	1	1	1502399999.9999998	
Q8R016	164	0	1	1	1502399999.9999998	
Q8R016	221	0	1	2	1502399999.9999998	
Q8R016	223	0	1	2	1502399999.9999998	
Q8R016	269	0	1	1	1502399999.9999998	
Q8R016	326	0	1	1	1502399999.9999998	
Q8R016	409	0	1	1	1502399999.9999998	
Q8R050	374	0	1	1	3747799999.9999995	
Q8R050	464	0	1	1	3747799999.9999995	
Q8R050	518	0	1	2	3747799999.9999995	
Q8R050	524	0	1	2	3747799999.9999995	
Q8R050	590	0	1	1	3747799999.9999995	
Q8R050	601	0	1	1	3747799999.9999995	
Q8R060	367	0	1	1	28604000.0	
Q8R070	250	0	1	1		
Q8R081	401	1	1	1	5478100000.0	1587.77555
Q8R081	518	1	1	1	5478100000.0	3771.8243
Q8R081	578	0	1	1	5478100000.0	
Q8R087	307	0	1	2		
Q8R087	316	0	1	2		
Q8R087	324	0	1	1		
Q8R0G7	44	0	1	1	51948000.0	
Q8R0G9	699	0	1	2	528330000.0	
Q8R0G9	701	0	1	2	528330000.0	
Q8R0I4	120	1	1	1		1922.86934
Q8R0I4	128	0	1	1		
Q8R0S2	258	0	1	1	55316000.0	
Q8R0X7	285	0	1	1	1008299999.9999999	
Q8R123	52	0	1	1	14129000.0	
Q8R123	243	0	1	1	14129000.0	
Q8R143	45	0	1	2		
Q8R143	48	0	1	2		
Q8R143	63	0	1	1		
Q8R146	312	0	1	1	432610000.0	
Q8R151	532	0	1	1	70135000.0	
Q8R151	1401	0	1	1	70135000.0	
Q8R151	1583	0	1	1	70135000.0	
Q8R179	84	0	1	1		
Q8R180	130	1	1	1	299190000.0	2011.85415
Q8R180	165	1	1	1	299190000.0	3493.51035
Q8R180	207	0	1	1	299190000.0	
Q8R180	237	0	1	1	299190000.0	
Q8R180	387	0	1	2	299190000.0	
Q8R180	390	0	1	2	299190000.0	
Q8R1B4	79	0	1	1	4387400000.0	
Q8R1B4	441	1	1	1	4387400000.0	1059.57467
Q8R1B4	498	0	1	1	4387400000.0	
Q8R1B4	617	0	1	1	4387400000.0	
Q8R1B4	750	0	1	1	4387400000.0	
Q8R1F1	154	0	1	1	725900000.0	
Q8R1F1	292	0	1	1	725900000.0	
Q8R1F1	466	0	1	1	725900000.0	
Q8R1N3	186	1	1	1		1771.81993
Q8R1Q3	36	0	1	2		
Q8R1Q3	37	0	1	2		
Q8R1Q8	117	0	1	1	868390000.0	
Q8R1X6	566	0	1	1	63418000.0	
Q8R239	53	1	1	1		3589.71475
Q8R242	342	0	1	1		
Q8R2E9	165	0	1	1	6282000.0	
Q8R2E9	207	0	1	1	6282000.0	
Q8R2R6	192	0	1	1		
Q8R2U0	161	0	1	1	48845000.0	
Q8R307	421	0	1	1	59726000.0	
Q8R307	445	0	1	1	59726000.0	
Q8R323	164	0	1	2	371920000.0	
Q8R323	165	0	1	2	371920000.0	
Q8R366	268	0	1	1	14907000.0	
Q8R366	542	0	1	1	14907000.0	
Q8R3C0	108	1	1	1	259250000.0	2219.02769
Q8R3C0	249	0	1	1	259250000.0	
Q8R3C0	396	1	1	1	259250000.0	2370.10628
Q8R3F5	104	0	1	1	15803000.0	
Q8R3F9	762	0	1	1	62620000.0	
Q8R3S6	27	0	1	1		
Q8R3Y8	12	0	1	2	19151000.0	
Q8R3Y8	15	0	1	2	19151000.0	
Q8R418	801	0	1	1	4796500.0	
Q8R420	1594	0	1	1	15329000.0	
Q8R480	6	0	1	1	154420000.0	
Q8R480	51	1	1	1	154420000.0	1363.73223
Q8R4E6	328	1	1	1		1723.76579
Q8R4F0	11	1	1	1	36495000.0	1272.61324
Q8R4F0	20	0	1	1	36495000.0	
Q8R4F0	50	1	1	1	36495000.0	1218.52019
Q8R4F0	159	0	1	1	36495000.0	
Q8R4F0	238	0	1	1	36495000.0	
Q8R4F0	269	0	1	1	36495000.0	
Q8R4F0	450	0	1	1	36495000.0	
Q8R4F0	528	0	1	1	36495000.0	
Q8R4F0	549	1	1	3	36495000.0	1662.70516
Q8R4F0	550	1	1	3	36495000.0	1662.70516
Q8R4F0	551	1	1	3	36495000.0	1662.70516
Q8R4P9	1434	1	1	1		1504.75554
Q8R507	137	0	1	1		
Q8R5A3	535	1	1	1	218930000.0	1305.58708
Q8R5F7	329	0	1	1		
Q8R5G7	455	0	1	1	9704700.0	
Q8R5H1	506	0	1	1	359630000.0	
Q8R5H1	791	0	1	1	359630000.0	
Q8R5H1	873	0	1	1	359630000.0	
Q8R5L3	239	0	1	1	19685000.0	
Q8R5L3	681	0	1	1	19685000.0	
Q8VBT0	106	1	1	1	262720000.0	1561.83267
Q8VBT0	268	0	1	1	262720000.0	
Q8VBT6	167	1	1	1	37795000.0	1663.73593
Q8VBW6	153	0	1	1	46840000.0	
Q8VBW6	384	1	1	1	46840000.0	1179.60703
Q8VBZ3	454	1	1	1	296110000.0	1235.63727
Q8VBZ3	571	0	1	1	296110000.0	
Q8VBZ3	645	1	1	1	296110000.0	2240.03793
Q8VC03	311	0	1	1	56270000.0	
Q8VC28	39	0	1	1	454860000.0	
Q8VC28	145	0	1	1	454860000.0	
Q8VCB1	370	0	1	1	121570000.0	
Q8VCE1	6	0	1	1		
Q8VCE1	59	0	1	1		
Q8VCF0	79	0	1	1	409420000.0	
Q8VCH8	154	0	1	1	50701000.0	
Q8VCK3	201	0	1	1	65298000.0	
Q8VCN5	108	0	1	1	1916500.0	
Q8VCT3	69	0	1	1	2262100000.0	
Q8VCT3	85	0	1	1	2262100000.0	
Q8VCT3	123	0	1	1	2262100000.0	
Q8VCT3	151	1	1	1	2262100000.0	1854.89343
Q8VCT3	181	0	1	1	2262100000.0	
Q8VCT3	369	0	1	1	2262100000.0	
Q8VCT3	419	0	1	1	2262100000.0	
Q8VCV1	78	0	1	1		
Q8VCW4	584	1	1	1	159490000.0	1873.81524
Q8VCW8	503	0	1	1	61922000.0	
Q8VCY6	175	0	1	1	154580000.0	
Q8VD75	642	0	1	1	203230000.0	
Q8VD75	717	0	1	1	203230000.0	
Q8VDD5	91	0	1	1	15339000000.0	
Q8VDD5	569	0	1	1	15339000000.0	
Q8VDD5	671	0	1	1	15339000000.0	
Q8VDD5	694	0	1	1	15339000000.0	
Q8VDD5	816	0	1	1	15339000000.0	
Q8VDD5	896	0	1	1	15339000000.0	
Q8VDD5	917	0	1	1	15339000000.0	
Q8VDD5	931	0	1	1	15339000000.0	
Q8VDD5	1379	0	1	1	15339000000.0	
Q8VDF2	166	1	1	1	538800000.0	1478.65589
Q8VDF2	240	0	1	1	538800000.0	
Q8VDI9	533	0	1	1	18557000.0	
Q8VDL4	178	1	1	1	295630000.0	1052.60524
Q8VDL4	415	1	1	1	295630000.0	1706.78936
Q8VDL4	470	0	1	1	295630000.0	
Q8VDM4	251	0	1	1	4743600000.0	
Q8VDM4	448	0	1	1	4743600000.0	
Q8VDM4	459	0	1	1	4743600000.0	
Q8VDM4	779	1	1	1	4743600000.0	1418.66125
Q8VDM6	392	0	1	1	337850000.0	
Q8VDN2	211	0	1	1	9906100000.0	
Q8VDN2	249	1	1	1	9906100000.0	1685.78315
Q8VDN2	374	0	1	1	9906100000.0	
Q8VDN2	428	0	1	1	9906100000.0	
Q8VDN2	459	0	1	3	9906100000.0	
Q8VDN2	463	0	1	3	9906100000.0	
Q8VDN2	464	0	1	3	9906100000.0	
Q8VDN2	518	0	1	1	9906100000.0	
Q8VDN2	663	0	1	1	9906100000.0	
Q8VDN2	705	1	1	1	9906100000.0	1086.58556
Q8VDQ1	187	0	1	1	48501000.0	
Q8VDQ9	533	0	1	1	21348000.0	
Q8VDV3	256	1	1	1	192840000.0	2565.28972
Q8VDV3	339	0	1	1	192840000.0	
Q8VDW0	164	1	1	1	5675900000.0	1291.64554
Q8VDW0	197	0	1	1	5675900000.0	
Q8VDW0	299	0	1	1	5675900000.0	
Q8VDZ4	236	1	1	2		1752.7308
Q8VDZ4	237	1	1	2		1752.7308
Q8VDZ4	245	1	1	1		985.5015
Q8VE11	214	0	1	1		
Q8VE37	198	0	1	1	1315100000.0	
Q8VE47	179	0	1	1	93769000.0	
Q8VE80	134	0	1	1	49749000.0	
Q8VE95	109	0	1	1	39845000.0	
Q8VE95	132	0	1	1	39845000.0	
Q8VE96	254	0	1	1		
Q8VEC4	94	1	1	1		1831.96145
Q8VEE0	23	0	1	1		
Q8VEE0	217	0	1	1		
Q8VEE4	332	0	1	1	861150000.0	
Q8VEJ4	251	0	1	1	644550000.0	
Q8VEK2	100	0	1	1		
Q8VEK3	265	0	1	2	20386000000.0	
Q8VEK3	271	0	1	2	20386000000.0	
Q8VEK3	365	0	1	3	20386000000.0	
Q8VEK3	367	0	1	3	20386000000.0	
Q8VEK3	384	0	1	3	20386000000.0	
Q8VEK3	426	0	1	2	20386000000.0	
Q8VEK3	429	0	1	2	20386000000.0	
Q8VEK3	449	1	1	1	20386000000.0	2706.29995
Q8VEK3	473	0	1	1	20386000000.0	
Q8VEK3	570	1	1	1	20386000000.0	1128.52086
Q8VEK3	583	1	1	1	20386000000.0	1705.84575
Q8VEK3	624	1	1	1	20386000000.0	3186.50671
Q8VEM8	63	0	1	2	5614600000.0	
Q8VEM8	71	0	1	2	5614600000.0	
Q8VEM8	131	0	1	1	5614600000.0	
Q8VEU4	127	0	1	1		
Q8VH51	157	0	1	1	727620000.0	
Q8VH51	478	0	1	1	727620000.0	
Q8VHE0	366	0	1	1	122600000.0	
Q8VHX6	729	0	1	1		
Q8VI36	108	0	1	1	174530000.0	
Q8VI36	405	0	1	1	174530000.0	
Q8VI36	417	0	1	2	174530000.0	
Q8VI36	420	0	1	2	174530000.0	
Q8VI36	499	0	1	2	174530000.0	
Q8VI36	502	0	1	2	174530000.0	
Q8VI36	546	0	1	1	174530000.0	
Q8VI75	400	0	1	1	389280000.0	
Q8VI75	459	0	1	1	389280000.0	
Q8VI75	483	0	1	1	389280000.0	
Q8VI75	799	0	1	1	389280000.0	
Q8VI75	963	0	1	1	389280000.0	
Q8VI93	326	0	1	1	68786000.0	
Q8VI93	495	0	1	2	68786000.0	
Q8VI93	496	0	1	2	68786000.0	
Q8VI93	832	0	1	1	68786000.0	
Q8VI93	876	0	1	1	68786000.0	
Q8VI93	968	0	1	2	68786000.0	
Q8VI93	977	0	1	2	68786000.0	
Q8VI97	115	1	1	1		1219.51794
Q8VIG1	213	0	1	2		
Q8VIG1	216	1	1	2		1807.773
Q8VIG6	342	1	1	1		1831.92844
Q8VIJ6	423	0	1	1	7248099999.999999	
Q8WTY4	116	0	1	1	230680000.0	
Q8WTY4	244	0	1	3	230680000.0	
Q8WTY4	247	0	1	3	230680000.0	
Q8WTY4	249	0	1	3	230680000.0	
Q91V08	80	0	1	1		
Q91V08	200	0	1	1		
Q91V12	101	0	1	1	778310000.0	
Q91V12	289	0	1	1	778310000.0	
Q91V37	97	0	1	1		
Q91V76	38	0	1	1	36239000.0	
Q91V76	249	0	1	1	36239000.0	
Q91V92	20	1	1	1	5269000000.0	1325.63978
Q91V92	122	0	1	1	5269000000.0	
Q91V92	229	0	1	1	5269000000.0	
Q91V92	623	1	1	1	5269000000.0	1871.03389
Q91VA7	184	0	1	1	1143400000.0	
Q91VD9	75	0	1	1	1263900000.0	
Q91VD9	78	0	1	1	1263900000.0	
Q91VD9	92	0	1	1	1263900000.0	
Q91VD9	226	0	1	1	1263900000.0	
Q91VD9	367	0	1	1	1263900000.0	
Q91VD9	463	0	1	1	1263900000.0	
Q91VD9	554	0	1	1	1263900000.0	
Q91VD9	564	0	1	1	1263900000.0	
Q91VD9	727	0	1	1	1263900000.0	
Q91VH6	88	0	1	1	431490000.0	
Q91VI7	7	1	1	1	7401399999.999999	1575.71989
Q91VI7	33	1	1	1	7401399999.999999	1176.54449
Q91VI7	40	0	1	1	7401399999.999999	
Q91VI7	80	1	1	1	7401399999.999999	2269.13725
Q91VI7	90	0	1	2	7401399999.999999	
Q91VI7	97	0	1	2	7401399999.999999	
Q91VI7	129	0	1	2	7401399999.999999	
Q91VI7	137	0	1	2	7401399999.999999	
Q91VI7	147	0	1	2	7401399999.999999	
Q91VI7	154	0	1	2	7401399999.999999	
Q91VI7	186	0	1	1	7401399999.999999	
Q91VI7	194	0	1	1	7401399999.999999	
Q91VI7	215	0	1	1	7401399999.999999	
Q91VI7	243	1	1	2	7401399999.999999	1992.05364
Q91VI7	251	1	1	2	7401399999.999999	1992.05364
Q91VI7	261	0	1	2	7401399999.999999	
Q91VI7	268	0	1	2	7401399999.999999	
Q91VI7	272	0	1	3	7401399999.999999	
Q91VI7	300	0	1	2	7401399999.999999	
Q91VI7	308	0	1	2	7401399999.999999	
Q91VI7	357	1	1	1	7401399999.999999	2446.17198
Q91VI7	375	1	1	2	7401399999.999999	2831.32183
Q91VI7	382	1	1	2	7401399999.999999	2831.32183
Q91VI7	404	1	1	1	7401399999.999999	2386.18723
Q91VJ1	113	0	1	1	7660700.0	
Q91VK4	98	0	1	1		
Q91VK4	224	0	1	1		
Q91VM9	67	0	1	1	65377000.0	
Q91VR5	110	0	1	2	2877600000.0	
Q91VR5	111	0	1	2	2877600000.0	
Q91VR5	231	0	1	1	2877600000.0	
Q91VR5	513	0	1	1	2877600000.0	
Q91VR5	571	0	1	1	2877600000.0	
Q91W43	4	0	1	1		
Q91W43	230	0	1	1		
Q91W50	42	0	1	1	1665499999.9999998	
Q91W82	75	1	1	1	71131000.0	1907.92988
Q91W82	130	1	1	2	71131000.0	2227.11294
Q91W82	139	0	1	2	71131000.0	
Q91W86	890	0	1	1	139270000.0	
Q91W89	321	0	1	1	5895900.0	
Q91W90	107	0	1	2	2325400000.0	
Q91W90	114	0	1	2	2325400000.0	
Q91W90	366	1	1	1	2325400000.0	2107.9732
Q91W98	30	0	1	1	25975000.0	
Q91W98	126	0	1	1	25975000.0	
Q91W98	271	1	1	2	25975000.0	1286.57474
Q91W98	272	1	1	2	25975000.0	1286.57474
Q91W98	300	0	1	1	25975000.0	
Q91WB7	103	0	1	2		
Q91WB7	105	0	1	2		
Q91WC9	86	0	1	1	71668000.0	
Q91WC9	168	1	1	1	71668000.0	2199.96774
Q91WC9	304	1	1	1	71668000.0	963.459635
Q91WC9	328	1	1	1	71668000.0	2460.10159
Q91WC9	574	1	1	1	71668000.0	2904.32762
Q91WC9	609	1	1	2	71668000.0	1218.49101
Q91WC9	610	1	1	2	71668000.0	1218.49101
Q91WD2	54	0	1	2		
Q91WD2	60	0	1	2		
Q91WD5	347	0	1	1	243590000.0	
Q91WE6	137	0	1	1		
Q91WG4	63	0	1	1	244150000.0	
Q91WG4	204	0	1	1	244150000.0	
Q91WG4	445	0	1	1	244150000.0	
Q91WG4	767	0	1	1	244150000.0	
Q91WJ8	144	1	1	1	2891000000.0	1594.73309
Q91WJ8	328	0	1	1	2891000000.0	
Q91WK0	194	1	1	1		2027.95909
Q91WK5	135	0	1	1	96683000.0	
Q91WQ3	501	0	1	1	1774099999.9999998	
Q91X21	65	0	1	1	9659800.0	
Q91X21	154	0	1	1	9659800.0	
Q91X21	185	1	1	1	9659800.0	1614.78243
Q91X88	490	0	1	1		
Q91X88	596	0	1	1		
Q91XB0	152	0	1	1	2082200.0	
Q91XD7	98	0	1	1		
Q91XI1	19	0	1	1	67434000.0	
Q91XI1	50	0	1	1	67434000.0	
Q91XI1	151	0	1	1	67434000.0	
Q91XI1	189	0	1	1	67434000.0	
Q91XI1	383	0	1	1	67434000.0	
Q91XI1	472	0	1	1	67434000.0	
Q91YH5	371	0	1	1	420560000.0	
Q91YH5	429	0	1	1	420560000.0	
Q91YI4	141	0	1	1	469090000.0	
Q91YI4	253	0	1	2	469090000.0	
Q91YI4	271	0	1	2	469090000.0	
Q91YK2	226	0	1	1	257800000.0	
Q91YL2	32	0	1	1		
Q91YP2	272	0	1	1	186210000.0	
Q91YQ5	478	1	1	1	7364699999.999999	1742.97129
Q91YQ5	546	0	1	1	7364699999.999999	
Q91YR7	513	0	1	1	385550000.0	
Q91YR7	698	0	1	1	385550000.0	
Q91YR7	739	0	1	1	385550000.0	
Q91YR7	901	0	1	1	385550000.0	
Q91YS8	179	0	1	1	635370000.0	
Q91YT0	125	1	1	1	784470000.0	1921.88399
Q91YT0	142	0	1	1	784470000.0	
Q91YT0	187	0	1	1	784470000.0	
Q91YT0	206	0	1	1	784470000.0	
Q91YT0	286	0	1	1	784470000.0	
Q91YT0	425	0	1	1	784470000.0	
Q91YT8	376	0	1	1		
Q91YT8	406	0	1	1		
Q91YX0	354	0	1	1	22992000.0	
Q91YY2	121	0	1	1		
Q91Z38	178	0	1	1	107920000.0	
Q91Z53	29	0	1	1	34412000.0	
Q91Z67	588	0	1	1	59616000.0	
Q91ZA3	107	0	1	1	194920000.0	
Q91ZN5	73	1	1	1		932.515359
Q91ZN5	80	1	1	1		2082.05681
Q91ZN5	199	0	1	1		
Q91ZT5	234	0	1	1		
Q91ZU1	377	0	1	1		
Q91ZW3	890	0	1	1	1019799999.9999999	
Q91ZW3	1000	0	1	1	1019799999.9999999	
Q91ZX7	315	0	1	1	1624099999.9999998	
Q91ZX7	990	0	1	1	1624099999.9999998	
Q91ZX7	1076	0	1	1	1624099999.9999998	
Q91ZX7	1247	0	1	3	1624099999.9999998	
Q91ZX7	1249	0	1	3	1624099999.9999998	
Q91ZX7	1262	0	1	3	1624099999.9999998	
Q91ZX7	1770	0	1	1	1624099999.9999998	
Q91ZX7	1887	0	1	1	1624099999.9999998	
Q91ZX7	2070	0	1	1	1624099999.9999998	
Q91ZX7	2405	0	1	1	1624099999.9999998	
Q91ZX7	2518	1	1	1	1624099999.9999998	1180.55466
Q91ZX7	2562	0	1	1	1624099999.9999998	
Q91ZX7	2606	0	1	1	1624099999.9999998	
Q91ZX7	2661	1	1	1	1624099999.9999998	1104.53861
Q91ZX7	2918	0	1	3	1624099999.9999998	
Q91ZX7	2925	0	1	3	1624099999.9999998	
Q91ZX7	2931	0	1	3	1624099999.9999998	
Q91ZX7	2940	0	1	2	1624099999.9999998	
Q91ZX7	2945	0	1	2	1624099999.9999998	
Q91ZX7	3006	0	1	2	1624099999.9999998	
Q91ZX7	3008	0	1	2	1624099999.9999998	
Q91ZX7	3120	0	1	1	1624099999.9999998	
Q91ZX7	3316	0	1	2	1624099999.9999998	
Q91ZX7	3318	0	1	2	1624099999.9999998	
Q91ZX7	3331	0	1	3	1624099999.9999998	
Q91ZX7	3335	0	1	3	1624099999.9999998	
Q91ZX7	3342	0	1	3	1624099999.9999998	
Q91ZX7	3347	0	1	1	1624099999.9999998	
Q91ZX7	3427	0	1	1	1624099999.9999998	
Q91ZX7	3595	0	1	3	1624099999.9999998	
Q91ZX7	3601	0	1	3	1624099999.9999998	
Q91ZX7	3610	0	1	3	1624099999.9999998	
Q91ZX7	3614	0	1	2	1624099999.9999998	
Q91ZX7	3621	0	1	2	1624099999.9999998	
Q91ZX7	3696	0	1	1	1624099999.9999998	
Q91ZX7	3710	0	1	1	1624099999.9999998	
Q91ZX7	3755	0	1	1	1624099999.9999998	
Q91ZX7	3823	0	1	2	1624099999.9999998	
Q91ZX7	3829	0	1	2	1624099999.9999998	
Q91ZX7	4259	0	1	1	1624099999.9999998	
Q91ZX7	4295	0	1	1	1624099999.9999998	
Q91ZX7	4331	0	1	1	1624099999.9999998	
Q91ZX7	4348	0	1	2	1624099999.9999998	
Q91ZX7	4353	0	1	2	1624099999.9999998	
Q920E5	117	1	1	1	2860200000.0	3176.63286
Q920E5	267	0	1	2	2860200000.0	
Q920E5	274	0	1	2	2860200000.0	
Q920Q8	39	0	1	1	59765000.0	
Q921F2	39	1	1	1	4239799999.9999995	3873.81022
Q921F2	244	1	1	1	4239799999.9999995	2657.34109
Q921F4	133	0	1	1	252360000.0	
Q921F4	406	0	1	1	252360000.0	
Q921F4	523	0	1	1	252360000.0	
Q921F4	554	0	1	1	252360000.0	
Q921F4	584	0	1	1	252360000.0	
Q921G6	105	0	1	1	208710000.0	
Q921G6	213	0	1	1	208710000.0	
Q921G6	454	1	1	1	208710000.0	1813.82648
Q921H8	123	1	1	1	2182600000.0	1700.8628
Q921H8	148	0	1	1	2182600000.0	
Q921H8	177	0	1	1	2182600000.0	
Q921H8	381	1	1	1	2182600000.0	1930.0207
Q921I2	430	1	1	1	199330000.0	1863.7541
Q921I2	571	0	1	1	199330000.0	
Q921J4	95	1	1	1	10028000.0	2006.04077
Q921J4	118	1	1	1	10028000.0	2018.98437
Q921J4	159	1	1	1	10028000.0	1644.78897
Q921M3	750	0	1	1	2415600000.0	
Q921M3	1054	0	1	1	2415600000.0	
Q921M7	10	1	1	1	890990000.0	4428.14715
Q921M7	253	0	1	1	890990000.0	
Q921Q3	396	0	1	1		
Q921T2	436	0	1	1	289150000.0	
Q921Y4	16	0	1	1		
Q921Y4	242	0	1	1		
Q921Y4	390	0	1	1		
Q922B1	197	0	1	1	39931000.0	
Q922B2	130	1	1	1	4588000000.0	1740.84648
Q922B2	203	1	1	1	4588000000.0	1229.63391
Q922B2	267	0	1	1	4588000000.0	
Q922B2	349	0	1	1	4588000000.0	
Q922D8	143	0	1	2	4990800000.0	
Q922D8	147	0	1	2	4990800000.0	
Q922D8	152	0	1	1	4990800000.0	
Q922D8	602	0	1	1	4990800000.0	
Q922D8	785	0	1	1	4990800000.0	
Q922F4	12	1	1	1	1150100000.0	1851.92613
Q922F4	124	0	1	3	1150100000.0	
Q922F4	127	0	1	3	1150100000.0	
Q922F4	129	0	1	3	1150100000.0	
Q922H9	55	0	1	2	13007000.0	
Q922H9	58	0	1	2	13007000.0	
Q922H9	67	0	1	2	13007000.0	
Q922H9	70	0	1	2	13007000.0	
Q922H9	82	0	1	1	13007000.0	
Q922H9	186	0	1	1	13007000.0	
Q922H9	192	0	1	2	13007000.0	
Q922H9	194	0	1	2	13007000.0	
Q922K7	448	1	1	1	1748299999.9999998	1515.79668
Q922Q1	160	0	1	1	80271000.0	
Q922Q1	274	0	1	1	80271000.0	
Q922Q4	13	1	1	1	665710000.0	1631.84536
Q922Q4	120	0	1	1	665710000.0	
Q922Q4	262	0	1	1	665710000.0	
Q922Q8	48	0	1	1	3554899999.9999995	
Q922Q8	59	1	1	1	3554899999.9999995	1786.92876
Q922Q8	131	0	1	1	3554899999.9999995	
Q922R8	291	0	1	2	8450199999.999999	
Q922R8	297	0	1	2	8450199999.999999	
Q922S8	283	0	1	1	58916000.0	
Q922T2	241	0	1	1		
Q922U1	630	0	1	1	406700000.0	
Q922X9	136	0	1	1	153310000.0	
Q922X9	294	0	1	1	153310000.0	
Q922X9	334	0	1	2	153310000.0	
Q922X9	343	0	1	2	153310000.0	
Q922Y0	578	0	1	1		
Q923M0	305	0	1	1		
Q923T9	424	0	1	1	77273000.0	
Q923W1	567	0	1	1	2539800.0	
Q924C1	10	0	1	1	359370000.0	
Q924C1	221	1	1	1	359370000.0	1565.63761
Q924C1	419	0	1	1	359370000.0	
Q924C1	765	0	1	1	359370000.0	
Q924C1	847	0	1	1	359370000.0	
Q924C1	941	0	1	1	359370000.0	
Q924C1	1131	0	1	1	359370000.0	
Q924C5	1457	1	1	1		1329.56932
Q924M7	81	0	1	1	30930000.0	
Q924S7	73	0	1	1		
Q924S8	55	0	1	1	16132000.0	
Q924S8	74	0	1	1	16132000.0	
Q924S8	127	1	1	1	16132000.0	1359.67042
Q924S8	297	1	1	1	16132000.0	1614.69842
Q924S8	335	0	1	2	16132000.0	
Q924S8	338	0	1	2	16132000.0	
Q924S8	352	0	1	1	16132000.0	
Q93092	250	1	1	1	8798100000.0	1391.71189
Q99104	513	0	1	1	283660000.0	
Q99J10	210	0	1	1		
Q99J21	53	1	1	1		1496.65808
Q99J21	284	0	1	1		
Q99J21	544	0	1	1		
Q99J62	48	0	1	1	113200000.0	
Q99J72	56	0	1	1		
Q99J72	155	0	1	1		
Q99J77	19	0	1	1	846920000.0	
Q99J77	46	0	1	2	846920000.0	
Q99J77	50	0	1	2	846920000.0	
Q99JI4	58	0	1	1	1631299999.9999998	
Q99JR1	190	0	1	1	381020000.0	
Q99JW1	140	0	1	1		
Q99JW4	10	0	1	1	99476000.0	
Q99JW4	13	0	1	1	99476000.0	
Q99JW4	94	0	1	1	99476000.0	
Q99JW4	97	0	1	2	99476000.0	
Q99JW4	100	0	1	2	99476000.0	
Q99JW4	138	0	1	1	99476000.0	
Q99JW4	193	0	1	2	99476000.0	
Q99JW4	196	0	1	2	99476000.0	
Q99JW4	222	0	1	1	99476000.0	
Q99JW4	300	0	1	1	99476000.0	
Q99JW4	303	0	1	1	99476000.0	
Q99JX4	175	0	1	1	744190000.0	
Q99JX7	142	0	1	1	430760000.0	
Q99JX7	527	0	1	1	430760000.0	
Q99JY0	436	0	1	1	1826399999.9999998	
Q99JY9	8	1	1	2	6363199999.999999	1607.73236
Q99JY9	12	0	1	2	6363199999.999999	
Q99JY9	34	1	1	1	6363199999.999999	2191.13473
Q99JY9	189	1	1	1	6363199999.999999	3057.56925
Q99JY9	235	1	1	1	6363199999.999999	1242.59546
Q99JY9	394	0	1	1	6363199999.999999	
Q99JY9	408	1	1	1	6363199999.999999	1337.59217
Q99K01	481	0	1	1	147220000.0	
Q99K48	147	1	1	1	3166999999.9999995	1247.60809
Q99K48	210	0	1	1	3166999999.9999995	
Q99K51	33	0	1	1	342100000.0	
Q99K51	167	0	1	1	342100000.0	
Q99K70	338	0	1	1	117980000.0	
Q99K85	175	0	1	1	7323299999.999999	
Q99K85	224	1	1	1	7323299999.999999	1109.50631
Q99K85	291	1	1	1	7323299999.999999	2547.1774
Q99K95	208	0	1	1	79412000.0	
Q99KC8	112	0	1	1	1173500000.0	
Q99KC8	279	0	1	1	1173500000.0	
Q99KC8	374	0	1	1	1173500000.0	
Q99KC8	416	0	1	1	1173500000.0	
Q99KC8	750	0	1	1	1173500000.0	
Q99KE1	274	0	1	1	649830000.0	
Q99KE1	428	0	1	1	649830000.0	
Q99KE1	441	0	1	1	649830000.0	
Q99KE1	481	0	1	1	649830000.0	
Q99KF1	49	0	1	1	191030000.0	
Q99KI0	126	1	1	1	4874800000.0	2259.13177
Q99KI0	385	0	1	1	4874800000.0	
Q99KI0	448	0	1	2	4874800000.0	
Q99KI0	451	0	1	2	4874800000.0	
Q99KI0	592	0	1	1	4874800000.0	
Q99KI0	740	0	1	1	4874800000.0	
Q99KK2	392	0	1	1	171440000.0	
Q99KK2	403	0	1	1	171440000.0	
Q99KN2	52	0	1	1	139470000.0	
Q99KN2	123	0	1	1	139470000.0	
Q99KP6	5	0	1	2	4272999999.9999995	
Q99KP6	16	1	1	2	4272999999.9999995	3118.44882
Q99KP6	114	1	1	1	4272999999.9999995	1797.82167
Q99KP6	230	0	1	1	4272999999.9999995	
Q99KP6	298	1	1	1	4272999999.9999995	1643.84536
Q99KP6	351	0	1	2	4272999999.9999995	
Q99KP6	355	0	1	2	4272999999.9999995	
Q99KQ4	401	0	1	1	1372900000.0	
Q99L04	28	0	1	1	80801000.0	
Q99L04	58	0	1	2	80801000.0	
Q99L04	63	0	1	2	80801000.0	
Q99L04	235	0	1	1	80801000.0	
Q99L45	224	1	1	1	1505199999.9999998	1330.62274
Q99L47	170	1	1	1	4998600000.0	1555.78891
Q99L47	208	0	1	1	4998600000.0	
Q99L48	82	0	1	1	221080000.0	
Q99L48	218	0	1	1	221080000.0	
Q99L48	383	0	1	1	221080000.0	
Q99LB6	231	0	1	1	436850000.0	
Q99LC2	296	0	1	1	163950000.0	
Q99LC3	67	1	1	1	852710000.0	1261.63364
Q99LC3	253	0	1	1	852710000.0	
Q99LC5	53	1	1	1	1932399999.9999998	1289.66494
Q99LC5	155	0	1	1	1932399999.9999998	
Q99LD4	231	0	1	1	482890000.0	
Q99LE6	166	0	1	1	1403800000.0	
Q99LE6	591	0	1	1	1403800000.0	
Q99LF4	193	0	1	1	1978099999.9999998	
Q99LG2	154	0	1	1	10640000.0	
Q99LH1	514	1	1	1	291800000.0	1951.80653
Q99LI2	67	0	1	1	36695000.0	
Q99LI2	538	0	1	1	36695000.0	
Q99LJ0	312	0	1	1	82893000.0	
Q99LJ5	38	1	1	1		837.44186
Q99LP6	108	0	1	1	2880900000.0	
Q99LW6	152	0	1	1		
Q99LX0	46	1	1	1	4771000000.0	1656.86174
Q99LX0	53	1	1	1	4771000000.0	1608.70112
Q99M01	413	1	1	1		1924.87847
Q99M31	440	0	1	1	404370000.0	
Q99MD9	694	1	1	1	2722200000.0	2143.03278
Q99ME2	26	0	1	1	205660000.0	
Q99ME3	277	1	1	1		2116.04837
Q99MK8	340	0	1	1	82239000.0	
Q99MN1	425	0	1	1	2562100000.0	
Q99MN1	494	0	1	1	2562100000.0	
Q99MQ1	353	0	1	1		
Q99MR6	411	0	1	1	2006399999.9999998	
Q99MR6	440	0	1	1	2006399999.9999998	
Q99MR6	478	0	1	1	2006399999.9999998	
Q99MR6	489	0	1	1	2006399999.9999998	
Q99MR6	627	0	1	1	2006399999.9999998	
Q99MR6	639	0	1	1	2006399999.9999998	
Q99MU3	800	0	1	1	32402000.0	
Q99N48	62	0	1	3		
Q99N48	63	0	1	3		
Q99N48	66	0	1	3		
Q99N57	424	0	1	1	397260000.0	
Q99N69	14	0	1	2	838090000.0	
Q99N69	28	0	1	2	838090000.0	
Q99N69	199	0	1	1	838090000.0	
Q99N69	211	0	1	2	838090000.0	
Q99N69	214	1	1	2	838090000.0	1336.57916
Q99N69	329	0	1	2	838090000.0	
Q99N69	332	0	1	2	838090000.0	
Q99N69	340	0	1	1	838090000.0	
Q99NB9	1035	0	1	1	2565400000.0	
Q99NB9	1059	0	1	1	2565400000.0	
Q99P31	170	0	1	1	543620000.0	
Q99P31	199	1	1	1	543620000.0	1348.64051
Q99P31	212	0	1	1	543620000.0	
Q99P31	295	0	1	1	543620000.0	
Q99P31	308	0	1	1	543620000.0	
Q99P31	323	0	1	1	543620000.0	
Q99P31	339	0	1	1	543620000.0	
Q99P31	346	0	1	1	543620000.0	
Q99P88	974	0	1	1	372620000.0	
Q99P88	1326	0	1	1	372620000.0	
Q99P88	1344	0	1	1	372620000.0	
Q99P91	105	0	1	1	10396000000.0	
Q99P91	373	0	1	1	10396000000.0	
Q99PG2	416	1	1	1	94573000.0	1171.56556
Q99PL6	125	1	1	1	23259000.0	2651.41453
Q99PT1	79	1	1	1	15928000000.0	2703.40408
Q99PU8	507	0	1	1	150700000.0	
Q99PU8	696	0	1	1	150700000.0	
Q99PU8	809	0	1	1	150700000.0	
Q9CPN8	257	0	1	1	958630000.0	
Q9CPP0	41	0	1	1	501650000.0	
Q9CPR4	144	0	1	1	7010599999.999999	
Q9CPU4	56	0	1	1	34840000.0	
Q9CPV4	41	0	1	1	647000000.0	
Q9CPV4	182	0	1	1	647000000.0	
Q9CPV7	101	0	1	1		
Q9CPV7	295	0	1	1		
Q9CPV7	328	1	1	2		1679.73957
Q9CPV7	329	1	1	2		1679.73957
Q9CPV7	343	1	1	1		1470.64493
Q9CPW4	45	1	1	1	1685299999.9999998	3886.62354
Q9CPY7	335	0	1	1	3103699999.9999995	
Q9CPY7	376	1	1	1	3103699999.9999995	1845.94474
Q9CPY7	462	0	1	1	3103699999.9999995	
Q9CQ43	76	1	1	1	539090000.0	1535.74023
Q9CQ43	132	1	1	1	539090000.0	1001.5328
Q9CQ48	45	1	1	1	474730000.0	1274.60373
Q9CQ60	33	0	1	1	1525499999.9999998	
Q9CQ60	78	0	1	1	1525499999.9999998	
Q9CQ60	236	1	1	1	1525499999.9999998	1579.74531
Q9CQ65	7	0	1	1	2862400000.0	
Q9CQ65	55	0	1	1	2862400000.0	
Q9CQ65	130	1	1	1	2862400000.0	1981.90646
Q9CQ65	136	0	1	2	2862400000.0	
Q9CQ65	145	1	1	2	2862400000.0	1709.77279
Q9CQ73	10	0	1	1		
Q9CQ73	374	0	1	1		
Q9CQ73	493	0	1	1		
Q9CQ74	66	1	1	1		1438.60683
Q9CQ88	3	1	1	2	31080000.0	1143.46235
Q9CQ88	8	1	1	2	31080000.0	1143.46235
Q9CQ88	146	1	1	2	31080000.0	1450.60683
Q9CQ88	150	1	1	2	31080000.0	1382.58061
Q9CQ88	157	0	1	2	31080000.0	
Q9CQ88	160	0	1	2	31080000.0	
Q9CQA3	70	0	1	1	268190000.0	
Q9CQB5	92	0	1	1		
Q9CQC8	260	0	1	1	70732000.0	
Q9CQE7	25	1	1	1		4387.2623
Q9CQE7	81	0	1	1		
Q9CQE7	142	0	1	2		
Q9CQE7	145	0	1	2		
Q9CQE7	155	0	1	3		
Q9CQE7	156	0	1	3		
Q9CQE7	159	0	1	3		
Q9CQE7	182	0	1	1		
Q9CQE7	199	0	1	1		
Q9CQE7	349	0	1	1		
Q9CQE8	19	0	1	1	983250000.0	
Q9CQE8	69	1	1	1	983250000.0	1282.63799
Q9CQG2	253	0	1	1	156390000.0	
Q9CQG6	116	0	1	1		
Q9CQI3	8	0	1	1	956050000.0	
Q9CQI6	52	1	1	1	1954599999.9999998	3068.35703
Q9CQJ6	13	1	1	1	282520000.0	1782.75779
Q9CQM9	148	0	1	1	1914799999.9999998	
Q9CQM9	231	1	1	1	1914799999.9999998	1632.75527
Q9CQN1	263	0	1	1	3658899999.9999995	
Q9CQN1	503	0	1	1	3658899999.9999995	
Q9CQR2	56	1	1	1	5364700000.0	1009.5015
Q9CQT1	25	1	1	1	966670000.0	3866.88975
Q9CQT1	168	0	1	1	966670000.0	
Q9CQT1	199	1	1	1	966670000.0	2078.95922
Q9CQW9	71	1	1	2	595880000.0	3928.8667
Q9CQW9	72	1	1	2	595880000.0	3928.8667
Q9CQW9	105	1	1	1	595880000.0	3616.10752
Q9CQY6	13	1	1	1	20908000.0	1560.72424
Q9CQY6	53	1	1	1	20908000.0	2540.07953
Q9CR00	215	0	1	1	658310000.0	
Q9CR09	69	0	1	1	100580000.0	
Q9CR09	116	1	1	1	100580000.0	1655.86062
Q9CR16	176	0	1	2	2160500000.0	
Q9CR16	181	0	1	2	2160500000.0	
Q9CR16	275	0	1	2	2160500000.0	
Q9CR16	282	0	1	2	2160500000.0	
Q9CR25	202	0	1	1	11195000.0	
Q9CR25	250	0	1	2	11195000.0	
Q9CR25	251	0	1	2	11195000.0	
Q9CR25	431	0	1	1	11195000.0	
Q9CR50	43	0	1	1	3880600.0	
Q9CR50	243	1	1	1	3880600.0	1411.61503
Q9CR51	69	1	1	1	3684599999.9999995	2303.08119
Q9CR57	42	1	1	1	9186400000.0	987.480765
Q9CR57	54	0	1	1	9186400000.0	
Q9CR98	57	0	1	1	163390000.0	
Q9CRB2	18	1	1	1	417530000.0	1848.7432
Q9CRC0	43	0	1	2	57770000.0	
Q9CRC0	51	0	1	2	57770000.0	
Q9CRT8	38	0	1	1	116220000.0	
Q9CSH3	194	0	1	1	645540000.0	
Q9CTG6	539	0	1	1		
Q9CTG6	657	0	1	1		
Q9CTG6	904	0	1	1		
Q9CVB6	120	0	1	1	4724500000.0	
Q9CW46	161	0	1	1	404360000.0	
Q9CWF2	127	0	1	2	6114500.0	
Q9CWF2	129	0	1	2	6114500.0	
Q9CWJ9	101	1	1	1	9926500000.0	1336.72133
Q9CWJ9	146	0	1	1	9926500000.0	
Q9CWJ9	287	0	1	1	9926500000.0	
Q9CWJ9	325	0	1	1	9926500000.0	
Q9CWJ9	434	1	1	1	9926500000.0	1319.5816
Q9CWJ9	575	0	1	1	9926500000.0	
Q9CWM2	44	1	1	2		2737.40775
Q9CWM2	53	1	1	2		2737.40775
Q9CWQ8	35	0	1	2		
Q9CWQ8	39	0	1	2		
Q9CWU2	10	0	1	1		
Q9CWU2	28	0	1	1		
Q9CWU2	51	0	1	1		
Q9CWU2	65	0	1	1		
Q9CWU2	456	0	1	1		
Q9CWU9	149	0	1	1	521070000.0	
Q9CWW7	535	0	1	2		
Q9CWW7	546	0	1	2		
Q9CWW7	584	0	1	1		
Q9CXF4	65	0	1	1	457390000.0	
Q9CXF4	184	0	1	1	457390000.0	
Q9CXF4	197	0	1	1	457390000.0	
Q9CXF4	588	0	1	1	457390000.0	
Q9CXI5	72	0	1	1	2052499999.9999998	
Q9CXI5	148	0	1	1	2052499999.9999998	
Q9CXL1	10	1	1	2		1456.55335
Q9CXL1	13	1	1	2		1456.55335
Q9CXT8	248	0	1	1	845500000.0	
Q9CXT8	277	0	1	1	845500000.0	
Q9CXT8	389	0	1	1	845500000.0	
Q9CXT8	419	0	1	1	845500000.0	
Q9CXT8	481	0	1	1	845500000.0	
Q9CXW4	72	0	1	1	6934699999.999999	
Q9CXW4	150	0	1	1	6934699999.999999	
Q9CY27	18	0	1	1	783280000.0	
Q9CY34	50	0	1	2		
Q9CY34	52	0	1	2		
Q9CY34	64	1	1	1		2198.01025
Q9CY34	116	1	1	1		2151.11466
Q9CY64	73	1	1	1	4699800000.0	2487.086
Q9CY64	280	0	1	1	4699800000.0	
Q9CY97	12	0	1	1	38613000.0	
Q9CYA0	118	0	1	1		
Q9CYA0	212	0	1	2		
Q9CYA0	215	0	1	2		
Q9CYA0	286	0	1	2		
Q9CYA0	292	0	1	2		
Q9CYG7	74	0	1	1	931870000.0	
Q9CYN2	26	0	1	1	196600000.0	
Q9CZ13	268	1	1	1	3171299999.9999995	1604.75046
Q9CZ13	380	1	1	1	3171299999.9999995	1352.62419
Q9CZ13	410	1	1	1	3171299999.9999995	2052.98985
Q9CZ13	453	1	1	1	3171299999.9999995	2735.2326
Q9CZ30	187	0	1	1	1405800000.0	
Q9CZ42	78	0	1	1	127970000.0	
Q9CZ42	104	0	1	1	127970000.0	
Q9CZ52	175	0	1	1		
Q9CZB0	70	0	1	1	164260000.0	
Q9CZD3	170	0	1	1	2798600000.0	
Q9CZD3	362	0	1	1	2798600000.0	
Q9CZD3	451	0	1	1	2798600000.0	
Q9CZD3	456	0	1	2	2798600000.0	
Q9CZD3	461	0	1	2	2798600000.0	
Q9CZD3	606	0	1	1	2798600000.0	
Q9CZL2	19	0	1	1	39322000.0	
Q9CZN7	80	1	1	1	13347000000.0	1494.71368
Q9CZN7	91	1	1	1	13347000000.0	1359.68165
Q9CZN7	119	1	1	1	13347000000.0	2012.95134
Q9CZN7	241	1	1	1	13347000000.0	1192.53288
Q9CZN7	412	1	1	1	13347000000.0	1986.02042
Q9CZR8	239	0	1	1	623790000.0	
Q9CZU3	648	0	1	1	717140000.0	
Q9CZU4	8	0	1	1	76307000.0	
Q9CZU6	101	1	1	1	4117299999.9999995	1080.491
Q9CZU6	202	0	1	1	4117299999.9999995	
Q9CZU6	211	0	1	1	4117299999.9999995	
Q9CZV8	46	1	1	1		1468.77482
Q9CZV8	101	0	1	1		
Q9CZV8	116	0	1	1		
Q9CZV8	127	0	1	1		
Q9CZV8	135	0	1	1		
Q9CZV8	153	0	1	1		
Q9CZV8	205	0	1	1		
Q9CZV8	283	0	1	1		
Q9CZV8	335	0	1	1		
Q9CZV8	389	0	1	1		
Q9CZW5	478	0	1	1	562160000.0	
Q9CZW5	505	0	1	1	562160000.0	
Q9CZX7	58	0	1	1	22192000.0	
Q9CZX7	61	1	1	1	22192000.0	1245.63872
Q9CZX7	78	0	1	2	22192000.0	
Q9CZX7	81	0	1	2	22192000.0	
Q9CZX7	99	0	1	4	22192000.0	
Q9CZX7	101	0	1	4	22192000.0	
Q9CZX7	103	0	1	4	22192000.0	
Q9CZX7	107	0	1	4	22192000.0	
Q9CZX7	154	0	1	2	22192000.0	
Q9CZX7	157	0	1	2	22192000.0	
Q9D009	50	0	1	1		
Q9D009	99	0	1	1		
Q9D009	122	0	1	1		
Q9D009	153	0	1	1		
Q9D009	222	0	1	1		
Q9D051	263	0	1	1	1224700000.0	
Q9D051	306	0	1	1	1224700000.0	
Q9D071	503	0	1	1	118390000.0	
Q9D071	556	0	1	1	118390000.0	
Q9D071	610	0	1	1	118390000.0	
Q9D071	724	0	1	1	118390000.0	
Q9D071	761	0	1	1	118390000.0	
Q9D0E1	113	1	1	1	6507699999.999999	908.442588
Q9D0E1	693	0	1	1	6507699999.999999	
Q9D0F9	160	1	1	1	923110000.0	1450.70138
Q9D0F9	374	0	1	1	923110000.0	
Q9D0G0	196	0	1	1	192250000.0	
Q9D0I9	8	0	1	1	6530199999.999999	
Q9D0I9	32	0	1	2	6530199999.999999	
Q9D0I9	34	0	1	2	6530199999.999999	
Q9D0I9	86	1	1	1	6530199999.999999	1191.60703
Q9D0I9	115	0	1	1	6530199999.999999	
Q9D0I9	293	1	1	1	6530199999.999999	2179.11294
Q9D0I9	312	0	1	1	6530199999.999999	
Q9D0I9	369	1	1	1	6530199999.999999	1627.93714
Q9D0I9	502	1	1	1	6530199999.999999	1267.62307
Q9D0I9	638	1	1	1	6530199999.999999	1405.71315
Q9D0K2	235	0	1	1	2185000000.0	
Q9D0K2	456	0	1	1	2185000000.0	
Q9D0L4	412	0	1	1	14528000.0	
Q9D0L4	509	1	1	1	14528000.0	1644.88102
Q9D0L8	37	1	1	1	584720000.0	1749.83558
Q9D0L8	195	0	1	1	584720000.0	
Q9D0L8	214	0	1	1	584720000.0	
Q9D0L8	251	0	1	1	584720000.0	
Q9D0M3	219	0	1	1	783940000.0	
Q9D0R2	106	0	1	1	1338100000.0	
Q9D0R2	136	0	1	1	1338100000.0	
Q9D0R2	253	0	1	2	1338100000.0	
Q9D0R2	260	0	1	2	1338100000.0	
Q9D0R2	342	1	1	1	1338100000.0	2460.14602
Q9D0R2	466	0	1	1	1338100000.0	
Q9D0R2	478	0	1	1	1338100000.0	
Q9D0R2	557	0	1	1	1338100000.0	
Q9D0R2	629	0	1	1	1338100000.0	
Q9D0R2	655	0	1	1	1338100000.0	
Q9D0R8	17	0	1	1	129010000.0	
Q9D0T1	30	1	1	1	1787899999.9999998	1479.73916
Q9D0V7	12	1	1	2		1700.87422
Q9D0V7	14	1	1	2		1700.87422
Q9D123	141	1	1	1		1425.69624
Q9D123	201	0	1	1		
Q9D1A2	95	1	1	1	5543200000.0	3316.57104
Q9D1A2	161	0	1	1	5543200000.0	
Q9D1A2	192	0	1	1	5543200000.0	
Q9D1A2	205	1	1	1	5543200000.0	1220.63358
Q9D1A2	300	1	1	1	5543200000.0	1456.73441
Q9D1C1	102	1	1	2	465680000.0	2685.29309
Q9D1C1	114	0	1	2	465680000.0	
Q9D1F4	61	0	1	1	20636000.0	
Q9D1M0	234	0	1	1	398470000.0	
Q9D1M0	245	0	1	1	398470000.0	
Q9D1P4	5	1	1	1	1020699999.9999999	950.464386
Q9D1P4	24	0	1	1	1020699999.9999999	
Q9D1P4	59	1	1	1	1020699999.9999999	1689.79199
Q9D1P4	176	0	1	1	1020699999.9999999	
Q9D1P4	211	0	1	1	1020699999.9999999	
Q9D1Q6	92	0	1	1	433420000.0	
Q9D1Q6	189	1	1	1	433420000.0	2547.24277
Q9D1Q6	318	0	1	1	433420000.0	
Q9D1R9	46	1	1	2	1929399999.9999998	1030.43243
Q9D1R9	49	1	1	2	1929399999.9999998	1030.43243
Q9D1R9	83	0	1	1	1929399999.9999998	
Q9D1X9	89	1	1	1		1199.4877
Q9D270	92	0	1	1	10461000.0	
Q9D270	95	0	1	1	10461000.0	
Q9D270	218	1	1	2	10461000.0	1553.63848
Q9D270	219	1	1	2	10461000.0	1553.63848
Q9D2C2	248	0	1	1	50871000.0	
Q9D2F8	467	0	1	2		
Q9D2F8	469	0	1	2		
Q9D2G2	246	0	1	1	659560000.0	
Q9D2V7	75	0	1	1	346040000.0	
Q9D2V7	787	0	1	1	346040000.0	
Q9D358	13	0	1	2	403790000.0	
Q9D358	18	0	1	2	403790000.0	
Q9D404	86	0	1	1	75594000.0	
Q9D404	209	1	1	1	75594000.0	2469.1819
Q9D404	239	0	1	1	75594000.0	
Q9D404	402	0	1	1	75594000.0	
Q9D404	415	0	1	1	75594000.0	
Q9D4H8	721	0	1	1	132250000.0	
Q9D554	145	0	1	1	849260000.0	
Q9D554	437	0	1	1	849260000.0	
Q9D662	40	0	1	1	646070000.0	
Q9D662	180	0	1	1	646070000.0	
Q9D662	425	0	1	1	646070000.0	
Q9D684	811	0	1	1	27960000.0	
Q9D6I7	6	1	1	1		1032.51748
Q9D6I7	354	0	1	1		
Q9D6K9	56	0	1	1	67193000.0	
Q9D6K9	72	1	1	1	67193000.0	1074.60082
Q9D6K9	245	0	1	1	67193000.0	
Q9D6R2	215	0	1	2	2630300000.0	
Q9D6R2	222	1	1	2	2630300000.0	1232.52779
Q9D6R2	331	0	1	1	2630300000.0	
Q9D6Z1	52	1	1	1	3635399999.9999995	3244.58228
Q9D6Z1	211	1	1	1	3635399999.9999995	1224.55572
Q9D6Z1	384	0	1	1	3635399999.9999995	
Q9D771	128	1	1	1	160730000.0	2597.25842
Q9D771	223	0	1	1	160730000.0	
Q9D7A6	53	0	1	1	70132000.0	
Q9D7B6	157	0	1	1	266770000.0	
Q9D7B6	203	0	1	1	266770000.0	
Q9D7B6	249	0	1	1	266770000.0	
Q9D7B6	349	0	1	1	266770000.0	
Q9D7W5	147	1	1	1	2090500.0	2135.09663
Q9D7X3	171	0	1	1	592710000.0	
Q9D819	242	1	1	1	2391200000.0	1656.74874
Q9D819	254	0	1	2	2391200000.0	
Q9D819	270	0	1	2	2391200000.0	
Q9D819	274	0	1	2	2391200000.0	
Q9D883	18	0	1	1	925800000.0	
Q9D883	102	1	1	1	925800000.0	2752.24727
Q9D883	169	0	1	1	925800000.0	
Q9D892	33	1	1	1	444260000.0	2444.26211
Q9D892	154	0	1	1	444260000.0	
Q9D8B4	95	0	1	1	105440000.0	
Q9D8C2	151	0	1	2		
Q9D8C2	154	0	1	2		
Q9D8E6	3	1	1	1	25654000000.0	2080.0259
Q9D8E6	96	1	1	1	25654000000.0	1183.48626
Q9D8E6	125	1	1	1	25654000000.0	1936.01619
Q9D8E6	208	0	1	1	25654000000.0	
Q9D8E6	250	1	1	1	25654000000.0	1315.60194
Q9D8N0	68	1	1	1	18255000000.0	3197.4288
Q9D8N0	166	0	1	1	18255000000.0	
Q9D8N0	194	1	1	1	18255000000.0	1608.78712
Q9D8N0	266	1	1	1	18255000000.0	2484.11485
Q9D8U8	250	1	1	1	2910400000.0	2907.48004
Q9D8U8	346	0	1	2	2910400000.0	
Q9D8U8	347	0	1	2	2910400000.0	
Q9D8U8	397	0	1	1	2910400000.0	
Q9D8W5	108	0	1	2	1905599999.9999998	
Q9D8W5	109	0	1	2	1905599999.9999998	
Q9D8W5	255	1	1	1	1905599999.9999998	2364.142
Q9D906	184	0	1	1	146640000.0	
Q9D906	231	0	1	1	146640000.0	
Q9D906	263	0	1	1	146640000.0	
Q9D906	294	1	1	1	146640000.0	1390.62611
Q9D906	318	0	1	1	146640000.0	
Q9D906	354	0	1	2	146640000.0	
Q9D906	364	1	1	2	146640000.0	1641.83308
Q9D906	402	0	1	1	146640000.0	
Q9D906	520	1	1	1	146640000.0	3082.51822
Q9D906	545	0	1	2	146640000.0	
Q9D906	548	0	1	2	146640000.0	
Q9D906	641	0	1	2	146640000.0	
Q9D906	644	0	1	2	146640000.0	
Q9D964	50	1	1	1	439820000.0	1637.78315
Q9D964	64	1	1	1	439820000.0	2363.07398
Q9D964	87	0	1	1	439820000.0	
Q9D964	131	0	1	1	439820000.0	
Q9D964	252	1	1	1	439820000.0	2063.92988
Q9DAI2	12	0	1	1	22577000.0	
Q9DAT5	101	0	1	1	16761000.0	
Q9DAV9	161	0	1	1	2248300.0	
Q9DB05	42	0	1	1	2518600000.0	
Q9DB05	103	0	1	1	2518600000.0	
Q9DB20	141	1	1	1	3634499999.9999995	2301.14099
Q9DB25	194	0	1	1	51279000.0	
Q9DB29	137	0	1	1	48582000.0	
Q9DB29	166	0	1	1	48582000.0	
Q9DB29	173	0	1	1	48582000.0	
Q9DB43	16	0	1	1	137600000.0	
Q9DB43	56	0	1	1	137600000.0	
Q9DB43	230	1	1	1	137600000.0	2122.86102
Q9DB77	192	1	1	1	2267300000.0	1565.72966
Q9DB85	452	0	1	1	80532000.0	
Q9DBD0	599	1	1	1		1496.74056
Q9DBD5	202	0	1	1	155590000.0	
Q9DBD5	523	0	1	1	155590000.0	
Q9DBG3	857	0	1	1	1208800000.0	
Q9DBG3	918	0	1	1	1208800000.0	
Q9DBG7	361	0	1	1	267220000.0	
Q9DBH5	204	0	1	1	881130000.0	
Q9DBH5	241	0	1	1	881130000.0	
Q9DBJ1	55	1	1	1	35319000000.0	1778.78215
Q9DBJ1	153	1	1	1	35319000000.0	2424.14787
Q9DBK7	29	1	1	1		1526.84905
Q9DBK7	400	0	1	1		
Q9DBK7	501	1	1	1		2710.17448
Q9DBK7	539	0	1	1		
Q9DBK7	686	0	1	1		
Q9DBK7	794	0	1	1		
Q9DBR0	626	1	1	1	363240000.0	1635.74101
Q9DBR1	159	0	1	1	1290900000.0	
Q9DBR1	276	0	1	1	1290900000.0	
Q9DBR1	296	0	1	1	1290900000.0	
Q9DBR1	451	0	1	1	1290900000.0	
Q9DBR1	547	0	1	1	1290900000.0	
Q9DBT4	8	1	1	2		2487.21914
Q9DBT4	23	1	1	2		2487.21914
Q9DBT4	106	0	1	1		
Q9DBT5	68	0	1	1	184170000.0	
Q9DBT5	176	0	1	1	184170000.0	
Q9DBT5	209	0	1	1	184170000.0	
Q9DBW0	483	0	1	1		
Q9DBY8	430	0	1	1	310830000.0	
Q9DBY8	447	0	1	1	310830000.0	
Q9DBZ5	85	0	1	1	1416200000.0	
Q9DBZ5	87	0	1	1	1416200000.0	
Q9DC16	115	0	1	1	246600000.0	
Q9DC23	186	0	1	1	181300000.0	
Q9DC37	33	1	1	1		1088.52844
Q9DC40	170	0	1	1		
Q9DC50	210	0	1	1	11967000.0	
Q9DC51	66	0	1	1	436470000.0	
Q9DC51	139	0	1	1	436470000.0	
Q9DC51	286	0	1	2	436470000.0	
Q9DC51	305	0	1	2	436470000.0	
Q9DC51	325	0	1	1	436470000.0	
Q9DC61	465	0	1	1	737030000.0	
Q9DCC4	266	1	1	1	189980000.0	1337.60677
Q9DCD0	170	1	1	2	20237000000.0	2343.98887
Q9DCD0	171	1	1	2	20237000000.0	2343.98887
Q9DCD0	199	0	1	1	20237000000.0	
Q9DCD0	289	0	1	1	20237000000.0	
Q9DCD0	402	1	1	1	20237000000.0	1336.54661
Q9DCD0	422	1	1	1	20237000000.0	4352.15444
Q9DCE5	298	0	1	1	414740000.0	
Q9DCJ5	66	0	1	1	1023499999.9999999	
Q9DCJ5	110	0	1	1	1023499999.9999999	
Q9DCK3	190	0	1	1	9892000.0	
Q9DCL9	63	1	1	1	3831199999.9999995	1719.92294
Q9DCL9	185	0	1	1	3831199999.9999995	
Q9DCL9	281	1	1	1	3831199999.9999995	1730.83314
Q9DCL9	288	0	1	2	3831199999.9999995	
Q9DCL9	295	0	1	2	3831199999.9999995	
Q9DCL9	374	0	1	1	3831199999.9999995	
Q9DCS1	41	1	1	1		1114.65325
Q9DCS2	63	0	1	1	23638000.0	
Q9DCS3	169	1	1	1	327860000.0	2046.02042
Q9DCS3	263	0	1	1	327860000.0	
Q9DCS3	345	0	1	1	327860000.0	
Q9DCS9	125	0	1	1	338000000.0	
Q9DCX2	101	1	1	1	5326300000.0	1339.61905
Q9DCZ1	186	0	1	1	124940000.0	
Q9DCZ1	316	0	1	1	124940000.0	
Q9EP82	10	0	1	1	117980000.0	
Q9EPB4	171	1	1	1	424390000.0	1725.89125
Q9EPE9	333	0	1	1	173770000.0	
Q9EPE9	342	0	1	1	173770000.0	
Q9EPE9	645	0	1	1	173770000.0	
Q9EPK2	107	0	1	2	14446000.0	
Q9EPK2	111	0	1	2	14446000.0	
Q9EPK2	127	0	1	2	14446000.0	
Q9EPK2	128	0	1	2	14446000.0	
Q9EPK2	144	0	1	1	14446000.0	
Q9EPK2	233	0	1	1	14446000.0	
Q9EPK2	308	0	1	1	14446000.0	
Q9EPK6	298	0	1	1		
Q9EPK6	412	0	1	1		
Q9EPK7	15	0	1	1	69263000.0	
Q9EPK7	43	1	1	1	69263000.0	1579.75521
Q9EPK7	331	0	1	1	69263000.0	
Q9EPK7	767	0	1	1	69263000.0	
Q9EPL8	736	1	1	1	1961699999.9999998	1626.76717
Q9EPL8	749	0	1	1	1961699999.9999998	
Q9EPL8	757	0	1	1	1961699999.9999998	
Q9EPQ1	135	0	1	1		
Q9EPR4	404	1	1	1	185090000.0	1541.81367
Q9EPR4	613	1	1	1	185090000.0	2036.97062
Q9EPS3	109	0	1	1		
Q9EPS3	190	0	1	1		
Q9EPS3	257	0	1	1		
Q9EPU0	204	0	1	1	2981799999.9999995	
Q9EPU0	232	0	1	1	2981799999.9999995	
Q9EPU0	369	0	1	1	2981799999.9999995	
Q9EPU4	149	0	1	1	70201000.0	
Q9EQ20	86	0	1	1		
Q9EQ20	249	0	1	1		
Q9EQ20	368	0	1	1		
Q9EQ61	400	0	1	1	932620000.0	
Q9EQC5	88	0	1	1	90940000.0	
Q9EQC5	210	0	1	1	90940000.0	
Q9EQH2	182	0	1	1	263680000.0	
Q9EQH2	725	0	1	1	263680000.0	
Q9EQH2	896	0	1	1	263680000.0	
Q9EQH3	137	0	1	1	1956099999.9999998	
Q9EQH3	156	0	1	1	1956099999.9999998	
Q9EQH3	253	0	1	1	1956099999.9999998	
Q9EQH3	361	0	1	1	1956099999.9999998	
Q9EQH3	640	0	1	1	1956099999.9999998	
Q9EQH3	673	0	1	1	1956099999.9999998	
Q9EQK5	572	0	1	1	1033499999.9999999	
Q9EQQ2	42	1	1	1	28531000.0	1431.58373
Q9EQU3	791	0	1	1		
Q9ER00	29	1	1	1	54053000.0	1751.82608
Q9ER38	93	0	1	1	15170000.0	
Q9ER72	110	0	1	1	667850000.0	
Q9ER72	589	0	1	1	667850000.0	
Q9ER72	608	0	1	1	667850000.0	
Q9ERG0	412	0	1	1	243950000.0	
Q9ERK4	85	1	1	1	3558699999.9999995	1686.7883
Q9ERK4	344	1	1	1	3558699999.9999995	1810.84073
Q9ERK4	842	0	1	1	3558699999.9999995	
Q9ERK4	853	0	1	1	3558699999.9999995	
Q9ERN0	127	1	1	2	54301000.0	3826.71845
Q9ERN0	132	1	1	2	54301000.0	3826.71845
Q9ERS5	232	0	1	1	7885100.0	
Q9ERU9	319	0	1	1	2362000000.0	
Q9ERU9	536	0	1	1	2362000000.0	
Q9ERU9	1190	0	1	1	2362000000.0	
Q9ERU9	1290	0	1	1	2362000000.0	
Q9ERU9	1329	0	1	1	2362000000.0	
Q9ERU9	1727	0	1	1	2362000000.0	
Q9ERU9	2244	0	1	1	2362000000.0	
Q9ERU9	2496	0	1	1	2362000000.0	
Q9ERU9	2900	0	1	1	2362000000.0	
Q9ERU9	2951	0	1	1	2362000000.0	
Q9ES28	469	0	1	1	280840000.0	
Q9ES28	700	0	1	1	280840000.0	
Q9ES52	46	0	1	1	848730000.0	
Q9ES52	1093	0	1	1	848730000.0	
Q9ES57	58	0	1	2		
Q9ES57	59	0	1	2		
Q9ES97	35	1	1	1	374010000.0	3530.60671
Q9ESD6	12	1	1	1		2058.96403
Q9ESJ0	988	0	1	1	20010000.0	
Q9ESL4	285	0	1	1	89163000.0	
Q9EST4	146	1	1	1	88769000.0	1134.61072
Q9EST4	168	0	1	2	88769000.0	
Q9EST4	178	0	1	2	88769000.0	
Q9EST4	195	0	1	1	88769000.0	
Q9EST5	27	1	1	1	3171699999.9999995	989.485181
Q9EST5	123	1	1	1	3171699999.9999995	1409.66091
Q9ESV0	134	1	1	1	234750000.0	1805.77377
Q9ESY9	69	1	1	2	337320000.0	1644.72761
Q9ESY9	72	0	1	2	337320000.0	
Q9ESY9	129	0	1	1	337320000.0	
Q9ET26	161	0	1	1	18591000.0	
Q9ET30	64	1	1	1	292120000.0	1303.62709
Q9ET30	426	1	1	1	292120000.0	1288.59825
Q9JHF5	318	0	1	2	1068399999.9999999	
Q9JHF5	325	0	1	2	1068399999.9999999	
Q9JHI2	258	0	1	1	7246900.0	
Q9JHI2	344	0	1	1	7246900.0	
Q9JHI9	383	0	1	2		
Q9JHI9	387	0	1	2		
Q9JHJ3	214	0	1	1	61239000.0	
Q9JHK4	99	0	1	1	130780000.0	
Q9JHK4	132	0	1	1	130780000.0	
Q9JHK4	487	0	1	1	130780000.0	
Q9JHK5	59	1	1	1	1740899999.9999998	1552.73039
Q9JHK5	102	0	1	1	1740899999.9999998	
Q9JHK5	155	0	1	1	1740899999.9999998	
Q9JHK5	295	1	1	1	1740899999.9999998	1502.70351
Q9JHU4	4214	0	1	1	8465599999.999999	
Q9JHU9	159	0	1	1	3354799999.9999995	
Q9JHU9	235	0	1	1	3354799999.9999995	
Q9JHU9	380	0	1	1	3354799999.9999995	
Q9JHU9	485	0	1	1	3354799999.9999995	
Q9JHU9	539	1	1	1	3354799999.9999995	2319.00735
Q9JHW4	429	0	1	1	188500000.0	
Q9JIF0	103	0	1	1	1899599999.9999998	
Q9JIF0	119	0	1	1	1899599999.9999998	
Q9JIF0	226	0	1	1	1899599999.9999998	
Q9JIF0	272	1	1	1	1899599999.9999998	1782.88622
Q9JIF7	248	0	1	1	1495299999.9999998	
Q9JIF7	284	0	1	1	1495299999.9999998	
Q9JIF7	623	0	1	1	1495299999.9999998	
Q9JIF7	888	0	1	1	1495299999.9999998	
Q9JIG7	369	0	1	1	443960000.0	
Q9JIH2	414	0	1	1	352040000.0	
Q9JIH2	426	0	1	1	352040000.0	
Q9JII5	39	0	1	1	503640000.0	
Q9JII5	63	0	1	1	503640000.0	
Q9JII5	124	1	1	1	503640000.0	1797.8832
Q9JII6	46	1	1	1	6078199999.999999	2749.28649
Q9JII6	260	1	1	1	6078199999.999999	856.520445
Q9JIK5	531	1	1	1	10670000000.0	1533.74571
Q9JIK5	715	0	1	1	10670000000.0	
Q9JIK5	754	0	1	1	10670000000.0	
Q9JIZ9	104	0	1	1		
Q9JIZ9	126	1	1	2		2022.84835
Q9JIZ9	127	1	1	2		2022.84835
Q9JIZ9	212	0	1	3		
Q9JIZ9	215	0	1	3		
Q9JIZ9	217	0	1	3		
Q9JJ00	157	1	1	2		1634.67049
Q9JJ00	158	1	1	2		1634.67049
Q9JJ00	162	1	1	2		1437.66054
Q9JJ00	163	1	1	2		1437.66054
Q9JJ00	243	1	1	4		2242.97308
Q9JJ00	246	1	1	4		2242.97308
Q9JJ00	248	1	1	4		2242.97308
Q9JJ00	249	1	1	4		2242.97308
Q9JJ28	119	0	1	1	312710000.0	
Q9JJ28	232	0	1	1	312710000.0	
Q9JJ28	1259	0	1	1	312710000.0	
Q9JJF3	546	0	1	1	151900000.0	
Q9JJF9	98	0	1	1		
Q9JJX6	159	0	1	2		
Q9JJX6	165	0	1	2		
Q9JJX6	217	0	1	1		
Q9JJX6	227	0	1	1		
Q9JJX6	261	0	1	1		
Q9JJY4	99	0	1	1	133900000.0	
Q9JJY4	182	0	1	1	133900000.0	
Q9JJY4	759	0	1	1	133900000.0	
Q9JJZ2	295	0	1	1	822610000.0	
Q9JJZ4	91	1	1	1		2390.15898
Q9JK23	107	0	1	1	335800000.0	
Q9JK23	122	0	1	1	335800000.0	
Q9JK23	170	0	1	1	335800000.0	
Q9JK23	183	1	1	1	335800000.0	1580.75046
Q9JKB1	209	0	1	1	736120000.0	
Q9JKF1	320	1	1	1	9955200000.0	2472.32577
Q9JKF1	660	0	1	1	9955200000.0	
Q9JKF1	1534	0	1	1	9955200000.0	
Q9JKJ9	332	0	1	1		
Q9JKP5	19	0	1	1	918020000.0	
Q9JKP5	27	0	1	2	918020000.0	
Q9JKP5	34	0	1	2	918020000.0	
Q9JKP5	53	0	1	1	918020000.0	
Q9JKP5	184	0	1	1	918020000.0	
Q9JKP5	220	0	1	1	918020000.0	
Q9JKV5	20	1	1	1	35572000.0	4351.20275
Q9JKZ2	662	1	1	1		1218.5532
Q9JLB0	103	0	1	1	35560000.0	
Q9JLB0	235	0	1	2	35560000.0	
Q9JLB0	249	0	1	2	35560000.0	
Q9JLB0	311	1	1	1	35560000.0	1696.71513
Q9JLB0	445	0	1	1	35560000.0	
Q9JLC8	2858	0	1	1	24624000.0	
Q9JLG8	588	0	1	1		
Q9JLG8	666	0	1	1		
Q9JLI6	101	0	1	1	338160000.0	
Q9JLI6	304	0	1	1	338160000.0	
Q9JLI8	342	0	1	1	248150000.0	
Q9JLI8	670	0	1	1	248150000.0	
Q9JLI8	729	0	1	1	248150000.0	
Q9JLI8	749	0	1	1	248150000.0	
Q9JLJ2	45	1	1	1	1881499999.9999998	1181.57506
Q9JLJ2	74	0	1	1	1881499999.9999998	
Q9JLJ2	150	0	1	2	1881499999.9999998	
Q9JLJ2	164	0	1	2	1881499999.9999998	
Q9JLJ2	173	0	1	1	1881499999.9999998	
Q9JLJ2	220	1	1	1	1881499999.9999998	2561.27099
Q9JLJ2	267	0	1	1	1881499999.9999998	
Q9JLJ2	355	1	1	1	1881499999.9999998	2288.13585
Q9JLJ2	443	0	1	1	1881499999.9999998	
Q9JLJ2	484	0	1	1	1881499999.9999998	
Q9JLJ5	93	0	1	1	7579200.0	
Q9JLV6	446	0	1	2	135880000.0	
Q9JLV6	450	0	1	2	135880000.0	
Q9JMA1	257	0	1	1	4354600000.0	
Q9JMA1	277	0	1	2	4354600000.0	
Q9JMA1	359	0	1	1	4354600000.0	
Q9JMA1	414	1	1	1	4354600000.0	3336.47821
Q9JMA2	23	0	1	1	41150000.0	
Q9JME2	128	0	1	1		
Q9JMH6	173	0	1	2	1632299999.9999998	
Q9JMH6	178	0	1	2	1632299999.9999998	
Q9JMH6	291	0	1	2	1632299999.9999998	
Q9JMH6	303	0	1	2	1632299999.9999998	
Q9JMH6	479	0	1	3	1632299999.9999998	
Q9JMH6	496	0	1	3	1632299999.9999998	
Q9JMH6	497	0	1	3	1632299999.9999998	
Q9JMH6	541	1	1	1	1632299999.9999998	1274.62889
Q9JMH6	589	0	1	1	1632299999.9999998	
Q9JMH9	604	0	1	1	103130000.0	
Q9QUH0	8	0	1	1	158140000.0	
Q9QUI0	16	1	1	1	3859899999.9999995	1087.56958
Q9QUI0	20	1	1	1	3859899999.9999995	1079.6049
Q9QUI0	83	0	1	1	3859899999.9999995	
Q9QUI0	107	1	1	1	3859899999.9999995	1734.96033
Q9QUI0	159	1	1	1	3859899999.9999995	1332.58424
Q9QUJ7	133	0	1	1	1128400000.0	
Q9QUJ7	157	0	1	1	1128400000.0	
Q9QUJ7	420	1	1	1	1128400000.0	1522.78539
Q9QUJ7	494	0	1	2	1128400000.0	
Q9QUJ7	495	0	1	2	1128400000.0	
Q9QUJ7	542	1	1	1	1128400000.0	1555.6209
Q9QUJ7	552	0	1	2	1128400000.0	
Q9QUJ7	564	0	1	2	1128400000.0	
Q9QUJ7	640	0	1	1	1128400000.0	
Q9QUK6	504	0	1	1		
Q9QUM9	78	0	1	1	3128099999.9999995	
Q9QUM9	115	0	1	1	3128099999.9999995	
Q9QUM9	154	0	1	2	3128099999.9999995	
Q9QUM9	161	0	1	2	3128099999.9999995	
Q9QUN7	287	0	1	1	8185400.0	
Q9QUN7	353	0	1	1	8185400.0	
Q9QUN7	432	0	1	1	8185400.0	
Q9QUN7	454	0	1	1	8185400.0	
Q9QUN7	713	0	1	1	8185400.0	
Q9QUR6	25	0	1	1	3791599999.9999995	
Q9QUR6	57	1	1	1	3791599999.9999995	1471.78572
Q9QUR6	211	0	1	2	3791599999.9999995	
Q9QUR6	225	0	1	2	3791599999.9999995	
Q9QUR6	255	1	1	1	3791599999.9999995	1819.8927
Q9QUR6	264	0	1	1	3791599999.9999995	
Q9QUR6	343	0	1	1	3791599999.9999995	
Q9QUR6	352	0	1	1	3791599999.9999995	
Q9QUR6	526	0	1	2	3791599999.9999995	
Q9QUR6	532	0	1	2	3791599999.9999995	
Q9QUR6	703	0	1	1	3791599999.9999995	
Q9QVP9	180	0	1	1	104720000.0	
Q9QVP9	352	0	1	1	104720000.0	
Q9QVP9	534	0	1	1	104720000.0	
Q9QVP9	661	0	1	1	104720000.0	
Q9QVP9	972	0	1	1	104720000.0	
Q9QXK3	296	0	1	1	159310000.0	
Q9QXK3	420	0	1	1	159310000.0	
Q9QXT0	86	1	1	1	504070000.0	1799.83598
Q9QXX4	202	0	1	1	1040699999.9999999	
Q9QXZ0	443	0	1	1	1159400000.0	
Q9QY06	852	0	1	1	65144000.0	
Q9QY33	81	1	1	1		4228.3374
Q9QY76	121	0	1	1	604430000.0	
Q9QY81	76	0	1	1	184740000.0	
Q9QY81	109	0	1	1	184740000.0	
Q9QY81	543	0	1	1	184740000.0	
Q9QY81	962	0	1	1	184740000.0	
Q9QY81	1592	0	1	1	184740000.0	
Q9QY81	1611	0	1	1	184740000.0	
Q9QYA2	90	0	1	1	1036099999.9999999	
Q9QYA2	342	0	1	1	1036099999.9999999	
Q9QYB1	35	1	1	1	1435900000.0	1680.7162
Q9QYB1	100	0	1	1	1435900000.0	
Q9QYB1	189	0	1	1	1435900000.0	
Q9QYB1	234	1	1	1	1435900000.0	2517.12171
Q9QYI3	58	0	1	1	830850000.0	
Q9QYI3	175	0	1	1	830850000.0	
Q9QYI4	11	1	1	1		2009.93979
Q9QYJ0	280	1	1	1	882730000.0	1728.89091
Q9QYJ0	308	1	1	1	882730000.0	928.480036
Q9QYR9	55	0	1	1	330770000.0	
Q9QYS9	35	1	1	1	259400000.0	2049.97645
Q9QZB7	27	0	1	1	42571000.0	
Q9QZD4	242	0	1	1		
Q9QZD9	76	0	1	1	4091199999.9999995	
Q9QZD9	81	0	1	1	4091199999.9999995	
Q9QZD9	160	0	1	1	4091199999.9999995	
Q9QZE5	97	0	1	1	1057999999.9999999	
Q9QZE5	129	0	1	1	1057999999.9999999	
Q9QZE5	296	0	1	1	1057999999.9999999	
Q9QZE5	516	0	1	1	1057999999.9999999	
Q9QZE5	735	0	1	1	1057999999.9999999	
Q9QZI8	327	0	1	1		
Q9QZI9	54	0	1	1		
Q9QZI9	72	0	1	1		
Q9QZI9	89	0	1	1		
Q9QZK7	244	0	1	1		
Q9QZL0	334	0	1	1	95103000.0	
Q9QZN1	574	0	1	1		
Q9R001	665	1	1	1		1191.59579
Q9R013	304	0	1	1		
Q9R059	7	0	1	1	250920000.0	
Q9R059	10	0	1	1	250920000.0	
Q9R059	65	0	1	1	250920000.0	
Q9R059	209	0	1	2	250920000.0	
Q9R059	212	0	1	2	250920000.0	
Q9R060	31	0	1	1	66357000.0	
Q9R060	95	0	1	1	66357000.0	
Q9R060	277	0	1	1	66357000.0	
Q9R061	58	0	1	1	157810000.0	
Q9R0E2	681	0	1	1	173760000.0	
Q9R0N0	182	1	1	1	1102500000.0	2454.23994
Q9R0N0	203	0	1	1	1102500000.0	
Q9R0P3	11	0	1	1	5754300000.0	
Q9R0P3	88	1	1	1	5754300000.0	3235.38291
Q9R0P3	158	1	1	1	5754300000.0	1985.96378
Q9R0P3	176	0	1	2	5754300000.0	
Q9R0P3	181	0	1	2	5754300000.0	
Q9R0P3	206	0	1	1	5754300000.0	
Q9R0P3	243	0	1	1	5754300000.0	
Q9R0P5	12	1	1	1	1092000000.0	1331.61396
Q9R0P5	39	1	1	1	1092000000.0	1250.66929
Q9R0P5	46	0	1	1	1092000000.0	
Q9R0P9	152	1	1	1		1982.88645
Q9R0Q7	40	1	1	1	2264600000.0	1444.66566
Q9R0Q7	58	1	1	1	2264600000.0	2065.95274
Q9R0Q7	75	0	1	2	2264600000.0	
Q9R0Q7	76	0	1	2	2264600000.0	
Q9R0Q8	68	1	1	1		1415.62386
Q9R0R1	257	1	1	1		1912.87713
Q9R112	127	1	1	1	188080000.0	1428.66673
Q9R1C6	26	0	1	2		
Q9R1C6	38	1	1	2		4141.18969
Q9R1C6	174	0	1	1		
Q9R1C6	261	0	1	1		
Q9R1P4	85	0	1	1	3862599999.9999995	
Q9R1P4	92	0	1	1	3862599999.9999995	
Q9R1P4	148	1	1	2	3862599999.9999995	3757.71159
Q9R1P4	156	0	1	2	3862599999.9999995	
Q9R1P4	182	0	1	1	3862599999.9999995	
Q9R1Q7	12	1	1	2	348610000.0	1711.78105
Q9R1Q7	16	1	1	2	348610000.0	1711.78105
Q9R1S3	769	0	1	1		
Q9R233	118	1	1	1	167470000.0	1186.54007
Q9WTI7	161	0	1	1	166530000.0	
Q9WTI7	625	0	1	1	166530000.0	
Q9WTM5	227	1	1	1	3989899999.9999995	1319.61799
Q9WTM5	375	0	1	1	3989899999.9999995	
Q9WTM5	413	1	1	1	3989899999.9999995	1577.85995
Q9WTP6	92	0	1	1	2152100000.0	
Q9WTP6	208	1	1	1	2152100000.0	2631.33667
Q9WTR1	130	0	1	1	116020000.0	
Q9WTR1	152	0	1	1	116020000.0	
Q9WTR1	277	0	1	2	116020000.0	
Q9WTR1	286	0	1	2	116020000.0	
Q9WTR1	329	0	1	1	116020000.0	
Q9WTR1	359	0	1	1	116020000.0	
Q9WTR1	673	1	1	1	116020000.0	1912.86002
Q9WU60	157	0	1	1		
Q9WU60	584	0	1	2		
Q9WU60	596	0	1	2		
Q9WU60	656	0	1	1		
Q9WU60	665	0	1	1		
Q9WU60	674	0	1	1		
Q9WU60	1015	0	1	1		
Q9WU60	1427	0	1	1		
Q9WU78	40	0	1	1	3543099999.9999995	
Q9WU78	76	0	1	1	3543099999.9999995	
Q9WU78	90	0	1	1	3543099999.9999995	
Q9WU78	524	0	1	1	3543099999.9999995	
Q9WU78	691	0	1	1	3543099999.9999995	
Q9WUA2	76	1	1	1	1439600000.0	2087.08336
Q9WUA2	255	0	1	1	1439600000.0	
Q9WUA2	362	0	1	1	1439600000.0	
Q9WUA2	548	0	1	1	1439600000.0	
Q9WUA3	80	0	1	1	824950000.0	
Q9WUA3	111	0	1	1	824950000.0	
Q9WUA3	122	0	1	1	824950000.0	
Q9WUA3	178	0	1	1	824950000.0	
Q9WUA3	342	0	1	1	824950000.0	
Q9WUA3	359	0	1	1	824950000.0	
Q9WUA3	410	0	1	1	824950000.0	
Q9WUB0	500	0	1	3		
Q9WUB0	504	0	1	3		
Q9WUB0	507	0	1	3		
Q9WUD1	181	0	1	1	295370000.0	
Q9WUD1	200	0	1	1	295370000.0	
Q9WUK4	166	0	1	1	312390000.0	
Q9WUM3	25	0	1	1	807890000.0	
Q9WUM3	345	0	1	1	807890000.0	
Q9WUM4	23	1	1	1	5124000000.0	1197.47205
Q9WUM4	39	1	1	1	5124000000.0	1537.69836
Q9WUM4	190	0	1	1	5124000000.0	
Q9WUM4	283	0	1	1	5124000000.0	
Q9WUM4	330	1	1	1	5124000000.0	1429.74598
Q9WUM4	343	0	1	1	5124000000.0	
Q9WUM4	424	0	1	1	5124000000.0	
Q9WUM4	456	1	1	1	5124000000.0	1464.68786
Q9WUM5	60	0	1	1	765970000.0	
Q9WUP7	191	0	1	1	948190000.0	
Q9WUU7	91	0	1	2	4414400000.0	
Q9WUU7	94	0	1	2	4414400000.0	
Q9WUU7	128	0	1	2	4414400000.0	
Q9WUU7	134	0	1	2	4414400000.0	
Q9WUU7	156	1	1	1	4414400000.0	1645.71547
Q9WUU7	166	0	1	3	4414400000.0	
Q9WUU7	172	0	1	3	4414400000.0	
Q9WUU7	175	0	1	3	4414400000.0	
Q9WUU7	299	1	1	1	4414400000.0	2243.00523
Q9WV27	566	1	1	1	259280000.0	1741.88616
Q9WV32	13	1	1	1	8318299999.999999	2099.98873
Q9WV32	26	1	1	1	8318299999.999999	2065.00511
Q9WV32	70	0	1	1	8318299999.999999	
Q9WV32	162	1	1	1	8318299999.999999	2543.24786
Q9WV32	227	0	1	1	8318299999.999999	
Q9WV32	342	0	1	2	8318299999.999999	
Q9WV32	346	0	1	2	8318299999.999999	
Q9WV54	291	0	1	1	241110000.0	
Q9WV54	339	0	1	1	241110000.0	
Q9WV54	387	0	1	2	241110000.0	
Q9WV54	391	0	1	2	241110000.0	
Q9WV55	128	0	1	1	1152800000.0	
Q9WV70	195	1	1	1	377480000.0	1791.80574
Q9WV80	318	1	1	1	598120000.0	1318.58233
Q9WVA3	129	1	1	1	1301800000.0	1435.64018
Q9WVC3	145	1	1	1		1658.86616
Q9WVE8	465	0	1	1	193750000.0	
Q9WVG6	27	0	1	1	266250000.0	
Q9WVG6	421	0	1	1	266250000.0	
Q9WVJ2	114	0	1	1	1389600000.0	
Q9WVJ2	182	0	1	1	1389600000.0	
Q9WVJ2	357	0	1	1	1389600000.0	
Q9WVL6	74	0	1	1		
Q9WVL6	399	0	1	1		
Q9WVL6	446	0	1	1		
Q9WVQ5	31	0	1	1	68096000.0	
Q9Z0E0	415	0	1	1	95673000.0	
Q9Z0F8	225	0	1	1	37006000.0	
Q9Z0F8	333	0	1	1	37006000.0	
Q9Z0F8	423	0	1	1	37006000.0	
Q9Z0F8	469	0	1	1	37006000.0	
Q9Z0F8	525	0	1	1	37006000.0	
Q9Z0F8	591	0	1	3	37006000.0	
Q9Z0F8	593	0	1	3	37006000.0	
Q9Z0F8	600	0	1	3	37006000.0	
Q9Z0F8	611	0	1	1	37006000.0	
Q9Z0H4	161	0	1	1	823460000.0	
Q9Z0J0	93	0	1	1	427280000.0	
Q9Z0J0	99	0	1	1	427280000.0	
Q9Z0N1	96	0	1	2	9266600000.0	
Q9Z0N1	101	1	1	2	9266600000.0	2135.97685
Q9Z0N1	105	1	1	1	9266600000.0	1894.82547
Q9Z0N1	236	0	1	1	9266600000.0	
Q9Z0N1	269	1	1	1	9266600000.0	2561.27955
Q9Z0N1	311	0	1	1	9266600000.0	
Q9Z0N1	434	1	1	1	9266600000.0	1557.80724
Q9Z0P5	67	0	1	1	836330000.0	
Q9Z0S1	28	0	1	1	869120000.0	
Q9Z0S1	206	0	1	1	869120000.0	
Q9Z0W3	439	0	1	1	133560000.0	
Q9Z110	88	0	1	1	2908000000.0	
Q9Z110	546	0	1	1	2908000000.0	
Q9Z110	606	0	1	2	2908000000.0	
Q9Z110	612	0	1	2	2908000000.0	
Q9Z110	674	0	1	1	2908000000.0	
Q9Z110	718	0	1	1	2908000000.0	
Q9Z1D1	160	0	1	1	1320200000.0	
Q9Z1D1	169	0	1	1	1320200000.0	
Q9Z1F9	30	1	1	1	1365500000.0	1483.84324
Q9Z1F9	129	1	1	1	1365500000.0	2623.32373
Q9Z1F9	158	1	1	2	1365500000.0	1928.85092
Q9Z1F9	161	1	1	2	1365500000.0	1928.85092
Q9Z1F9	185	0	1	1	1365500000.0	
Q9Z1F9	623	0	1	1	1365500000.0	
Q9Z1G3	225	0	1	1	1134600000.0	
Q9Z1G3	376	0	1	1	1134600000.0	
Q9Z1G4	254	0	1	1	360300000.0	
Q9Z1K5	345	0	1	1	236550000.0	
Q9Z1K5	416	0	1	1	236550000.0	
Q9Z1K6	279	0	1	1	36087000.0	
Q9Z1M0	119	1	1	1	244430000.0	1662.76717
Q9Z1M0	152	0	1	1	244430000.0	
Q9Z1M0	162	0	1	2	244430000.0	
Q9Z1M0	168	0	1	2	244430000.0	
Q9Z1M0	226	0	1	1	244430000.0	
Q9Z1M0	371	1	1	1	244430000.0	972.437503
Q9Z1M0	373	1	1	3	244430000.0	1812.69058
Q9Z1M0	374	1	1	3	244430000.0	1812.69058
Q9Z1M0	377	1	1	3	244430000.0	1812.69058
Q9Z1M0	388	1	1	1	244430000.0	1687.9001
Q9Z1M0	477	0	1	3	244430000.0	
Q9Z1M0	479	0	1	3	244430000.0	
Q9Z1M0	482	0	1	3	244430000.0	
Q9Z1M0	498	1	1	2	244430000.0	1273.59073
Q9Z1M0	499	0	1	2	244430000.0	
Q9Z1M0	572	1	1	2	244430000.0	2041.8696
Q9Z1M0	573	0	1	2	244430000.0	
Q9Z1N5	165	0	1	1	1394000000.0	
Q9Z1N5	300	0	1	1	1394000000.0	
Q9Z1N6	178	0	1	2		
Q9Z1N6	180	0	1	2		
Q9Z1Q2	7	0	1	1		
Q9Z1Q2	205	1	1	1		1956.0615
Q9Z1Q2	248	0	1	1		
Q9Z1Q2	258	0	1	1		
Q9Z1Q2	416	0	1	1		
Q9Z1Q2	496	0	1	1		
Q9Z1Q5	24	1	1	1	4278499999.9999995	1077.50256
Q9Z1Q5	178	1	1	1	4278499999.9999995	1931.96626
Q9Z1Q5	191	1	1	1	4278499999.9999995	1094.62703
Q9Z1Q5	223	1	1	1	4278499999.9999995	2600.12244
Q9Z1Q9	41	0	1	1	7779899999.999999	
Q9Z1Q9	112	0	1	1	7779899999.999999	
Q9Z1Q9	194	0	1	1	7779899999.999999	
Q9Z1Q9	339	0	1	1	7779899999.999999	
Q9Z1Q9	380	0	1	1	7779899999.999999	
Q9Z1Q9	443	0	1	1	7779899999.999999	
Q9Z1Q9	478	1	1	1	7779899999.999999	2291.14675
Q9Z1Q9	562	0	1	1	7779899999.999999	
Q9Z1Q9	662	0	1	1	7779899999.999999	
Q9Z1Q9	681	0	1	1	7779899999.999999	
Q9Z1Q9	916	0	1	1	7779899999.999999	
Q9Z1Q9	926	1	1	1	7779899999.999999	1258.57646
Q9Z1Q9	1051	0	1	1	7779899999.999999	
Q9Z1Q9	1184	0	1	1	7779899999.999999	
Q9Z1T1	508	0	1	1	428940000.0	
Q9Z1T2	343	0	1	1		
Q9Z1X4	116	0	1	1	990160000.0	
Q9Z1X4	203	0	1	1	990160000.0	
Q9Z1Z0	303	1	1	1	1115800000.0	1741.86688
Q9Z1Z0	678	0	1	1	1115800000.0	
Q9Z1Z0	816	1	1	1	1115800000.0	1402.68746
Q9Z1Z2	270	0	1	1	2454000000.0	
Q9Z1Z2	305	0	1	1	2454000000.0	
Q9Z210	99	0	1	1		
Q9Z255	88	1	1	1		2362.11982
Q9Z277	1045	0	1	1	359310000.0	
Q9Z280	1004	0	1	1		
Q9Z2A5	79	0	1	1	36901000.0	
Q9Z2H6	198	0	1	1		
Q9Z2I9	430	1	1	1	629390000.0	1332.62313
Q9Z2L7	95	1	1	1	158210000.0	2828.43651
Q9Z2M7	5	1	1	1	381410000.0	1822.85936
Q9Z2N8	152	0	1	1	471610000.0	
Q9Z2N8	206	0	1	1	471610000.0	
Q9Z2U1	47	0	1	1	3592199999.9999995	
Q9Z2U1	76	1	1	1	3592199999.9999995	2083.0442
Q9Z2V5	98	0	1	1		
Q9Z2W0	36	0	1	1	319830000.0	
Q9Z2X1	267	0	1	1	11269000000.0	
Q9Z2X1	290	1	1	1	11269000000.0	2210.94734
Q9Z2X2	180	0	1	1	65791000.0	
S4R1W1	150	0	1	2	10691000.0	
S4R1W1	154	0	1	2	10691000.0	
