benchmark,strength,replicate,statistic,score,ci_lo,ci_hi,detected,n_positions,n_positive
B1_cleavage,0.0,0,0.03014252491090499,0.03014252491090499,-0.4148386368995928,0.5095902358293575,0,2043,158
B1_cleavage,0.0,1,0.09585628176350462,0.09585628176350462,-0.3817804585848581,0.6023782706602802,0,1977,150
B1_cleavage,0.0,2,0.31309012886216997,0.31309012886216997,-0.14958581262361006,0.8098892897131584,0,1957,150
B1_cleavage,0.0,3,-0.36902698002185536,-0.36902698002185536,-0.8127538534516677,0.061904611454631976,0,1932,150
B1_cleavage,0.0,4,0.46642288554575506,0.46642288554575506,-0.03699275382238962,0.9969999184645941,0,1879,140
B1_cleavage,0.0,5,-0.0428621947938467,-0.0428621947938467,-0.5421458114022387,0.47121475693755804,0,1868,143
B1_cleavage,0.0,6,-0.008265898394315485,-0.008265898394315485,-0.47645842961001217,0.4740674544246786,0,1968,155
B1_cleavage,0.0,7,0.02396188446792113,0.02396188446792113,-0.47378588992697696,0.5768648912090514,0,1848,144
B1_cleavage,0.0,8,-0.3153673708198635,-0.3153673708198635,-0.8190704937913625,0.20512227776708172,0,1911,150
B1_cleavage,0.0,9,-0.17525964232789482,-0.17525964232789482,-0.6650351046943354,0.3063713929362087,0,1968,151
B1_cleavage,0.0,10,0.5045168618962885,0.5045168618962885,0.02605850705499543,1.039758567799704,1,1959,151
B1_cleavage,0.0,11,-0.05156777681394827,-0.05156777681394827,-0.5268021965362603,0.4329801738652405,0,1925,145
B1_cleavage,0.0,12,0.3976342463761953,0.3976342463761953,-0.080869257242695,0.8913677412368299,0,1925,150
B1_cleavage,0.0,13,0.029759666079714524,0.029759666079714524,-0.4157149496309899,0.49277521963893306,0,1883,144
B1_cleavage,0.0,14,6.796856238589173e-05,6.796856238589173e-05,-0.5266512071032061,0.5646401858125036,0,1912,149
B1_cleavage,0.0,15,0.03868322996096816,0.03868322996096816,-0.42445813473764593,0.505470452228827,0,2000,155
B1_cleavage,0.0,16,-0.31461943649334473,-0.31461943649334473,-0.8268808027603608,0.1997211908934303,0,1851,142
B1_cleavage,0.0,17,0.1323013971913761,0.1323013971913761,-0.3282137165866608,0.5955523416182485,0,2007,154
B1_cleavage,0.0,18,-0.04687121647021778,-0.04687121647021778,-0.5464506890064078,0.48962091029552535,0,1903,143
B1_cleavage,0.0,19,-0.2482683020561255,-0.2482683020561255,-0.7566573092836256,0.23606295171543987,0,1822,139
B1_cleavage,0.0,20,-0.3723449756070922,-0.3723449756070922,-0.8371745750531077,0.09648108349817162,0,1962,154
B1_cleavage,0.0,21,0.053722949052247,0.053722949052247,-0.4747951147180405,0.5840853993214095,0,1954,146
B1_cleavage,0.0,22,-0.28441239529131795,-0.28441239529131795,-0.7503260117491483,0.20373076835183085,0,1922,147
B1_cleavage,0.0,23,-0.21451602337061054,-0.21451602337061054,-0.6676609531833647,0.27204609180443345,0,1957,149
B1_cleavage,0.0,24,-0.013123767099352831,-0.013123767099352831,-0.485737825350091,0.47443572879170226,0,1874,144
B1_cleavage,0.0,25,-0.058416265701999176,-0.058416265701999176,-0.501015119182641,0.43639420104301724,0,1921,147
B1_cleavage,0.0,26,0.31183141348000815,0.31183141348000815,-0.16999961939010175,0.8272019518899418,0,1862,144
B1_cleavage,0.0,27,0.1496043217431947,0.1496043217431947,-0.38227559693409424,0.6772031369286796,0,1945,146
B1_cleavage,0.0,28,0.5058387568357089,0.5058387568357089,0.013639600915512438,1.0231147181113098,1,1923,149
B1_cleavage,0.0,29,-0.23209336428455607,-0.23209336428455607,-0.6583362892687594,0.2248466104410915,0,1941,147
B1_cleavage,0.0,30,-0.5372347057495213,-0.5372347057495213,-1.0130163313245322,-0.07128704266660475,1,1964,145
B1_cleavage,0.0,31,-0.020990591012637533,-0.020990591012637533,-0.5792623755994422,0.543536209387058,0,1854,143
B1_cleavage,0.0,32,0.11624875597031763,0.11624875597031763,-0.3839034106532737,0.6456606017745979,0,1893,148
B1_cleavage,0.0,33,-0.5027750719644496,-0.5027750719644496,-0.9986435629455438,-0.040935836238266646,1,1920,146
B1_cleavage,0.0,34,-0.07709052702610592,-0.07709052702610592,-0.5665476228665606,0.45783556509520923,0,2016,154
B1_cleavage,0.0,35,-0.5614148120968687,-0.5614148120968687,-1.0070841403747433,-0.11799906874754344,1,1966,156
B1_cleavage,0.0,36,0.14551717962470825,0.14551717962470825,-0.3313191048965511,0.6459805953856869,0,1978,154
B1_cleavage,0.0,37,0.038738382632422096,0.038738382632422096,-0.45464597971978865,0.5464297803708131,0,1823,141
B1_cleavage,0.0,38,-0.09305795005577663,-0.09305795005577663,-0.5950528964620179,0.4076067279775516,0,1988,153
B1_cleavage,0.0,39,0.1514618450570643,0.1514618450570643,-0.3778197077364893,0.6917857775048644,0,1903,143
B1_cleavage,0.0,40,0.21035863184547873,0.21035863184547873,-0.2816095834105658,0.7000969352090174,0,1946,155
B1_cleavage,0.0,41,-0.6197931129142168,-0.6197931129142168,-1.0911859419151158,-0.15767698549332548,1,1929,148
B1_cleavage,0.0,42,-0.09422072210781847,-0.09422072210781847,-0.5765145743359983,0.42938967254285965,0,1978,151
B1_cleavage,0.0,43,0.2755874768076837,0.2755874768076837,-0.22712497185338357,0.8029504651700892,0,1859,144
B1_cleavage,0.0,44,0.06406226940640894,0.06406226940640894,-0.42304916930851993,0.5603122102703099,0,1916,147
B1_cleavage,0.0,45,-0.6568789869134325,-0.6568789869134325,-1.141761746938747,-0.1678324566231703,1,1864,143
B1_cleavage,0.0,46,0.077278757247062,0.077278757247062,-0.4371713346336249,0.6172454245199112,0,1886,144
B1_cleavage,0.0,47,-0.06660904197248682,-0.06660904197248682,-0.5281538626725985,0.44167676797218497,0,1951,148
B1_cleavage,0.0,48,0.25126570814810845,0.25126570814810845,-0.24271270082171215,0.7705596431675996,0,1888,146
B1_cleavage,0.0,49,-0.36621821117333075,-0.36621821117333075,-0.8520631358406152,0.10556420263328598,0,2012,153
B1_cleavage,0.1,0,0.8224260825053977,0.8224260825053977,0.31811073086623276,1.358060646235851,1,2023,155
B1_cleavage,0.1,1,0.23967280531919546,0.23967280531919546,-0.27871596252228553,0.7910453968189789,0,1898,147
B1_cleavage,0.1,2,0.16542494701192115,0.16542494701192115,-0.3525775622037874,0.7129531686475374,0,1912,150
B1_cleavage,0.1,3,0.3831811568417122,0.3831811568417122,-0.1184535931252315,0.9404096849378497,0,1915,149
B1_cleavage,0.1,4,0.6772859813923724,0.6772859813923724,0.19813298596159426,1.2215879115939103,1,1924,150
B1_cleavage,0.1,5,0.5143661716039368,0.5143661716039368,0.028405486619009844,1.0277269159144378,1,1957,155
B1_cleavage,0.1,6,0.029846814859931917,0.029846814859931917,-0.5058229386576013,0.5793392951519497,0,1872,147
B1_cleavage,0.1,7,0.5197486641987172,0.5197486641987172,0.04045158558753655,1.0533552734437535,1,1902,148
B1_cleavage,0.1,8,-0.31495228434247713,-0.31495228434247713,-0.7936606978443508,0.19320960319571043,0,1827,144
B1_cleavage,0.1,9,0.4713871239653406,0.4713871239653406,-0.007217488253251836,0.9942263590629058,0,1979,147
B1_cleavage,0.1,10,0.3013401555239899,0.3013401555239899,-0.1995479899030492,0.8330474466670318,0,1873,145
B1_cleavage,0.1,11,0.42099879421390024,0.42099879421390024,-0.07526990945131268,0.9338118310536301,0,1974,151
B1_cleavage,0.1,12,0.21475984428946412,0.21475984428946412,-0.25799322035496186,0.7154120535810019,0,2014,155
B1_cleavage,0.1,13,0.4624162121651489,0.4624162121651489,-0.04004265098323742,0.9846039519943565,0,1906,148
B1_cleavage,0.1,14,-0.2298436437070191,-0.2298436437070191,-0.6795304789511157,0.238342993353401,0,1985,151
B1_cleavage,0.1,15,0.601990265737745,0.601990265737745,0.0854855847022821,1.1740570641540717,1,1900,149
B1_cleavage,0.1,16,0.07559734076499722,0.07559734076499722,-0.37604605315837075,0.5374111837668336,0,1897,142
B1_cleavage,0.1,17,0.43519166706536094,0.43519166706536094,-0.07483598453651662,0.9609986173207584,0,1880,142
B1_cleavage,0.1,18,0.2059448915439672,0.2059448915439672,-0.28053672739612573,0.7244419692630126,0,1910,148
B1_cleavage,0.1,19,0.701105242797222,0.701105242797222,0.196602853214958,1.2271684523607687,1,1914,148
B1_cleavage,0.1,20,0.5261021706472945,0.5261021706472945,0.0620335101011901,1.0166089152570277,1,2058,159
B1_cleavage,0.1,21,0.21252065174066948,0.21252065174066948,-0.2626189302890702,0.6880882698592138,0,1925,150
B1_cleavage,0.1,22,0.24608603377308932,0.24608603377308932,-0.2539956289551532,0.7783856488355649,0,1929,149
B1_cleavage,0.1,23,0.3064724351453821,0.3064724351453821,-0.18521897040421695,0.7935984809308593,0,1931,143
B1_cleavage,0.1,24,0.3664762581186633,0.3664762581186633,-0.15072979157594527,0.8916136916753533,0,1926,146
B1_cleavage,0.1,25,0.3045388415171177,0.3045388415171177,-0.1921358366835216,0.830198294005254,0,1914,147
B1_cleavage,0.1,26,1.1667993979106537,1.1667993979106537,0.6399482042464857,1.7344518064754344,1,1997,151
B1_cleavage,0.1,27,0.2400336974936953,0.2400336974936953,-0.2234236356876916,0.7574467149600382,0,1901,144
B1_cleavage,0.1,28,0.16641234689834708,0.16641234689834708,-0.3040711807185443,0.6597199168109338,0,1872,146
B1_cleavage,0.1,29,0.9483813892947676,0.9483813892947676,0.427098549268617,1.5091629078566884,1,1872,146
B1_cleavage,0.1,30,0.6709401139319656,0.6709401139319656,0.16467062031834773,1.2404329637598033,1,1936,150
B1_cleavage,0.1,31,0.21816893132780224,0.21816893132780224,-0.2837512951449148,0.7344833618688477,0,1956,151
B1_cleavage,0.1,32,0.48065269652521797,0.48065269652521797,-0.01799358478680625,1.0063626256819413,0,1934,151
B1_cleavage,0.1,33,0.302896134833346,0.302896134833346,-0.22534265217113852,0.8908672495905603,0,1976,153
B1_cleavage,0.1,34,-0.03794888062733818,-0.03794888062733818,-0.5323051535046489,0.46397334799257284,0,1946,147
B1_cleavage,0.1,35,0.4451868880182855,0.4451868880182855,-0.07514680388238609,0.9942056949656447,0,1842,142
B1_cleavage,0.1,36,0.23089744668465284,0.23089744668465284,-0.23776759792756672,0.7264239559670497,0,1905,141
B1_cleavage,0.1,37,-0.004004707750900178,-0.004004707750900178,-0.5049311659604039,0.5225478529000491,0,1876,140
B1_cleavage,0.1,38,-0.1408625358398495,-0.1408625358398495,-0.6112382866152779,0.3554922736424683,0,1918,148
B1_cleavage,0.1,39,0.6092113068199124,0.6092113068199124,0.07759937625290343,1.187850986368525,1,1894,144
B1_cleavage,0.1,40,0.2546104026925189,0.2546104026925189,-0.1993781219802022,0.7430403132301153,0,1931,150
B1_cleavage,0.1,41,0.39625537344031353,0.39625537344031353,-0.09678357414067394,0.9433295117443206,0,1792,138
B1_cleavage,0.1,42,0.06491143525798458,0.06491143525798458,-0.42154044874661933,0.5832643987032318,0,1867,143
B1_cleavage,0.1,43,0.08991613073087619,0.08991613073087619,-0.3839028072831891,0.5857233073906428,0,1892,146
B1_cleavage,0.1,44,0.09268087503427243,0.09268087503427243,-0.38008756546909356,0.5918090081632901,0,1902,145
B1_cleavage,0.1,45,-0.2495520272527146,-0.2495520272527146,-0.7485473746331766,0.26989753263633454,0,1901,143
B1_cleavage,0.1,46,0.01397140894378936,0.01397140894378936,-0.4805979208855156,0.5269058579524815,0,1843,143
B1_cleavage,0.1,47,0.21735958209128708,0.21735958209128708,-0.2803702035477734,0.7408985225635834,0,1937,151
B1_cleavage,0.1,48,0.13152964813784454,0.13152964813784454,-0.31201465823261776,0.6130198142798169,0,1892,147
B1_cleavage,0.1,49,0.38902574123840683,0.38902574123840683,-0.11034116340881259,0.9068636487550356,0,2013,153
B1_cleavage,0.25,0,0.6507981930895057,0.6507981930895057,0.12609344443786238,1.2005749684963314,1,1949,149
B1_cleavage,0.25,1,0.9497215662728693,0.9497215662728693,0.42099551974084,1.5267334757472293,1,1882,147
B1_cleavage,0.25,2,0.7275384060015248,0.7275384060015248,0.20343993019761217,1.2840913549750526,1,1948,152
B1_cleavage,0.25,3,0.6033774165748562,0.6033774165748562,0.06468599951322855,1.170686844826971,1,1867,142
B1_cleavage,0.25,4,0.8830018660141244,0.8830018660141244,0.3514112077005686,1.4532972076861044,1,1925,149
B1_cleavage,0.25,5,0.9694728893495179,0.9694728893495179,0.4756749862772914,1.527789314557635,1,1930,149
B1_cleavage,0.25,6,0.7674177216215162,0.7674177216215162,0.2601868644644663,1.3644495360763844,1,1995,149
B1_cleavage,0.25,7,0.6625122005720521,0.6625122005720521,0.17434710243417778,1.1936844901358856,1,1931,151
B1_cleavage,0.25,8,0.5998443881348857,0.5998443881348857,0.06711978397432683,1.1511616248778271,1,1930,145
B1_cleavage,0.25,9,0.7416294296968103,0.7416294296968103,0.29475688759556795,1.230341969461744,1,1981,150
B1_cleavage,0.25,10,1.09232218331834,1.09232218331834,0.5417799060219578,1.6863477424913667,1,1855,141
B1_cleavage,0.25,11,0.6894331067127696,0.6894331067127696,0.18023781992441165,1.2327937959761208,1,1878,148
B1_cleavage,0.25,12,0.7182039579322841,0.7182039579322841,0.22056060873120487,1.2622188187937542,1,1880,142
B1_cleavage,0.25,13,0.812594441104465,0.812594441104465,0.32961249595679915,1.3506376851146717,1,1947,151
B1_cleavage,0.25,14,0.803462946129838,0.803462946129838,0.29447817132233917,1.3688180011601798,1,1947,146
B1_cleavage,0.25,15,0.6818159813279122,0.6818159813279122,0.16926476261209855,1.2454541584558252,1,1909,146
B1_cleavage,0.25,16,0.9437413312375842,0.9437413312375842,0.3885539423190363,1.5895642698120962,1,1895,144
B1_cleavage,0.25,17,1.5120288963195856,1.5120288963195856,0.9624250591429931,2.167951272583015,1,1928,143
B1_cleavage,0.25,18,0.7684002848835608,0.7684002848835608,0.2651826136458748,1.2999460229669422,1,1888,142
B1_cleavage,0.25,19,0.51841430917841,0.51841430917841,0.035656392308447034,1.0225971318228237,1,1904,146
B1_cleavage,0.25,20,0.6709943081677187,0.6709943081677187,0.17241476147664997,1.193506793422421,1,1958,148
B1_cleavage,0.25,21,0.2909580207790588,0.2909580207790588,-0.20309674124811436,0.8087146796788363,0,1848,147
B1_cleavage,0.25,22,0.4308970907314208,0.4308970907314208,-0.08212877015548573,0.9694501069279001,0,1883,145
B1_cleavage,0.25,23,0.6312401841752859,0.6312401841752859,0.11041609912859235,1.1803942494885793,1,1999,154
B1_cleavage,0.25,24,0.2729858497111974,0.2729858497111974,-0.1750000500119042,0.7550859858872812,0,1947,154
B1_cleavage,0.25,25,0.8554087161419621,0.8554087161419621,0.33278609158345135,1.4586704326541997,1,1928,151
B1_cleavage,0.25,26,1.1040041885175351,1.1040041885175351,0.5594067316678345,1.7454291083576534,1,1974,154
B1_cleavage,0.25,27,0.7737123828123897,0.7737123828123897,0.2948513689087041,1.3379514661831446,1,1910,149
B1_cleavage,0.25,28,0.59977911141104,0.59977911141104,0.07600529627157532,1.1850118633579365,1,1940,147
B1_cleavage,0.25,29,0.7933344782450263,0.7933344782450263,0.30671888639890266,1.334870246849126,1,1937,149
B1_cleavage,0.25,30,0.23934433706870958,0.23934433706870958,-0.2471622668310676,0.7452574562694271,0,1929,149
B1_cleavage,0.25,31,0.9433367070054037,0.9433367070054037,0.5051106404934766,1.4375247597759602,1,2028,155
B1_cleavage,0.25,32,1.0433297307888638,1.0433297307888638,0.5658139822773876,1.579728537530034,1,1844,145
B1_cleavage,0.25,33,0.7091692018576334,0.7091692018576334,0.2004734434248145,1.2580852199878139,1,1955,151
B1_cleavage,0.25,34,0.3117806928243875,0.3117806928243875,-0.15347349755314407,0.8108073752313494,0,1930,147
B1_cleavage,0.25,35,0.48787090850593345,0.48787090850593345,0.008689585308735013,1.0073930475290864,1,1927,148
B1_cleavage,0.25,36,0.38554577293079106,0.38554577293079106,-0.10955574383668007,0.9241745469577026,0,1872,144
B1_cleavage,0.25,37,0.7580783208612729,0.7580783208612729,0.2724404524690726,1.284843685611351,1,1991,149
B1_cleavage,0.25,38,0.4418642814307335,0.4418642814307335,-0.07020727428555548,1.0123685456988138,0,1941,146
B1_cleavage,0.25,39,0.307437049445637,0.307437049445637,-0.2020619995647642,0.8385359692218551,0,1919,148
B1_cleavage,0.25,40,0.8836770337122294,0.8836770337122294,0.3911489233815642,1.4631925059612205,1,1953,146
B1_cleavage,0.25,41,0.20948861770383537,0.20948861770383537,-0.24923572704637065,0.6935218801798483,0,2055,156
B1_cleavage,0.25,42,0.5804836402624323,0.5804836402624323,0.06532175649894455,1.1094665303616902,1,2000,156
B1_cleavage,0.25,43,0.3754061880376315,0.3754061880376315,-0.12197078157133633,0.9095011435773679,0,1965,151
B1_cleavage,0.25,44,0.4804772132334855,0.4804772132334855,-0.03479872530353468,1.0087947680764777,0,1807,142
B1_cleavage,0.25,45,0.3192208687687416,0.3192208687687416,-0.14921522404473977,0.8100541560351044,0,2000,155
B1_cleavage,0.25,46,0.6664293309190173,0.6664293309190173,0.1768385429586724,1.1994495125673759,1,1904,148
B1_cleavage,0.25,47,0.8883436265723461,0.8883436265723461,0.39477630767916794,1.4393181447940102,1,1906,145
B1_cleavage,0.25,48,0.7877035657240742,0.7877035657240742,0.31643337407607314,1.334650175530834,1,1932,154
B1_cleavage,0.25,49,0.8476607463142544,0.8476607463142544,0.35069915978893595,1.4415102174976473,1,1929,148
B1_cleavage,0.5,0,1.2992059813283507,1.2992059813283507,0.781159720514294,1.8992975506449097,1,1901,150
B1_cleavage,0.5,1,1.548618880040561,1.548618880040561,1.0176106375167326,2.1764567383710802,1,1904,143
B1_cleavage,0.5,2,1.506639404685815,1.506639404685815,0.9893587599843485,2.1135311395582783,1,2004,155
B1_cleavage,0.5,3,0.9346322936077719,0.9346322936077719,0.42056790877791145,1.498966588375927,1,1949,151
B1_cleavage,0.5,4,2.3751516304977995,2.3751516304977995,1.701622617494466,3.269550276061248,1,1936,144
B1_cleavage,0.5,5,1.402176685779796,1.402176685779796,0.9095212508265791,2.0132661088463197,1,2111,161
B1_cleavage,0.5,6,1.5200145248199004,1.5200145248199004,0.9653886146003711,2.207131301234758,1,1842,142
B1_cleavage,0.5,7,1.4371500463953162,1.4371500463953162,0.8872564877309688,2.0729755446759373,1,1944,148
B1_cleavage,0.5,8,1.0940641813993448,1.0940641813993448,0.5844933403209446,1.6926929460535751,1,1812,139
B1_cleavage,0.5,9,1.7487855947624933,1.7487855947624933,1.1521898237860837,2.4489644446665526,1,1831,138
B1_cleavage,0.5,10,1.3326137483774514,1.3326137483774514,0.7928301382023587,1.9680888151270954,1,1868,144
B1_cleavage,0.5,11,1.6440797041563642,1.6440797041563642,1.114526686136803,2.2855314874672503,1,2064,157
B1_cleavage,0.5,12,1.5589654623426896,1.5589654623426896,1.0183572264541672,2.1970683559449067,1,1979,153
B1_cleavage,0.5,13,2.02457743436109,2.02457743436109,1.4085456924230582,2.7812639663234293,1,1927,149
B1_cleavage,0.5,14,1.732620735701908,1.732620735701908,1.165112561538314,2.4413279237018655,1,1948,145
B1_cleavage,0.5,15,1.4343148621164028,1.4343148621164028,0.8650132522515367,2.127740909055212,1,1804,139
B1_cleavage,0.5,16,1.849112766337463,1.849112766337463,1.2510417230712547,2.5470627757803403,1,1772,136
B1_cleavage,0.5,17,1.5613167123506833,1.5613167123506833,1.0237133518074806,2.222316085552968,1,1868,141
B1_cleavage,0.5,18,1.56762426875168,1.56762426875168,1.0111356653545154,2.2400938680850433,1,1841,138
B1_cleavage,0.5,19,1.2826810101431174,1.2826810101431174,0.737013678439746,1.8710733972406124,1,1959,145
B1_cleavage,0.5,20,0.723998584096142,0.723998584096142,0.23603298810818896,1.2484566612760197,1,1863,139
B1_cleavage,0.5,21,1.4195716924989963,1.4195716924989963,0.8952586602143109,2.02925536518097,1,1944,151
B1_cleavage,0.5,22,1.6686183631865232,1.6686183631865232,1.093701166987785,2.354914938515622,1,1892,142
B1_cleavage,0.5,23,1.3819467591208838,1.3819467591208838,0.8228125320072275,2.0565069820122788,1,1942,149
B1_cleavage,0.5,24,1.422151895722329,1.422151895722329,0.8519229047486578,2.0775942673222167,1,1804,135
B1_cleavage,0.5,25,1.5213359387429144,1.5213359387429144,0.9555669616911858,2.1937854982111706,1,1981,147
B1_cleavage,0.5,26,1.0952447632288709,1.0952447632288709,0.6000929081188267,1.6481269478075493,1,1821,141
B1_cleavage,0.5,27,1.5890699703919973,1.5890699703919973,1.0674164291003674,2.2419414860533196,1,1990,157
B1_cleavage,0.5,28,1.715708812977221,1.715708812977221,1.1593558609628238,2.3887411359817365,1,1984,153
B1_cleavage,0.5,29,1.4436882085940463,1.4436882085940463,0.8636089772916743,2.117213899263644,1,1893,143
B1_cleavage,0.5,30,0.8011401514458782,0.8011401514458782,0.30328079613276254,1.3819177719508444,1,1899,146
B1_cleavage,0.5,31,1.932841539477187,1.932841539477187,1.359843647182179,2.660556720529279,1,1936,148
B1_cleavage,0.5,32,1.6983801959627975,1.6983801959627975,1.1167989026142628,2.355083577575402,1,1989,151
B1_cleavage,0.5,33,1.1389783622684715,1.1389783622684715,0.5984556116934794,1.749832997953033,1,1954,150
B1_cleavage,0.5,34,1.3066267024003302,1.3066267024003302,0.7583351229097813,1.9221298642790297,1,1934,150
B1_cleavage,0.5,35,1.1241605843323788,1.1241605843323788,0.566653170560842,1.7587942469746334,1,1803,134
B1_cleavage,0.5,36,1.2454299574133187,1.2454299574133187,0.7319938520816661,1.846253082099363,1,1946,150
B1_cleavage,0.5,37,1.3570168057140244,1.3570168057140244,0.852269935797144,1.981338988781244,1,1924,149
B1_cleavage,0.5,38,1.3983699228471598,1.3983699228471598,0.8417539464192033,2.0502843057645586,1,1928,153
B1_cleavage,0.5,39,1.1567903016861114,1.1567903016861114,0.661952223946693,1.7590506832855664,1,1893,143
B1_cleavage,0.5,40,1.7216649551272183,1.7216649551272183,1.1612180570758972,2.3851923279119616,1,1990,151
B1_cleavage,0.5,41,1.6003833783843007,1.6003833783843007,1.079899602055668,2.2280808079866428,1,2040,157
B1_cleavage,0.5,42,1.423984336279751,1.423984336279751,0.9073400506378487,2.0442207723754637,1,1955,151
B1_cleavage,0.5,43,1.3236000325567545,1.3236000325567545,0.8524697877574055,1.8832951089424685,1,1932,149
B1_cleavage,0.5,44,1.4526936438023148,1.4526936438023148,0.9113540007506007,2.06059825524137,1,1944,152
B1_cleavage,0.5,45,1.4186227483365512,1.4186227483365512,0.8734956194182308,2.0744791559073628,1,1953,148
B1_cleavage,0.5,46,1.569206798141973,1.569206798141973,1.0388784335141756,2.2181748626600397,1,1918,143
B1_cleavage,0.5,47,2.2564737038049376,2.2564737038049376,1.647779833559928,3.0275952612631216,1,1967,150
B1_cleavage,0.5,48,1.0745336805503263,1.0745336805503263,0.5930003980535697,1.6130296749155724,1,1956,147
B1_cleavage,0.5,49,2.04257494172572,2.04257494172572,1.4392481620081854,2.8258942624520187,1,2023,146
B1_cleavage,0.75,0,3.073306702898948,3.073306702898948,2.383061776241461,4.104848574952947,1,1966,147
B1_cleavage,0.75,1,2.2257854639132657,2.2257854639132657,1.651345858991029,2.964711161268054,1,1835,139
B1_cleavage,0.75,2,2.2008433137844743,2.2008433137844743,1.632380773100051,2.9480962421065,1,1869,143
B1_cleavage,0.75,3,2.161257129762338,2.161257129762338,1.52985847736178,2.970179231176393,1,1811,139
B1_cleavage,0.75,4,2.576120590079555,2.576120590079555,1.944008743958769,3.384005707546838,1,1975,155
B1_cleavage,0.75,5,2.476183944659571,2.476183944659571,1.8244762652718394,3.3270719892347955,1,1949,152
B1_cleavage,0.75,6,3.161576060959642,3.161576060959642,2.4449931474693702,4.2682978975629995,1,1898,138
B1_cleavage,0.75,7,3.8220353754577534,3.8220353754577534,2.997681980297288,5.286173862099058,1,1964,148
B1_cleavage,0.75,8,2.8620125282343585,2.8620125282343585,2.1312333905002627,3.8364845377269563,1,1916,143
B1_cleavage,0.75,9,2.2348262622821466,2.2348262622821466,1.5587500221274317,3.0923567719569003,1,1869,140
B1_cleavage,0.75,10,3.386445129588039,3.386445129588039,2.6438496988583418,4.472122106353597,1,1886,141
B1_cleavage,0.75,11,3.192213529664508,3.192213529664508,2.4675050718787546,4.312948343136853,1,1830,137
B1_cleavage,0.75,12,3.029548786284305,3.029548786284305,2.323863272351452,4.045560011476482,1,1903,146
B1_cleavage,0.75,13,2.568042939735264,2.568042939735264,1.819254750505525,3.5850822348239038,1,2007,149
B1_cleavage,0.75,14,3.8899106151938168,3.8899106151938168,2.982790994428706,5.516789865523244,1,1914,148
B1_cleavage,0.75,15,2.6897159706396168,2.6897159706396168,2.024350677688689,3.6593538681088034,1,1862,142
B1_cleavage,0.75,16,3.0769023234293575,3.0769023234293575,2.3314350549384537,4.2053437729427925,1,1906,138
B1_cleavage,0.75,17,2.1838068297047615,2.1838068297047615,1.5508196442586097,2.9519789122961515,1,1980,150
B1_cleavage,0.75,18,2.4533104127663137,2.4533104127663137,1.827379529797151,3.2954947470362286,1,1984,151
B1_cleavage,0.75,19,2.897864902152404,2.897864902152404,2.2413129839205825,3.7871396924105305,1,2008,154
B1_cleavage,0.75,20,3.6569718902977835,3.6569718902977835,2.8238531077601383,4.928984146834131,1,1860,142
B1_cleavage,0.75,21,2.260313301121108,2.260313301121108,1.6289062950705036,3.017252007029688,1,1874,145
B1_cleavage,0.75,22,2.1471086984588195,2.1471086984588195,1.4722800462344028,2.9751746397800862,1,1916,142
B1_cleavage,0.75,23,3.2038160956457764,3.2038160956457764,2.4872822974557147,4.250345214231995,1,1929,148
B1_cleavage,0.75,24,2.6105097509158908,2.6105097509158908,1.909799941941732,3.53738971330915,1,1906,144
B1_cleavage,0.75,25,2.1270842615237564,2.1270842615237564,1.5456340667635007,2.8651866448500063,1,1911,142
B1_cleavage,0.75,26,3.326201932002464,3.326201932002464,2.60145229072489,4.470333515439999,1,1893,144
B1_cleavage,0.75,27,2.366848213007042,2.366848213007042,1.7416157152372138,3.1967095797069973,1,1907,144
B1_cleavage,0.75,28,2.499062283828555,2.499062283828555,1.8445976937754465,3.393130187517152,1,1909,146
B1_cleavage,0.75,29,2.1587602407767488,2.1587602407767488,1.5025931071173668,2.991157469788833,1,1952,144
B1_cleavage,0.75,30,2.4759077751564726,2.4759077751564726,1.89322157102399,3.2118508357812074,1,2031,155
B1_cleavage,0.75,31,2.4223416770872634,2.4223416770872634,1.7885566150068748,3.2394372335663446,1,1963,150
B1_cleavage,0.75,32,2.4147390783332257,2.4147390783332257,1.775196701174138,3.2559735255372937,1,1788,133
B1_cleavage,0.75,33,3.101447161600115,3.101447161600115,2.3992434791476835,4.083831832855851,1,1960,150
B1_cleavage,0.75,34,2.852001324844273,2.852001324844273,2.1769242441258654,3.755447567146634,1,1979,153
B1_cleavage,0.75,35,2.345615628892422,2.345615628892422,1.7228342236544065,3.1377799160986086,1,1907,145
B1_cleavage,0.75,36,2.3072297986739274,2.3072297986739274,1.6246402911091404,3.1813816025370545,1,1937,150
B1_cleavage,0.75,37,2.477225003405709,2.477225003405709,1.8643902764069447,3.3195174190415004,1,1984,154
B1_cleavage,0.75,38,2.1476993381675933,2.1476993381675933,1.5867720065106847,2.8757607201507285,1,1922,150
B1_cleavage,0.75,39,3.140503144009314,3.140503144009314,2.3918844229082707,4.2091996700754315,1,1870,141
B1_cleavage,0.75,40,2.537171321833935,2.537171321833935,1.8631682400177756,3.411145600737328,1,1870,139
B1_cleavage,0.75,41,2.1629132484900233,2.1629132484900233,1.5620172967506678,2.874943492997508,1,1911,143
B1_cleavage,0.75,42,2.7297835613680745,2.7297835613680745,2.0311968574127195,3.6558794635481675,1,1858,140
B1_cleavage,0.75,43,2.4662590100099493,2.4662590100099493,1.7644365106683777,3.370964932127233,1,1912,145
B1_cleavage,0.75,44,3.0124143875213196,3.0124143875213196,2.2971554516287798,3.9795499035448527,1,1966,151
B1_cleavage,0.75,45,2.538868334845652,2.538868334845652,1.9151922682389058,3.3866426384860753,1,2025,152
B1_cleavage,0.75,46,2.821796388069764,2.821796388069764,2.169387767391751,3.703111921687965,1,1967,148
B1_cleavage,0.75,47,2.6727070137583198,2.6727070137583198,2.007336042621168,3.5163167618710767,1,1990,152
B1_cleavage,0.75,48,2.587384251582559,2.587384251582559,1.9101826374344557,3.4659810320574214,1,1866,144
B1_cleavage,0.75,49,2.5333355950466374,2.5333355950466374,1.839213719710215,3.4858790317753,1,1936,148
B1_cleavage,1.0,0,7.820103217588964,7.820103217588964,7.547743179983303,8.069131601557698,1,1981,153
B1_cleavage,1.0,1,7.854576470132688,7.854576470132688,7.580577404061119,8.09851890687845,1,1961,148
B1_cleavage,1.0,2,7.842861567485631,7.842861567485631,7.583507048486297,8.080211385029596,1,1949,151
B1_cleavage,1.0,3,7.825487212411357,7.825487212411357,7.5398193912117435,8.081474914009616,1,1871,145
B1_cleavage,1.0,4,7.841187831988252,7.841187831988252,7.562932476471185,8.091396713498607,1,1915,141
B1_cleavage,1.0,5,7.9534776098646285,7.9534776098646285,7.659671216212931,8.219400923557624,1,1931,146
B1_cleavage,1.0,6,7.975922231136539,7.975922231136539,7.726375115397049,8.211828188776991,1,1969,151
B1_cleavage,1.0,7,7.703635192720746,7.703635192720746,7.438069045593449,7.949318443470037,1,1996,144
B1_cleavage,1.0,8,7.928491090563622,7.928491090563622,7.6585206333253915,8.174976390233352,1,2021,154
B1_cleavage,1.0,9,7.8843436352741465,7.8843436352741465,7.589048047102728,8.148157522582423,1,1967,150
B1_cleavage,1.0,10,7.896736952944304,7.896736952944304,7.618691207354129,8.146028532966321,1,2034,149
B1_cleavage,1.0,11,7.920381472738687,7.920381472738687,7.62263225011,8.179417145479627,1,1989,148
B1_cleavage,1.0,12,7.8349566414891205,7.8349566414891205,7.551061853364628,8.082726582837317,1,1967,147
B1_cleavage,1.0,13,7.755944897510229,7.755944897510229,7.467692186482392,8.023380400291652,1,1903,139
B1_cleavage,1.0,14,8.036484021604947,8.036484021604947,7.750352475849252,8.295631860449822,1,1776,136
B1_cleavage,1.0,15,7.854587154413013,7.854587154413013,7.5761253175891206,8.111934457255193,1,1887,140
B1_cleavage,1.0,16,8.029131931141196,8.029131931141196,7.7275012257097915,8.299273703406135,1,1972,149
B1_cleavage,1.0,17,7.924009578918488,7.924009578918488,7.649414806329783,8.17897873265405,1,1962,148
B1_cleavage,1.0,18,7.922363105664463,7.922363105664463,7.633720591643536,8.190558556237102,1,1932,148
B1_cleavage,1.0,19,7.7997971104113395,7.7997971104113395,7.541223513923446,8.03388898079437,1,1990,147
B1_cleavage,1.0,20,7.927644762179077,7.927644762179077,7.65433212707311,8.18141761981213,1,1921,145
B1_cleavage,1.0,21,7.805888157114931,7.805888157114931,7.507746324706643,8.079267397731902,1,1886,142
B1_cleavage,1.0,22,7.8946641789099825,7.8946641789099825,7.617209026885576,8.154809460185286,1,1947,151
B1_cleavage,1.0,23,7.860566709269422,7.860566709269422,7.566388453064367,8.129766837744159,1,1862,141
B1_cleavage,1.0,24,7.730316086410738,7.730316086410738,7.434914921420758,8.009041092556691,1,1900,139
B1_cleavage,1.0,25,7.96977218174392,7.96977218174392,7.693923008601926,8.226548991852747,1,2013,151
B1_cleavage,1.0,26,7.838648092448167,7.838648092448167,7.564480593847079,8.09655809168978,1,1872,139
B1_cleavage,1.0,27,8.041461669993685,8.041461669993685,7.753558574303008,8.312289525287529,1,1970,147
B1_cleavage,1.0,28,7.829119773567763,7.829119773567763,7.533286891162342,8.092006988881495,1,1939,147
B1_cleavage,1.0,29,7.682427290153999,7.682427290153999,7.385570703023594,7.962152012559702,1,1865,141
B1_cleavage,1.0,30,7.850377518725396,7.850377518725396,7.5480863906225855,8.112706522506748,1,1896,146
B1_cleavage,1.0,31,7.79503387204786,7.79503387204786,7.4999489034038005,8.061492335023368,1,1900,144
B1_cleavage,1.0,32,7.838381954098434,7.838381954098434,7.550383211059289,8.093936394255447,1,1943,144
B1_cleavage,1.0,33,7.943451049736809,7.943451049736809,7.667317292055831,8.192283814656285,1,2005,151
B1_cleavage,1.0,34,7.9207907776682545,7.9207907776682545,7.642122681480421,8.181758565733382,1,1896,144
B1_cleavage,1.0,35,7.969510215686104,7.969510215686104,7.674637047458368,8.238953796177276,1,2032,152
B1_cleavage,1.0,36,7.91402942111464,7.91402942111464,7.603599569676195,8.197448100075242,1,1939,145
B1_cleavage,1.0,37,7.851054589804896,7.851054589804896,7.55674111090736,8.11458051238365,1,1926,147
B1_cleavage,1.0,38,7.682552052761711,7.682552052761711,7.386862633096866,7.948212434438436,1,1890,140
B1_cleavage,1.0,39,7.833441116880129,7.833441116880129,7.551938547264944,8.085848440209414,1,1908,142
B1_cleavage,1.0,40,7.871239643022709,7.871239643022709,7.5811494166558075,8.128716887239287,1,1876,140
B1_cleavage,1.0,41,7.815246631668986,7.815246631668986,7.5058267955978675,8.099701125946948,1,1835,136
B1_cleavage,1.0,42,7.715053329972652,7.715053329972652,7.439821099334112,7.950092428519802,1,1946,143
B1_cleavage,1.0,43,7.822912202969166,7.822912202969166,7.499109246195997,8.116309844536731,1,1915,140
B1_cleavage,1.0,44,8.02712497931343,8.02712497931343,7.739190490783564,8.278540863765718,1,2037,156
B1_cleavage,1.0,45,7.804338868533593,7.804338868533593,7.543064846529769,8.048623031626196,1,1928,142
B1_cleavage,1.0,46,7.878530599997654,7.878530599997654,7.587704136855316,8.151872417021234,1,1880,140
B1_cleavage,1.0,47,7.851723845298601,7.851723845298601,7.54723478401222,8.128200330893273,1,1927,144
B1_cleavage,1.0,48,7.868751430271642,7.868751430271642,7.575316892285638,8.128187873698085,1,1993,147
B1_cleavage,1.0,49,7.895061988725001,7.895061988725001,7.5863958669117135,8.170269356293524,1,1890,143
B2_abundance,0.0,0,0.4882693751347173,0.4882693751347173,0.46714771028898877,0.5094760259574188,0,3000,1188
B2_abundance,0.0,1,0.5063234665218045,0.5063234665218045,0.4853516253735589,0.5278429980234278,0,3000,1205
B2_abundance,0.0,2,0.48071492086402456,0.48071492086402456,0.46027750638161175,0.5016282813112023,0,3000,1222
B2_abundance,0.0,3,0.5127297808593309,0.5127297808593309,0.49163990618636194,0.5330858045278826,0,3000,1198
B2_abundance,0.0,4,0.5078641112842248,0.5078641112842248,0.4863646404628314,0.5284551479169909,0,3000,1182
B2_abundance,0.0,5,0.5052969100626744,0.5052969100626744,0.4847021292117631,0.52680174280122,0,3000,1209
B2_abundance,0.0,6,0.4952848945674553,0.4952848945674553,0.47400668067354984,0.5163026316534639,0,3000,1188
B2_abundance,0.0,7,0.5330982103220641,0.5330982103220641,0.5115284361925965,0.5547542832904145,1,3000,1193
B2_abundance,0.0,8,0.5019151306931613,0.5019151306931613,0.481049648649001,0.523279407503183,0,3000,1190
B2_abundance,0.0,9,0.5135197964304805,0.5135197964304805,0.49227339142582777,0.5342867527419423,0,3000,1192
B2_abundance,0.0,10,0.5186721041804976,0.5186721041804976,0.498013409579265,0.5399791840130723,0,3000,1169
B2_abundance,0.0,11,0.4783592514613132,0.4783592514613132,0.4565510557067208,0.4987414957310278,1,3000,1181
B2_abundance,0.0,12,0.4896849974974975,0.4896849974974975,0.4688164748415711,0.5107917615911705,0,3000,1224
B2_abundance,0.0,13,0.521174668066289,0.521174668066289,0.5002930846836743,0.5422774678207481,1,3000,1214
B2_abundance,0.0,14,0.5122544862918601,0.5122544862918601,0.49071283316320463,0.5331427172704001,0,3000,1178
B2_abundance,0.0,15,0.5066880284407854,0.5066880284407854,0.4852610578647465,0.5278903584322598,0,3000,1165
B2_abundance,0.0,16,0.5097593477371052,0.5097593477371052,0.48941681392638836,0.5308991080563256,0,3000,1234
B2_abundance,0.0,17,0.491171508678398,0.491171508678398,0.4714016526982448,0.5123826209793377,0,3000,1209
B2_abundance,0.0,18,0.4934072022160665,0.4934072022160665,0.4721700234784703,0.5154077562880475,0,3000,1195
B2_abundance,0.0,19,0.49120233168172545,0.49120233168172545,0.47005231267186653,0.51173361091183,0,3000,1175
B2_abundance,0.0,20,0.49883542683652815,0.49883542683652815,0.4775324927143544,0.5207207484239055,0,3000,1184
B2_abundance,0.0,21,0.5053741549553002,0.5053741549553002,0.4843361596311728,0.5266931552657864,0,3000,1219
B2_abundance,0.0,22,0.5041626023322772,0.5041626023322772,0.4830711032195664,0.5258924725012252,0,3000,1207
B2_abundance,0.0,23,0.5024699382515437,0.5024699382515437,0.4816101688374144,0.5236896575210148,0,3000,1190
B2_abundance,0.0,24,0.5042627382697947,0.5042627382697947,0.48319565909992823,0.5248893344620422,0,3000,1240
B2_abundance,0.0,25,0.4942256231671554,0.4942256231671554,0.47278789211219047,0.5155055572858122,0,3000,1240
B2_abundance,0.0,26,0.5029398031015597,0.5029398031015597,0.48229188823271557,0.5241757598417771,0,3000,1184
B2_abundance,0.0,27,0.4899432106745464,0.4899432106745464,0.46906608276245026,0.5110038578083245,0,3000,1210
B2_abundance,0.0,28,0.5009365156332031,0.5009365156332031,0.4795726305463674,0.5227008767179884,0,3000,1264
B2_abundance,0.0,29,0.48826123918035685,0.48826123918035685,0.467666833917348,0.5087707470178848,0,3000,1224
B2_abundance,0.0,30,0.4902976621629612,0.4902976621629612,0.46935860229503157,0.5116597448701464,0,3000,1208
B2_abundance,0.0,31,0.48294555845287324,0.48294555845287324,0.4617542254908382,0.5038830105317613,0,3000,1141
B2_abundance,0.0,32,0.5196222333542712,0.5196222333542712,0.4985505271672026,0.5407466439180556,0,3000,1217
B2_abundance,0.0,33,0.5102338272658677,0.5102338272658677,0.48927505924850323,0.5321089095344176,0,3000,1221
B2_abundance,0.0,34,0.4874807448075718,0.4874807448075718,0.46637489679515287,0.509136618502035,0,3000,1239
B2_abundance,0.0,35,0.484941263684307,0.484941263684307,0.46455119126201866,0.5056929646318121,0,3000,1251
B2_abundance,0.0,36,0.48786925643082146,0.48786925643082146,0.4670969675549903,0.5086304019890486,0,3000,1185
B2_abundance,0.0,37,0.5158540709956823,0.5158540709956823,0.49484368656536676,0.5371797189945047,0,3000,1183
B2_abundance,0.0,38,0.5145903780272144,0.5145903780272144,0.4940987585419131,0.535991470650915,0,3000,1204
B2_abundance,0.0,39,0.5169502657879839,0.5169502657879839,0.49514973852613803,0.5381518295760436,0,3000,1167
B2_abundance,0.0,40,0.47408872048965317,0.47408872048965317,0.4521218534441206,0.4953771916586921,1,3000,1175
B2_abundance,0.0,41,0.5321701860873881,0.5321701860873881,0.5109497288280127,0.5531158691678951,1,3000,1174
B2_abundance,0.0,42,0.5113744645556618,0.5113744645556618,0.49024545554534776,0.5329202564633739,0,3000,1191
B2_abundance,0.0,43,0.5059954897227272,0.5059954897227272,0.48471014862526424,0.5277585105086321,0,3000,1131
B2_abundance,0.0,44,0.5039247602874326,0.5039247602874326,0.48340865326530674,0.5251102373585653,0,3000,1196
B2_abundance,0.0,45,0.495288201656949,0.495288201656949,0.47447673456168216,0.5161588847961506,0,3000,1139
B2_abundance,0.0,46,0.49885352073859723,0.49885352073859723,0.4781647918406951,0.5200516167922159,0,3000,1230
B2_abundance,0.0,47,0.5146659683861824,0.5146659683861824,0.4932766711324673,0.5361636326340202,0,3000,1209
B2_abundance,0.0,48,0.47862684106331055,0.47862684106331055,0.45776907909597997,0.49926081697776464,1,3000,1211
B2_abundance,0.0,49,0.4977641489718499,0.4977641489718499,0.4772782653395122,0.5184271849732018,0,3000,1213
B2_abundance,0.1,0,0.5326806084614956,0.5326806084614956,0.5117369723055848,0.5535633784684558,1,3000,1213
B2_abundance,0.1,1,0.5357875916853446,0.5357875916853446,0.5150912810304694,0.5567379977748075,1,3000,1202
B2_abundance,0.1,2,0.5305149051490515,0.5305149051490515,0.5092462374096876,0.5516980650383823,1,3000,1230
B2_abundance,0.1,3,0.5456963619244252,0.5456963619244252,0.5246738339227428,0.5669784453120875,1,3000,1285
B2_abundance,0.1,4,0.5517693694288271,0.5517693694288271,0.530208372223695,0.5732994638001347,1,3000,1239
B2_abundance,0.1,5,0.5373724675845765,0.5373724675845765,0.516612085608178,0.5582542396482096,1,3000,1223
B2_abundance,0.1,6,0.5192531617947735,0.5192531617947735,0.4977727403760995,0.5407940018167806,0,3000,1238
B2_abundance,0.1,7,0.5413623009201313,0.5413623009201313,0.5204263079015308,0.5627787074844988,1,3000,1233
B2_abundance,0.1,8,0.5328778510179082,0.5328778510179082,0.5116200188412307,0.5538228833525563,1,3000,1264
B2_abundance,0.1,9,0.5286725450971412,0.5286725450971412,0.5077334826176853,0.5491922649366822,1,3000,1251
B2_abundance,0.1,10,0.5436286496926126,0.5436286496926126,0.5232600884722965,0.5649990181646727,1,3000,1219
B2_abundance,0.1,11,0.5433118090493767,0.5433118090493767,0.5219873431473365,0.5644615672469547,1,3000,1234
B2_abundance,0.1,12,0.5438284021153574,0.5438284021153574,0.5233981267681078,0.5644666325201149,1,3000,1251
B2_abundance,0.1,13,0.5384833971902937,0.5384833971902937,0.5172513606741193,0.5594988845029414,1,3000,1260
B2_abundance,0.1,14,0.538448443906002,0.538448443906002,0.5174044195453255,0.5603241007799956,1,3000,1203
B2_abundance,0.1,15,0.5568699862501011,0.5568699862501011,0.5361690474194437,0.5782714769074611,1,3000,1228
B2_abundance,0.1,16,0.5645810069666344,0.5645810069666344,0.5436731705690455,0.5860009731602378,1,3000,1247
B2_abundance,0.1,17,0.5572369240234676,0.5572369240234676,0.5358172202845728,0.5781732170377283,1,3000,1244
B2_abundance,0.1,18,0.565071169589894,0.565071169589894,0.5444553350967353,0.5861423773602291,1,3000,1246
B2_abundance,0.1,19,0.536060831966602,0.536060831966602,0.5144721115933373,0.5566846850000797,1,3000,1235
B2_abundance,0.1,20,0.5363574140956142,0.5363574140956142,0.5154175276660372,0.5573146031701912,1,3000,1227
B2_abundance,0.1,21,0.5205837633405676,0.5205837633405676,0.4996057290517437,0.5413377368961867,0,3000,1258
B2_abundance,0.1,22,0.5373324071950218,0.5373324071950218,0.5169794322341598,0.55829631939739,1,3000,1204
B2_abundance,0.1,23,0.5440091913625746,0.5440091913625746,0.5233688849312618,0.5651150018533683,1,3000,1241
B2_abundance,0.1,24,0.5395968,0.5395968,0.5182124784773408,0.5610218830908077,1,3000,1250
B2_abundance,0.1,25,0.5391460211477771,0.5391460211477771,0.518438797342452,0.5599949429150013,1,3000,1258
B2_abundance,0.1,26,0.5439336983180482,0.5439336983180482,0.5231881327268639,0.5653275942478598,1,3000,1185
B2_abundance,0.1,27,0.5310838319200052,0.5310838319200052,0.5101978869026593,0.5515641010640873,1,3000,1181
B2_abundance,0.1,28,0.5309923629265174,0.5309923629265174,0.5106511436913251,0.5509971211875899,1,3000,1255
B2_abundance,0.1,29,0.5483216956203455,0.5483216956203455,0.5280319696720952,0.5689344530967897,1,3000,1249
B2_abundance,0.1,30,0.5130001993408402,0.5130001993408402,0.4916996025171754,0.533911053107862,0,3000,1221
B2_abundance,0.1,31,0.5217319252907147,0.5217319252907147,0.5010352698254876,0.5425848460017595,1,3000,1256
B2_abundance,0.1,32,0.5384037782498676,0.5384037782498676,0.5179297381791892,0.559678283019311,1,3000,1292
B2_abundance,0.1,33,0.5511038131727787,0.5511038131727787,0.5301768711818102,0.5713815574297323,1,3000,1260
B2_abundance,0.1,34,0.54011722172475,0.54011722172475,0.5191383293532482,0.5604057097008445,1,3000,1229
B2_abundance,0.1,35,0.5207507982497634,0.5207507982497634,0.49904189188888587,0.5417503067588956,0,3000,1208
B2_abundance,0.1,36,0.5338021053831561,0.5338021053831561,0.5126595710787754,0.5540409326073628,1,3000,1227
B2_abundance,0.1,37,0.5457767633802492,0.5457767633802492,0.5251205940931425,0.5667798093090359,1,3000,1215
B2_abundance,0.1,38,0.5388610520264444,0.5388610520264444,0.5186570628069622,0.5595660808175865,1,3000,1225
B2_abundance,0.1,39,0.5273143506678033,0.5273143506678033,0.5068833050718812,0.5481737385948863,1,3000,1275
B2_abundance,0.1,40,0.5225875621819397,0.5225875621819397,0.5015268727997555,0.5438834841515682,1,3000,1213
B2_abundance,0.1,41,0.5401933849007929,0.5401933849007929,0.5195141018119339,0.5606747596233694,1,3000,1209
B2_abundance,0.1,42,0.5238411412897194,0.5238411412897194,0.5032269522590848,0.5451397798134727,1,3000,1237
B2_abundance,0.1,43,0.5212646169944971,0.5212646169944971,0.5005641225474874,0.5423814659316342,1,3000,1248
B2_abundance,0.1,44,0.5166447630462674,0.5166447630462674,0.4951213503645516,0.5374715937493889,0,3000,1234
B2_abundance,0.1,45,0.5276906876002202,0.5276906876002202,0.5066255401849326,0.5489378715460904,1,3000,1222
B2_abundance,0.1,46,0.5447762802344611,0.5447762802344611,0.5243346549094896,0.5661909985287312,1,3000,1237
B2_abundance,0.1,47,0.5177640111354835,0.5177640111354835,0.4964628955261811,0.5385782596208387,0,3000,1214
B2_abundance,0.1,48,0.5461098870991677,0.5461098870991677,0.5251665646801152,0.5665848097574236,1,3000,1255
B2_abundance,0.1,49,0.5512554519888277,0.5512554519888277,0.5301441103096174,0.5721506506281425,1,3000,1241
B2_abundance,0.25,0,0.585635847908553,0.585635847908553,0.5648821264099682,0.6057908791915352,1,3000,1314
B2_abundance,0.25,1,0.5917397465894136,0.5917397465894136,0.5714466611803541,0.6127131911895488,1,3000,1263
B2_abundance,0.25,2,0.5966668433481258,0.5966668433481258,0.5760248382395012,0.6174428044859855,1,3000,1252
B2_abundance,0.25,3,0.5899306390908461,0.5899306390908461,0.5698635483844463,0.6099173436937149,1,3000,1293
B2_abundance,0.25,4,0.597188485403316,0.597188485403316,0.5767324769968923,0.6169142975601078,1,3000,1305
B2_abundance,0.25,5,0.5814155588144144,0.5814155588144144,0.5604567642248393,0.6017211671133895,1,3000,1257
B2_abundance,0.25,6,0.5747515117042262,0.5747515117042262,0.5542498224911675,0.595242186793489,1,3000,1287
B2_abundance,0.25,7,0.5912490968104506,0.5912490968104506,0.5707531892741176,0.612696760517495,1,3000,1235
B2_abundance,0.25,8,0.5658555697480705,0.5658555697480705,0.545256113767876,0.5871490491718601,1,3000,1271
B2_abundance,0.25,9,0.5824887025280068,0.5824887025280068,0.5621873643291493,0.6028553864926156,1,3000,1277
B2_abundance,0.25,10,0.5794810883581674,0.5794810883581674,0.5592232584838643,0.6004727317401529,1,3000,1267
B2_abundance,0.25,11,0.5766732769982661,0.5766732769982661,0.5564358839994752,0.597758228504037,1,3000,1293
B2_abundance,0.25,12,0.5636152613303685,0.5636152613303685,0.5423702410359625,0.5842870336190802,1,3000,1259
B2_abundance,0.25,13,0.5748865942843154,0.5748865942843154,0.5542185952290594,0.5952227198040921,1,3000,1254
B2_abundance,0.25,14,0.5967808103259582,0.5967808103259582,0.5770641308405335,0.6168619090676428,1,3000,1315
B2_abundance,0.25,15,0.5775892075551087,0.5775892075551087,0.5568348031105781,0.5980166002611228,1,3000,1313
B2_abundance,0.25,16,0.5921414086471154,0.5921414086471154,0.5722029017256609,0.6129570174614267,1,3000,1258
B2_abundance,0.25,17,0.561224131955435,0.561224131955435,0.5404044312665496,0.5815805878532265,1,3000,1267
B2_abundance,0.25,18,0.5820847884808825,0.5820847884808825,0.5607136762712313,0.6021904303598178,1,3000,1305
B2_abundance,0.25,19,0.5830969893304064,0.5830969893304064,0.5622649258130824,0.6039629483207981,1,3000,1229
B2_abundance,0.25,20,0.5915861355840092,0.5915861355840092,0.5720751110400102,0.6121886827725851,1,3000,1262
B2_abundance,0.25,21,0.577218439542755,0.577218439542755,0.5567910686635169,0.5973356012950893,1,3000,1273
B2_abundance,0.25,22,0.5816859072966855,0.5816859072966855,0.5608446885487814,0.6027161598764701,1,3000,1288
B2_abundance,0.25,23,0.5855391778126938,0.5855391778126938,0.5653540981198201,0.6054996564998536,1,3000,1263
B2_abundance,0.25,24,0.5929174267605939,0.5929174267605939,0.5724010004638788,0.6132466788062043,1,3000,1324
B2_abundance,0.25,25,0.5982553329109186,0.5982553329109186,0.5773843286895206,0.6184144211249398,1,3000,1273
B2_abundance,0.25,26,0.5939018146962072,0.5939018146962072,0.572999711463179,0.6136026987659852,1,3000,1284
B2_abundance,0.25,27,0.584797407486366,0.584797407486366,0.5643877881761517,0.6053641546222236,1,3000,1266
B2_abundance,0.25,28,0.5797086743577989,0.5797086743577989,0.5593291265204383,0.6002696798632866,1,3000,1294
B2_abundance,0.25,29,0.6009338110330256,0.6009338110330256,0.5807767899919363,0.621821425182547,1,3000,1230
B2_abundance,0.25,30,0.5905809631336176,0.5905809631336176,0.5698273266746543,0.6111457680518264,1,3000,1291
B2_abundance,0.25,31,0.5850194431630509,0.5850194431630509,0.565096136841206,0.6056542373900633,1,3000,1287
B2_abundance,0.25,32,0.5980158807710505,0.5980158807710505,0.5772692856790225,0.6183795383454576,1,3000,1277
B2_abundance,0.25,33,0.5685641627543035,0.5685641627543035,0.5476972398127826,0.5893876888874165,1,3000,1296
B2_abundance,0.25,34,0.5994678796450668,0.5994678796450668,0.5790725275056954,0.619998342518329,1,3000,1323
B2_abundance,0.25,35,0.5936716152365397,0.5936716152365397,0.5739397064580032,0.6135653789272468,1,3000,1264
B2_abundance,0.25,36,0.5776462617256984,0.5776462617256984,0.5566319115079364,0.5980043599999465,1,3000,1241
B2_abundance,0.25,37,0.5888285830382539,0.5888285830382539,0.5682322248574345,0.6093340110622971,1,3000,1288
B2_abundance,0.25,38,0.6084188881759318,0.6084188881759318,0.5879577986240834,0.628495465551942,1,3000,1264
B2_abundance,0.25,39,0.5889932684073577,0.5889932684073577,0.5690783770697462,0.6100126017014255,1,3000,1238
B2_abundance,0.25,40,0.5855342685465278,0.5855342685465278,0.5649179756095754,0.6066199521032412,1,3000,1287
B2_abundance,0.25,41,0.5714866164526178,0.5714866164526178,0.5506394741391918,0.5924475274355407,1,3000,1261
B2_abundance,0.25,42,0.5859032852501671,0.5859032852501671,0.5647291859785631,0.6056829682734824,1,3000,1294
B2_abundance,0.25,43,0.5824397875641878,0.5824397875641878,0.562415266912999,0.6029004537301766,1,3000,1242
B2_abundance,0.25,44,0.5774867760681577,0.5774867760681577,0.5566718723178036,0.5980581834927637,1,3000,1337
B2_abundance,0.25,45,0.5820170652370696,0.5820170652370696,0.5611854243544537,0.6023351286756161,1,3000,1261
B2_abundance,0.25,46,0.5877854408064086,0.5877854408064086,0.5675560830928535,0.6081851965634811,1,3000,1324
B2_abundance,0.25,47,0.5991767120894479,0.5991767120894479,0.5792821715944098,0.6194944236750055,1,3000,1272
B2_abundance,0.25,48,0.5774847766093153,0.5774847766093153,0.5566977999408859,0.597728268444818,1,3000,1281
B2_abundance,0.25,49,0.580318599164378,0.580318599164378,0.5597511144426313,0.6005218380727235,1,3000,1256
B2_abundance,0.5,0,0.6567984453891921,0.6567984453891921,0.6366723069446414,0.6768499146035521,1,3000,1373
B2_abundance,0.5,1,0.6703183735200495,0.6703183735200495,0.6511202088557935,0.6889065829712203,1,3000,1357
B2_abundance,0.5,2,0.6646755919883673,0.6646755919883673,0.6457867712725536,0.6845922666448543,1,3000,1362
B2_abundance,0.5,3,0.6624627571693705,0.6624627571693705,0.6428578303279017,0.6818850426399654,1,3000,1389
B2_abundance,0.5,4,0.6588677702328798,0.6588677702328798,0.6392022054049451,0.678270592208579,1,3000,1379
B2_abundance,0.5,5,0.6646034725734372,0.6646034725734372,0.6447573570960569,0.6840138488909044,1,3000,1334
B2_abundance,0.5,6,0.6776788673834092,0.6776788673834092,0.6581796817773654,0.69663279697673,1,3000,1328
B2_abundance,0.5,7,0.6804940817790531,0.6804940817790531,0.6618792177798805,0.699230902557989,1,3000,1360
B2_abundance,0.5,8,0.6563376860666613,0.6563376860666613,0.6362431861566852,0.675810136763185,1,3000,1292
B2_abundance,0.5,9,0.6590045472963847,0.6590045472963847,0.6391737635784916,0.678600584148039,1,3000,1330
B2_abundance,0.5,10,0.6719659841029472,0.6719659841029472,0.6531816506105546,0.6906872679201178,1,3000,1337
B2_abundance,0.5,11,0.6481076879752182,0.6481076879752182,0.628566103697071,0.6681548414372424,1,3000,1325
B2_abundance,0.5,12,0.6642874313504318,0.6642874313504318,0.6450927488306499,0.6839044799327423,1,3000,1319
B2_abundance,0.5,13,0.6817071428571428,0.6817071428571428,0.6617269455330363,0.7006664240700063,1,3000,1400
B2_abundance,0.5,14,0.6754586028631847,0.6754586028631847,0.6552381542198986,0.6940780048745105,1,3000,1351
B2_abundance,0.5,15,0.6811619690664992,0.6811619690664992,0.6622093410666138,0.7000429363915298,1,3000,1355
B2_abundance,0.5,16,0.6614033919414842,0.6614033919414842,0.6415472258189077,0.6807804004912367,1,3000,1334
B2_abundance,0.5,17,0.6739983942426891,0.6739983942426891,0.6550055837453527,0.6924343353126236,1,3000,1329
B2_abundance,0.5,18,0.6750937256461805,0.6750937256461805,0.6557048911881621,0.6940005305031993,1,3000,1334
B2_abundance,0.5,19,0.6578529954280875,0.6578529954280875,0.637885191159637,0.6770162633616136,1,3000,1356
B2_abundance,0.5,20,0.6840404221671396,0.6840404221671396,0.6656464836919016,0.7026913531421624,1,3000,1355
B2_abundance,0.5,21,0.6664598946046416,0.6664598946046416,0.6467291890001671,0.6853294006153344,1,3000,1346
B2_abundance,0.5,22,0.6572573892139858,0.6572573892139858,0.6378463642605776,0.6765690675729287,1,3000,1349
B2_abundance,0.5,23,0.6673136645962733,0.6673136645962733,0.6480451879333957,0.686552658707321,1,3000,1344
B2_abundance,0.5,24,0.6733731471682594,0.6733731471682594,0.6539519803362078,0.6926701499943879,1,3000,1349
B2_abundance,0.5,25,0.6608988874114691,0.6608988874114691,0.6412529525361023,0.6802412434221392,1,3000,1343
B2_abundance,0.5,26,0.6773843011517108,0.6773843011517108,0.6580388856364983,0.6962062916282721,1,3000,1318
B2_abundance,0.5,27,0.6699974139835813,0.6699974139835813,0.6509016748784328,0.6896323037723506,1,3000,1363
B2_abundance,0.5,28,0.6880697308366731,0.6880697308366731,0.669443977685618,0.705719675235208,1,3000,1354
B2_abundance,0.5,29,0.6738497164325196,0.6738497164325196,0.654476460775914,0.6929661064685478,1,3000,1336
B2_abundance,0.5,30,0.6604661656091294,0.6604661656091294,0.6413994501497744,0.6800339420661651,1,3000,1357
B2_abundance,0.5,31,0.68228519835062,0.68228519835062,0.6632875367082557,0.701013889376861,1,3000,1369
B2_abundance,0.5,32,0.6735376533654397,0.6735376533654397,0.65384128130201,0.6919580122537662,1,3000,1368
B2_abundance,0.5,33,0.6726254131829671,0.6726254131829671,0.6538858269440384,0.6922461594382409,1,3000,1332
B2_abundance,0.5,34,0.672679619705642,0.672679619705642,0.6532929321205412,0.6920061567190612,1,3000,1386
B2_abundance,0.5,35,0.6649058046810856,0.6649058046810856,0.6455816630113572,0.6843818174755326,1,3000,1335
B2_abundance,0.5,36,0.6653870775727491,0.6653870775727491,0.6458986024707278,0.6847122401378603,1,3000,1345
B2_abundance,0.5,37,0.6748319301508308,0.6748319301508308,0.6555177523047507,0.6944008823431135,1,3000,1349
B2_abundance,0.5,38,0.6915212037078501,0.6915212037078501,0.6720003088787058,0.7104609496535489,1,3000,1370
B2_abundance,0.5,39,0.6847492704826038,0.6847492704826038,0.6656845083749232,0.7034829173640583,1,3000,1350
B2_abundance,0.5,40,0.6631246445140069,0.6631246445140069,0.6437834034931803,0.6826416818969773,1,3000,1309
B2_abundance,0.5,41,0.6734637699763691,0.6734637699763691,0.6541403945800325,0.692786608287763,1,3000,1306
B2_abundance,0.5,42,0.6934076572244224,0.6934076572244224,0.673790916830462,0.7118625924495403,1,3000,1342
B2_abundance,0.5,43,0.6776883070301292,0.6776883070301292,0.658304055598426,0.697080246312617,1,3000,1360
B2_abundance,0.5,44,0.6832891839925099,0.6832891839925099,0.6636355868781623,0.7027607699692004,1,3000,1297
B2_abundance,0.5,45,0.6655667357139742,0.6655667357139742,0.6464824745432759,0.6844340267914436,1,3000,1339
B2_abundance,0.5,46,0.6834401795735129,0.6834401795735129,0.6650153348736811,0.7028095003562264,1,3000,1350
B2_abundance,0.5,47,0.6485548684396333,0.6485548684396333,0.6288172162360093,0.6678385595822319,1,3000,1317
B2_abundance,0.5,48,0.6759379483500717,0.6759379483500717,0.6567441631257318,0.6946094991899195,1,3000,1360
B2_abundance,0.5,49,0.6690161417613019,0.6690161417613019,0.6498607800703852,0.6885909097814092,1,3000,1342
B2_abundance,0.75,0,0.7623860256031691,0.7623860256031691,0.7451765115877809,0.7797616859192861,1,3000,1393
B2_abundance,0.75,1,0.7568615870231729,0.7568615870231729,0.7397449726515638,0.7738946979304654,1,3000,1409
B2_abundance,0.75,2,0.7495899193920335,0.7495899193920335,0.7324609499958521,0.7662297757776985,1,3000,1423
B2_abundance,0.75,3,0.7503409327492041,0.7503409327492041,0.7326725644674242,0.7673567460256834,1,3000,1417
B2_abundance,0.75,4,0.7623115420706913,0.7623115420706913,0.7446795200822948,0.7791301692666928,1,3000,1390
B2_abundance,0.75,5,0.7540620275252332,0.7540620275252332,0.7368022315293639,0.7713076400583566,1,3000,1401
B2_abundance,0.75,6,0.7595697765866284,0.7595697765866284,0.7426070504003612,0.7768390067933669,1,3000,1409
B2_abundance,0.75,7,0.7592499836378037,0.7592499836378037,0.742501844773068,0.7762779366584822,1,3000,1437
B2_abundance,0.75,8,0.7583045038119034,0.7583045038119034,0.7404873227245818,0.7756282661252972,1,3000,1452
B2_abundance,0.75,9,0.7740410831157003,0.7740410831157003,0.7571050310325912,0.7914340926053253,1,3000,1441
B2_abundance,0.75,10,0.7517595616524362,0.7517595616524362,0.7342373155535388,0.768821429064205,1,3000,1414
B2_abundance,0.75,11,0.7532457808525782,0.7532457808525782,0.7363077550788965,0.7704658478609988,1,3000,1421
B2_abundance,0.75,12,0.7509900358116515,0.7509900358116515,0.7337733822248043,0.7682983794948665,1,3000,1457
B2_abundance,0.75,13,0.7545487084783674,0.7545487084783674,0.7374499492891702,0.771758182841106,1,3000,1419
B2_abundance,0.75,14,0.7607742059426229,0.7607742059426229,0.7435014969976005,0.7778098517596292,1,3000,1464
B2_abundance,0.75,15,0.7476843379473986,0.7476843379473986,0.7302691921753718,0.7654390036295668,1,3000,1402
B2_abundance,0.75,16,0.7620117966879489,0.7620117966879489,0.7453599574158373,0.7782098483388428,1,3000,1432
B2_abundance,0.75,17,0.7445064788521496,0.7445064788521496,0.7266956613686788,0.7619191273682092,1,3000,1422
B2_abundance,0.75,18,0.7656084698418795,0.7656084698418795,0.7491808464431448,0.7822460385175488,1,3000,1482
B2_abundance,0.75,19,0.7463186002785235,0.7463186002785235,0.7286662870287708,0.7641852613752176,1,3000,1379
B2_abundance,0.75,20,0.7480659378999628,0.7480659378999628,0.7306954855079085,0.7655153764138712,1,3000,1446
B2_abundance,0.75,21,0.765615549794724,0.765615549794724,0.7487291533172091,0.7818507381175688,1,3000,1445
B2_abundance,0.75,22,0.7400881863174672,0.7400881863174672,0.72300647169702,0.7572964275297821,1,3000,1406
B2_abundance,0.75,23,0.7592779405720752,0.7592779405720752,0.7422336280942402,0.7760070422852687,1,3000,1458
B2_abundance,0.75,24,0.7609646545584046,0.7609646545584046,0.7430517175527533,0.7771970683777939,1,3000,1440
B2_abundance,0.75,25,0.7454313608039681,0.7454313608039681,0.7277608318139299,0.762399048963158,1,3000,1411
B2_abundance,0.75,26,0.7568478005175253,0.7568478005175253,0.7392280818241428,0.773683062076396,1,3000,1365
B2_abundance,0.75,27,0.7524767022360778,0.7524767022360778,0.7348426587747008,0.7694846573726553,1,3000,1437
B2_abundance,0.75,28,0.7580344914554227,0.7580344914554227,0.7408947194880368,0.7741957863697468,1,3000,1457
B2_abundance,0.75,29,0.7552382826482221,0.7552382826482221,0.7387129550848225,0.7719730169883522,1,3000,1438
B2_abundance,0.75,30,0.7429231663149489,0.7429231663149489,0.7255230805910238,0.7605949567850688,1,3000,1424
B2_abundance,0.75,31,0.7587556425648302,0.7587556425648302,0.742165764876431,0.7754956043607145,1,3000,1419
B2_abundance,0.75,32,0.7459982326762389,0.7459982326762389,0.7288063373931164,0.7629193435120316,1,3000,1423
B2_abundance,0.75,33,0.7490782442510379,0.7490782442510379,0.731804002825836,0.7663847531412059,1,3000,1454
B2_abundance,0.75,34,0.7597295272743153,0.7597295272743153,0.7428810555995922,0.776157869453443,1,3000,1423
B2_abundance,0.75,35,0.7461309566246507,0.7461309566246507,0.7286101829143228,0.7634946384202511,1,3000,1424
B2_abundance,0.75,36,0.7420067603629248,0.7420067603629248,0.7242726878479536,0.76018034816218,1,3000,1460
B2_abundance,0.75,37,0.7415251127620235,0.7415251127620235,0.7233048820229483,0.7590232176047137,1,3000,1459
B2_abundance,0.75,38,0.7564620717426757,0.7564620717426757,0.7389551483911214,0.772954619326993,1,3000,1413
B2_abundance,0.75,39,0.761547983727097,0.761547983727097,0.7447758401598407,0.7789697861408447,1,3000,1429
B2_abundance,0.75,40,0.75888528300809,0.75888528300809,0.7421961410073572,0.7750677320501723,1,3000,1404
B2_abundance,0.75,41,0.7523670445748165,0.7523670445748165,0.734853299647397,0.768935420768297,1,3000,1393
B2_abundance,0.75,42,0.7580760598881598,0.7580760598881598,0.7403140093720924,0.7743659961827796,1,3000,1422
B2_abundance,0.75,43,0.750808522018185,0.750808522018185,0.7339712575756054,0.768020051215092,1,3000,1420
B2_abundance,0.75,44,0.745831433131912,0.745831433131912,0.7279348252746574,0.7634146070867226,1,3000,1432
B2_abundance,0.75,45,0.7319257837492003,0.7319257837492003,0.7140290587921613,0.7496527432577349,1,3000,1437
B2_abundance,0.75,46,0.7483540249087611,0.7483540249087611,0.7301198860939037,0.7659049967122092,1,3000,1364
B2_abundance,0.75,47,0.7380604909008991,0.7380604909008991,0.7204769671104035,0.7557286232597974,1,3000,1438
B2_abundance,0.75,48,0.737692868962404,0.737692868962404,0.7196508415590918,0.7558272418193599,1,3000,1439
B2_abundance,0.75,49,0.7405176631045631,0.7405176631045631,0.7225669427107179,0.7586591635161565,1,3000,1441
B2_abundance,1.0,0,0.8369126809840572,0.8369126809840572,0.8226117245954826,0.8501978457158843,1,3000,1503
B2_abundance,1.0,1,0.834716830187002,0.834716830187002,0.8201638892888953,0.8484094961322894,1,3000,1495
B2_abundance,1.0,2,0.8177331645891484,0.8177331645891484,0.803050758283395,0.8323198950699497,1,3000,1479
B2_abundance,1.0,3,0.8297377777777778,0.8297377777777778,0.8153566089310856,0.8437781729493079,1,3000,1500
B2_abundance,1.0,4,0.8437877518196488,0.8437877518196488,0.8296915980844001,0.8569308383508962,1,3000,1458
B2_abundance,1.0,5,0.8355834143362494,0.8355834143362494,0.821433838104601,0.8489024451074569,1,3000,1509
B2_abundance,1.0,6,0.8330670301201389,0.8330670301201389,0.8183223300349585,0.8472334995924322,1,3000,1456
B2_abundance,1.0,7,0.8303793215172861,0.8303793215172861,0.816195772273689,0.8442767860260003,1,3000,1503
B2_abundance,1.0,8,0.8291256197325787,0.8291256197325787,0.8146838791190293,0.8430858248388856,1,3000,1521
B2_abundance,1.0,9,0.8349383543041751,0.8349383543041751,0.820655516477058,0.8489575340803752,1,3000,1517
B2_abundance,1.0,10,0.8302302198183205,0.8302302198183205,0.8160761580480909,0.8442219735852746,1,3000,1518
B2_abundance,1.0,11,0.8369102490237501,0.8369102490237501,0.8228034567520155,0.8506035998858068,1,3000,1524
B2_abundance,1.0,12,0.8289790414424408,0.8289790414424408,0.814759391658569,0.8431327097330003,1,3000,1506
B2_abundance,1.0,13,0.8346841577540107,0.8346841577540107,0.8204754684975588,0.848298751346116,1,3000,1496
B2_abundance,1.0,14,0.8281712628866552,0.8281712628866552,0.8131984160830876,0.8423265595438015,1,3000,1483
B2_abundance,1.0,15,0.8358349259967109,0.8358349259967109,0.8214663796412478,0.8492392290654622,1,3000,1510
B2_abundance,1.0,16,0.8376752919087015,0.8376752919087015,0.8238193538220896,0.8509346896118997,1,3000,1482
B2_abundance,1.0,17,0.8371491263742833,0.8371491263742833,0.82325211186228,0.8512890473284939,1,3000,1503
B2_abundance,1.0,18,0.8351046137482191,0.8351046137482191,0.820787157617981,0.8491064836577957,1,3000,1534
B2_abundance,1.0,19,0.8337154898040001,0.8337154898040001,0.8190242269253634,0.8473443283548028,1,3000,1493
B2_abundance,1.0,20,0.8303565592413394,0.8303565592413394,0.8158369693898474,0.84433091495733,1,3000,1467
B2_abundance,1.0,21,0.8233175154922842,0.8233175154922842,0.8078559829410427,0.8377201988295416,1,3000,1503
B2_abundance,1.0,22,0.8402808920099112,0.8402808920099112,0.826376907886297,0.8542219974321021,1,3000,1505
B2_abundance,1.0,23,0.8297053202364549,0.8297053202364549,0.8154126756676346,0.8443292872704637,1,3000,1490
B2_abundance,1.0,24,0.8365945153117916,0.8365945153117916,0.8225771965539128,0.8502218224893474,1,3000,1490
B2_abundance,1.0,25,0.824356715074612,0.824356715074612,0.8101817995715376,0.8386011040718234,1,3000,1495
B2_abundance,1.0,26,0.826357521629795,0.826357521629795,0.8118885256794172,0.8407494486672721,1,3000,1479
B2_abundance,1.0,27,0.8346394092244648,0.8346394092244648,0.820567096445425,0.8485707346999586,1,3000,1468
B2_abundance,1.0,28,0.8356630380724613,0.8356630380724613,0.8216583497792571,0.8491981003933772,1,3000,1501
B2_abundance,1.0,29,0.8352097431965418,0.8352097431965418,0.8210820152197899,0.849091815127717,1,3000,1485
B2_abundance,1.0,30,0.8394898686519832,0.8394898686519832,0.8254684619407585,0.8532031731082422,1,3000,1467
B2_abundance,1.0,31,0.841149763655544,0.841149763655544,0.8270773503892738,0.85426055608499,1,3000,1523
B2_abundance,1.0,32,0.8227950773198741,0.8227950773198741,0.8085488075376539,0.8373531722356754,1,3000,1465
B2_abundance,1.0,33,0.8342777746417398,0.8342777746417398,0.8197879384865872,0.8482720414706257,1,3000,1513
B2_abundance,1.0,34,0.831719690184075,0.831719690184075,0.8172258264759252,0.8454444728730713,1,3000,1449
B2_abundance,1.0,35,0.8324828582717867,0.8324828582717867,0.8183909862335894,0.8465923668003618,1,3000,1509
B2_abundance,1.0,36,0.8358981766464072,0.8358981766464072,0.8215359797518205,0.8503787364356115,1,3000,1495
B2_abundance,1.0,37,0.8354741490996218,0.8354741490996218,0.8209424370341023,0.8499741661539587,1,3000,1501
B2_abundance,1.0,38,0.8324628882771767,0.8324628882771767,0.8185439075118623,0.8464673578646226,1,3000,1524
B2_abundance,1.0,39,0.8356372315163134,0.8356372315163134,0.8210825991592501,0.8491223247573121,1,3000,1471
B2_abundance,1.0,40,0.8221366177467179,0.8221366177467179,0.8075733840647134,0.8364647741716055,1,3000,1534
B2_abundance,1.0,41,0.8306771615170637,0.8306771615170637,0.8163333365497408,0.8439952235272444,1,3000,1532
B2_abundance,1.0,42,0.8281230901343256,0.8281230901343256,0.8139617466048094,0.8420401790319785,1,3000,1487
B2_abundance,1.0,43,0.8357340888915955,0.8357340888915955,0.8211852842414461,0.8493463328917856,1,3000,1519
B2_abundance,1.0,44,0.8242969244669575,0.8242969244669575,0.8098252981941949,0.8388225768551132,1,3000,1468
B2_abundance,1.0,45,0.8355595604477675,0.8355595604477675,0.8216717511120099,0.8495937933538584,1,3000,1477
B2_abundance,1.0,46,0.8276737264328742,0.8276737264328742,0.8127301679207839,0.8419191705551614,1,3000,1516
B2_abundance,1.0,47,0.8204894207470621,0.8204894207470621,0.8050360416511717,0.8348039336081047,1,3000,1519
B2_abundance,1.0,48,0.8300276978270184,0.8300276978270184,0.8158792495730351,0.8439034754450179,1,3000,1502
B2_abundance,1.0,49,0.8302642480229846,0.8302642480229846,0.8156624821175857,0.8443951334508634,1,3000,1488
B3_multicys,0.0,0,0.014574084257279463,-0.014574084257279463,-0.006395779616514006,0.035833965050703014,0,3000,1500
B3_multicys,0.0,1,0.01450569328188267,-0.01450569328188267,-0.006338238591665379,0.036030798105725466,0,3000,1500
B3_multicys,0.0,2,0.007509156438210929,-0.007509156438210929,-0.012917071735718646,0.027536626994636243,0,3000,1500
B3_multicys,0.0,3,-0.00866234147165268,0.00866234147165268,-0.02972522719028379,0.012908598629669222,0,3000,1500
B3_multicys,0.0,4,-0.007728971883736224,0.007728971883736224,-0.029522209205878582,0.013543062460266856,0,3000,1500
B3_multicys,0.0,5,0.0020663045241816613,-0.0020663045241816613,-0.01826990636481014,0.023075075547992357,0,3000,1500
B3_multicys,0.0,6,0.0012339909482331768,-0.0012339909482331768,-0.020143851825213267,0.022474964162241467,0,3000,1500
B3_multicys,0.0,7,-0.002399312007518528,0.002399312007518528,-0.023221507546784835,0.01867256728030938,0,3000,1500
B3_multicys,0.0,8,0.006158077710999188,-0.006158077710999188,-0.013391345334775248,0.026217921629880535,0,3000,1500
B3_multicys,0.0,9,0.011497304965273347,-0.011497304965273347,-0.008760261568639335,0.03200721532476638,0,3000,1500
B3_multicys,0.0,10,0.011673291488606075,-0.011673291488606075,-0.009551264582721614,0.03190474960461051,0,3000,1500
B3_multicys,0.0,11,0.024996301463035775,-0.024996301463035775,0.003996225740412524,0.04584786244892164,1,3000,1500
B3_multicys,0.0,12,-0.008686844391518789,0.008686844391518789,-0.028453653175151427,0.011073551593555967,0,3000,1500
B3_multicys,0.0,13,-0.019869122685092333,0.019869122685092333,-0.041674817201798484,0.0023151943687620344,0,3000,1500
B3_multicys,0.0,14,0.009569640552281045,-0.009569640552281045,-0.011268781205453913,0.030013218784356907,0,3000,1500
B3_multicys,0.0,15,0.0004884871945911584,-0.0004884871945911584,-0.020426334696827947,0.021418317004727832,0,3000,1500
B3_multicys,0.0,16,0.0008344537991142875,-0.0008344537991142875,-0.020082364306892968,0.021443710101656868,0,3000,1500
B3_multicys,0.0,17,0.010106378474949995,-0.010106378474949995,-0.009560725105477343,0.030273009386864173,0,3000,1500
B3_multicys,0.0,18,-0.011358068899606999,0.011358068899606999,-0.032059974143048973,0.00922180363284204,0,3000,1500
B3_multicys,0.0,19,0.018030355124731612,-0.018030355124731612,-0.0008455721555933215,0.03701869991412437,0,3000,1500
B3_multicys,0.0,20,0.001467745897915429,-0.001467745897915429,-0.019495027542973213,0.02102479564305078,0,3000,1500
B3_multicys,0.0,21,0.007098558067877514,-0.007098558067877514,-0.014786976995977166,0.028343077400024123,0,3000,1500
B3_multicys,0.0,22,-0.005784457993563641,0.005784457993563641,-0.025476052845841077,0.01535267043266794,0,3000,1500
B3_multicys,0.0,23,-0.0036949405808867075,0.0036949405808867075,-0.02497578117080103,0.018648197719420327,0,3000,1500
B3_multicys,0.0,24,-0.009206689329234408,0.009206689329234408,-0.029042081982182305,0.010691038803122483,0,3000,1500
B3_multicys,0.0,25,0.016195069057611144,-0.016195069057611144,-0.005743585425224745,0.03744501284150183,0,3000,1500
B3_multicys,0.0,26,-0.0007188370523564247,0.0007188370523564247,-0.02074175139512163,0.019262033885101077,0,3000,1500
B3_multicys,0.0,27,0.0008105466716258336,-0.0008105466716258336,-0.02047141159744118,0.021575905303730845,0,3000,1500
B3_multicys,0.0,28,-0.004062652552678125,0.004062652552678125,-0.02442732196913753,0.016769633504165347,0,3000,1500
B3_multicys,0.0,29,-0.003799864858256674,0.003799864858256674,-0.02485478618538667,0.01736288006570485,0,3000,1500
B3_multicys,0.0,30,0.008654234103376068,-0.008654234103376068,-0.01343684705953827,0.030665258602102077,0,3000,1500
B3_multicys,0.0,31,0.009855742400387557,-0.009855742400387557,-0.01275411425710656,0.03265640015454954,0,3000,1500
B3_multicys,0.0,32,-0.0073693081830708,0.0073693081830708,-0.027265987976550173,0.012556004180414363,0,3000,1500
B3_multicys,0.0,33,-0.005484311746907333,0.005484311746907333,-0.02705745066529646,0.015544102412779181,0,3000,1500
B3_multicys,0.0,34,-0.0030529980348139585,0.0030529980348139585,-0.024694063687369167,0.017897106304832416,0,3000,1500
B3_multicys,0.0,35,-0.004449795281331825,0.004449795281331825,-0.025540570488625545,0.016207564813191216,0,3000,1500
B3_multicys,0.0,36,0.003212142413473118,-0.003212142413473118,-0.016959404321988898,0.023929231499858167,0,3000,1500
B3_multicys,0.0,37,-0.0027570780024724906,0.0027570780024724906,-0.022413465608815752,0.016545404714569355,0,3000,1500
B3_multicys,0.0,38,-0.00640833994397072,0.00640833994397072,-0.02683904743885449,0.0144874361720105,0,3000,1500
B3_multicys,0.0,39,0.01731452662668531,-0.01731452662668531,-0.0016482585705208963,0.03659167779740878,0,3000,1500
B3_multicys,0.0,40,0.0017846922023461165,-0.0017846922023461165,-0.01887145246737151,0.022818611595144922,0,3000,1500
B3_multicys,0.0,41,0.008066129260709376,-0.008066129260709376,-0.012257090399466177,0.02802909454631912,0,3000,1500
B3_multicys,0.0,42,-0.015195981973374684,0.015195981973374684,-0.03417669083274903,0.004422548594581385,0,3000,1500
B3_multicys,0.0,43,-0.01482806592539232,0.01482806592539232,-0.03431094596949171,0.004599398186905402,0,3000,1500
B3_multicys,0.0,44,-0.011522423940095394,0.011522423940095394,-0.0317436560041735,0.008578896621952952,0,3000,1500
B3_multicys,0.0,45,-0.0026234283105096567,0.0026234283105096567,-0.02548213908928277,0.0184722873385113,0,3000,1500
B3_multicys,0.0,46,0.012438009634492375,-0.012438009634492375,-0.008363889591756999,0.0327589455529887,0,3000,1500
B3_multicys,0.0,47,0.0058471468362404355,-0.0058471468362404355,-0.015207896484253402,0.026379272068199674,0,3000,1500
B3_multicys,0.0,48,-0.02116201495987835,0.02116201495987835,-0.04238579156510189,0.001051534529274342,0,3000,1500
B3_multicys,0.0,49,-0.0013288553142462023,0.0013288553142462023,-0.02241409885470727,0.020228191564650833,0,3000,1500
B3_multicys,0.1,0,-0.015608635783143199,0.015608635783143199,-0.03842345475118381,0.006225342949282767,0,3000,1500
B3_multicys,0.1,1,-0.0335567011715181,0.0335567011715181,-0.05448089139825411,-0.012535437701656453,1,3000,1500
B3_multicys,0.1,2,-0.03884819803902817,0.03884819803902817,-0.05980118862343977,-0.01770673015840929,1,3000,1500
B3_multicys,0.1,3,-0.030895366161893922,0.030895366161893922,-0.05251146459977562,-0.009685035211843673,1,3000,1500
B3_multicys,0.1,4,-0.0352498485703987,0.0352498485703987,-0.05622925783940915,-0.013748922909843893,1,3000,1500
B3_multicys,0.1,5,-0.008243323650580225,0.008243323650580225,-0.027880165330522545,0.012351442609948986,0,3000,1500
B3_multicys,0.1,6,-0.04541818946399662,0.04541818946399662,-0.06536291169632111,-0.02564553337760042,1,3000,1500
B3_multicys,0.1,7,-0.023450169505657925,0.023450169505657925,-0.04366085930411517,-0.0026208397875737803,1,3000,1500
B3_multicys,0.1,8,-0.027124767276531236,0.027124767276531236,-0.048049217718403106,-0.005779427259610083,1,3000,1500
B3_multicys,0.1,9,-0.03932119628204567,0.03932119628204567,-0.05836484210710675,-0.02024936279731199,1,3000,1500
B3_multicys,0.1,10,-0.017371311057144956,0.017371311057144956,-0.03773624513284143,0.0025097399119963066,0,3000,1500
B3_multicys,0.1,11,-0.02497172581207019,0.02497172581207019,-0.04592822264181315,-0.004035523490119315,1,3000,1500
B3_multicys,0.1,12,-0.021512212212748905,0.021512212212748905,-0.04188251031768934,-0.0016880027163521888,1,3000,1500
B3_multicys,0.1,13,-0.027779985794579798,0.027779985794579798,-0.04787356328505896,-0.00767799579483297,1,3000,1500
B3_multicys,0.1,14,-0.03388531690280694,0.03388531690280694,-0.053513996324321085,-0.013384913588943673,1,3000,1500
B3_multicys,0.1,15,-0.022012941416634235,0.022012941416634235,-0.0434970160473935,-0.0010157247976749348,1,3000,1500
B3_multicys,0.1,16,-0.033176847220385164,0.033176847220385164,-0.05286480973559356,-0.012483590733126652,1,3000,1500
B3_multicys,0.1,17,-0.02035139747147685,0.02035139747147685,-0.040611136556176985,0.000490138851529564,0,3000,1500
B3_multicys,0.1,18,-0.024969494284696747,0.024969494284696747,-0.0453560350710642,-0.004636535893611375,1,3000,1500
B3_multicys,0.1,19,-0.019438025343259335,0.019438025343259335,-0.03793751354490347,-0.0005773079893503573,1,3000,1500
B3_multicys,0.1,20,-0.013935240277553995,0.013935240277553995,-0.03478756336085754,0.00657912533023548,0,3000,1500
B3_multicys,0.1,21,-0.025756804646144937,0.025756804646144937,-0.0456433043941211,-0.004847920781512101,1,3000,1500
B3_multicys,0.1,22,-0.025682165745999797,0.025682165745999797,-0.044585041178822296,-0.006999128538655509,1,3000,1500
B3_multicys,0.1,23,-0.011122922502011079,0.011122922502011079,-0.031196234906338896,0.009077106929533216,0,3000,1500
B3_multicys,0.1,24,-0.017033057210195324,0.017033057210195324,-0.037434621335041746,0.00265584098037421,0,3000,1500
B3_multicys,0.1,25,-0.03778541073504793,0.03778541073504793,-0.058949200691697276,-0.017000693437068518,1,3000,1500
B3_multicys,0.1,26,-0.01458419775792763,0.01458419775792763,-0.03564100410813747,0.006613503090029182,0,3000,1500
B3_multicys,0.1,27,-0.03149404699330255,0.03149404699330255,-0.05209024845269355,-0.011059040897811569,1,3000,1500
B3_multicys,0.1,28,-0.02225455571687296,0.02225455571687296,-0.04293747159894467,-0.001368434705563814,1,3000,1500
B3_multicys,0.1,29,-0.035603363419516976,0.035603363419516976,-0.05548959574021448,-0.015157526746384495,1,3000,1500
B3_multicys,0.1,30,-0.02891596526912099,0.02891596526912099,-0.04850094826901565,-0.00891514461847186,1,3000,1500
B3_multicys,0.1,31,-0.024793112025012665,0.024793112025012665,-0.047263855807450295,-0.003299884863475438,1,3000,1500
B3_multicys,0.1,32,-0.026814805736376457,0.026814805736376457,-0.04817069108603482,-0.005996192995285151,1,3000,1500
B3_multicys,0.1,33,-0.03035513422831515,0.03035513422831515,-0.05274428734400466,-0.008956110338690723,1,3000,1500
B3_multicys,0.1,34,-0.02104025103245427,0.02104025103245427,-0.042370438804999196,0.0005736559089055793,0,3000,1500
B3_multicys,0.1,35,-0.022350359085348215,0.022350359085348215,-0.04281111905916523,-0.0022269817281061737,1,3000,1500
B3_multicys,0.1,36,-0.03919581881137901,0.03919581881137901,-0.05877128886010089,-0.01938207414368708,1,3000,1500
B3_multicys,0.1,37,-0.02130086902535533,0.02130086902535533,-0.041072600571658575,-0.002113937041981485,1,3000,1500
B3_multicys,0.1,38,-0.008477044398044975,0.008477044398044975,-0.031043398207364327,0.01419499272348414,0,3000,1500
B3_multicys,0.1,39,-0.02685456479786741,0.02685456479786741,-0.04864275788588816,-0.004808532653133188,1,3000,1500
B3_multicys,0.1,40,-0.02843104929286777,0.02843104929286777,-0.05020714253890827,-0.006020132449673017,1,3000,1500
B3_multicys,0.1,41,-0.017008061642716177,0.017008061642716177,-0.03713365234700159,0.0025876576886527352,0,3000,1500
B3_multicys,0.1,42,-0.016603573050478104,0.016603573050478104,-0.03800475624911757,0.005781051968195103,0,3000,1500
B3_multicys,0.1,43,-0.026196337942845926,0.026196337942845926,-0.04727608930438705,-0.005321378721065582,1,3000,1500
B3_multicys,0.1,44,-0.012318629686888016,0.012318629686888016,-0.03295926530073442,0.008201196768703239,0,3000,1500
B3_multicys,0.1,45,-0.02265195901967032,0.02265195901967032,-0.04379173594778952,-0.0011931918466216763,1,3000,1500
B3_multicys,0.1,46,-0.033765024408139,0.033765024408139,-0.052125030075944045,-0.01504314378899715,1,3000,1500
B3_multicys,0.1,47,-0.02190191477183856,0.02190191477183856,-0.04146257434329621,-0.002585364279919397,1,3000,1500
B3_multicys,0.1,48,-0.03631429138513653,0.03631429138513653,-0.057022017628054984,-0.015225479072533774,1,3000,1500
B3_multicys,0.1,49,-0.025178773200398963,0.025178773200398963,-0.046216800323428085,-0.0042365181372963565,1,3000,1500
B3_multicys,0.25,0,-0.05152638767404466,0.05152638767404466,-0.07264693377151037,-0.030955370365702096,1,3000,1500
B3_multicys,0.25,1,-0.0821405515172669,0.0821405515172669,-0.10348442333189413,-0.06114282167555693,1,3000,1500
B3_multicys,0.25,2,-0.06874497569569177,0.06874497569569177,-0.08814864216077054,-0.04948216451992559,1,3000,1500
B3_multicys,0.25,3,-0.06769019472332127,0.06769019472332127,-0.08676156453267389,-0.04810588931023931,1,3000,1500
B3_multicys,0.25,4,-0.07745461962426342,0.07745461962426342,-0.0974155316191776,-0.05712671908121754,1,3000,1500
B3_multicys,0.25,5,-0.060554534905584545,0.060554534905584545,-0.08071264478206251,-0.04062206938313085,1,3000,1500
B3_multicys,0.25,6,-0.057221494779955695,0.057221494779955695,-0.07615281984980539,-0.03730624166750704,1,3000,1500
B3_multicys,0.25,7,-0.07331607257891065,0.07331607257891065,-0.09395741511174202,-0.051881033060175434,1,3000,1500
B3_multicys,0.25,8,-0.07191479831564751,0.07191479831564751,-0.09185833477202042,-0.05171189987343811,1,3000,1500
B3_multicys,0.25,9,-0.04936474756111503,0.04936474756111503,-0.06921923849186935,-0.028773642078775696,1,3000,1500
B3_multicys,0.25,10,-0.06365949479421795,0.06365949479421795,-0.08582313334758977,-0.04242947386890386,1,3000,1500
B3_multicys,0.25,11,-0.08131353656843487,0.08131353656843487,-0.10293141104016124,-0.06044223484081869,1,3000,1500
B3_multicys,0.25,12,-0.04447154043344792,0.04447154043344792,-0.06656051542035375,-0.021950155679430504,1,3000,1500
B3_multicys,0.25,13,-0.05939905961909764,0.05939905961909764,-0.07889118450242101,-0.03980174138369951,1,3000,1500
B3_multicys,0.25,14,-0.05244539385567143,0.05244539385567143,-0.07426938222808627,-0.0311919878380924,1,3000,1500
B3_multicys,0.25,15,-0.05995456985418385,0.05995456985418385,-0.07931192485227262,-0.04064654843613186,1,3000,1500
B3_multicys,0.25,16,-0.05313949291400122,0.05313949291400122,-0.07328425048625295,-0.0332936748349208,1,3000,1500
B3_multicys,0.25,17,-0.05952206879477817,0.05952206879477817,-0.07971943045615557,-0.03920744476017287,1,3000,1500
B3_multicys,0.25,18,-0.06848792972782397,0.06848792972782397,-0.08944984165517204,-0.04777685182317091,1,3000,1500
B3_multicys,0.25,19,-0.041601879689269594,0.041601879689269594,-0.06331500127406711,-0.0213177371258906,1,3000,1500
B3_multicys,0.25,20,-0.07461484905177923,0.07461484905177923,-0.09643582519560674,-0.052526035373283174,1,3000,1500
B3_multicys,0.25,21,-0.06763325200315595,0.06763325200315595,-0.09055349223850376,-0.04548005262260257,1,3000,1500
B3_multicys,0.25,22,-0.0551170551596491,0.0551170551596491,-0.07611406909616114,-0.03324581802079932,1,3000,1500
B3_multicys,0.25,23,-0.06795885410710067,0.06795885410710067,-0.08834180611615555,-0.046622858642671926,1,3000,1500
B3_multicys,0.25,24,-0.04669282220533372,0.04669282220533372,-0.06607731477610887,-0.02690467352709655,1,3000,1500
B3_multicys,0.25,25,-0.05997824803805085,0.05997824803805085,-0.07950209090525781,-0.041050431527538046,1,3000,1500
B3_multicys,0.25,26,-0.07047052549427274,0.07047052549427274,-0.0913073409132988,-0.048946090523530904,1,3000,1500
B3_multicys,0.25,27,-0.06059227894888353,0.06059227894888353,-0.08173998880379313,-0.04068606880613165,1,3000,1500
B3_multicys,0.25,28,-0.06183106365803287,0.06183106365803287,-0.08120396808277154,-0.041719600343795786,1,3000,1500
B3_multicys,0.25,29,-0.07108533454978311,0.07108533454978311,-0.09250437039048698,-0.048332421450664464,1,3000,1500
B3_multicys,0.25,30,-0.07749692594427804,0.07749692594427804,-0.09823595537210815,-0.05658421210247747,1,3000,1500
B3_multicys,0.25,31,-0.05780676895027187,0.05780676895027187,-0.07961451352517383,-0.03652630521332033,1,3000,1500
B3_multicys,0.25,32,-0.05110097677180425,0.05110097677180425,-0.07184099875593,-0.03042324407496996,1,3000,1500
B3_multicys,0.25,33,-0.04375278125190807,0.04375278125190807,-0.06306672321579138,-0.023881431584106546,1,3000,1500
B3_multicys,0.25,34,-0.0525573896380061,0.0525573896380061,-0.07275178517305561,-0.03346963367248122,1,3000,1500
B3_multicys,0.25,35,-0.08769710839020728,0.08769710839020728,-0.10796184181669144,-0.06714476222663113,1,3000,1500
B3_multicys,0.25,36,-0.07097432618474114,0.07097432618474114,-0.09195163581910522,-0.050190838399800757,1,3000,1500
B3_multicys,0.25,37,-0.07647038647655674,0.07647038647655674,-0.09723881227696513,-0.05564359916491432,1,3000,1500
B3_multicys,0.25,38,-0.08793349723529548,0.08793349723529548,-0.10895673438987104,-0.06669847655905987,1,3000,1500
B3_multicys,0.25,39,-0.06844637342393217,0.06844637342393217,-0.08939667152524539,-0.04715837881317472,1,3000,1500
B3_multicys,0.25,40,-0.07113241141903215,0.07113241141903215,-0.09167444125536595,-0.050692081400377294,1,3000,1500
B3_multicys,0.25,41,-0.07051311520707165,0.07051311520707165,-0.09064611899945633,-0.05062693647225695,1,3000,1500
B3_multicys,0.25,42,-0.08786628923020429,0.08786628923020429,-0.11037432627186766,-0.06518409384007622,1,3000,1500
B3_multicys,0.25,43,-0.054274291974816646,0.054274291974816646,-0.07485704508619775,-0.034098630412764376,1,3000,1500
B3_multicys,0.25,44,-0.056886624635827776,0.056886624635827776,-0.07741814590066505,-0.03684015913538692,1,3000,1500
B3_multicys,0.25,45,-0.05700521831655658,0.05700521831655658,-0.07814544989260294,-0.03647265001488151,1,3000,1500
B3_multicys,0.25,46,-0.07489650733554842,0.07489650733554842,-0.09663053115861844,-0.05323063883274176,1,3000,1500
B3_multicys,0.25,47,-0.05603202167410176,0.05603202167410176,-0.07768109730076014,-0.03511707620344466,1,3000,1500
B3_multicys,0.25,48,-0.09019111708518568,0.09019111708518568,-0.11002126836854921,-0.07000475330693047,1,3000,1500
B3_multicys,0.25,49,-0.0758396861238349,0.0758396861238349,-0.0964406865587977,-0.05513580198791523,1,3000,1500
B3_multicys,0.5,0,-0.12028804273532617,0.12028804273532617,-0.14073735172415994,-0.1003051985480686,1,3000,1500
B3_multicys,0.5,1,-0.12974067291366215,0.12974067291366215,-0.15014647880662152,-0.10950112355242568,1,3000,1500
B3_multicys,0.5,2,-0.13148629108729465,0.13148629108729465,-0.15159379944419255,-0.11122178285835012,1,3000,1500
B3_multicys,0.5,3,-0.1336218005202569,0.1336218005202569,-0.15356568457551417,-0.11432682001430891,1,3000,1500
B3_multicys,0.5,4,-0.11358709931443134,0.11358709931443134,-0.1315964611714316,-0.09601709122866428,1,3000,1500
B3_multicys,0.5,5,-0.13118848696238894,0.13118848696238894,-0.1517486239643476,-0.11069088791126991,1,3000,1500
B3_multicys,0.5,6,-0.13012168570034788,0.13012168570034788,-0.15166107693238579,-0.10848822196223856,1,3000,1500
B3_multicys,0.5,7,-0.1414488599370931,0.1414488599370931,-0.1599835939978758,-0.12283825689017536,1,3000,1500
B3_multicys,0.5,8,-0.14338359766020237,0.14338359766020237,-0.16327056442352317,-0.12310399254088018,1,3000,1500
B3_multicys,0.5,9,-0.11885200270470048,0.11885200270470048,-0.13927746882082814,-0.09829625327312304,1,3000,1500
B3_multicys,0.5,10,-0.15407420807106453,0.15407420807106453,-0.1728096988953618,-0.13545968910919343,1,3000,1500
B3_multicys,0.5,11,-0.11680434960559316,0.11680434960559316,-0.13738020659992364,-0.09645468978967707,1,3000,1500
B3_multicys,0.5,12,-0.12442336966808548,0.12442336966808548,-0.1453603120545697,-0.10282762227661944,1,3000,1500
B3_multicys,0.5,13,-0.14498151630196787,0.14498151630196787,-0.16412933146491976,-0.12612961757842575,1,3000,1500
B3_multicys,0.5,14,-0.1220030529192091,0.1220030529192091,-0.14368028206779945,-0.10085611410611131,1,3000,1500
B3_multicys,0.5,15,-0.11335504578633343,0.11335504578633343,-0.13443224972428577,-0.09190837506842742,1,3000,1500
B3_multicys,0.5,16,-0.14222246062453553,0.14222246062453553,-0.16301198843210724,-0.12135693350308857,1,3000,1500
B3_multicys,0.5,17,-0.1174380402800917,0.1174380402800917,-0.1368556920048417,-0.09945851189513573,1,3000,1500
B3_multicys,0.5,18,-0.11741526153021259,0.11741526153021259,-0.13639563011905712,-0.09799649257048094,1,3000,1500
B3_multicys,0.5,19,-0.126665509968867,0.126665509968867,-0.1468965274358301,-0.10659246670336461,1,3000,1500
B3_multicys,0.5,20,-0.1337264112533445,0.1337264112533445,-0.1550024803374192,-0.11186887548883394,1,3000,1500
B3_multicys,0.5,21,-0.1286644980725618,0.1286644980725618,-0.14925196725710493,-0.1087729889356331,1,3000,1500
B3_multicys,0.5,22,-0.12848029481729267,0.12848029481729267,-0.14739737885018322,-0.1101605791524946,1,3000,1500
B3_multicys,0.5,23,-0.13123453810155156,0.13123453810155156,-0.1499801993135017,-0.11246165706411736,1,3000,1500
B3_multicys,0.5,24,-0.13752825938032692,0.13752825938032692,-0.15671329252143074,-0.11879098182326406,1,3000,1500
B3_multicys,0.5,25,-0.12760568394694138,0.12760568394694138,-0.14756270283039033,-0.10740910203510903,1,3000,1500
B3_multicys,0.5,26,-0.11508254585819566,0.11508254585819566,-0.1364821359036504,-0.09270813074998542,1,3000,1500
B3_multicys,0.5,27,-0.13006008291457588,0.13006008291457588,-0.14855751274860923,-0.11177304605020162,1,3000,1500
B3_multicys,0.5,28,-0.13901099437351905,0.13901099437351905,-0.15775332189979055,-0.12035837242848357,1,3000,1500
B3_multicys,0.5,29,-0.1278839025770997,0.1278839025770997,-0.14838139742710404,-0.10759857053928834,1,3000,1500
B3_multicys,0.5,30,-0.10922044853225521,0.10922044853225521,-0.1286765951366654,-0.08923348579179524,1,3000,1500
B3_multicys,0.5,31,-0.12288397926313532,0.12288397926313532,-0.14282390941281062,-0.10162311647221306,1,3000,1500
B3_multicys,0.5,32,-0.12417566149685444,0.12417566149685444,-0.1425025994397763,-0.10637266045835281,1,3000,1500
B3_multicys,0.5,33,-0.13228547834456628,0.13228547834456628,-0.15107253960912817,-0.11322129366437098,1,3000,1500
B3_multicys,0.5,34,-0.11936620226102196,0.11936620226102196,-0.13911764544039187,-0.10011659759050205,1,3000,1500
B3_multicys,0.5,35,-0.1270082212718568,0.1270082212718568,-0.14763054213320365,-0.10754954237158992,1,3000,1500
B3_multicys,0.5,36,-0.12617732784088287,0.12617732784088287,-0.1472301359354702,-0.10536127435548782,1,3000,1500
B3_multicys,0.5,37,-0.13863309732126228,0.13863309732126228,-0.15897254784371342,-0.11801626699867994,1,3000,1500
B3_multicys,0.5,38,-0.11499621234586449,0.11499621234586449,-0.1347071482589895,-0.09494638508921299,1,3000,1500
B3_multicys,0.5,39,-0.13210825616871552,0.13210825616871552,-0.15102962270574094,-0.11225207914258545,1,3000,1500
B3_multicys,0.5,40,-0.1293238747268456,0.1293238747268456,-0.15046425651050724,-0.10849365357180585,1,3000,1500
B3_multicys,0.5,41,-0.13469964843691468,0.13469964843691468,-0.15466525484248494,-0.11518410232188792,1,3000,1500
B3_multicys,0.5,42,-0.13510788041874838,0.13510788041874838,-0.1549903540149353,-0.11517632891620379,1,3000,1500
B3_multicys,0.5,43,-0.12719744216412598,0.12719744216412598,-0.14744450751391328,-0.10636850973979506,1,3000,1500
B3_multicys,0.5,44,-0.13375883448839843,0.13375883448839843,-0.1551500370169264,-0.11293177973488579,1,3000,1500
B3_multicys,0.5,45,-0.12584580623488306,0.12584580623488306,-0.14481079653945872,-0.10621835787539459,1,3000,1500
B3_multicys,0.5,46,-0.11561344589507766,0.11561344589507766,-0.1353397363886995,-0.09583916983611752,1,3000,1500
B3_multicys,0.5,47,-0.12283257625567301,0.12283257625567301,-0.14497826168824288,-0.10139832166920457,1,3000,1500
B3_multicys,0.5,48,-0.12291765247476144,0.12291765247476144,-0.14289861330846607,-0.10233364699109054,1,3000,1500
B3_multicys,0.5,49,-0.13116181242398145,0.13116181242398145,-0.151190590639719,-0.11162884964675653,1,3000,1500
B3_multicys,0.75,0,-0.1895445870278903,0.1895445870278903,-0.20735628218190327,-0.17137726233614256,1,3000,1500
B3_multicys,0.75,1,-0.1728025665833745,0.1728025665833745,-0.19353300948725288,-0.1518252975666451,1,3000,1500
B3_multicys,0.75,2,-0.1737088666826454,0.1737088666826454,-0.19232409990809893,-0.15493903299203,1,3000,1500
B3_multicys,0.75,3,-0.19593536526147137,0.19593536526147137,-0.2137935535372688,-0.17790247380684981,1,3000,1500
B3_multicys,0.75,4,-0.19491778894860678,0.19491778894860678,-0.21274673438975045,-0.17672477221605612,1,3000,1500
B3_multicys,0.75,5,-0.1901807273882118,0.1901807273882118,-0.2097505368294446,-0.1710309161763388,1,3000,1500
B3_multicys,0.75,6,-0.17928535209931123,0.17928535209931123,-0.1990936123405878,-0.15953556300818725,1,3000,1500
B3_multicys,0.75,7,-0.17885381050475058,0.17885381050475058,-0.19761982197614672,-0.15964367191075823,1,3000,1500
B3_multicys,0.75,8,-0.18219641756757637,0.18219641756757637,-0.20157550559815485,-0.16246870913274528,1,3000,1500
B3_multicys,0.75,9,-0.17310920654633177,0.17310920654633177,-0.1926947770496734,-0.15332574402894247,1,3000,1500
B3_multicys,0.75,10,-0.19786959203990673,0.19786959203990673,-0.21624060575869147,-0.17964099245764087,1,3000,1500
B3_multicys,0.75,11,-0.1981128766493162,0.1981128766493162,-0.21740892483698296,-0.17872459023430776,1,3000,1500
B3_multicys,0.75,12,-0.17508136675255942,0.17508136675255942,-0.1951727960479052,-0.15481622944304124,1,3000,1500
B3_multicys,0.75,13,-0.19515423117532127,0.19515423117532127,-0.21416442795404383,-0.17696607549106613,1,3000,1500
B3_multicys,0.75,14,-0.19435444404189428,0.19435444404189428,-0.21263380464933002,-0.1754416299470538,1,3000,1500
B3_multicys,0.75,15,-0.18604363782688177,0.18604363782688177,-0.20540295445291215,-0.16637253786973882,1,3000,1500
B3_multicys,0.75,16,-0.19656302307318846,0.19656302307318846,-0.2145724538517942,-0.17890131418663915,1,3000,1500
B3_multicys,0.75,17,-0.20355725744544362,0.20355725744544362,-0.22336991906995554,-0.18360251189213106,1,3000,1500
B3_multicys,0.75,18,-0.186125360437555,0.186125360437555,-0.2074923030868273,-0.16482835555161,1,3000,1500
B3_multicys,0.75,19,-0.18252769926748819,0.18252769926748819,-0.20187236441152032,-0.1634487939268162,1,3000,1500
B3_multicys,0.75,20,-0.19034008133893915,0.19034008133893915,-0.20990622175057758,-0.17161143771290843,1,3000,1500
B3_multicys,0.75,21,-0.17461489260801194,0.17461489260801194,-0.19177056158039033,-0.15693925238993914,1,3000,1500
B3_multicys,0.75,22,-0.19706835575372317,0.19706835575372317,-0.21646778882926263,-0.17768914419191628,1,3000,1500
B3_multicys,0.75,23,-0.18413659915892722,0.18413659915892722,-0.2022338636330894,-0.16634744649373787,1,3000,1500
B3_multicys,0.75,24,-0.1957715910562811,0.1957715910562811,-0.2148997124359349,-0.17663050452042753,1,3000,1500
B3_multicys,0.75,25,-0.19953488345380577,0.19953488345380577,-0.21915266568155692,-0.1797007817552939,1,3000,1500
B3_multicys,0.75,26,-0.2005903388094158,0.2005903388094158,-0.2204505700049979,-0.18150854666368307,1,3000,1500
B3_multicys,0.75,27,-0.20467824015558433,0.20467824015558433,-0.224381414157101,-0.18530837341854456,1,3000,1500
B3_multicys,0.75,28,-0.18478109190474462,0.18478109190474462,-0.201915650051305,-0.1677082394462632,1,3000,1500
B3_multicys,0.75,29,-0.17325576484358296,0.17325576484358296,-0.19226024324991373,-0.1542975049784339,1,3000,1500
B3_multicys,0.75,30,-0.19139423000460226,0.19139423000460226,-0.2114616342991741,-0.17124794058359777,1,3000,1500
B3_multicys,0.75,31,-0.19922600609862134,0.19922600609862134,-0.21813656388453342,-0.18048716198686876,1,3000,1500
B3_multicys,0.75,32,-0.18477809202487572,0.18477809202487572,-0.20447097386771984,-0.16544484920362607,1,3000,1500
B3_multicys,0.75,33,-0.21363934122923856,0.21363934122923856,-0.23283904483069964,-0.19479279443905936,1,3000,1500
B3_multicys,0.75,34,-0.19018617662892418,0.19018617662892418,-0.20979417455905353,-0.17083246534148264,1,3000,1500
B3_multicys,0.75,35,-0.18447427759041068,0.18447427759041068,-0.20356167173221346,-0.1643807587829644,1,3000,1500
B3_multicys,0.75,36,-0.1777200422181659,0.1777200422181659,-0.19754724332428253,-0.15809710047608963,1,3000,1500
B3_multicys,0.75,37,-0.19160283906687786,0.19160283906687786,-0.2108992891198931,-0.1710811015968327,1,3000,1500
B3_multicys,0.75,38,-0.1811058101893453,0.1811058101893453,-0.2009916390923239,-0.16084969579035588,1,3000,1500
B3_multicys,0.75,39,-0.193030171537514,0.193030171537514,-0.21305622815941122,-0.17264625211721396,1,3000,1500
B3_multicys,0.75,40,-0.19996206686556284,0.19996206686556284,-0.22023500023272805,-0.17935530839995797,1,3000,1500
B3_multicys,0.75,41,-0.21555464316922524,0.21555464316922524,-0.2345844269910424,-0.19620748225410786,1,3000,1500
B3_multicys,0.75,42,-0.18906990193441364,0.18906990193441364,-0.20789213542337434,-0.17004336990088664,1,3000,1500
B3_multicys,0.75,43,-0.17346962069461558,0.17346962069461558,-0.19292637234101367,-0.15296402925653205,1,3000,1500
B3_multicys,0.75,44,-0.1951494681021701,0.1951494681021701,-0.2127487440741995,-0.17677958516625017,1,3000,1500
B3_multicys,0.75,45,-0.1732966652209338,0.1732966652209338,-0.19295492742655948,-0.1537194818936734,1,3000,1500
B3_multicys,0.75,46,-0.18514705170679469,0.18514705170679469,-0.2053586491578755,-0.16439386846941276,1,3000,1500
B3_multicys,0.75,47,-0.18467643709748516,0.18467643709748516,-0.20454486656598234,-0.16448363649472536,1,3000,1500
B3_multicys,0.75,48,-0.1998422327735372,0.1998422327735372,-0.21892886656840108,-0.18000431106583845,1,3000,1500
B3_multicys,0.75,49,-0.20890108822022807,0.20890108822022807,-0.22894208756523032,-0.1888498381053124,1,3000,1500
B3_multicys,1.0,0,-0.2419531906229389,0.2419531906229389,-0.26050871359226635,-0.22285748011598663,1,3000,1500
B3_multicys,1.0,1,-0.2546173697977874,0.2546173697977874,-0.2733047190677302,-0.23612227834838476,1,3000,1500
B3_multicys,1.0,2,-0.26318433588486617,0.26318433588486617,-0.2826390001367514,-0.24310378021552298,1,3000,1500
B3_multicys,1.0,3,-0.2564807288825555,0.2564807288825555,-0.2743151082423138,-0.2386620463184977,1,3000,1500
B3_multicys,1.0,4,-0.23096941447826147,0.23096941447826147,-0.24895230828180182,-0.21361802810502917,1,3000,1500
B3_multicys,1.0,5,-0.25176547381063524,0.25176547381063524,-0.26751617689361973,-0.2354036361903622,1,3000,1500
B3_multicys,1.0,6,-0.25071929260425035,0.25071929260425035,-0.26839197495809525,-0.23228080253507843,1,3000,1500
B3_multicys,1.0,7,-0.25702544149816153,0.25702544149816153,-0.27471046711027425,-0.23895350112940836,1,3000,1500
B3_multicys,1.0,8,-0.25459485284507155,0.25459485284507155,-0.27259866355750406,-0.23644610998860244,1,3000,1500
B3_multicys,1.0,9,-0.2582185993194548,0.2582185993194548,-0.2763150202793229,-0.24010079005573695,1,3000,1500
B3_multicys,1.0,10,-0.24465179959349537,0.24465179959349537,-0.26209639890445474,-0.22703753259848206,1,3000,1500
B3_multicys,1.0,11,-0.26378731585359166,0.26378731585359166,-0.28176830157790805,-0.24604739973708295,1,3000,1500
B3_multicys,1.0,12,-0.24670816993110406,0.24670816993110406,-0.26441482187444554,-0.22876617703882093,1,3000,1500
B3_multicys,1.0,13,-0.24430106307994431,0.24430106307994431,-0.26136518394888203,-0.22800326074108246,1,3000,1500
B3_multicys,1.0,14,-0.2682033584538211,0.2682033584538211,-0.28576441807724096,-0.25110817173496053,1,3000,1500
B3_multicys,1.0,15,-0.2544650379264806,0.2544650379264806,-0.272471076017336,-0.2358812435997868,1,3000,1500
B3_multicys,1.0,16,-0.25081912325773076,0.25081912325773076,-0.26721991740186446,-0.2341963431974196,1,3000,1500
B3_multicys,1.0,17,-0.24119713699257717,0.24119713699257717,-0.259640068000628,-0.22327343379777234,1,3000,1500
B3_multicys,1.0,18,-0.25545834779714344,0.25545834779714344,-0.27209858929073105,-0.23943805394342013,1,3000,1500
B3_multicys,1.0,19,-0.25258935259838894,0.25258935259838894,-0.2706853612985814,-0.2352188425406491,1,3000,1500
B3_multicys,1.0,20,-0.2647308234602058,0.2647308234602058,-0.2817440648437461,-0.2481522753689654,1,3000,1500
B3_multicys,1.0,21,-0.25728099808343563,0.25728099808343563,-0.27469081689043606,-0.24122792230479143,1,3000,1500
B3_multicys,1.0,22,-0.2611117116481597,0.2611117116481597,-0.27927229730233816,-0.2438643121017854,1,3000,1500
B3_multicys,1.0,23,-0.2610379712072673,0.2610379712072673,-0.28032419920624696,-0.24200507644148211,1,3000,1500
B3_multicys,1.0,24,-0.2602829999131768,0.2602829999131768,-0.27858023608156546,-0.24304143424396513,1,3000,1500
B3_multicys,1.0,25,-0.2730535366005579,0.2730535366005579,-0.28908245910367536,-0.25681252958011797,1,3000,1500
B3_multicys,1.0,26,-0.2622197376052226,0.2622197376052226,-0.27877720828892366,-0.24558145536279818,1,3000,1500
B3_multicys,1.0,27,-0.2710064479391303,0.2710064479391303,-0.2888364287977491,-0.25357623474764907,1,3000,1500
B3_multicys,1.0,28,-0.26139354991769825,0.26139354991769825,-0.27868552544657627,-0.24404768265390125,1,3000,1500
B3_multicys,1.0,29,-0.24880371064662832,0.24880371064662832,-0.26657309423102643,-0.23106385882040825,1,3000,1500
B3_multicys,1.0,30,-0.24805225252284202,0.24805225252284202,-0.26643552754538075,-0.22959696614469147,1,3000,1500
B3_multicys,1.0,31,-0.24677313506550108,0.24677313506550108,-0.26547760117509495,-0.2280609781838975,1,3000,1500
B3_multicys,1.0,32,-0.25994504710947625,0.25994504710947625,-0.2781588812694288,-0.24217376261647605,1,3000,1500
B3_multicys,1.0,33,-0.2514803724755234,0.2514803724755234,-0.26936224857590907,-0.23355162270353752,1,3000,1500
B3_multicys,1.0,34,-0.24605097691045386,0.24605097691045386,-0.26360298934708143,-0.2283250774059239,1,3000,1500
B3_multicys,1.0,35,-0.24016788277118722,0.24016788277118722,-0.257368861890477,-0.2222866665538407,1,3000,1500
B3_multicys,1.0,36,-0.2511570381765699,0.2511570381765699,-0.26859244043543173,-0.23375595844189642,1,3000,1500
B3_multicys,1.0,37,-0.2628588421435713,0.2628588421435713,-0.27994384471198636,-0.24608825585390337,1,3000,1500
B3_multicys,1.0,38,-0.25339795430082895,0.25339795430082895,-0.2700916817067446,-0.23621663225000938,1,3000,1500
B3_multicys,1.0,39,-0.258094637915066,0.258094637915066,-0.27471528777628146,-0.24202921235176827,1,3000,1500
B3_multicys,1.0,40,-0.25295834872579703,0.25295834872579703,-0.2714536504046305,-0.23467979018623483,1,3000,1500
B3_multicys,1.0,41,-0.2578532095278478,0.2578532095278478,-0.2750518096779741,-0.24101877472215263,1,3000,1500
B3_multicys,1.0,42,-0.2546815025026985,0.2546815025026985,-0.27141300146516073,-0.2389092799636964,1,3000,1500
B3_multicys,1.0,43,-0.24049471141368217,0.24049471141368217,-0.25986525966337876,-0.22122923322104365,1,3000,1500
B3_multicys,1.0,44,-0.25010459872392615,0.25010459872392615,-0.26783031559373754,-0.2326117612941039,1,3000,1500
B3_multicys,1.0,45,-0.2651438251289367,0.2651438251289367,-0.2822403928396104,-0.24830357163864641,1,3000,1500
B3_multicys,1.0,46,-0.2663623656425146,0.2663623656425146,-0.28256170773817196,-0.24951874543514233,1,3000,1500
B3_multicys,1.0,47,-0.2575565004034861,0.2575565004034861,-0.27639919636926497,-0.2379096566336884,1,3000,1500
B3_multicys,1.0,48,-0.2575507423772614,0.2575507423772614,-0.27484074591825464,-0.24022452847086484,1,3000,1500
B3_multicys,1.0,49,-0.2659188057226793,0.2659188057226793,-0.2846124072917585,-0.2475213426171834,1,3000,1500
B4_depletion,0.0,0,0.508,0.508,0.4901506939614925,0.5265806746267275,0,3000,1524
B4_depletion,0.0,1,0.5026666666666667,0.5026666666666667,0.4828610736610919,0.52214221902217,0,3000,1508
B4_depletion,0.0,2,0.504,0.504,0.48603718875007246,0.5215863973302933,0,3000,1512
B4_depletion,0.0,3,0.5336666666666666,0.5336666666666666,0.5156280539545587,0.5520163680986067,1,3000,1601
B4_depletion,0.0,4,0.5123333333333333,0.5123333333333333,0.4952537526969806,0.5296068413157736,0,3000,1537
B4_depletion,0.0,5,0.5063333333333333,0.5063333333333333,0.487289246598075,0.5249507550886409,0,3000,1519
B4_depletion,0.0,6,0.49466666666666664,0.49466666666666664,0.4765701612234797,0.5127209445881874,0,3000,1484
B4_depletion,0.0,7,0.5103333333333333,0.5103333333333333,0.49185706768583143,0.5289433241293674,0,3000,1531
B4_depletion,0.0,8,0.4886666666666667,0.4886666666666667,0.4704515272244356,0.5066713287298517,0,3000,1466
B4_depletion,0.0,9,0.5086666666666667,0.5086666666666667,0.49181422774073796,0.5251779626603368,0,3000,1526
B4_depletion,0.0,10,0.501,0.501,0.4825797460397663,0.5182391804990594,0,3000,1503
B4_depletion,0.0,11,0.493,0.493,0.4748886618723924,0.5113616182795699,0,3000,1479
B4_depletion,0.0,12,0.49333333333333335,0.49333333333333335,0.4767435975896808,0.5109086038491158,0,3000,1480
B4_depletion,0.0,13,0.501,0.501,0.48123765213769404,0.5205484070608448,0,3000,1503
B4_depletion,0.0,14,0.5093333333333333,0.5093333333333333,0.4906219696252258,0.5282964068386633,0,3000,1528
B4_depletion,0.0,15,0.5096666666666667,0.5096666666666667,0.49091960029146864,0.5293930341568371,0,3000,1529
B4_depletion,0.0,16,0.49066666666666664,0.49066666666666664,0.47382816737749395,0.5077841410365596,0,3000,1472
B4_depletion,0.0,17,0.5086666666666667,0.5086666666666667,0.49116181054334335,0.5265041539381596,0,3000,1526
B4_depletion,0.0,18,0.497,0.497,0.47772752861317525,0.5156147462773847,0,3000,1491
B4_depletion,0.0,19,0.504,0.504,0.48556326961086943,0.5227896474845827,0,3000,1512
B4_depletion,0.0,20,0.493,0.493,0.4755419725751434,0.510342223959208,0,3000,1479
B4_depletion,0.0,21,0.49866666666666665,0.49866666666666665,0.48036936509471373,0.5178756733257314,0,3000,1496
B4_depletion,0.0,22,0.5163333333333333,0.5163333333333333,0.4984563586731431,0.532871317609949,0,3000,1549
B4_depletion,0.0,23,0.493,0.493,0.47382643751512676,0.5129415828032344,0,3000,1479
B4_depletion,0.0,24,0.49433333333333335,0.49433333333333335,0.4770973408028965,0.5122773677333634,0,3000,1483
B4_depletion,0.0,25,0.49333333333333335,0.49333333333333335,0.4766318601371887,0.5107534127467177,0,3000,1480
B4_depletion,0.0,26,0.5026666666666667,0.5026666666666667,0.4842661525010056,0.5198601014890546,0,3000,1508
B4_depletion,0.0,27,0.5096666666666667,0.5096666666666667,0.4922050522371149,0.526522691650393,0,3000,1529
B4_depletion,0.0,28,0.503,0.503,0.4855592393086525,0.520655873187915,0,3000,1509
B4_depletion,0.0,29,0.48733333333333334,0.48733333333333334,0.4694732279415492,0.5047474405464051,0,3000,1462
B4_depletion,0.0,30,0.5003333333333333,0.5003333333333333,0.4807951089257001,0.5199343317200968,0,3000,1501
B4_depletion,0.0,31,0.508,0.508,0.4913324974411464,0.5260505038391062,0,3000,1524
B4_depletion,0.0,32,0.5033333333333333,0.5033333333333333,0.48562705282566093,0.5212848256721289,0,3000,1510
B4_depletion,0.0,33,0.49566666666666664,0.49566666666666664,0.47775427744998095,0.5128124038357578,0,3000,1487
B4_depletion,0.0,34,0.49933333333333335,0.49933333333333335,0.4831230002412838,0.5160977163474406,0,3000,1498
B4_depletion,0.0,35,0.5096666666666667,0.5096666666666667,0.49139023248893193,0.5275031104160486,0,3000,1529
B4_depletion,0.0,36,0.5073333333333333,0.5073333333333333,0.4883718969371348,0.5258390762805716,0,3000,1522
B4_depletion,0.0,37,0.49766666666666665,0.49766666666666665,0.4798651618855822,0.5157858642101606,0,3000,1493
B4_depletion,0.0,38,0.483,0.483,0.4651783709963942,0.5013195022747394,0,3000,1449
B4_depletion,0.0,39,0.5006666666666667,0.5006666666666667,0.4823797326082953,0.5196973214646309,0,3000,1502
B4_depletion,0.0,40,0.488,0.488,0.4698358535895987,0.5064149102433257,0,3000,1464
B4_depletion,0.0,41,0.5036666666666667,0.5036666666666667,0.484858563633497,0.522233693595189,0,3000,1511
B4_depletion,0.0,42,0.49666666666666665,0.49666666666666665,0.4793696229462372,0.513185254126882,0,3000,1490
B4_depletion,0.0,43,0.5053333333333333,0.5053333333333333,0.487763942140806,0.5224031507881626,0,3000,1516
B4_depletion,0.0,44,0.49233333333333335,0.49233333333333335,0.47383645758161264,0.5110812737003768,0,3000,1477
B4_depletion,0.0,45,0.5066666666666667,0.5066666666666667,0.4879926342456552,0.5245146429746628,0,3000,1520
B4_depletion,0.0,46,0.4856666666666667,0.4856666666666667,0.46859471735811936,0.502681145319842,0,3000,1457
B4_depletion,0.0,47,0.512,0.512,0.4946515122436339,0.5298182684739151,0,3000,1536
B4_depletion,0.0,48,0.49766666666666665,0.49766666666666665,0.4792075156759978,0.5164514697665246,0,3000,1493
B4_depletion,0.0,49,0.5056666666666667,0.5056666666666667,0.4887509295208139,0.5228310880030462,0,3000,1517
B4_depletion,0.1,0,0.5171089385474861,0.5171089385474861,0.49946630570293427,0.5340301414125685,0,2864,1481
B4_depletion,0.1,1,0.5208775654635527,0.5208775654635527,0.5026440904072192,0.5391970963324579,1,2826,1472
B4_depletion,0.1,2,0.5133333333333333,0.5133333333333333,0.495746647263293,0.5308178061322629,0,2850,1463
B4_depletion,0.1,3,0.5453913043478261,0.5453913043478261,0.5285764967484884,0.561654185985975,1,2875,1568
B4_depletion,0.1,4,0.5129915730337079,0.5129915730337079,0.493809384474852,0.5315838173786264,0,2848,1461
B4_depletion,0.1,5,0.5354275741710297,0.5354275741710297,0.5153827418232428,0.5555155445889168,1,2865,1534
B4_depletion,0.1,6,0.5134568332750786,0.5134568332750786,0.49509425934233914,0.5316033490267447,0,2861,1469
B4_depletion,0.1,7,0.5229422066549912,0.5229422066549912,0.504927529163903,0.5400003671071953,1,2855,1493
B4_depletion,0.1,8,0.5309641097818437,0.5309641097818437,0.5126689923564184,0.5498168831168831,1,2842,1509
B4_depletion,0.1,9,0.5358397751229796,0.5358397751229796,0.5177129358606583,0.5539085569810563,1,2846,1525
B4_depletion,0.1,10,0.5307990144315382,0.5307990144315382,0.5116845583941206,0.5500722652584608,1,2841,1508
B4_depletion,0.1,11,0.5206727400140154,0.5206727400140154,0.5028650229512485,0.5388126405396724,1,2854,1486
B4_depletion,0.1,12,0.5356769926905673,0.5356769926905673,0.5192882174160293,0.5528704537531954,1,2873,1539
B4_depletion,0.1,13,0.5362622036262203,0.5362622036262203,0.5195251220848243,0.5524731189967983,1,2868,1538
B4_depletion,0.1,14,0.5365853658536586,0.5365853658536586,0.5177618693072753,0.5554002339981005,1,2829,1518
B4_depletion,0.1,15,0.5185185185185185,0.5185185185185185,0.5006785788151651,0.5357526884708882,1,2862,1484
B4_depletion,0.1,16,0.5348023784540049,0.5348023784540049,0.5179198875614898,0.5518920811541426,1,2859,1529
B4_depletion,0.1,17,0.5164106145251397,0.5164106145251397,0.49829983077478124,0.5353734314671814,0,2864,1479
B4_depletion,0.1,18,0.5403311025008806,0.5403311025008806,0.5214454027324751,0.5594558268421488,1,2839,1534
B4_depletion,0.1,19,0.518688293370945,0.518688293370945,0.4993016637777231,0.5369228165044707,0,2836,1471
B4_depletion,0.1,20,0.5208406304728547,0.5208406304728547,0.503790163897956,0.5380020266770089,1,2855,1487
B4_depletion,0.1,21,0.516310066643283,0.516310066643283,0.49854773093918775,0.533912564241933,0,2851,1472
B4_depletion,0.1,22,0.5231788079470199,0.5231788079470199,0.5060095747290492,0.5410025406387788,1,2869,1501
B4_depletion,0.1,23,0.5152792413066386,0.5152792413066386,0.49756280557132615,0.5326636994658358,0,2847,1467
B4_depletion,0.1,24,0.5159929701230228,0.5159929701230228,0.4976718785278844,0.5351964481850954,0,2845,1468
B4_depletion,0.1,25,0.540436005625879,0.540436005625879,0.5221389466425093,0.558205189241835,1,2844,1537
B4_depletion,0.1,26,0.5265751495952129,0.5265751495952129,0.5073234883956668,0.5457458456442086,1,2841,1496
B4_depletion,0.1,27,0.5169758487924396,0.5169758487924396,0.4984422865589777,0.5343409214830971,0,2857,1477
B4_depletion,0.1,28,0.5262231608588526,0.5262231608588526,0.5098157270789895,0.5426225085941,1,2841,1495
B4_depletion,0.1,29,0.5223355610270841,0.5223355610270841,0.5015640750101615,0.5430156039902717,1,2843,1485
B4_depletion,0.1,30,0.5316101990918617,0.5316101990918617,0.5127471996716684,0.5503332010587858,1,2863,1522
B4_depletion,0.1,31,0.5198594024604569,0.5198594024604569,0.5017229200247574,0.5380489122697872,1,2845,1479
B4_depletion,0.1,32,0.5276998597475456,0.5276998597475456,0.5087395490479988,0.5459630983321031,1,2852,1505
B4_depletion,0.1,33,0.5175808720112518,0.5175808720112518,0.5003405820893311,0.5355261076752271,1,2844,1472
B4_depletion,0.1,34,0.5154494382022472,0.5154494382022472,0.49689782608173627,0.5335873242528626,0,2848,1468
B4_depletion,0.1,35,0.5209937018894332,0.5209937018894332,0.5032724767481915,0.5390829635361212,1,2858,1489
B4_depletion,0.1,36,0.5085098992705801,0.5085098992705801,0.4908080263927321,0.526442481884058,0,2879,1464
B4_depletion,0.1,37,0.5271073802028682,0.5271073802028682,0.508871382802551,0.54520432707893,1,2859,1507
B4_depletion,0.1,38,0.5477773888694435,0.5477773888694435,0.5301356834539954,0.5655349753302562,1,2857,1565
B4_depletion,0.1,39,0.5164681149264191,0.5164681149264191,0.49767639707775213,0.5350037971798043,0,2854,1474
B4_depletion,0.1,40,0.5418424753867792,0.5418424753867792,0.5240960790243743,0.5600007062146893,1,2844,1541
B4_depletion,0.1,41,0.5379238028661307,0.5379238028661307,0.5183531858909453,0.5564982785092686,1,2861,1539
B4_depletion,0.1,42,0.5238925706313219,0.5238925706313219,0.5057500677092684,0.5420499696996149,1,2867,1502
B4_depletion,0.1,43,0.5255781359495445,0.5255781359495445,0.5080079391542022,0.5432452716390138,1,2854,1500
B4_depletion,0.1,44,0.5169758487924396,0.5169758487924396,0.49893289476237107,0.5354263359566178,0,2857,1477
B4_depletion,0.1,45,0.515867418899859,0.515867418899859,0.49965535629452545,0.532186232006795,0,2836,1463
B4_depletion,0.1,46,0.5146075325589581,0.5146075325589581,0.49608484882450193,0.5334059353441118,0,2841,1462
B4_depletion,0.1,47,0.5320041972717734,0.5320041972717734,0.5134759098016834,0.5499140450216071,1,2859,1521
B4_depletion,0.1,48,0.5269081955680619,0.5269081955680619,0.5107140663390664,0.5440922681498772,1,2843,1498
B4_depletion,0.1,49,0.5411847178408693,0.5411847178408693,0.5231619785442537,0.5593161200279134,1,2853,1544
B4_depletion,0.25,0,0.584064048799085,0.584064048799085,0.5653814411512544,0.6029364621614205,1,2623,1532
B4_depletion,0.25,1,0.5816170861937452,0.5816170861937452,0.5625959914869666,0.6006990100585422,1,2622,1525
B4_depletion,0.25,2,0.5674135966578048,0.5674135966578048,0.5489026280076291,0.585671229906568,1,2633,1494
B4_depletion,0.25,3,0.5854025583145221,0.5854025583145221,0.5661506309713313,0.6042553191489362,1,2658,1556
B4_depletion,0.25,4,0.575084681972149,0.575084681972149,0.5567125225287036,0.5936578772181073,1,2657,1528
B4_depletion,0.25,5,0.5749423520368947,0.5749423520368947,0.5565214840761082,0.5932271210524634,1,2602,1496
B4_depletion,0.25,6,0.5750859763087505,0.5750859763087505,0.555050991838279,0.5941979780439405,1,2617,1505
B4_depletion,0.25,7,0.5629965947786606,0.5629965947786606,0.5446141406543813,0.581283002032208,1,2643,1488
B4_depletion,0.25,8,0.5715370018975332,0.5715370018975332,0.5520773555895567,0.5916516430341879,1,2635,1506
B4_depletion,0.25,9,0.5661108956960063,0.5661108956960063,0.5479664332129067,0.5846284581990638,1,2579,1460
B4_depletion,0.25,10,0.5652503793626708,0.5652503793626708,0.548386168395514,0.5828177436049776,1,2636,1490
B4_depletion,0.25,11,0.5803128576879054,0.5803128576879054,0.5611636695333123,0.5997053186908474,1,2621,1521
B4_depletion,0.25,12,0.5863653772500957,0.5863653772500957,0.5662276349034404,0.6057626799874715,1,2611,1531
B4_depletion,0.25,13,0.5697363393198319,0.5697363393198319,0.5493439541231486,0.5893717880955658,1,2617,1491
B4_depletion,0.25,14,0.5647903286739705,0.5647903286739705,0.5480054511114871,0.5817465203613165,1,2647,1495
B4_depletion,0.25,15,0.5693181818181818,0.5693181818181818,0.5502226268732711,0.5882134869156789,1,2640,1503
B4_depletion,0.25,16,0.5778202676864245,0.5778202676864245,0.5585471858598012,0.5961962718400242,1,2615,1511
B4_depletion,0.25,17,0.5804356132976691,0.5804356132976691,0.5613551983448221,0.599232245681382,1,2617,1519
B4_depletion,0.25,18,0.5831435079726651,0.5831435079726651,0.5628466740653248,0.602945316961736,1,2634,1536
B4_depletion,0.25,19,0.5727752639517345,0.5727752639517345,0.5547256736886822,0.5910964002522209,1,2652,1519
B4_depletion,0.25,20,0.5788667687595712,0.5788667687595712,0.5596114883045462,0.5975060767712361,1,2612,1512
B4_depletion,0.25,21,0.56752655538695,0.56752655538695,0.5471333575682724,0.5882358584262561,1,2636,1496
B4_depletion,0.25,22,0.574573055028463,0.574573055028463,0.5550917684523493,0.5933416325233594,1,2635,1514
B4_depletion,0.25,23,0.5641025641025641,0.5641025641025641,0.5451384093001841,0.5825885225489772,1,2652,1496
B4_depletion,0.25,24,0.5770254849752757,0.5770254849752757,0.5585338888215234,0.5952114238661341,1,2629,1517
B4_depletion,0.25,25,0.5714285714285714,0.5714285714285714,0.5513162195565613,0.5906528763463725,1,2611,1492
B4_depletion,0.25,26,0.5683018867924529,0.5683018867924529,0.5490419606798917,0.5865797391880962,1,2650,1506
B4_depletion,0.25,27,0.5845629965947786,0.5845629965947786,0.5660584582477027,0.6028154191672449,1,2643,1545
B4_depletion,0.25,28,0.5755258126195029,0.5755258126195029,0.5572369510942327,0.5936450695871068,1,2615,1505
B4_depletion,0.25,29,0.5720771850170261,0.5720771850170261,0.5531665894248692,0.5909264275209148,1,2643,1512
B4_depletion,0.25,30,0.566793893129771,0.566793893129771,0.5470641630345332,0.5859382529394757,1,2620,1485
B4_depletion,0.25,31,0.5686200378071834,0.5686200378071834,0.548687255680497,0.5881912738910523,1,2645,1504
B4_depletion,0.25,32,0.5713743356112376,0.5713743356112376,0.5536988065048147,0.5883405476716584,1,2634,1505
B4_depletion,0.25,33,0.576820434616851,0.576820434616851,0.5573640264007264,0.5970116785278471,1,2623,1513
B4_depletion,0.25,34,0.5907879710696612,0.5907879710696612,0.570703884918922,0.6107840009323643,1,2627,1552
B4_depletion,0.25,35,0.5654830087819779,0.5654830087819779,0.5485452464015759,0.5829316071302653,1,2619,1481
B4_depletion,0.25,36,0.5838106147384498,0.5838106147384498,0.5651325027781738,0.6021857703576435,1,2619,1529
B4_depletion,0.25,37,0.5843809523809523,0.5843809523809523,0.5662453167877683,0.6019806327313448,1,2625,1534
B4_depletion,0.25,38,0.5493874425727412,0.5493874425727412,0.5298062330484359,0.568234845623586,1,2612,1435
B4_depletion,0.25,39,0.5706686930091185,0.5706686930091185,0.5522960974036939,0.5884610244051749,1,2632,1502
B4_depletion,0.25,40,0.5804971319311664,0.5804971319311664,0.5623106378487799,0.5992279103891388,1,2615,1518
B4_depletion,0.25,41,0.5642008432349559,0.5642008432349559,0.5449135322346155,0.5833971300251223,1,2609,1472
B4_depletion,0.25,42,0.5666540068363084,0.5666540068363084,0.5470831534621392,0.5854587349350593,1,2633,1492
B4_depletion,0.25,43,0.5815548780487805,0.5815548780487805,0.5615468019014579,0.600535193816563,1,2624,1526
B4_depletion,0.25,44,0.5702290076335877,0.5702290076335877,0.5516418341354522,0.5886417377573486,1,2620,1494
B4_depletion,0.25,45,0.5794676806083651,0.5794676806083651,0.5592524405220176,0.5994695460876583,1,2630,1524
B4_depletion,0.25,46,0.565117172493277,0.565117172493277,0.5463134517255295,0.5836460547528021,1,2603,1471
B4_depletion,0.25,47,0.5712661106899166,0.5712661106899166,0.5519161153956729,0.5897939779935466,1,2638,1507
B4_depletion,0.25,48,0.5677222434185425,0.5677222434185425,0.5482784431137725,0.5874423902710624,1,2621,1488
B4_depletion,0.25,49,0.5588235294117647,0.5588235294117647,0.5413504584885448,0.5769090456905692,1,2618,1463
B4_depletion,0.5,0,0.655187637969095,0.655187637969095,0.6357808885822386,0.6756650060734659,1,2265,1484
B4_depletion,0.5,1,0.6435818262020291,0.6435818262020291,0.624661615843113,0.6626879223307116,1,2267,1459
B4_depletion,0.5,2,0.6681715575620768,0.6681715575620768,0.6484074530037042,0.6874725626172798,1,2215,1480
B4_depletion,0.5,3,0.6811791383219955,0.6811791383219955,0.6630804679191776,0.6992169507139567,1,2205,1502
B4_depletion,0.5,4,0.6743261157755193,0.6743261157755193,0.6553744434765776,0.6930703859400761,1,2263,1526
B4_depletion,0.5,5,0.6715555555555556,0.6715555555555556,0.6515211592736658,0.6916789084600455,1,2250,1511
B4_depletion,0.5,6,0.6814749000444247,0.6814749000444247,0.6615846984323609,0.7011954860326448,1,2251,1534
B4_depletion,0.5,7,0.6660690273419991,0.6660690273419991,0.6458700301565249,0.6853942625337631,1,2231,1486
B4_depletion,0.5,8,0.6682948490230906,0.6682948490230906,0.6480156400639535,0.6886719127150415,1,2252,1505
B4_depletion,0.5,9,0.6732542819499341,0.6732542819499341,0.6539944725474593,0.6922435002876078,1,2277,1533
B4_depletion,0.5,10,0.6766547406082289,0.6766547406082289,0.656491572720614,0.696388967777982,1,2236,1513
B4_depletion,0.5,11,0.64349376114082,0.64349376114082,0.6242967545432023,0.6624620476401707,1,2244,1444
B4_depletion,0.5,12,0.6792452830188679,0.6792452830188679,0.6601049306978751,0.6982842191267687,1,2279,1548
B4_depletion,0.5,13,0.6777677767776777,0.6777677767776777,0.6591107453891318,0.6971640157172956,1,2222,1506
B4_depletion,0.5,14,0.6499110320284698,0.6499110320284698,0.6287280440898343,0.6708625914629623,1,2248,1461
B4_depletion,0.5,15,0.6625905797101449,0.6625905797101449,0.6426597963344359,0.6823857680363773,1,2208,1463
B4_depletion,0.5,16,0.6638316920322291,0.6638316920322291,0.6433229798510899,0.683487690163744,1,2234,1483
B4_depletion,0.5,17,0.6805494018608773,0.6805494018608773,0.6620776250362685,0.699824175565696,1,2257,1536
B4_depletion,0.5,18,0.6574487065120428,0.6574487065120428,0.6380811856669258,0.6762561138077997,1,2242,1474
B4_depletion,0.5,19,0.6818584070796461,0.6818584070796461,0.6629202428970782,0.7012236118809246,1,2260,1541
B4_depletion,0.5,20,0.6585365853658537,0.6585365853658537,0.6382671141160375,0.679222230750924,1,2296,1512
B4_depletion,0.5,21,0.6668129938542581,0.6668129938542581,0.6465826953821558,0.6855159897799921,1,2278,1519
B4_depletion,0.5,22,0.684139177586986,0.684139177586986,0.6645067952472731,0.7034305264682821,1,2213,1514
B4_depletion,0.5,23,0.6618037135278515,0.6618037135278515,0.6419372426909251,0.6821544066415691,1,2262,1497
B4_depletion,0.5,24,0.6562911003945638,0.6562911003945638,0.6379155667162341,0.6741924718120413,1,2281,1497
B4_depletion,0.5,25,0.6660714285714285,0.6660714285714285,0.6451894135043696,0.6865671641791045,1,2240,1492
B4_depletion,0.5,26,0.6660657954033349,0.6660657954033349,0.6459990116886855,0.6867472630247016,1,2219,1478
B4_depletion,0.5,27,0.676326348640214,0.676326348640214,0.6579619860651617,0.6946219627976246,1,2243,1517
B4_depletion,0.5,28,0.6472710870545783,0.6472710870545783,0.6274774225042714,0.6672485975458621,1,2217,1435
B4_depletion,0.5,29,0.6695996480422349,0.6695996480422349,0.6493557877288054,0.6900663016380405,1,2273,1522
B4_depletion,0.5,30,0.6706244503078276,0.6706244503078276,0.651700545475786,0.6888519266956958,1,2274,1525
B4_depletion,0.5,31,0.657117278424351,0.657117278424351,0.6369043011941619,0.6780517815704767,1,2234,1468
B4_depletion,0.5,32,0.6648697214734951,0.6648697214734951,0.6461804398550748,0.6833407822568793,1,2226,1480
B4_depletion,0.5,33,0.6657620985979195,0.6657620985979195,0.6458615860694115,0.6857681119274573,1,2211,1472
B4_depletion,0.5,34,0.6723985890652557,0.6723985890652557,0.6527655738957604,0.6917533594120986,1,2268,1525
B4_depletion,0.5,35,0.6576698155645524,0.6576698155645524,0.6382001146856785,0.6776676429320461,1,2223,1462
B4_depletion,0.5,36,0.6619531595227574,0.6619531595227574,0.642533885138755,0.6810202805757066,1,2263,1498
B4_depletion,0.5,37,0.6653421633554084,0.6653421633554084,0.6470081003448349,0.6841874734004824,1,2265,1507
B4_depletion,0.5,38,0.6678429642699603,0.6678429642699603,0.6497746455302127,0.6860928153129968,1,2267,1514
B4_depletion,0.5,39,0.6647398843930635,0.6647398843930635,0.6448632818972307,0.6843977093946659,1,2249,1495
B4_depletion,0.5,40,0.6770048737261852,0.6770048737261852,0.6587153523161972,0.6948643847691076,1,2257,1528
B4_depletion,0.5,41,0.6659222867351496,0.6659222867351496,0.6472142329816359,0.6847100590790313,1,2239,1491
B4_depletion,0.5,42,0.6538116591928251,0.6538116591928251,0.6346573548668704,0.673523235611442,1,2230,1458
B4_depletion,0.5,43,0.6711590296495957,0.6711590296495957,0.6526448116601933,0.6894045438481152,1,2226,1494
B4_depletion,0.5,44,0.6671105193075899,0.6671105193075899,0.6469029801691092,0.6875294124408676,1,2253,1503
B4_depletion,0.5,45,0.6736458807464725,0.6736458807464725,0.6543561103074836,0.6927873175936399,1,2197,1480
B4_depletion,0.5,46,0.6825817860300619,0.6825817860300619,0.6624260951303562,0.7024753297508548,1,2262,1544
B4_depletion,0.5,47,0.6647551830613145,0.6647551830613145,0.6460587291757207,0.6831907203356231,1,2267,1507
B4_depletion,0.5,48,0.6588132635253054,0.6588132635253054,0.6396269811115936,0.678106854081522,1,2292,1510
B4_depletion,0.5,49,0.6529619805481874,0.6529619805481874,0.6338337991120101,0.672145536379645,1,2262,1477
B4_depletion,0.75,0,0.8089073019161056,0.8089073019161056,0.7912492946609547,0.8262042963212486,1,1931,1562
B4_depletion,0.75,1,0.7971398305084746,0.7971398305084746,0.7796345521519531,0.8147368421052632,1,1888,1505
B4_depletion,0.75,2,0.8010526315789473,0.8010526315789473,0.7827260925154811,0.8187136075800043,1,1900,1522
B4_depletion,0.75,3,0.8141783029001074,0.8141783029001074,0.7946898954045992,0.8322298519885645,1,1862,1516
B4_depletion,0.75,4,0.795778364116095,0.795778364116095,0.7778922225746829,0.8134175819018117,1,1895,1508
B4_depletion,0.75,5,0.8090185676392573,0.8090185676392573,0.7929291615425851,0.82500274122807,1,1885,1525
B4_depletion,0.75,6,0.7958287596048299,0.7958287596048299,0.776693364458397,0.8146912852624448,1,1822,1450
B4_depletion,0.75,7,0.785904965296316,0.785904965296316,0.7661497001525477,0.8058202342425643,1,1873,1472
B4_depletion,0.75,8,0.8052959501557633,0.8052959501557633,0.7865852853259119,0.8245618508279878,1,1926,1551
B4_depletion,0.75,9,0.789166224110462,0.789166224110462,0.7700767716535434,0.8089413640179597,1,1883,1486
B4_depletion,0.75,10,0.798622151563328,0.798622151563328,0.7811664496851807,0.8161461232845676,1,1887,1507
B4_depletion,0.75,11,0.8077126254622292,0.8077126254622292,0.7898970248535067,0.8250669845436395,1,1893,1529
B4_depletion,0.75,12,0.8020169851380042,0.8020169851380042,0.7834728033472803,0.8198859056585872,1,1884,1511
B4_depletion,0.75,13,0.7925925925925926,0.7925925925925926,0.7747163062854907,0.8100001330494945,1,1890,1498
B4_depletion,0.75,14,0.8148541114058355,0.8148541114058355,0.7965201291036745,0.8326363579911179,1,1885,1536
B4_depletion,0.75,15,0.809652928416486,0.809652928416486,0.7906973631791245,0.8281843350999485,1,1844,1493
B4_depletion,0.75,16,0.7964743589743589,0.7964743589743589,0.7775406642974303,0.8146392838335966,1,1872,1491
B4_depletion,0.75,17,0.7981022667369531,0.7981022667369531,0.7802030254239348,0.8154419615078563,1,1897,1514
B4_depletion,0.75,18,0.7852598091198303,0.7852598091198303,0.7663741731054982,0.8034377132183559,1,1886,1481
B4_depletion,0.75,19,0.7856763925729443,0.7856763925729443,0.7669242795245694,0.8041722484188966,1,1885,1481
B4_depletion,0.75,20,0.7904662126767942,0.7904662126767942,0.772260812173571,0.8077335433295452,1,1909,1509
B4_depletion,0.75,21,0.8055701523909616,0.8055701523909616,0.7879286429116061,0.8239074852883527,1,1903,1533
B4_depletion,0.75,22,0.7830342577487766,0.7830342577487766,0.7642226523930475,0.8022638604968463,1,1839,1440
B4_depletion,0.75,23,0.7946003176283748,0.7946003176283748,0.7768418815369987,0.8116757278395995,1,1889,1501
B4_depletion,0.75,24,0.8019118428040362,0.8019118428040362,0.7829038879316803,0.8206506588860875,1,1883,1510
B4_depletion,0.75,25,0.7940709370037057,0.7940709370037057,0.7760781851783926,0.8114923878887489,1,1889,1500
B4_depletion,0.75,26,0.7992383025027203,0.7992383025027203,0.7805804361684779,0.8178907905614681,1,1838,1469
B4_depletion,0.75,27,0.8271537622682661,0.8271537622682661,0.8111957213333116,0.843159888094907,1,1834,1517
B4_depletion,0.75,28,0.7972027972027972,0.7972027972027972,0.7783551103889115,0.8152059184032887,1,1859,1482
B4_depletion,0.75,29,0.8014941302027748,0.8014941302027748,0.7828416827650837,0.8197532182312508,1,1874,1502
B4_depletion,0.75,30,0.8035030103995622,0.8035030103995622,0.7859563980596296,0.8212356901855342,1,1827,1468
B4_depletion,0.75,31,0.807109252483011,0.807109252483011,0.7891226269881991,0.8248955615679454,1,1913,1544
B4_depletion,0.75,32,0.7790322580645161,0.7790322580645161,0.7613142183518489,0.7972544878563886,1,1860,1449
B4_depletion,0.75,33,0.7916213275299239,0.7916213275299239,0.7728011183035952,0.8103072455994396,1,1838,1455
B4_depletion,0.75,34,0.8042328042328042,0.8042328042328042,0.786061211413064,0.821876253342246,1,1890,1520
B4_depletion,0.75,35,0.7934322033898306,0.7934322033898306,0.7748271464253389,0.8117268997668997,1,1888,1498
B4_depletion,0.75,36,0.8062770562770563,0.8062770562770563,0.7873013308716055,0.8249743145547305,1,1848,1490
B4_depletion,0.75,37,0.7792887029288703,0.7792887029288703,0.7619047619047619,0.7968923667201717,1,1912,1490
B4_depletion,0.75,38,0.809322033898305,0.809322033898305,0.7896952964255969,0.8283905405098377,1,1888,1528
B4_depletion,0.75,39,0.7839276210750399,0.7839276210750399,0.7648640342640877,0.8015841860265568,1,1879,1473
B4_depletion,0.75,40,0.7929901423877328,0.7929901423877328,0.7745534183743437,0.8113314033536986,1,1826,1448
B4_depletion,0.75,41,0.770096463022508,0.770096463022508,0.7498586344555034,0.7896786143088785,1,1866,1437
B4_depletion,0.75,42,0.7902208201892744,0.7902208201892744,0.7721502444963507,0.8080914226562125,1,1902,1503
B4_depletion,0.75,43,0.8006345848757271,0.8006345848757271,0.7816090477371798,0.8192900405422354,1,1891,1514
B4_depletion,0.75,44,0.7886792452830189,0.7886792452830189,0.7715466464483919,0.8048390499523614,1,1855,1463
B4_depletion,0.75,45,0.8173391494002181,0.8173391494002181,0.7996858943344283,0.8346069868995634,1,1834,1499
B4_depletion,0.75,46,0.8022875816993464,0.8022875816993464,0.7833297644539614,0.8217351266122885,1,1836,1473
B4_depletion,0.75,47,0.7966011683483802,0.7966011683483802,0.7784050490376099,0.8140778396022945,1,1883,1500
B4_depletion,0.75,48,0.803183023872679,0.803183023872679,0.784606824399801,0.8211858234261091,1,1885,1514
B4_depletion,0.75,49,0.8011664899257688,0.8011664899257688,0.7838955197298587,0.8185166189335048,1,1886,1511
B4_depletion,1.0,0,1.0,1.0,1.0,1.0,1,1508,1508
B4_depletion,1.0,1,1.0,1.0,1.0,1.0,1,1513,1513
B4_depletion,1.0,2,1.0,1.0,1.0,1.0,1,1527,1527
B4_depletion,1.0,3,1.0,1.0,1.0,1.0,1,1496,1496
B4_depletion,1.0,4,1.0,1.0,1.0,1.0,1,1510,1510
B4_depletion,1.0,5,1.0,1.0,1.0,1.0,1,1501,1501
B4_depletion,1.0,6,1.0,1.0,1.0,1.0,1,1485,1485
B4_depletion,1.0,7,1.0,1.0,1.0,1.0,1,1500,1500
B4_depletion,1.0,8,1.0,1.0,1.0,1.0,1,1473,1473
B4_depletion,1.0,9,1.0,1.0,1.0,1.0,1,1487,1487
B4_depletion,1.0,10,1.0,1.0,1.0,1.0,1,1512,1512
B4_depletion,1.0,11,1.0,1.0,1.0,1.0,1,1551,1551
B4_depletion,1.0,12,1.0,1.0,1.0,1.0,1,1459,1459
B4_depletion,1.0,13,1.0,1.0,1.0,1.0,1,1511,1511
B4_depletion,1.0,14,1.0,1.0,1.0,1.0,1,1519,1519
B4_depletion,1.0,15,1.0,1.0,1.0,1.0,1,1484,1484
B4_depletion,1.0,16,1.0,1.0,1.0,1.0,1,1536,1536
B4_depletion,1.0,17,1.0,1.0,1.0,1.0,1,1459,1459
B4_depletion,1.0,18,1.0,1.0,1.0,1.0,1,1495,1495
B4_depletion,1.0,19,1.0,1.0,1.0,1.0,1,1475,1475
B4_depletion,1.0,20,1.0,1.0,1.0,1.0,1,1513,1513
B4_depletion,1.0,21,1.0,1.0,1.0,1.0,1,1508,1508
B4_depletion,1.0,22,1.0,1.0,1.0,1.0,1,1533,1533
B4_depletion,1.0,23,1.0,1.0,1.0,1.0,1,1535,1535
B4_depletion,1.0,24,1.0,1.0,1.0,1.0,1,1504,1504
B4_depletion,1.0,25,1.0,1.0,1.0,1.0,1,1486,1486
B4_depletion,1.0,26,1.0,1.0,1.0,1.0,1,1481,1481
B4_depletion,1.0,27,1.0,1.0,1.0,1.0,1,1552,1552
B4_depletion,1.0,28,1.0,1.0,1.0,1.0,1,1510,1510
B4_depletion,1.0,29,1.0,1.0,1.0,1.0,1,1542,1542
B4_depletion,1.0,30,1.0,1.0,1.0,1.0,1,1446,1446
B4_depletion,1.0,31,1.0,1.0,1.0,1.0,1,1475,1475
B4_depletion,1.0,32,1.0,1.0,1.0,1.0,1,1487,1487
B4_depletion,1.0,33,1.0,1.0,1.0,1.0,1,1468,1468
B4_depletion,1.0,34,1.0,1.0,1.0,1.0,1,1476,1476
B4_depletion,1.0,35,1.0,1.0,1.0,1.0,1,1511,1511
B4_depletion,1.0,36,1.0,1.0,1.0,1.0,1,1501,1501
B4_depletion,1.0,37,1.0,1.0,1.0,1.0,1,1508,1508
B4_depletion,1.0,38,1.0,1.0,1.0,1.0,1,1523,1523
B4_depletion,1.0,39,1.0,1.0,1.0,1.0,1,1485,1485
B4_depletion,1.0,40,1.0,1.0,1.0,1.0,1,1545,1545
B4_depletion,1.0,41,1.0,1.0,1.0,1.0,1,1508,1508
B4_depletion,1.0,42,1.0,1.0,1.0,1.0,1,1491,1491
B4_depletion,1.0,43,1.0,1.0,1.0,1.0,1,1517,1517
B4_depletion,1.0,44,1.0,1.0,1.0,1.0,1,1518,1518
B4_depletion,1.0,45,1.0,1.0,1.0,1.0,1,1535,1535
B4_depletion,1.0,46,1.0,1.0,1.0,1.0,1,1476,1476
B4_depletion,1.0,47,1.0,1.0,1.0,1.0,1,1504,1504
B4_depletion,1.0,48,1.0,1.0,1.0,1.0,1,1532,1532
B4_depletion,1.0,49,1.0,1.0,1.0,1.0,1,1526,1526
