detection_model,gamma,null_scenario,planted_scenario,attribute,attribute_class,effect_log2_or,baseline_S0_mean,baseline_S1_mean,baseline_retention_vs_truth,baseline_genuine_part_retention,baseline_genuine_part_retention_mcse,matched_S0_mean,matched_S1_mean,matched_retention_vs_truth,matched_genuine_part_retention,matched_genuine_part_retention_mcse,stratified_S0_mean,stratified_S1_mean,stratified_retention_vs_truth,stratified_genuine_part_retention,stratified_genuine_part_retention_mcse,pair_conditional_S0_mean,pair_conditional_S1_mean,pair_conditional_retention_vs_truth,pair_conditional_genuine_part_retention,pair_conditional_genuine_part_retention_mcse,detmatch_crude_S0_mean,detmatch_crude_S1_mean,detmatch_crude_retention_vs_truth,detmatch_crude_genuine_part_retention,detmatch_crude_genuine_part_retention_mcse,detmatch_pair_S0_mean,detmatch_pair_S1_mean,detmatch_pair_retention_vs_truth,detmatch_pair_genuine_part_retention,detmatch_pair_genuine_part_retention_mcse,neg_b_oracle_S0_mean,neg_b_oracle_S1_mean,neg_b_oracle_retention_vs_truth,neg_b_oracle_genuine_part_retention,neg_b_oracle_genuine_part_retention_mcse,baseline_increment,baseline_increment_over_truth,matched_increment_normalised_retention,matched_increment_normalised_retention_mcse,matched_over_baseline_S1,matched_over_baseline_S0,a1_wp_mh_all_S0_mean,a1_wp_mh_all_S1_mean,a1_wp_mh_all_retention_vs_truth,a1_wp_mh_all_genuine_part_retention,a1_wp_mh_all_genuine_part_retention_mcse,a1_wp_mh_restricted_S0_mean,a1_wp_mh_restricted_S1_mean,a1_wp_mh_restricted_retention_vs_truth,a1_wp_mh_restricted_genuine_part_retention,a1_wp_mh_restricted_genuine_part_retention_mcse,a1_restricted_crude_S0_mean,a1_restricted_crude_S1_mean,a1_restricted_crude_retention_vs_truth,a1_restricted_crude_genuine_part_retention,a1_restricted_crude_genuine_part_retention_mcse,baseline_genuine_part_retention_relative_to_latent,matched_genuine_part_retention_relative_to_latent,stratified_genuine_part_retention_relative_to_latent,pair_conditional_genuine_part_retention_relative_to_latent,detmatch_crude_genuine_part_retention_relative_to_latent,detmatch_pair_genuine_part_retention_relative_to_latent,neg_b_oracle_genuine_part_retention_relative_to_latent,a1_wp_mh_all_genuine_part_retention_relative_to_latent,a1_wp_mh_restricted_genuine_part_retention_relative_to_latent,a1_restricted_crude_genuine_part_retention_relative_to_latent,matched_increment_normalised_retention_relative_to_latent,matched_genuine_part_retention_relative_to_latent_mcse,matched_increment_normalised_retention_relative_to_latent_mcse
real,0.0,S0,S1,a1_SFE006_KR,basic,0.5,0.3543574845947335,0.7804117673431336,1.5608235346862671,0.8521085654968001,0.016544525883643375,0.076795909204851,0.490756868394473,0.981513736788946,0.827921918379244,0.02044719526946933,0.12572265323566892,0.5196577936630673,1.0393155873261346,0.7878702808547968,0.016205733340499993,0.07912905520054093,0.5069639606045659,1.0139279212091319,0.85566981080805,0.021196073172333997,0.10096020404344404,0.5395959014392784,1.0791918028785568,0.8772713947916687,0.021205233176717565,0.10311508940386699,0.5522245671227036,1.1044491342454072,0.8982189554376733,0.021563556865077306,0.047958319226016094,0.5413941801687546,1.0827883603375092,0.986871721885477,0.01977499895735582,0.42605428274840007,0.8521085654968001,0.9716155333992509,0.016541067608759077,0.6288435015084745,0.21671874461091137,,,,,,,,,,,,,,,,1.0276553721529307,0.9301558946034988,0.9323809449779586,0.9634139100721155,0.9837082177080961,1.0108509179688203,0.9945177175341787,,,,0.9051243440248153,0.030592181585990023,0.02044893464256941
real,0.0,S0,S1,a1_SFE006_KR,basic,1.0,0.3543574845947335,1.2156631498722257,1.2156631498722257,0.8613056652774922,0.008665337503282645,0.076795909204851,0.8995525430733551,0.8995525430733551,0.8227566338685041,0.010385825902618207,0.12572265323566892,0.9356062503072978,0.9356062503072978,0.8098835970716289,0.008452608261369376,0.07912905520054093,0.9292286061459876,0.9292286061459876,0.8500995509454466,0.010888862507738345,0.10096020404344404,0.9907171615465651,0.9907171615465651,0.889756957503121,0.010652014102371911,0.10311508940386699,1.0108767439472675,1.0108767439472675,0.9077616545434004,0.010953710898146951,0.047958319226016094,1.0393504927095838,1.0393504927095838,0.9913921734835677,0.010236883799160256,0.8613056652774922,0.8613056652774922,0.9552434948903203,0.00807138627660393,0.739968586830903,0.21671874461091137,,,,,,,,,,,,,,,,1.0296867582669553,0.9169890734005951,0.9515571921548032,0.9434750888854836,0.9971848324830369,1.0151375150819064,0.9843042981221415,,,,0.8905514866909241,0.01538866767036415,0.010221191351754706
real,0.0,S0,S1,a1_SFE006_KR,basic,1.5,0.3543574845947335,1.6643984429284024,1.1095989619522684,0.8733606388891126,0.006664742573834281,0.076795909204851,1.3593959199946044,0.9062639466630696,0.8550666738598357,0.007834656264963187,0.12572265323566892,1.375253558060523,0.916835705373682,0.8330206032165693,0.0064959356996324566,0.07912905520054093,1.4057631148808065,0.9371754099205377,0.8844227064535103,0.008301447150788715,0.10096020404344404,1.4532342488434322,0.9688228325622882,0.9015160298666588,0.007795500357266202,0.10311508940386699,1.4818198774900617,0.9878799183267079,0.9191365253907965,0.008227004442562856,0.047958319226016094,1.5450008175354717,1.0300005450236478,0.9980283322063038,0.007512955203811636,1.310040958333669,0.8733606388891126,0.9790533667139542,0.005421679024344388,0.8167490938064291,0.21671874461091137,,,,,,,,,,,,,,,,1.0631486148253209,0.9714793790510434,0.9949749961394323,1.0037749128029883,1.0228188118390196,1.0427473645698633,0.9972291733423164,,,,0.9137757087805275,0.0115419817021651,0.0069919910345021645
real,0.0,S0,S1,a1b_SNO021_K,basic,0.5,0.11550651435184335,0.5324646521166099,1.0649293042332197,0.8339162755295331,0.013924651759378844,0.07983416519346201,0.5061907875180287,1.0123815750360574,0.8527132446491335,0.020158666665173203,0.099203191225516,0.5109465475031788,1.0218930950063576,0.8234867125553256,0.014145120175255531,0.08185799747892815,0.5213352876342806,1.0426705752685612,0.878954580310705,0.021029166840552792,0.07168429173078829,0.5028145051799189,1.0056290103598378,0.8622604268982612,0.020863898372448356,0.07300708879384187,0.5144924185418791,1.0289848370837582,0.8829706594960745,0.021402351889260252,0.0379594162358167,0.5389985680242638,1.0779971360485276,1.0020783035768943,0.017949005804440907,0.41695813776476653,0.8339162755295331,1.0225405951067024,0.016454087633747477,0.9506561337092717,0.6911659107838705,,,,,,,,,,,,,,,,1.0057152048155376,0.9580085190516093,0.9745301198518388,0.9896306475897056,0.9668760121213585,0.9936905654103344,1.0098421154066313,,,,0.9525644183010258,0.030755548751520086,0.02085926014401119
real,0.0,S0,S1,a1b_SNO021_K,basic,1.0,0.11550651435184335,0.9210544055636649,0.9210544055636649,0.8055478912118216,0.0064279174975290735,0.07983416519346201,0.8959725070813777,0.8959725070813777,0.8161383418879157,0.009905180883213653,0.099203191225516,0.8955389266350744,0.8955389266350744,0.7963357354095584,0.00652069596461005,0.08185799747892815,0.9194874795898735,0.9194874795898735,0.8376294821109453,0.010493257182111724,0.07168429173078829,0.9115702022614335,0.9115702022614335,0.8398859105306452,0.010246958664917297,0.07300708879384187,0.9298614929432056,0.9298614929432056,0.8568544041493638,0.01063930254854004,0.0379594162358167,1.0166640585301383,1.0166640585301383,0.9787046422943216,0.008093705176749243,0.8055478912118216,0.8055478912118216,1.0131468914407589,0.008251238840824777,0.9727682769543481,0.6911659107838705,,,,,,,,,,,,,,,,0.9630286089706023,0.9096127713679526,0.9356393920543012,0.9296352988409478,0.9412924326522354,0.9582086291722582,0.9717074753751436,,,,0.9445334883044162,0.014934818432873647,0.010630199490302913
real,0.0,S0,S1,a1b_SNO021_K,basic,1.5,0.11550651435184335,1.3246686567616686,0.8831124378411124,0.8061080949398834,0.004363261556217811,0.07983416519346201,1.3116044194996272,0.8744029463330848,0.8211801695374435,0.006312887954122811,0.099203191225516,1.2933453779412747,0.8622302519608498,0.7960947911438391,0.0043454767589303275,0.08185799747892815,1.3512986358019956,0.9008657572013304,0.8462937588820449,0.006684526441531331,0.07168429173078829,1.348419050692723,0.8989460337951486,0.8511565059746231,0.006441874777899236,0.07300708879384187,1.3785797150875545,0.919053143391703,0.870381750862475,0.0067099000228757165,0.0379594162358167,1.5293644652881289,1.0195763101920858,0.9942700327015414,0.0056200258434361315,1.2091621424098251,0.8061080949398834,1.0186973368611119,0.0059287432758566416,0.9901377320318134,0.6911659107838705,,,,,,,,,,,,,,,,0.9812815764457952,0.9329794103541879,0.9508701329672085,0.9605004912571082,0.9656832017271848,0.9874357636866434,0.9934738832494773,,,,0.9507764465867609,0.010061450539987402,0.007471621381281776
real,0.0,S0,S1,a2_SNO016_KRH,basic,0.5,-1.045452150826387,-0.6600231677891899,-1.3200463355783798,0.7708579660743942,0.020114599468914023,-0.15247446001704504,0.2133580085647209,0.4267160171294418,0.7316649371635319,0.027748588026372693,-0.25413785648127757,0.11575880157419671,0.23151760314839342,0.7397933161109486,0.020280372831067126,-0.16620386564236814,0.2331125555505075,0.466225111101015,0.7986328423857513,0.030316057787058034,-0.17066057490131326,0.21203950904909533,0.42407901809819065,0.7654001679008171,0.028168873945965935,-0.18525882503829105,0.2325523882283831,0.4651047764567662,0.8356224265333483,0.030802421665788404,0.09920543079428111,0.5922986824344361,1.1845973648688721,0.9861865032803099,0.026936395873643052,0.3854289830371971,0.7708579660743942,0.9491566142716882,0.027509167635117238,-0.3232583627016969,0.14584546972955217,,,,,,,,,,,,,,,,0.9296659628592919,0.8220128481555845,0.8754857340418292,0.8991949694570498,0.858263975628652,0.9404051114964257,0.9938271900541524,,,,0.8842023705239157,0.03592572367005531,0.02879555234546304
real,0.0,S0,S1,a2_SNO016_KRH,basic,1.0,-1.045452150826387,-0.2751122900089655,-0.2751122900089655,0.7703398608174215,0.010078307006317056,-0.15247446001704504,0.5347269850450675,0.5347269850450675,0.6872014450621126,0.01423595091637041,-0.25413785648127757,0.47256212238030104,0.47256212238030104,0.7266999788615787,0.010861762341095326,-0.16620386564236814,0.5869750900726356,0.5869750900726356,0.7531789557150037,0.01562713167542135,-0.17066057490131326,0.5617995892870844,0.5617995892870844,0.7324601641883977,0.014869071379095522,-0.18525882503829105,0.6184850369606973,0.6184850369606973,0.8037438619989884,0.016294174140580937,0.09920543079428111,1.0774209735157283,1.0774209735157283,0.9782155427214472,0.013934281764648181,0.7703398608174215,0.7703398608174215,0.8920756668789159,0.014135758790580648,-1.9436681110380116,0.14584546972955217,,,,,,,,,,,,,,,,0.9209375788714396,0.7659083991631119,0.8538221960844581,0.8359086666962496,0.820896268320715,0.8988158320505252,0.971221872578726,,,,0.8316615770003568,0.01798543228168437,0.014676604681151065
real,0.0,S0,S1,a2_SNO016_KRH,basic,1.5,-1.045452150826387,0.0644132974076128,0.042942198271741866,0.7399102988226666,0.005959538413925,-0.15247446001704504,0.8716883592221312,0.5811255728147541,0.6827752128261175,0.009319187524482268,-0.25413785648127757,0.7952727405933792,0.5301818270622528,0.6996070647164379,0.006521919111672624,-0.16620386564236814,0.9524782694581805,0.6349855129721204,0.7457880900670325,0.010264839284248553,-0.17066057490131326,0.9076319204132818,0.6050879469421878,0.7188616635430632,0.009335904517806226,-0.18525882503829105,1.00439402759831,0.6695960183988734,0.793101901757734,0.010329678625931609,0.09920543079428111,1.5752443758767343,1.0501629172511562,0.9840259633883021,0.00873870792785342,1.1098654482339998,0.7399102988226666,0.9227810640188934,0.009946169202101817,13.532739268198203,0.14584546972955217,,,,,,,,,,,,,,,,0.9006984907046895,0.7757313669980436,0.8356234333550894,0.846431654924831,0.8155875305849952,0.8997628698757233,0.9832380167482532,,,,0.8612553201805925,0.012104769345254236,0.010337181255235557
real,0.0,S0,S1,a2b_PERS009_AKRV,basic,0.5,-0.13719052540650492,0.2742293654595545,0.548458730919109,0.8228397817321189,0.012477831770461204,0.049802491958476344,0.42056613805800935,0.8411322761160187,0.741527292199066,0.016662827118638784,0.06359542970825485,0.4428954502552269,0.8857909005104538,0.7586000410939442,0.012278586185331326,0.05512169835315693,0.46345682476494865,0.9269136495298973,0.8166702528235834,0.01834020580236925,0.0716815796650667,0.46088489350572914,0.9217697870114583,0.7784066276813248,0.017393284192091685,0.07867224208650274,0.5044684027795914,1.0089368055591827,0.8515923213861772,0.018973727898743856,-0.01146285365398364,0.47507860495251536,0.9501572099050307,0.973082917212998,0.015518493871899852,0.41141989086605946,0.8228397817321189,0.9011806534658715,0.01559350360682803,1.5336291113580165,-0.36301699268887666,,,,,,,,,,,,,,,,0.9923567915611244,0.8330930327325707,0.8977419765194125,0.9195036117604134,0.8728484718807084,0.958377547698222,0.9806220812054788,,,,0.8395095794346223,0.026036096996418637,0.019143733519225797
real,0.0,S0,S1,a2b_PERS009_AKRV,basic,1.0,-0.13719052540650492,0.6974624198689938,0.6974624198689938,0.8346529452754987,0.006750950291018888,0.049802491958476344,0.7860711973868851,0.7860711973868851,0.7362687054284088,0.008749766914054047,0.06359542970825485,0.8287113330739462,0.8287113330739462,0.7651159033656914,0.006522787916843975,0.05512169835315693,0.8715559011596473,0.8715559011596473,0.8164342028064904,0.00995552751309942,0.0716815796650667,0.8704691754040377,0.8704691754040377,0.798787595738971,0.008859129613379174,0.07867224208650274,0.9588469404158755,0.9588469404158755,0.8801746983293728,0.010101318090776483,-0.01146285365398364,0.9718446086347441,0.9718446086347441,0.9833074622887277,0.008102037604327114,0.8346529452754987,0.8346529452754987,0.8821255703894801,0.00804856394972718,1.1270445188065257,-0.36301699268887666,,,,,,,,,,,,,,,,0.9978235603754056,0.8205954594254384,0.8989582494473605,0.9061119150166849,0.8952319710786859,0.9842873970585059,0.9762773878932712,,,,0.8223853314474859,0.01332069727104115,0.009854340212868953
real,0.0,S0,S1,a2b_PERS009_AKRV,basic,1.5,-0.13719052540650492,1.1000051230036394,0.7333367486690929,0.8247970989400962,0.004402282958941378,0.049802491958476344,1.15376754880858,0.7691783658723866,0.7359767045667357,0.005464103983575106,0.06359542970825485,1.201576086119762,0.8010507240798413,0.7586537709410047,0.004198624280533133,0.05512169835315693,1.279042689740763,0.8526951264938419,0.8159473275917374,0.006459402500474636,0.0716815796650667,1.2636303493100882,0.8424202328733922,0.794632513096681,0.005665082998865933,0.07867224208650274,1.3884693241419632,0.9256462160946421,0.8731980547036403,0.006494380130726205,-0.01146285365398364,1.440883179366479,0.9605887862443193,0.9682306886803084,0.005266485970890955,1.2371956484101443,0.8247970989400962,0.8923124311573126,0.005043829371680582,1.048874704926954,-0.36301699268887666,,,,,,,,,,,,,,,,1.0040318445830954,0.8361759542340994,0.9061498958110975,0.9260588309514187,0.9015536673423497,0.9906308204894992,0.9674553899114519,,,,0.8328181608435989,0.008861906375878281,0.006442091858898245
real,0.0,S0,S1,a3_SNO006_DE3,acidic,0.5,0.11952212295742846,0.5205628802341424,1.0411257604682849,0.8020815145534279,0.017229788854393437,0.05547399088041298,0.4473960519362353,0.8947921038724705,0.7838441221116446,0.026277972028209553,0.10104547074928008,0.5027370650765889,1.0054741301531778,0.8033831886546177,0.017682484620791306,0.0570396734916885,0.4585762480386572,0.9171524960773144,0.8030731490939375,0.02701275024701424,0.08653547300511215,0.504695283481013,1.009390566962026,0.8363196209518017,0.02568468125542506,0.08807039548239155,0.5178258677192248,1.0356517354384496,0.8595109444736665,0.02645022875304896,-0.006539387182667017,0.4647453495852551,0.9294906991705102,0.9425694735358442,0.021697467129656582,0.40104075727671396,0.8020815145534279,0.9772624202018453,0.02396771429616853,0.8594467045652627,0.4641315725304827,,,,,,,,,,,,,,,,0.967322018239335,0.880635256111767,0.9507392204266281,0.9041943900204717,0.9377878825698835,0.9672891247347334,0.9498722282236418,,,,0.910384793798708,0.035177552518307065,0.026102551756082646
real,0.0,S0,S1,a3_SNO006_DE3,acidic,1.0,0.11952212295742846,0.9108378577818098,0.9108378577818098,0.7913157348243813,0.008839709118461095,0.05547399088041298,0.8817892590581402,0.8817892590581402,0.8263152681777273,0.013279220537527975,0.10104547074928008,0.9006667494841224,0.9006667494841224,0.7996212787348423,0.009090642327576696,0.0570396734916885,0.9079599358274203,0.9079599358274203,0.8509202623357318,0.013626135841680386,0.08653547300511215,0.9055285153454016,0.9055285153454016,0.8189930423402895,0.012947403041858683,0.08807039548239155,0.9277435636416537,0.9277435636416537,0.8396731681592621,0.013288905955871897,-0.006539387182667017,0.9485273192654224,0.9485273192654224,0.9550667064480894,0.011041132399925185,0.7913157348243813,0.7913157348243813,1.0442295430421504,0.011982945623493722,0.9681078267932204,0.4641315725304827,,,,,,,,,,,,,,,,0.9460141348245275,0.9209552872765535,0.9394996781406161,0.9443859477972869,0.917876991962729,0.9389950865845835,0.9482385369726684,,,,0.9735111277670053,0.01796545644961084,0.013490058214829263
real,0.0,S0,S1,a3_SNO006_DE3,acidic,1.5,0.11952212295742846,1.3015437213150796,0.867695814210053,0.7880143989051008,0.004945255109247528,0.05547399088041298,1.2666092353388008,0.8444061568925338,0.8074234963055918,0.00815874047192418,0.10104547074928008,1.2981195495562017,0.8654130330374677,0.798049385871281,0.005211812524898554,0.0570396734916885,1.3061452348436198,0.8707634898957465,0.8327370409012875,0.008861949234326408,0.08653547300511215,1.3244038473084823,0.8829358982056549,0.8252455828689134,0.008054424239087239,0.08807039548239155,1.363251929746605,0.9088346198310701,0.850121022842809,0.00842927153631468,-0.006539387182667017,1.457080080460384,0.9713867203069227,0.9757463117620341,0.0067837913978841535,1.1820215983576512,0.7880143989051008,1.0246303842004143,0.00798969951984639,0.9731591913478089,0.4641315725304827,,,,,,,,,,,,,,,,0.9592559812679342,0.9173498404298218,0.953204736545897,0.9451143039625775,0.9362858546954808,0.9644502548278905,0.974964994950793,,,,0.9563139123899743,0.011578415239811573,0.009005957328789393
real,0.0,S0,S1,a3b_SFE002_E,acidic,0.5,0.11071685887515542,0.5235807844732122,1.0471615689464244,0.8257278511961136,0.013551364416178062,0.08935930298192371,0.48262888091868544,0.9652577618373709,0.7865391558735235,0.018748947631456174,0.10002083292136052,0.509493803619667,1.018987607239334,0.8189459413966129,0.013526939348841673,0.09411206136668199,0.5096646334048781,1.0193292668097562,0.8311051440763922,0.020038358246574493,0.08631241356016622,0.5015687324639804,1.0031374649279607,0.8305126378076283,0.018914911719356105,0.0914230028945623,0.5319528344613037,1.0639056689226074,0.8810596631334828,0.0202218809322345,0.018055744004695725,0.5072102470676034,1.0144204941352069,0.9783090061258154,0.016796409342967698,0.4128639255980568,0.8257278511961136,0.9525404220460494,0.015669118321333237,0.9217849379332561,0.8070975268787698,,,,,,,,,,,,,,,,0.9958398455051892,0.8836630797315045,0.9691564833449562,0.9357561134236443,0.9312763548112789,0.9915399400915672,0.9858886603382518,,,,0.8873546120091454,0.028496999808284258,0.01966620316884801
real,0.0,S0,S1,a3b_SFE002_E,acidic,1.0,0.11071685887515542,0.9376984983453355,0.9376984983453355,0.8269816394701801,0.006238032217304834,0.08935930298192371,0.9049479450826575,0.9049479450826575,0.8155886421007338,0.009207545787715465,0.10002083292136052,0.9217952352168512,0.9217952352168512,0.8217744022954907,0.006389480294998684,0.09411206136668199,0.9527778237970976,0.9527778237970976,0.8586657624304157,0.00995046836822216,0.08631241356016622,0.9174255459941858,0.9174255459941858,0.8311131324340195,0.008829269804270757,0.0914230028945623,0.9766712958175394,0.9766712958175394,0.8852482929229771,0.009583552258808066,0.018055744004695725,0.9996291496584448,0.9996291496584448,0.9815734056537492,0.008045151773367622,0.8269816394701801,0.8269816394701801,0.9862233974423599,0.008400652205388647,0.9650734715684522,0.8070975268787698,,,,,,,,,,,,,,,,0.9886525513773305,0.9090001130462246,0.9655280655891948,0.9529822191188835,0.9314604429353538,0.9899611289048628,0.9745557287510581,,,,0.9194333355837307,0.014364875649046859,0.010599091906355624
real,0.0,S0,S1,a3b_SFE002_E,acidic,1.5,0.11071685887515542,1.343009797776387,0.895339865184258,0.8215286259341544,0.0042366669803595184,0.08935930298192371,1.3067348239424177,0.8711565492949451,0.8115836806403293,0.0061207810063159005,0.10002083292136052,1.3248098063856921,0.8832065375904614,0.8165259823095544,0.004372674398607988,0.09411206136668199,1.3816474172009185,0.9210982781339457,0.858356903889491,0.006902899664325365,0.08631241356016622,1.329653409082669,0.8864356060551127,0.8288939970150019,0.005959713626943153,0.0914230028945623,1.4151126704820212,0.9434084469880141,0.8824597783916391,0.006631667265356131,0.018055744004695725,1.4877819925042786,0.9918546616695191,0.9798174989997218,0.005299865238418151,1.2322929389012316,0.8215286259341544,0.9878945845830792,0.005291523367146987,0.972989792111696,0.8070975268787698,,,,,,,,,,,,,,,,1.000053107284743,0.9220764113719506,0.975273520197652,0.9741915489828129,0.9404251783440584,1.0011381147817469,0.9790329222355687,,,,0.9220274449978886,0.009848482838045817,0.006935105699803523
real,0.0,S0,S1,a4_LATENT30,latent,0.5,-0.002475407614083453,0.41211327093855177,0.8242265418771035,0.8291773571052704,0.013678495456855027,-0.0036748230477703456,0.4413698856847188,0.8827397713694376,0.8900894174649783,0.019332860279440426,-0.00300838986893571,0.4194961052617654,0.8389922105235308,0.8450089902614022,0.013920022793485453,-0.003554012816626691,0.4405281214884508,0.8810562429769015,0.888164268610155,0.019490350347078755,-0.006264780226959769,0.4396354262568234,0.8792708525136468,0.8918004129675663,0.01934682976466818,-0.006347406615294446,0.4379411326099224,0.8758822652198448,0.8885770784504337,0.019476195838322573,-0.0030507555477769905,0.49310517233872697,0.9862103446774539,0.992311855773008,0.016641712396699208,0.4145886785526352,0.8291773571052704,1.0734608342084462,0.015943338414139335,1.0709916831349247,1.4845324975422236,,,,,,,,,,,,,,,,1.0,1.0,1.0,1.0,1.0,1.0,1.0,,,,1.0,0.03071690626826772,0.021004292561270604
real,0.0,S0,S1,a4_LATENT30,latent,1.0,-0.002475407614083453,0.8339980716866877,0.8339980716866877,0.8364734793007712,0.007393047641999902,-0.0036748230477703456,0.8935622954026862,0.8935622954026862,0.8972371184504565,0.009921727372470162,-0.00300838986893571,0.8481055565641168,0.8481055565641168,0.8511139464330525,0.007624827979239047,-0.003554012816626691,0.8974761902697733,0.8974761902697733,0.9010302030864,0.010179337521150331,-0.006264780226959769,0.8860040635415365,0.8860040635415365,0.8922688437684962,0.010051311592344805,-0.006347406615294446,0.8878778988795553,0.8878778988795553,0.8942253054948497,0.010363603648369005,-0.0030507555477769905,1.0041501429700375,1.0041501429700375,1.0072008985178145,0.008881067791741887,0.8364734793007712,0.8364734793007712,1.0726426368000084,0.008331819430431158,1.0714200976454717,1.4845324975422236,,,,,,,,,,,,,,,,1.0,1.0,1.0,1.0,1.0,1.0,1.0,,,,1.0,0.015638498590593543,0.01098499316875125
real,0.0,S0,S1,a4_LATENT30,latent,1.5,-0.002475407614083453,1.2297520910305098,0.8198347273536731,0.8214849990963954,0.004914444650231299,-0.0036748230477703456,1.3165796655679507,0.8777197770453005,0.8801696590771474,0.006656807105826748,-0.00300838986893571,1.252833123408398,0.8352220822722654,0.8372276755182225,0.005091359088811909,-0.003554012816626691,1.318090952363575,0.8787273015757168,0.8810966434534678,0.006791317859737587,-0.006264780226959769,1.3158403953403637,0.8772269302269091,0.8814034503782157,0.006523407711162499,-0.006347406615294446,1.3158374628280487,0.8772249752186991,0.8814565796288955,0.006717814148264924,-0.0030507555477769905,1.4981513134730915,0.9987675423153943,1.0008013793472457,0.005923777100109426,1.2322274986445931,0.8214849990963954,1.0714372874067122,0.0056577131314145684,1.070605754745805,1.4845324975422236,,,,,,,,,,,,,,,,1.0,1.0,1.0,1.0,1.0,1.0,1.0,,,,1.0,0.010695832097907641,0.0074677395835540065
real,0.0,S0,S1,x1_KRcount20_hi,basic_count,0.5,0.3178772538103385,0.7132636736108097,1.4265273472216193,0.7907728396009424,0.013208246351469131,0.14059936891678051,0.4192797766397846,0.8385595532795692,0.5573608154460081,0.014718373439964216,0.18917441441814306,0.4931984072302615,0.986396814460523,0.6080479856242369,0.011584654192843184,0.1695349794545751,0.5202011492691003,1.0404022985382007,0.7013323396290505,0.018469992804557966,0.15247096525335138,0.5129191811965113,1.0258383623930225,0.7208964318863198,0.015850790044025915,0.17955631140513037,0.6029178535548533,1.2058357071097066,0.8467230842994458,0.01852875284571239,0.12830053526245114,0.5899436073595717,1.1798872147191435,0.9232861441942413,0.015839083020063725,0.3953864198004712,0.7907728396009424,0.7048304993976223,0.01587614498619221,0.5878327919284495,0.44230710826723435,,,,,,,,,,,,,,,,0.9536835911216853,0.6261851950036674,0.7195757591125015,0.7896425970012635,0.8083607289297565,0.9528977337295533,0.9304394972435396,,,,0.6565963814761381,0.021410659907006677,0.01771539653214921
real,0.0,S0,S1,x1_KRcount20_hi,basic_count,1.0,0.3178772538103385,1.108593436979246,1.108593436979246,0.7907161831689076,0.006661938755590077,0.14059936891678051,0.6807438996045427,0.6807438996045427,0.5401445306877622,0.007982846985764498,0.18917441441814306,0.8190283632510486,0.8190283632510486,0.6298539488329055,0.006381078624854319,0.1695349794545751,0.8760675655237905,0.8760675655237905,0.7065325860692154,0.010452111913892325,0.15247096525335138,0.881758665660977,0.881758665660977,0.7292877004076257,0.0084178269052761,0.17955631140513037,1.036441940625224,1.036441940625224,0.8568856292200937,0.010288454729986149,0.12830053526245114,1.0465093397393297,1.0465093397393297,0.9182088044768786,0.007644919807422726,0.7907161831689076,0.7907161831689076,0.6831079750044525,0.008378427238199156,0.6140609143956955,0.44230710826723435,,,,,,,,,,,,,,,,0.9452973737193517,0.602008677060308,0.7400348114051835,0.7841386267064633,0.8173407661837435,0.9582435477442759,0.911644147486469,,,,0.6368458157158043,0.011111960717248919,0.009245657673797092
real,0.0,S0,S1,x1_KRcount20_hi,basic_count,1.5,0.3178772538103385,1.5084484492710033,1.0056322995140021,0.7937141303071099,0.004571947109611137,0.14059936891678051,0.9626658642760768,0.6417772428507179,0.5480443302395309,0.005212474822365992,0.18917441441814306,1.1758602626495966,0.7839068417663978,0.6577905654876357,0.004295674691332443,0.1695349794545751,1.2832848150218825,0.8555232100145883,0.742499890378205,0.007192047716396891,0.15247096525335138,1.25488286013818,0.8365885734254533,0.7349412632565525,0.005369809901258085,0.17955631140513037,1.4671771751786076,0.9781181167857383,0.8584139091823181,0.006777940985336506,0.12830053526245114,1.512436168818433,1.0082907792122886,0.9227570890373212,0.005302339415450501,1.1905711954606648,0.7937141303071099,0.6904807528467175,0.005488089828038181,0.6381828061418406,0.44230710826723435,,,,,,,,,,,,,,,,0.9661943080886048,0.6226576030968304,0.7856770442764929,0.8426997150595973,0.8338307082201513,0.9738584168759865,0.9220182026918994,,,,0.6444434601654987,0.007566261153726445,0.006149547379230484
real,0.0,S0,S1,x2_KR5_ge3,basic_count,0.5,-1.7639208915123208,-1.3830650883443492,-2.7661301766886983,0.7617116063359433,0.033404550555665005,-0.355307250697661,0.00225682941090524,0.00451365882181048,0.7151281602171324,0.04386597500496703,-0.4777207293713726,-0.11092239680730254,-0.22184479361460507,0.7335966651281401,0.03691384354687422,-0.39069620280723194,0.0024602271457935298,0.0049204542915870595,0.7863128599060509,0.04834604787588956,-0.37130830795518066,-0.010480265001588803,-0.020960530003177606,0.7216560859071837,0.04559595925085282,-0.4063413631801048,-0.011410464171032912,-0.022820928342065824,0.7898617980181437,0.05032845597274103,0.0150484642748525,0.49452177469271746,0.9890435493854349,0.9589466208357299,0.04459288502738533,0.38085580316797163,0.7617116063359433,0.938843722832463,0.0437986607287844,-0.0016317593654300564,0.20143037729602128,,,,,,,,,,,,,,,,0.9186353194630689,0.8034340664939655,0.8681524972902397,0.885323681323629,0.8092125495948043,0.8889063393302504,0.9663762609071251,,,,0.8745952278033061,0.052281042586943806,0.04281920132709386
real,0.0,S0,S1,x2_KR5_ge3,basic_count,1.0,-1.7639208915123208,-1.0284385933134752,-1.0284385933134752,0.7354822981988456,0.014765950891846118,-0.355307250697661,0.2904105021720037,0.2904105021720037,0.6457177528696647,0.021032830533865347,-0.4777207293713726,0.21591288098643116,0.21591288098643116,0.6936336103578038,0.015930231963291425,-0.39069620280723194,0.3247846367072034,0.3247846367072034,0.7154808395144354,0.023405066585217477,-0.37130830795518066,0.2929098801461115,0.2929098801461115,0.6642181881012922,0.021377541008748828,-0.4063413631801048,0.3295394957725065,0.3295394957725065,0.7358808589526113,0.023816975760360688,0.0150484642748525,0.9700685804368416,0.9700685804368416,0.9550201161619891,0.020991315078007982,0.7354822981988456,0.7354822981988456,0.8779514536937066,0.022104744580035782,-0.2823800118550049,0.20143037729602128,,,,,,,,,,,,,,,,0.8792655313036982,0.7196734726989784,0.814971500895696,0.79406976266014,0.7444148618884501,0.8229255585038346,0.9481922797799188,,,,0.8184938986882717,0.02475580661616974,0.021566165399625133
real,0.0,S0,S1,x2_KR5_ge3,basic_count,1.5,-1.7639208915123208,-0.6795578786181414,-0.4530385857454276,0.7229086752627861,0.008881171370940225,-0.355307250697661,0.6238961029672574,0.41593073531150493,0.6528022357766122,0.01361757022644141,-0.4777207293713726,0.5471688228959976,0.36477921526399837,0.6832597015115801,0.009785830103495098,-0.39069620280723194,0.7055294236365274,0.47035294909101827,0.7308170842958396,0.015357308484676402,-0.37130830795518066,0.6593464654082802,0.43956431027218684,0.6871031822423074,0.01352109127566462,-0.4063413631801048,0.7458911607488972,0.4972607738325981,0.7681550159526679,0.015102728069201987,0.0150484642748525,1.5078579730306074,1.0052386486870717,0.9952063391705033,0.013725013010004885,1.0843630128941792,0.7229086752627861,0.903021720605733,0.016113425351384304,-0.9180911922262304,0.20143037729602128,,,,,,,,,,,,,,,,0.8800022837397643,0.7416777311559131,0.8160978446975726,0.829440322722595,0.7795558117539331,0.8714609814088302,0.9944094399825951,,,,0.8428134163515915,0.016457014949004516,0.015683763099331702
real,0.0,S0,S1grid,a1_SFE006_KR,basic,0.25,0.3543574845947335,0.557262325891741,2.229049303566964,0.8116193651880299,0.031253401002463974,0.076795909204851,0.27787634566535113,1.1115053826614045,0.8043217458420004,0.04066787833424081,0.12572265323566892,0.31007813819635144,1.2403125527854058,0.7374219398427301,0.02999027037876444,0.07912905520054093,0.28782504080664617,1.1513001632265847,0.834783942424421,0.04234627001710357,0.10096020404344404,0.3065133988508791,1.2260535954035163,0.8222127792297402,0.04281591927257229,0.10311508940386699,0.3127697500671843,1.2510790002687373,0.8386186426532694,0.04366456712981067,0.047958319226016094,0.28732571667014445,1.1493028666805778,0.9574695897765134,0.036852912829495585,0.20290484129700748,0.8116193651880299,0.9910085692147835,0.03615329284190171,0.49864549020192334,0.21671874461091137,,,,,,,,,,,,,,,,0.9961480654431986,0.9347631737757408,0.8890769897048125,0.9690560198645718,0.9418749494326951,0.9598374439170182,0.9873627095443587,,,,0.9383777434330036,0.06485498620925366,0.04565586134650739
real,0.0,S0,S1grid,a1_SFE006_KR,basic,0.5,0.3543574845947335,0.7811497298522293,1.5622994597044586,0.8535844905149916,0.015800085572785564,0.076795909204851,0.483270560286013,0.966541120572026,0.812949302162324,0.020448947525833452,0.12572265323566892,0.522468621946489,1.044937243892978,0.7934919374216403,0.015477653879964338,0.07912905520054093,0.49791643652876943,0.9958328730575389,0.837574762656457,0.02110197863800101,0.10096020404344404,0.5390769137707214,1.0781538275414428,0.8762334194545548,0.02098478134047028,0.10311508940386699,0.5505845860487946,1.1011691720975891,0.8949389932898552,0.02151491587620111,0.047958319226016094,0.5450451410106986,1.0900902820213971,0.9941736435693649,0.01907667398913375,0.4267922452574958,0.8535844905149916,0.9523946500853696,0.016378589186703457,0.6186657203061873,0.21671874461091137,,,,,,,,,,,,,,,,1.0389596606552756,0.9356861671583241,0.950764658437993,0.9643099015023218,1.0060506462723975,1.0287287763950481,1.0098982133920265,,,,0.9005991306420729,0.030951578436744443,0.020919886637684074
real,0.0,S0,S1grid,a1_SFE006_KR,basic,0.75,0.3543574845947335,0.987657655655714,1.3168768742076187,0.8444002280813073,0.011180311503996265,0.076795909204851,0.6841709102778714,0.9122278803704952,0.8098333347640271,0.013777644219854807,0.12572265323566892,0.7213522604504007,0.9618030139338676,0.7941728096196424,0.010976797613549553,0.07912905520054093,0.7058940665577412,0.941192088743655,0.8356866818096004,0.014379663702637623,0.10096020404344404,0.7555498135622648,1.007399751416353,0.8727861460250943,0.0146267880214374,0.10311508940386699,0.7731960516830018,1.030928068910669,0.8934412830388464,0.015016512571553698,0.047958319226016094,0.7823357600230652,1.0431143466974202,0.979169921062732,0.01333898096878131,0.6333001710609805,0.8444002280813073,0.9590633775693962,0.010224782672270866,0.692720707787806,0.21671874461091137,,,,,,,,,,,,,,,,1.012954191003952,0.9126472860796462,0.934428059808279,0.9411270855598791,0.9911841076188052,1.0174002165265235,0.9738208075959209,,,,0.9009758725368517,0.020586125159230504,0.0134818192366262
real,0.0,S0,S1grid,a1_SFE006_KR,basic,1.0,0.3543574845947335,1.2031076123467337,1.2031076123467337,0.8487501277520002,0.008494647955419623,0.076795909204851,0.8852560197076528,0.8852560197076528,0.8084601105028018,0.010923508783543348,0.12572265323566892,0.9229483608146832,0.9229483608146832,0.7972257075790143,0.008364223294414802,0.07912905520054093,0.9136689074032336,0.9136689074032336,0.8345398522026927,0.011289933125096014,0.10096020404344404,0.9704360685793785,0.9704360685793785,0.8694758645359344,0.010299926125995592,0.10311508940386699,0.9899607579010439,0.9899607579010439,0.8868456684971768,0.010496028678599468,0.047958319226016094,1.0283783077039061,1.0283783077039061,0.98041998847789,0.009567246660304183,0.8487501277520002,0.8487501277520002,0.9525301782800191,0.008432320668978113,0.7358078451360703,0.21671874461091137,,,,,,,,,,,,,,,,1.0286955697721487,0.911021784127699,0.9477550950352749,0.941777129272115,0.9883279823863212,1.0093974596809712,0.9797218348859619,,,,0.8856087368291924,0.016105838196704046,0.010521331523952529
real,0.0,S0,S1grid,a1_SFE006_KR,basic,1.25,0.3543574845947335,1.4317007667439898,1.145360613395192,0.8618746257194051,0.00735138890523966,0.076795909204851,1.126545943227612,0.9012367545820895,0.8398000272182088,0.009180868944872168,0.12572265323566892,1.1443328928346082,0.9154663142676865,0.8148881916791513,0.00720116820443905,0.07912905520054093,1.1618296170328846,0.9294636936263077,0.8661604494658748,0.009828971199297428,0.10096020404344404,1.2187202263691679,0.9749761810953343,0.894208017860579,0.00934498520738973,0.10311508940386699,1.2459651013458546,0.9967720810766837,0.91428000955359,0.00974484850471728,0.047958319226016094,1.2848632056064875,1.02789056448519,0.9895239091043772,0.00842901876845904,1.0773432821492563,0.8618746257194051,0.9743876918492981,0.0065848091657425755,0.7868585177820581,0.21671874461091137,,,,,,,,,,,,,,,,1.0440072786306722,0.9705323827692323,0.970748068472066,1.004213281202219,1.022170850464346,1.0461296105726587,0.9964523692996474,,,,0.9296222379236568,0.013870851166503884,0.008700890335348344
real,0.0,S0,S1grid,a1_SFE006_KR,basic,1.5,0.3543574845947335,1.6492033195506406,1.099468879700427,0.8632305566372714,0.006452508412517319,0.076795909204851,1.3354377551347993,0.8902918367565329,0.839094563953299,0.007950419584694253,0.12572265323566892,1.351608469344634,0.9010723128964226,0.81725721073931,0.006409393986386379,0.07912905520054093,1.3803852637039769,0.9202568424693179,0.8675041390022905,0.008528642635079211,0.10096020404344404,1.440429263072457,0.960286175381638,0.8929793726860086,0.008096563281137727,0.10311508940386699,1.4677242740386556,0.9784828493591037,0.9097394564231923,0.008483446715146482,0.047958319226016094,1.5252665426328698,1.0168443617552465,0.9848721489379025,0.0072853598738143776,1.294845834955907,0.8632305566372714,0.9720399231718643,0.005693687764831229,0.8097471908428288,0.21671874461091137,,,,,,,,,,,,,,,,1.0491283422672846,0.9608745653648916,0.9747850163578453,0.99384536124133,1.021159380712799,1.040852819685052,0.9864813144705767,,,,0.9158789507948413,0.011557378058401563,0.00725314335967761
real,0.0,S0,S1grid,a1_SFE006_KR,basic,2.0,0.3543574845947335,2.106164581399525,1.0530822906997626,0.8759035484023958,0.0049298214034968,0.076795909204851,1.7871319850228224,0.8935659925114112,0.8551680379089858,0.006214348711946434,0.12572265323566892,1.8035764003295531,0.9017882001647766,0.8389268735469421,0.004938982234644129,0.07912905520054093,1.8482033423605,0.92410167118025,0.8845371435799795,0.006671539498903824,0.10096020404344404,1.9012036017439464,0.9506018008719732,0.9001216988502512,0.0060419422168033945,0.10311508940386699,1.9367870194221704,0.9683935097110852,0.9168359650091517,0.006395214644741857,0.047958319226016094,2.0173003719149643,1.0086501859574821,0.9846710263444741,0.005532937501798199,1.7518070968047916,0.8759035484023958,0.9763267193845366,0.004427574531539595,0.848524374973247,0.21671874461091137,,,,,,,,,,,,,,,,1.0680293636773621,0.9788483981583764,1.003527197028573,1.0105766032261392,1.0295625522512921,1.0522051267687407,0.9798679985467599,,,,0.9164995190657267,0.009027870258031506,0.005560522336001357
real,0.0,S0,S1grid,a1_SFE006_KR,basic,2.5,0.3543574845947335,2.5837098971079406,1.0334839588431763,0.8917409650052829,0.004568548056785327,0.076795909204851,2.2585403852228096,0.9034161540891239,0.8726977904071834,0.005513480158957185,0.12572265323566892,2.2739288833338795,0.9095715533335518,0.8592824920392843,0.004637891344293891,0.07912905520054093,2.324253429931004,0.9297013719724015,0.8980497498921851,0.0060452262829727285,0.10096020404344404,2.3865692883635874,0.954627715345435,0.9142436337280573,0.005397753300881557,0.10311508940386699,2.429365277930087,0.9717461111720349,0.9305000754104882,0.006015280295646017,0.047958319226016094,2.5310517348601254,1.01242069394405,0.9932373662536437,0.004961809680028486,2.229352412513207,0.8917409650052829,0.978644948089845,0.0031240458855243953,0.87414627615542,0.21671874461091137,,,,,,,,,,,,,,,,1.1042637810791,1.0138283798848233,1.0436190194246693,1.0470628246425693,1.056472469141227,1.0732335388223473,0.9964220567909078,,,,0.9181034434490805,0.008099187621371746,0.004222851672542013
real,0.0,S0,S1grid,a1_SFE006_KR,basic,3.0,0.3543574845947335,3.041416757893287,1.013805585964429,0.8956864244328512,0.0040980262107850945,0.076795909204851,2.705296871496534,0.9017656238321781,0.876166987430561,0.004762466378547826,0.12572265323566892,2.7291733318740587,0.9097244439580195,0.8678168928794633,0.0041747793183818825,0.07912905520054093,2.7843645384742173,0.9281215128247391,0.9017451610912254,0.005389952832838417,0.10096020404344404,2.846814940980962,0.9489383136603208,0.9152849123125061,0.00470859999650313,0.10311508940386699,2.887360425029001,0.962453475009667,0.9280817785417114,0.005298911155738619,0.047958319226016094,3.0118058850800082,1.0039352950266693,0.9879491886179973,0.0044220360689430985,2.6870592732985537,0.8956864244328512,0.9782072872047269,0.0026540565141524833,0.8894857518212747,0.21671874461091137,,,,,,,,,,,,,,,,1.108202095236723,1.0167062309627901,1.0529197186813972,1.050504062116535,1.0618239601268507,1.0775901378004542,0.9888698518416316,,,,0.9174375642608864,0.006779960048886037,0.003523574235943133
real,0.0,S0,S1grid,a1b_SNO021_K,basic,0.25,0.11550651435184335,0.31737896608458693,1.2695158643383477,0.8074898069309744,0.027625434503011168,0.07983416519346201,0.2723638342305518,1.0894553369222073,0.7701186761483593,0.04019504460366377,0.099203191225516,0.2966498339487449,1.1865993357949796,0.7897865708929155,0.027834990174717567,0.08185799747892815,0.28079512057524664,1.1231804823009865,0.795748492385274,0.04126752738600142,0.07168429173078829,0.2806585826838253,1.1226343307353013,0.8358971638121482,0.038807722914990246,0.07300708879384187,0.28655500240022147,1.1462200096008859,0.8541916544255184,0.039631114367396435,0.0379594162358167,0.2791368993650572,1.1165475974602288,0.964709932516962,0.034894138710705944,0.2018724517327436,0.8074898069309744,0.9537193776790179,0.03363520588473589,0.8581659887251702,0.6911659107838705,,,,,,,,,,,,,,,,0.9910796163088585,0.8950131979172224,0.9522107073577359,0.9237418542150775,0.9575509147815281,0.9776614691095339,0.994829102735925,,,,0.903068919175815,0.06316920565762414,0.04312207039414382
real,0.0,S0,S1grid,a1b_SNO021_K,basic,0.5,0.11550651435184335,0.5278503412141982,1.0557006824283963,0.8246876537247096,0.01372473101442468,0.07983416519346201,0.4992127531286906,0.9984255062573812,0.8387571758704573,0.01951704565167432,0.099203191225516,0.504706647863616,1.009413295727232,0.8110069132761999,0.01399138503825473,0.08185799747892815,0.5138263764181015,1.027652752836203,0.8639367578783467,0.02040178575716532,0.07168429173078829,0.49218286644807835,0.9843657328961567,0.8409971494345801,0.018880298258444526,0.07300708879384187,0.5018133095825277,1.0036266191650554,0.8576124415773716,0.019331799197402116,0.0379594162358167,0.5311154874472781,1.0622309748945562,0.9863121424229228,0.017146072998640953,0.4123438268623548,0.8246876537247096,1.0170604253406759,0.01663097908811865,0.9457467659874325,0.6911659107838705,,,,,,,,,,,,,,,,1.003787222449974,0.9653904431423727,0.9717511603172948,0.9946607837748478,0.9655939923275034,0.9858220552016037,1.001912369054143,,,,0.961748089187781,0.030573215509106393,0.021745328358870667
real,0.0,S0,S1grid,a1b_SNO021_K,basic,0.75,0.11550651435184335,0.7291967348380882,0.9722623131174509,0.8182536273149932,0.009228063297391743,0.07983416519346201,0.7090256622530602,0.9453675496707469,0.8389219960794643,0.012519066639832585,0.099203191225516,0.7063963871117471,0.9418618494823295,0.8095909278483081,0.009334684287997979,0.08185799747892815,0.7308670550833198,0.9744894067777597,0.8653454101391889,0.012858193317285055,0.07168429173078829,0.7034868457968096,0.9379824610624129,0.8424034054213618,0.013394445615821935,0.07300708879384187,0.7169774552405295,0.9559699403207059,0.8586271552622501,0.013631926487697508,0.0379594162358167,0.7799218932582812,1.0398958576777082,0.9892833026966193,0.011778872453489827,0.6136902204862449,0.8182536273149932,1.025259122690714,0.010512071272158715,0.9723379554222678,0.6911659107838705,,,,,,,,,,,,,,,,0.9815883671375533,0.9454289544373204,0.9525691018180235,0.9745279200613883,0.9566797908746915,0.9777558640542288,0.9838789407742244,,,,0.9631623459376577,0.019877528171738667,0.014134971150583708
real,0.0,S0,S1grid,a1b_SNO021_K,basic,1.0,0.11550651435184335,0.9262473977012582,0.9262473977012582,0.8107408833494149,0.006678001732526167,0.07983416519346201,0.8994615631853101,0.8994615631853101,0.8196273979918481,0.009248608682538718,0.099203191225516,0.8994562188120497,0.8994562188120497,0.8002530275865337,0.00674589029273905,0.08185799747892815,0.928389177229433,0.928389177229433,0.8465311797505048,0.00970142949357072,0.07168429173078829,0.9268812854803639,0.9268812854803639,0.8551969937495756,0.009497122830462093,0.07300708879384187,0.9444593662469473,0.9444593662469473,0.8714522774531054,0.009922421896893475,0.0379594162358167,1.0238278328706258,1.0238278328706258,0.9858684166348092,0.008530190089812525,0.8107408833494149,0.8107408833494149,1.0109609800429953,0.008768976741163474,0.9710813389787387,0.6911659107838705,,,,,,,,,,,,,,,,0.9826278991481849,0.9236057595644224,0.9513540230855778,0.9553093266912471,0.9720972758990639,0.9918768804328457,0.98516638323654,,,,0.9399343946625908,0.014815417286114225,0.011042184586775725
real,0.0,S0,S1grid,a1b_SNO021_K,basic,1.25,0.11550651435184335,1.129355296546114,0.9034842372368912,0.8110790257554165,0.004983749519984567,0.07983416519346201,1.1053300385741336,0.8842640308593068,0.8203966987045372,0.007832871602483325,0.099203191225516,1.1023527025270103,0.8818821620216083,0.8025196090411955,0.005004690900204548,0.08185799747892815,1.1409588118669256,0.9127670494935405,0.8472806515103979,0.008166009051103302,0.07168429173078829,1.1280820169213093,0.9024656135370475,0.8451181801524168,0.007853296147203998,0.07300708879384187,1.152675291665178,0.9221402333321423,0.8637345622970688,0.00813772709040127,0.0379594162358167,1.280732338256538,1.0245858706052304,0.9942183376165771,0.006227468385733423,1.0138487821942705,0.8110790257554165,1.0114879964260481,0.007237763402093135,0.9787265725450118,0.6911659107838705,,,,,,,,,,,,,,,,0.9824774754524533,0.9481085222718632,0.9560138045225642,0.9823243299519099,0.9660561655620995,0.9882949335566935,1.0011796673168558,,,,0.9650180751830851,0.012574722616785968,0.009313048381063456
real,0.0,S0,S1grid,a1b_SNO021_K,basic,1.5,0.11550651435184335,1.3183452857825029,0.8788968571883352,0.8018925142871063,0.00434415508560589,0.07983416519346201,1.3024535602400005,0.8683023734933336,0.8150795966976924,0.006506316815938257,0.099203191225516,1.2901142952785845,0.8600761968523897,0.793940736035379,0.0043729495922019655,0.08185799747892815,1.3387811918314616,0.8925207945543078,0.8379487962350223,0.007014633560125376,0.07168429173078829,1.319606859244074,0.879737906162716,0.8319483783421905,0.0067324409758238,0.07300708879384187,1.343626592644069,0.8957510617627126,0.8470796692334847,0.007072504970184921,0.0379594162358167,1.5214759943545904,1.014317329569727,0.9890110520791824,0.005669277768282809,1.2028387714306594,0.8018925142871063,1.0164449501343824,0.005846617952582747,0.9879457030613419,0.6911659107838705,,,,,,,,,,,,,,,,0.9745810753824891,0.9333742427370508,0.9469742489800721,0.9599856492370401,0.9513678779136258,0.969162385993525,0.9906269800939567,,,,0.9577184149309835,0.010165464014373519,0.0075101031364468145
real,0.0,S0,S1grid,a1b_SNO021_K,basic,2.0,0.11550651435184335,1.7044939197593159,0.8522469598796579,0.7944937027037362,0.003012432639382802,0.07983416519346201,1.6993324776400984,0.8496662388200492,0.8097491562233182,0.004473137760769733,0.099203191225516,1.6704365566869057,0.8352182783434529,0.7856166827306948,0.0030255615755053885,0.08185799747892815,1.7526074511334877,0.8763037255667439,0.8353747268272798,0.004976116239673882,0.07168429173078829,1.7501197340136019,0.8750598670068009,0.8392177211414068,0.004460667598935965,0.07300708879384187,1.7798132097867079,0.8899066048933539,0.853403060496433,0.004812628337496954,0.0379594162358167,2.0167441692076205,1.0083720846038102,0.9893923764859018,0.003951049806669138,1.5889874054074724,0.7944937027037362,1.01920147820891,0.004334811786552575,0.9969718624047974,0.6911659107838705,,,,,,,,,,,,,,,,0.9687626055312161,0.9268607213353891,0.9397573643413698,0.9544089357755083,0.9599003556702435,0.9794064693410204,0.984566318889031,,,,0.9567470049353832,0.007343399708160547,0.0056060571431798475
real,0.0,S0,S1grid,a1b_SNO021_K,basic,2.5,0.11550651435184335,2.084605808815162,0.8338423235260649,0.7876397177853275,0.0026994706107784216,0.07983416519346201,2.089194866503579,0.8356779466014317,0.8037442805240469,0.004002347552705739,0.099203191225516,2.0433505547102766,0.8173402218841106,0.7776589453939042,0.0027423271404446946,0.08185799747892815,2.1628813576757646,0.8651525430703059,0.8324093440787346,0.004585038598483748,0.07168429173078829,2.1420211234913284,0.8568084493965313,0.8281347327042161,0.0039650048632427284,0.07300708879384187,2.191422568528057,0.8765690274112228,0.8473661918936861,0.004516026776538251,0.0379594162358167,2.506752283565046,1.0027009134260185,0.9875171469316918,0.003476016242485529,1.9690992944633188,0.7876397177853275,1.0204466107727552,0.003511627289474664,1.0022014030993347,0.6911659107838705,,,,,,,,,,,,,,,,0.9753527616447994,0.9337238740861148,0.9444852811009041,0.970530729700204,0.9569676107822629,0.9773473864612934,0.9906834963060429,,,,0.9573191472914032,0.006516189574336389,0.004571919447080208
real,0.0,S0,S1grid,a1b_SNO021_K,basic,3.0,0.11550651435184335,2.4526373147063576,0.8175457715687858,0.7790436001181714,0.002270070919477047,0.07983416519346201,2.465763102229981,0.8219210340766603,0.7953096456788397,0.0032554593849890754,0.099203191225516,2.410505041520937,0.803501680506979,0.7704339500984737,0.002312788609485434,0.08185799747892815,2.5510782558934464,0.8503594186311488,0.823073419471506,0.003763934536741531,0.07168429173078829,2.540697075343332,0.8468990251144439,0.8230042612041811,0.0033861633610284534,0.07300708879384187,2.5781102911020746,0.8593700970340249,0.8350344007694109,0.0038786338944834186,0.0379594162358167,2.9974370714067593,0.9991456904689198,0.9864925517236475,0.002935216409994616,2.3371308003545144,0.7790436001181714,1.020879506048443,0.003062253804607471,1.0053517034275388,0.6911659107838705,,,,,,,,,,,,,,,,0.9638839289971187,0.9228791816018621,0.934765276703315,0.9588540176125125,0.954768981851987,0.9695533904427237,0.9874118575171282,,,,0.9574588327892131,0.005194382543742877,0.003875888796859924
real,0.0,S0,S1grid,a2_SNO016_KRH,basic,0.25,-1.045452150826387,-0.8376056621792785,-3.350422648717114,0.8313859545884341,0.041902514877080146,-0.15247446001704504,0.029033458830023385,0.11613383532009354,0.7260316753882737,0.05715643289985935,-0.25413785648127757,-0.055377340868236986,-0.22150936347294795,0.7950420624521624,0.04257343596395215,-0.16620386564236814,0.03125868613951481,0.12503474455805924,0.7898502071275317,0.062331101510532845,-0.17066057490131326,0.031320407745331125,0.1252816309813245,0.8079239305865775,0.05775536302784306,-0.18525882503829105,0.033781198647850424,0.1351247945914017,0.8761600947445659,0.06292998288484049,0.09920543079428111,0.3559869255666356,1.4239477022665423,1.0271259790894178,0.05492400030240173,0.20784648864710853,0.8313859545884341,0.8732787358041013,0.0505699226599762,-0.034662443368021496,0.14584546972955217,,,,,,,,,,,,,,,,1.0204087603405672,0.8437763577275921,0.9585470208879664,0.9168948504031766,0.9255065482922529,1.0028053551743186,1.0591938382020525,,,,0.8269003467257348,0.07758522850142129,0.05478599011265039
real,0.0,S0,S1grid,a2_SNO016_KRH,basic,0.5,-1.045452150826387,-0.6591032101707403,-1.3182064203414805,0.7726978813112935,0.020511953402597635,-0.15247446001704504,0.20071202161411983,0.40142404322823966,0.7063729632623297,0.028326279481825478,-0.25413785648127757,0.11675918735285659,0.23351837470571318,0.7417940876682683,0.02099389299025865,-0.16620386564236814,0.21882150138328893,0.43764300276657786,0.7700507340513141,0.031033299768319485,-0.17066057490131326,0.20519113535904984,0.4103822707180997,0.7517034205207263,0.02872988055025269,-0.18525882503829105,0.22362711668783344,0.4472542333756669,0.8177718834522489,0.03131365471398452,0.09920543079428111,0.5748730971680992,1.1497461943361984,0.9513353327476362,0.027551115099195826,0.38634894065564673,0.7726978813112935,0.9141644882778658,0.028114387986990584,-0.3045229009916755,0.14584546972955217,,,,,,,,,,,,,,,,0.9405066955608328,0.8130192237341074,0.8888201242282836,0.886568674955871,0.8630710667150843,0.9400254937395881,0.9663823408445787,,,,0.8644480975749955,0.03698646430257008,0.02981598837702742
real,0.0,S0,S1grid,a2_SNO016_KRH,basic,0.75,-1.045452150826387,-0.4511642839641717,-0.6015523786188955,0.7923838224829538,0.013017312895393407,-0.15247446001704504,0.39995247585436533,0.5332699678058205,0.7365692478285472,0.01973757809844914,-0.25413785648127757,0.3082975627878663,0.4110634170504884,0.7499138923588585,0.014007731244535568,-0.16620386564236814,0.4372638010973229,0.5830184014630971,0.8046235556529213,0.021671600482004894,-0.17066057490131326,0.40287191436019165,0.5371625524802556,0.7647099856820065,0.01952507070745523,-0.18525882503829105,0.4439203429331805,0.591893790577574,0.8389055572952954,0.021427936543136114,0.09920543079428111,0.8470053437048891,1.1293404582731854,0.9970665505474773,0.017878663432233,0.5942878668622154,0.7923838224829538,0.9295611885670376,0.018330969342443538,-0.8864896670014925,0.14584546972955217,,,,,,,,,,,,,,,,0.9505545915017829,0.8300818158298297,0.8823527763381528,0.9061446573070919,0.8684468563088488,0.9552980277948802,0.9916196694718701,,,,0.8732605399531886,0.025414811361880087,0.0195096326847693
real,0.0,S0,S1grid,a2_SNO016_KRH,basic,1.0,-1.045452150826387,-0.2984030331112811,-0.2984030331112811,0.747049117715106,0.00991481363845993,-0.15247446001704504,0.541380449679681,0.541380449679681,0.693854909696726,0.014094142006671053,-0.25413785648127757,0.4589195166146767,0.4589195166146767,0.7130573730959543,0.010183703440324468,-0.16620386564236814,0.5932143849230666,0.5932143849230666,0.7594182505654347,0.01546198478686541,-0.17066057490131326,0.5462021015508498,0.5462021015508498,0.7168626764521631,0.0145524605699708,-0.18525882503829105,0.6037824225003443,0.6037824225003443,0.7890412475386354,0.01599401768962374,0.09920543079428111,1.0660195139797357,1.0660195139797357,0.9668140831854546,0.013423871895177906,0.747049117715106,0.747049117715106,0.9287942295132111,0.015008191029587474,-1.814259205193093,0.14584546972955217,,,,,,,,,,,,,,,,0.9054326976434566,0.7818777074413051,0.8476943881506476,0.8570025002960059,0.8148534899748712,0.898077601482403,0.9661256183103651,,,,0.8635403928710279,0.01821275166062373,0.01554087965304338
real,0.0,S0,S1grid,a2_SNO016_KRH,basic,1.25,-1.045452150826387,-0.10489471368342357,-0.08391577094673885,0.7524459497143707,0.007637726858714505,-0.15247446001704504,0.7167083259833246,0.5733666607866597,0.6953462288002956,0.011462057798223917,-0.25413785648127757,0.6329089542546928,0.5063271634037543,0.7096374485887763,0.008362702048211882,-0.16620386564236814,0.7823477946789652,0.6258782357431721,0.7588413282570666,0.01262803643458362,-0.17066057490131326,0.7416418541647585,0.5933134833318068,0.7298419432528573,0.01073944203331586,-0.18525882503829105,0.8207262184779031,0.6565809747823225,0.8047880348129552,0.012047619861653024,0.09920543079428111,1.3181796889648778,1.0545437511719022,0.9751794065364774,0.010892558201897638,0.9405574371429635,0.7524459497143707,0.9241145215337391,0.012007802715191434,-6.8326448570742935,0.14584546972955217,,,,,,,,,,,,,,,,0.9114539688673016,0.8035913436709141,0.8453665049600256,0.879789120630937,0.8342836844878759,0.9208476447641983,0.9820074292242269,,,,0.881658724542686,0.015172115535993527,0.012799941754417891
real,0.0,S0,S1grid,a2_SNO016_KRH,basic,1.5,-1.045452150826387,0.04260783296677856,0.028405221977852373,0.725373322528777,0.006153263298996906,-0.15247446001704504,0.8510008488857298,0.5673338992571532,0.6689835392685165,0.009421724121460341,-0.25413785648127757,0.7693466126571145,0.5128977417714097,0.6823229794255946,0.006405673488056125,-0.16620386564236814,0.934299238916881,0.6228661592779207,0.7336687363728328,0.01046570810861197,-0.17066057490131326,0.8767292500488378,0.5844861666992253,0.6982598833001008,0.008814802156746284,-0.18525882503829105,0.9760431777035266,0.650695451802351,0.7742013351612117,0.009822514092654609,0.09920543079428111,1.5380007134323832,1.0253338089549222,0.9591968550920681,0.00898743502501066,1.0880599837931655,0.725373322528777,0.9222610185556922,0.010367294297244287,19.97287328715491,0.14584546972955217,,,,,,,,,,,,,,,,0.8815833794786572,0.7660748801689046,0.8138419678904154,0.8405184915550045,0.7984894744685678,0.8857806892038587,0.9607640702071754,,,,0.868976092337334,0.012191080064885557,0.010810627661718053
real,0.0,S0,S1grid,a2_SNO016_KRH,basic,2.0,-1.045452150826387,0.37812089879878136,0.18906044939939068,0.7117865248125842,0.004257102088218189,-0.15247446001704504,1.1691046185484948,0.5845523092742474,0.66078953928277,0.006903824003358971,-0.25413785648127757,1.0866140838796603,0.5433070419398301,0.6703759701804689,0.004636395832855201,-0.16620386564236814,1.2783184301525425,0.6391592150762713,0.7222611478974553,0.0075357067255909125,-0.17066057490131326,1.232157412750472,0.616078706375236,0.7014089938258926,0.006616795125394348,-0.18525882503829105,1.3754828416014293,0.6877414208007147,0.7803708333198602,0.007491662251955846,0.09920543079428111,2.0683564720542233,1.0341782360271117,0.9845755206299711,0.006570560543544653,1.4235730496251684,0.7117865248125842,0.9283535389445003,0.008084833059609744,3.0918804600923124,0.14584546972955217,,,,,,,,,,,,,,,,0.867913950749815,0.7563575266778039,0.801906029623538,0.8251775776541206,0.8022742200058176,0.8955911667271421,0.9797729586899793,,,,0.8714660318852642,0.008994410273662339,0.00836277988835992
real,0.0,S0,S1grid,a2_SNO016_KRH,basic,2.5,-1.045452150826387,0.6717007715079881,0.26868030860319525,0.68686116893375,0.003379761872844685,-0.15247446001704504,1.4217385864124923,0.5686954345649969,0.6296852185718149,0.00539042326969912,-0.25413785648127757,1.348586096914125,0.53943443876565,0.641089581358161,0.003596220978985539,-0.16620386564236814,1.5609243350591264,0.6243697340236506,0.6908512802805978,0.006108951367470389,-0.17066057490131326,1.513341235923445,0.605336494369378,0.6736007243299034,0.005522012870243608,-0.18525882503829105,1.7016829799613638,0.6806731919845455,0.7547767219998619,0.006385606170134446,0.09920543079428111,2.5684023883600133,1.0273609553440053,0.9876787830262929,0.0056609585975154015,1.717152922334375,0.68686116893375,0.9167576317486512,0.006264691023316083,2.1166249120432705,0.14584546972955217,,,,,,,,,,,,,,,,0.8505563176395065,0.7315163989176857,0.7786185410022158,0.8054839868563866,0.7783927546164463,0.8705552141038679,0.9908456506664266,,,,0.8600446363714228,0.007211577907151544,0.006530828318013011
real,0.0,S0,S1grid,a2_SNO016_KRH,basic,3.0,-1.045452150826387,0.9138712731425482,0.30462375771418276,0.6531078079896451,0.0026430524664515405,-0.15247446001704504,1.6501369860509159,0.5500456620169719,0.6008704820226537,0.0042670511770301475,-0.25413785648127757,1.5558741340178743,0.5186247113392914,0.6033373301663839,0.002841744463113072,-0.16620386564236814,1.8050341575927191,0.6016780525309063,0.6570793410783624,0.004885487367606555,-0.17066057490131326,1.7602885256478737,0.5867628418826246,0.6436497001830623,0.004219045604964976,-0.18525882503829105,1.9880561526308884,0.6626853842102961,0.7244383258897265,0.004947715202002361,0.09920543079428111,3.043653662035559,1.0145512206785197,0.9814827437470927,0.0046695930818299175,1.9593234239689352,0.6531078079896451,0.92001729985776,0.0055070304811873074,1.8056558232501996,0.14584546972955217,,,,,,,,,,,,,,,,0.8080678923853098,0.6972515192173496,0.7320274324701471,0.7654762639373287,0.7466993767613764,0.841140957050215,0.9823973809341161,,,,0.8628625463129777,0.005636741631932502,0.005672562039838066
real,0.0,S0,S1grid,a2b_PERS009_AKRV,basic,0.25,-0.13719052540650492,0.07127348370881967,0.2850939348352787,0.8338560364612984,0.026186323606248414,0.049802491958476344,0.23177244820977388,0.9270897928390955,0.7278798250051901,0.03497255467247377,0.06359542970825485,0.2535144266786558,1.0140577067146233,0.7596759878816038,0.02587013764581893,0.05512169835315693,0.2563480609654175,1.02539224386167,0.8049054504490423,0.03865620209096566,0.0716815796650667,0.26250674767634274,1.050026990705371,0.7633006720451041,0.035843364720381646,0.07867224208650274,0.28770590597383594,1.1508236238953438,0.8361346555493328,0.03918134335910656,-0.01146285365398364,0.23576517927838267,0.9430607171135307,0.9889121317294652,0.03190343566624549,0.2084640091153246,0.8338560364612984,0.8729082637503616,0.03126999486435324,3.251874836884021,-0.36301699268887666,,,,,,,,,,,,,,,,1.0234404367453926,0.8459242322696544,0.9159077103141937,0.9343716769564816,0.8743889660264479,0.9569944069139033,1.0197869178420604,,,,0.8265495498299331,0.057159654260667096,0.039808464833753957
real,0.0,S0,S1grid,a2b_PERS009_AKRV,basic,0.5,-0.13719052540650492,0.27669399319998933,0.5533879863999787,0.8277690372129884,0.012558474794677392,0.049802491958476344,0.4217610905606977,0.8435221811213954,0.7439171972044427,0.016736097609915852,0.06359542970825485,0.4439682046840069,0.8879364093680138,0.7607455499515041,0.012308942807948434,0.05512169835315693,0.46576169251977667,0.9315233850395533,0.8212799883332395,0.01884259666334978,0.0716815796650667,0.4677963043391967,0.9355926086783934,0.79222944934826,0.017614696929198415,0.07867224208650274,0.51324994535432,1.02649989070864,0.8691554065356345,0.01946412191712712,-0.01146285365398364,0.4746378118832581,0.9492756237665162,0.9722013310744835,0.015385952256886168,0.4138845186064942,0.8277690372129884,0.898701405538354,0.015495160991738465,1.5242871219681902,-0.36301699268887666,,,,,,,,,,,,,,,,1.0075377980273248,0.8562317835613336,0.9115278288877283,0.9455495317739069,0.9096011768290923,0.9990906470346995,0.9875783709015291,,,,0.849825967063235,0.026634493096625012,0.019768467970637627
real,0.0,S0,S1grid,a2b_PERS009_AKRV,basic,0.75,-0.13719052540650492,0.48404169143204095,0.6453889219093879,0.8283096224513945,0.008450726667590999,0.049802491958476344,0.5965476732193522,0.7953968976258029,0.7289935750145012,0.011138265583020529,0.06359542970825485,0.6339821450262643,0.8453095267016857,0.7605156204240126,0.008176509948401084,0.05512169835315693,0.6608669686473891,0.8811559581965188,0.8076603603923096,0.012353823733748085,0.0716815796650667,0.6624932826284413,0.8833243768379218,0.7877489372844995,0.01143086657947026,0.07867224208650274,0.7251183795942941,0.9668245061257256,0.8619281833437219,0.012472179215854801,-0.01146285365398364,0.7174741249768428,0.9566321666357904,0.9719159715077685,0.010504456502837399,0.6212322168385459,0.8283096224513945,0.8800979190088773,0.010007495096251056,1.2324303542004025,-0.36301699268887666,,,,,,,,,,,,,,,,0.9936516779697624,0.8215443588776766,0.8948268274093314,0.9095646222963701,0.8946111610341133,0.9815148874490583,0.966606485687209,,,,0.8267931077782339,0.01748176458855623,0.012796452561294478
real,0.0,S0,S1grid,a2b_PERS009_AKRV,basic,1.0,-0.13719052540650492,0.6995858370667495,0.6995858370667495,0.8367763624732544,0.006544587853338646,0.049802491958476344,0.7867199585013437,0.7867199585013437,0.7369174665428674,0.008943017536772483,0.06359542970825485,0.8324762110235159,0.8324762110235159,0.768880781315261,0.006352000457142601,0.05512169835315693,0.8716841390519059,0.8716841390519059,0.816562440698749,0.01001577072313099,0.0716815796650667,0.8723416749384912,0.8723416749384912,0.8006600952734245,0.00857143803121627,0.07867224208650274,0.9549724068896223,0.9549724068896223,0.8763001648031196,0.009554331538096669,-0.01146285365398364,0.9696870652240638,0.9696870652240638,0.9811499188780475,0.007897145642969115,0.8367763624732544,0.8367763624732544,0.8806623843493443,0.007923081155964014,1.1245510083507886,-0.36301699268887666,,,,,,,,,,,,,,,,1.0141832193253086,0.8304032028336176,0.9140581783033106,0.9214896439552179,0.9101055116247212,0.9973946896185365,0.9804512455052736,,,,0.8187901229385833,0.013827083486753768,0.009815785849963062
real,0.0,S0,S1grid,a2b_PERS009_AKRV,basic,1.25,-0.13719052540650492,0.9015050087289741,0.7212040069831793,0.8309564273083833,0.005138898704345055,0.049802491958476344,0.9768037697094278,0.7814430157675423,0.7416010222007612,0.006621545544177222,0.06359542970825485,1.0185021563060095,0.8148017250448076,0.7639253812782038,0.004896824603111248,0.05512169835315693,1.0865045493918841,0.8692036395135073,0.8251062808309818,0.00770899609419345,0.0716815796650667,1.0728275928040267,0.8582620742432214,0.800916810511168,0.007038334532698488,0.07867224208650274,1.176387951363208,0.9411103610905664,0.8781725674213643,0.007855083981567515,-0.01146285365398364,1.2050039225639544,0.9640031380511636,0.9731734209743503,0.006120234638997267,1.038695534135479,0.8309564273083833,0.8924667982928296,0.005992009093111234,1.083525615777351,-0.36301699268887666,,,,,,,,,,,,,,,,1.0065553996450123,0.8570466585059873,0.9100378382027007,0.9566157010803165,0.9155294976107407,1.0048150636265831,0.9799873981286957,,,,0.8514649653742327,0.010991272937122086,0.007942417361825667
real,0.0,S0,S1grid,a2b_PERS009_AKRV,basic,1.5,-0.13719052540650492,1.1220781756626517,0.7480521171084344,0.8395124673794377,0.00431079028293944,0.049802491958476344,1.1707698992347404,0.7805132661564936,0.7473116048508427,0.005608022713517476,0.06359542970825485,1.2201157676947967,0.8134105117965311,0.7710135586576946,0.004081558389165338,0.05512169835315693,1.2943093949601518,0.8628729299734346,0.82612513107133,0.006429323711965544,0.0716815796650667,1.285887970273173,0.857258646848782,0.8094709270720708,0.0057491121870200486,0.07867224208650274,1.4049970460517114,0.9366646973678076,0.8842165359768058,0.006691152831736964,-0.01146285365398364,1.464251178378528,0.9761674522523519,0.983809354688341,0.005140707259088178,1.2592687010691566,0.8395124673794377,0.8901733254582834,0.004819347268226681,1.043394234580254,-0.36301699268887666,,,,,,,,,,,,,,,,1.020302532669265,0.8557709039611399,0.9196278166923377,0.9464400138360138,0.9256639692668261,1.011651487890929,0.985416783739913,,,,0.8387423107951272,0.009024655836806759,0.00637204718237854
real,0.0,S0,S1grid,a2b_PERS009_AKRV,basic,2.0,-0.13719052540650492,1.5366378347742726,0.7683189173871363,0.8369141800903888,0.0033876721864081792,0.049802491958476344,1.5393314521978334,0.7696657260989167,0.7447644801196786,0.0044344544541252435,0.06359542970825485,1.6053184899900037,0.8026592449950019,0.7708615301408744,0.003325940597725892,0.05512169835315693,1.7059165541319254,0.8529582770659627,0.8253974278893843,0.005306262400489281,0.0716815796650667,1.6903820526634588,0.8451910263317294,0.809350236499196,0.004500071666895627,0.07867224208650274,1.850223806758709,0.9251119033793544,0.8857757823361031,0.00520083150452675,-0.01146285365398364,1.947330823527563,0.9736654117637815,0.9793968385907733,0.004055774177551334,1.6738283601807775,0.8369141800903888,0.88989348948448,0.0038675693628867753,1.001752929260626,-0.36301699268887666,,,,,,,,,,,,,,,,1.0204878389234004,0.8524775085759121,0.9221072003198177,0.943009951636502,0.9257378154750241,1.0165589646478763,0.9746195372232207,,,,0.8353627314905223,0.0070146179804534805,0.004951459969119765
real,0.0,S0,S1grid,a2b_PERS009_AKRV,basic,2.5,-0.13719052540650492,1.9717662901790418,0.7887065160716167,0.8435827262342187,0.0029072423066225125,0.049802491958476344,1.93667282800605,0.77466913120242,0.7547481344190294,0.0036126335859038073,0.06359542970825485,2.0159785009046534,0.8063914003618613,0.7809532284785594,0.002845212632967763,0.05512169835315693,2.149838725305088,0.8599354901220352,0.8378868107807724,0.004574417035256012,0.0716815796650667,2.115791364321497,0.8463165457285988,0.8176439138625723,0.0036189058099532524,0.07867224208650274,2.3077417789845276,0.923096711593811,0.8916278147592098,0.00446484046515023,-0.01146285365398364,2.445833507899354,0.9783334031597416,0.9829185446213351,0.003376412434977038,2.1089568155855467,0.8435827262342187,0.8946936808299172,0.0031994559310004143,0.9822020173750889,-0.36301699268887666,,,,,,,,,,,,,,,,1.0446283029275156,0.8768041889760227,0.9484862662418395,0.9769170704988178,0.9448447357891387,1.0283984926323813,0.9860701491564766,,,,0.8393456184547416,0.005999333829471348,0.004090768914739464
real,0.0,S0,S1grid,a2b_PERS009_AKRV,basic,3.0,-0.13719052540650492,2.3974470091955906,0.7991490030651969,0.8448791782006985,0.0026608099746904287,0.049802491958476344,2.3242271497003673,0.7747423832334558,0.7581415525806303,0.003153359424511193,0.06359542970825485,2.4218560387154486,0.8072853462384829,0.7860868696690645,0.002594494013825275,0.05512169835315693,2.5580849101973295,0.8526949700657765,0.8343210706147243,0.0040220868265173565,0.0716815796650667,2.536098537671571,0.8453661792238569,0.8214723193355015,0.003346292781310116,0.07867224208650274,2.7594250826119877,0.9198083608706625,0.8935842801751616,0.00411676083237852,-0.01146285365398364,2.926492423357505,0.9754974744525017,0.9793184256704963,0.0031824072395598025,2.5346375346020955,0.8448791782006985,0.897337243172699,0.0023866701512067342,0.9694592375913282,-0.36301699268887666,,,,,,,,,,,,,,,,1.045340031916592,0.8797492390360342,0.9537569186107723,0.9719571688408728,0.9529917728542163,1.0375353011706554,0.9802310459440182,,,,0.841591455579336,0.004994016799998099,0.003200649666227637
real,0.0,S0,S1grid,a3_SNO006_DE3,acidic,0.25,0.11952212295742846,0.31412191861245375,1.256487674449815,0.7783991826201011,0.03718818418325059,0.05547399088041298,0.2453452069087998,0.9813808276351992,0.7594848641135472,0.05319310327748496,0.10104547074928008,0.2975385026450471,1.1901540105801884,0.7859721275830681,0.03861510210231753,0.0570396734916885,0.2520270710251512,1.0081082841006048,0.7799495901338508,0.0545793500498757,0.08653547300511215,0.268933664358535,1.07573465743414,0.7295927654136913,0.05055273673596997,0.08807039548239155,0.27455017755172867,1.0982007102069147,0.7459191282773485,0.05166942466423588,-0.006539387182667017,0.21542976257318763,0.8617190502927505,0.8878765990234186,0.04705873780742839,0.19459979565502528,0.7783991826201011,0.9757010041520238,0.04809447679824401,0.7810508989393165,0.4641315725304827,,,,,,,,,,,,,,,,0.9553749863150958,0.8826548401600418,0.9476118019114971,0.9054017537939679,0.835775320439856,0.8537386042234193,0.9155969588103747,,,,0.9238831378289091,0.07470118903118173,0.0543919478903316
real,0.0,S0,S1grid,a3_SNO006_DE3,acidic,0.5,0.11952212295742846,0.5178312673039213,1.0356625346078425,0.7966182886929856,0.017207058840366874,0.05547399088041298,0.4612242596046381,0.9224485192092762,0.8115005374484502,0.026206662872494613,0.10104547074928008,0.5030725253812174,1.0061450507624348,0.8040541092638747,0.017725346109788362,0.0570396734916885,0.47182957703920764,0.9436591540784153,0.8295798070950383,0.026709460676798438,0.08653547300511215,0.49441284219027665,0.9888256843805533,0.815754738370329,0.02516388303549428,0.08807039548239155,0.5056011309376255,1.011202261875251,0.8350614709104679,0.025716225544979186,-0.006539387182667017,0.45856240018724587,0.9171248003744917,0.9302035747398257,0.022169261453104924,0.3983091443464928,0.7966182886929856,1.0186817814337177,0.024157611195571096,0.8906844540423244,0.4641315725304827,,,,,,,,,,,,,,,,0.969621960203264,0.9340186719053813,0.9634202876011274,0.9551052129733895,0.9366118245616681,0.9598998050430717,0.9449163476592228,,,,0.9632812686189378,0.03622745174226414,0.02735133474889349
real,0.0,S0,S1grid,a3_SNO006_DE3,acidic,0.75,0.11952212295742846,0.7277481293974106,0.9703308391965475,0.8109680085866429,0.010843111632761757,0.05547399088041298,0.6908983532513397,0.9211978043351197,0.8472324831612358,0.017275830016277808,0.10104547074928008,0.7150964868836579,0.9534619825115439,0.8187346881791705,0.011354099280818987,0.0570396734916885,0.7097814139233312,0.9463752185644415,0.8703223205755236,0.017937823732367793,0.08653547300511215,0.7234659563804706,0.9646212751739608,0.849240644500478,0.0167608744694667,0.08807039548239155,0.7427720037971233,0.9903626717294977,0.8729354777529755,0.017256991637769687,-0.006539387182667017,0.721015170550813,0.9613535607344174,0.97007274364464,0.01400607524170207,0.6082260064399821,0.8109680085866429,1.0447175155994066,0.0164364596041934,0.9493646570049129,0.4641315725304827,,,,,,,,,,,,,,,,0.9728484381565905,0.9547945154183201,0.963327700100193,0.9801327780972945,0.9644445368506379,0.9940493694882758,0.9647733272050664,,,,0.9814422041191945,0.024062794535413143,0.018563839893509022
real,0.0,S0,S1grid,a3_SNO006_DE3,acidic,1.0,0.11952212295742846,0.9179584399255475,0.9179584399255475,0.798436316968119,0.008462047717863286,0.05547399088041298,0.8734512201705185,0.8734512201705185,0.8179772292901055,0.01299968493314709,0.10104547074928008,0.9104353323268348,0.9104353323268348,0.8093898615775548,0.008754541727304943,0.0570396734916885,0.898377391686397,0.898377391686397,0.8413377181947085,0.013681632448363084,0.08653547300511215,0.9040609860096595,0.9040609860096595,0.8175255130045473,0.01247667973861836,0.08807039548239155,0.927656895545686,0.927656895545686,0.8395865000632944,0.013039344292979517,-0.006539387182667017,0.9614474224784338,0.9614474224784338,0.9679868096611008,0.010746680520508927,0.798436316968119,0.798436316968119,1.0244739773313276,0.01163287761201373,0.9515149947761917,0.4641315725304827,,,,,,,,,,,,,,,,0.9677146137058235,0.9217462495957262,0.9622160423169677,0.9494485121332684,0.9292763304572826,0.955607621991813,0.9672975096916528,,,,0.9524980159862799,0.018028394325290582,0.01318823851087666
real,0.0,S0,S1grid,a3_SNO006_DE3,acidic,1.25,0.11952212295742846,1.114749162729912,0.8917993301839295,0.7961816318179868,0.006542716444336178,0.05547399088041298,1.0925014647354192,0.8740011717883354,0.829621979084005,0.010553337768542061,0.10104547074928008,1.1093332390447628,0.8874665912358102,0.8066302146363862,0.006719586017236365,0.0570396734916885,1.1185885288545845,0.8948708230836676,0.8492390842903168,0.010903306096583364,0.08653547300511215,1.1087269810218818,0.8869815848175054,0.8177532064134156,0.010075866212234556,0.08807039548239155,1.1357994472977213,0.9086395578381771,0.8381832414522637,0.010403295185835814,-0.006539387182667017,1.2078359720383822,0.9662687776307057,0.9715002873768395,0.008691594845785092,0.9952270397724835,0.7961816318179868,1.0420009027207287,0.009621099851901965,0.9800424178476077,0.4641315725304827,,,,,,,,,,,,,,,,0.964431941636763,0.9587699095762395,0.9609106265437047,0.984594907197903,0.9347752131203484,0.9590588209372737,0.9783025495645984,,,,0.994129153322199,0.015054925597127617,0.011211495704781279
real,0.0,S0,S1grid,a3_SNO006_DE3,acidic,1.5,0.11952212295742846,1.2929378017886441,0.8619585345257628,0.7822771192208106,0.005023873688321174,0.05547399088041298,1.2610479286766672,0.8406986191177781,0.8037159585308361,0.007964647857305393,0.10104547074928008,1.289133844042081,0.8594225626947206,0.7920589155285339,0.005198715895224828,0.0570396734916885,1.3001587360205307,0.8667724906803538,0.8287460416858948,0.008401378367357788,0.08653547300511215,1.306520140540821,0.8710134270272141,0.8133231116904726,0.008064972993997485,0.08807039548239155,1.340820719926753,0.8938804799511687,0.8351668829629076,0.00853830698053442,-0.006539387182667017,1.4496727398290836,0.9664484932193891,0.9708080846745005,0.0067752093515619375,1.1734156788312158,0.7822771192208106,1.0274056837190635,0.007977891699192795,0.9753353385848409,0.4641315725304827,,,,,,,,,,,,,,,,0.9507414803280846,0.9203613698695422,0.9447297041667103,0.9494426275866631,0.9300691040097333,0.9555327065369627,0.972394271176357,,,,0.968045876731855,0.01138797557572832,0.00911724373217389
real,0.0,S0,S1grid,a3_SNO006_DE3,acidic,2.0,0.11952212295742846,1.6548849697419166,0.8274424848709583,0.7676814233922441,0.0037163113721704714,0.05547399088041298,1.63866618476991,0.819333092384955,0.7915960969447485,0.0063898373329503615,0.10104547074928008,1.6575582726132387,0.8287791363066194,0.7782564009319793,0.003898719039840522,0.0570396734916885,1.6874452031516898,0.8437226015758449,0.8152027648300006,0.006635931101243191,0.08653547300511215,1.6941697788292531,0.8470848894146266,0.8038171529120705,0.006025108618462982,0.08807039548239155,1.745316666680543,0.8726583333402715,0.8286231355990757,0.006451476972541926,-0.006539387182667017,1.9489159978379056,0.9744579989189528,0.9777276925102864,0.00539084489114339,1.5353628467844882,0.7676814233922441,1.0311518200438274,0.0060930001648392546,0.9901994487420259,0.4641315725304827,,,,,,,,,,,,,,,,0.9360691638114927,0.9060822401377638,0.9309529700661254,0.9313626307293327,0.9194090538563927,0.950967833627506,0.9729585329025789,,,,0.9679650555396698,0.008942939306432847,0.006923480195020845
real,0.0,S0,S1grid,a3_SNO006_DE3,acidic,2.5,0.11952212295742846,2.0024684929098187,0.8009873971639274,0.7531785479809561,0.0029546514761030745,0.05547399088041298,2.026641349658285,0.8106565398633141,0.7884669435111489,0.005057005714898896,0.10104547074928008,2.01230312408928,0.804921249635712,0.764503061336,0.003126948329150866,0.0570396734916885,2.094267657182341,0.8377070628729364,0.8148911934762608,0.005472833111030795,0.08653547300511215,2.076538237885021,0.8306152951540083,0.7960011059519634,0.005038048498753155,0.08807039548239155,2.143942433707507,0.8575769734830028,0.8223488152900462,0.005621328262348941,-0.006539387182667017,2.4545056634803837,0.9818022653921534,0.9844180202652202,0.004440427910392091,1.8829463699523903,0.7531785479809561,1.0468526295986393,0.005288982482065608,1.0120715291321964,0.4641315725304827,,,,,,,,,,,,,,,,0.93267868569455,0.9159759228445811,0.9285071470793547,0.9501057986153256,0.9198349573570677,0.9484924853883071,0.987574432680186,,,,0.9820916215775524,0.007387191959353141,0.00593259295776127
real,0.0,S0,S1grid,a3_SNO006_DE3,acidic,3.0,0.11952212295742846,2.304094270427815,0.7680314234759383,0.7281907158234621,0.002430187888100115,0.05547399088041298,2.3474840869095535,0.7824946956365179,0.7640033653430468,0.0041121070942023805,0.10104547074928008,2.321331322607524,0.7737771075358414,0.740095283952748,0.002565642494935494,0.0570396734916885,2.4277922699339665,0.8092640899779888,0.7902508654807593,0.00468429632157864,0.08653547300511215,2.40125408853207,0.80041802951069,0.7715728718423193,0.00395881043420146,0.08807039548239155,2.47723900980466,0.8257463366015534,0.796389538107423,0.004417380889128308,-0.006539387182667017,2.933549755470625,0.9778499184902083,0.980029714217764,0.0036566274412612233,2.1845721474703863,0.7281907158234621,1.0491803160097786,0.00425491175558171,1.0188316151116865,0.4641315725304827,,,,,,,,,,,,,,,,0.9009653992673511,0.8865513003391695,0.8979554610781159,0.9206167996222399,0.8951033184149475,0.9246830742226971,0.9809429973363131,,,,0.9840014955736337,0.005873595627520362,0.0048041196889939825
real,0.0,S0,S1grid,a3b_SFE002_E,acidic,0.25,0.11071685887515542,0.3230725341026944,1.2922901364107775,0.8494227009101558,0.02549177363113757,0.08935930298192371,0.29624049838902455,1.1849619935560982,0.8275247816284034,0.036448933905542984,0.10002083292136052,0.3104218385337283,1.2416873541349132,0.8416040224494711,0.026022786693551077,0.09411206136668199,0.31130736220298516,1.2452294488119406,0.8687812033452127,0.03849784087854777,0.08631241356016622,0.2974881647329787,1.1899526589319147,0.8447030046912498,0.03671200813819582,0.0914230028945623,0.31530770302916933,1.2612308121166773,0.8955388005384282,0.038766241198110334,0.018055744004695725,0.26625573992226603,1.0650229596890641,0.9927999836702812,0.031434453052844,0.21235567522753895,0.8494227009101558,0.974220233037934,0.031046496882864264,0.9169473326223987,0.8070975268787698,,,,,,,,,,,,,,,,1.0425463173357852,0.9617291777226125,1.0146847149169669,1.0085216212973431,0.9676383290643444,1.0249851714693052,1.0237961522528236,,,,0.9224810080191927,0.062307068341754236,0.04178646757158887
real,0.0,S0,S1grid,a3b_SFE002_E,acidic,0.5,0.11071685887515542,0.5229303433293707,1.0458606866587414,0.8244269689084306,0.012605924378522473,0.08935930298192371,0.4955551231187053,0.9911102462374106,0.8123916402735631,0.01820200433428728,0.10002083292136052,0.5080924023292098,1.0161848046584196,0.8161431388156986,0.012770707338756421,0.09411206136668199,0.5210975724617554,1.0421951449235107,0.8539710221901468,0.019353765824791005,0.08631241356016622,0.5022770113536044,1.0045540227072087,0.8319291955868763,0.017935685129715315,0.0914230028945623,0.5319523611859492,1.0639047223718985,0.8810587165827739,0.01914607563538238,0.018055744004695725,0.500659440941118,1.001318881882236,0.9652073938728446,0.01574849692161844,0.4122134844542153,0.8244269689084306,0.985401583052526,0.016407678707131442,0.9476503504532285,0.8070975268787698,,,,,,,,,,,,,,,,1.0034699240322207,0.935044311000902,0.9779054027114769,0.9831871123745696,0.9551825875279357,1.01277345409938,0.9804738125276494,,,,0.9318109976267496,0.029024064053486405,0.02127063789168743
real,0.0,S0,S1grid,a3b_SFE002_E,acidic,0.75,0.11071685887515542,0.7368157275119713,0.9824209700159617,0.8347984915157545,0.00794573845745779,0.08935930298192371,0.7017338174395334,0.9356450899193779,0.8164993526101463,0.011510440181885358,0.10002083292136052,0.7222518220303517,0.9630024293738022,0.8296413188119881,0.007999915340718576,0.09411206136668199,0.74186636429358,0.98915515239144,0.8636724039025306,0.012340666962879396,0.08631241356016622,0.7119966432121732,0.9493288576162309,0.8342456395360092,0.011662330020434488,0.0914230028945623,0.7555135845862085,1.0073514461149446,0.885454108922195,0.012338232045813849,0.018055744004695725,0.7633866178861496,1.0178488238481995,0.9937744985086052,0.00996468878914224,0.6260988686368159,0.8347984915157545,0.9780795735838211,0.010166214391167626,0.952387131866878,0.8070975268787698,,,,,,,,,,,,,,,,1.0014358150353748,0.920159601064793,0.9761605011956502,0.9726438269940917,0.9474153817911357,1.0083048760380284,0.9883456016046068,,,,0.9188403163235072,0.018814720785461918,0.013575330560154206
real,0.0,S0,S1grid,a3b_SFE002_E,acidic,1.0,0.11071685887515542,0.9486852413783309,0.9486852413783309,0.8379683825031754,0.006513319801946787,0.08935930298192371,0.9068114281224346,0.9068114281224346,0.8174521251405109,0.009828834330138102,0.10002083292136052,0.929836064412418,0.929836064412418,0.8298152314910574,0.00660421212419565,0.09411206136668199,0.9602439824678558,0.9602439824678558,0.8661319211011738,0.01051800020176344,0.08631241356016622,0.930920943815972,0.930920943815972,0.8446085302558057,0.009058566330978566,0.0914230028945623,0.9902139960934353,0.9902139960934353,0.898790993198873,0.009731070977069227,0.018055744004695725,1.0116567431353956,1.0116567431353956,0.9936009991306999,0.008093354312147591,0.8379683825031754,0.8379683825031754,0.9755166688970073,0.008152284442040981,0.9558612156809161,0.8070975268787698,,,,,,,,,,,,,,,,1.0156279622287439,0.9211545304583169,0.9864980595919609,0.9774287376122667,0.9600614331710382,1.0229934897877528,0.992893459387897,,,,0.9069802769479587,0.015263180535841784,0.010444554231657832
real,0.0,S0,S1grid,a3b_SFE002_E,acidic,1.25,0.11071685887515542,1.138463437597308,0.9107707500778464,0.822197262977722,0.005077867205011906,0.08935930298192371,1.098069699519119,0.8784557596152952,0.8069683172297563,0.007047271275684162,0.10002083292136052,1.1207043393985137,0.8965634715188109,0.8165468051817225,0.005177607525105301,0.09411206136668199,1.1574642094943126,0.9259713675954501,0.8506817185021045,0.007703376798522668,0.08631241356016622,1.1259484156556305,0.9007587325245044,0.8317088016763714,0.006730786834278693,0.0914230028945623,1.196422740064775,0.9571381920518199,0.88399978973617,0.007510738720420555,0.018055744004695725,1.2386690292045575,0.9909352233636459,0.9764906281598893,0.0063583455137114445,1.0277465787221525,0.822197262977722,0.9814777469669363,0.006368652313232828,0.9645190730380954,0.8070975268787698,,,,,,,,,,,,,,,,0.9959452354250139,0.9325897336947498,0.9727239172699789,0.9862674754112025,0.9507278800543814,1.0114826378349315,0.9833278317746901,,,,0.9363865607497711,0.011833744572012226,0.008584064706783384
real,0.0,S0,S1grid,a3b_SFE002_E,acidic,1.5,0.11071685887515542,1.3339308180399398,0.8892872120266265,0.815475972776523,0.0041183482340805015,0.08935930298192371,1.290055060743763,0.8600367071625087,0.8004638385078929,0.005683397200556613,0.10002083292136052,1.3148258939626547,0.8765505959751031,0.8098700406941961,0.0041741380837805675,0.09411206136668199,1.3638494892470725,0.9092329928313817,0.846491618586927,0.006192989078016994,0.08631241356016622,1.3269615283100373,0.8846410188733582,0.8270994098332474,0.005512483321488494,0.0914230028945623,1.4148940738278772,0.9432627158852515,0.8823140472888765,0.00622071147658292,0.018055744004695725,1.4794599041749654,0.9863066027833103,0.9742694401135131,0.005236769061795709,1.2232139591647844,0.815475972776523,0.9815909545225264,0.005356526597247155,0.9671079214133105,0.8070975268787698,,,,,,,,,,,,,,,,0.9910897487347999,0.9166372611125536,0.9659739559246796,0.9697726277477292,0.9458228789683597,1.0094748089514052,0.9758612820640233,,,,0.9248781578890405,0.009406525308684011,0.0070548576821532274
real,0.0,S0,S1grid,a3b_SFE002_E,acidic,2.0,0.11071685887515542,1.7387523091374708,0.8693761545687354,0.8140177251311577,0.003210797188246481,0.08935930298192371,1.6839459276651707,0.8419729638325854,0.7972933123416235,0.004480178416496434,0.10002083292136052,1.7163989696809454,0.8581994848404727,0.8081890683797924,0.0032347752976314326,0.09411206136668199,1.7794184781877618,0.8897092390938809,0.8426532084105399,0.005216794388442283,0.08631241356016622,1.7302592073609866,0.8651296036804933,0.8219733969004102,0.004352222755885129,0.0914230028945623,1.841040552111112,0.920520276055556,0.8748087746082748,0.005039790483978303,0.018055744004695725,1.9617203353664234,0.9808601676832117,0.9718322956808638,0.004070699563868989,1.6280354502623153,0.8140177251311577,0.9794544857277654,0.003985195600490458,0.968479477390608,0.8070975268787698,,,,,,,,,,,,,,,,0.9925691414079286,0.9126034265221733,0.9667585292997831,0.9627245426987918,0.9401762333653516,1.0039726981869854,0.9670918926366102,,,,0.9194356226183634,0.007291238898958687,0.005265688440353323
real,0.0,S0,S1grid,a3b_SFE002_E,acidic,2.5,0.11071685887515542,2.139684779864746,0.8558739119458985,0.8115871683958362,0.0027169911856817796,0.08935930298192371,2.0841954683757518,0.8336781873503007,0.7979344661575312,0.0036339665639859497,0.10002083292136052,2.1159254332493256,0.8463701732997302,0.8063618401311861,0.0027504888547766177,0.09411206136668199,2.198756297309291,0.8795025189237163,0.8418576943770436,0.004260468412332999,0.08631241356016622,2.149839762307098,0.8599359049228392,0.8254109394987728,0.0035803030941020863,0.0914230028945623,2.282707474988955,0.913082989995582,0.8765137888377572,0.004452355004914712,0.018055744004695725,2.4502965727961223,0.9801186291184489,0.9728963315165707,0.0034044012374272446,2.0289679209895906,0.8115871683958362,0.9831777746495295,0.0032678190805241576,0.9740665952241331,0.8070975268787698,,,,,,,,,,,,,,,,1.0050074521840062,0.9269745105018573,0.9793456292842837,0.9815468413941805,0.9538200772069393,1.010966060379888,0.9760158010874814,,,,0.9223558576480466,0.006193869309315511,0.004327480976003932
real,0.0,S0,S1grid,a3b_SFE002_E,acidic,3.0,0.11071685887515542,2.5473438001081212,0.8491146000360404,0.8122089804109885,0.002370070294264384,0.08935930298192371,2.4894750424364274,0.8298250141454758,0.800038579818168,0.003043687486838632,0.10002083292136052,2.521535781642588,0.840511927214196,0.8071716495737425,0.0024120378319861936,0.09411206136668199,2.6362533571131825,0.8787511190377275,0.8473804319155002,0.0037566274507682194,0.08631241356016622,2.5514082133970333,0.8504694044656778,0.8216985999456224,0.003166370927094895,0.0914230028945623,2.7160915666804417,0.9053638555601472,0.8748895212619598,0.003958433756214726,0.018055744004695725,2.92977692378547,0.9765923079284899,0.9705737265935914,0.0030014548321101054,2.4366269412329657,0.8122089804109885,0.9850156783705318,0.002627681303868898,0.9772827061391408,0.8070975268787698,,,,,,,,,,,,,,,,1.0049183166212197,0.9283666478888166,0.9793390209042988,0.9871709040368687,0.9532542814679894,1.0158289297072727,0.9714781977406859,,,,0.9238229939028393,0.005033583978598963,0.0035185107536843166
real,0.0,S0,S1grid,a4_LATENT30,latent,0.25,-0.002475407614083453,0.20121403207451605,0.8048561282980642,0.814757758754398,0.029976321176433098,-0.0036748230477703456,0.21143895346985417,0.8457558138794167,0.860455106070498,0.04088080341171403,-0.00300838986893571,0.20434765139121594,0.8173906055648638,0.8294241650406066,0.030550587424186024,-0.003554012816626691,0.21180607094331022,0.8472242837732409,0.8614403350397476,0.0410397753449518,-0.006264780226959769,0.21197352723757434,0.8478941089502974,0.8729532298581365,0.0428098845040115,-0.006347406615294446,0.21207985103339008,0.8483194041335603,0.8737090305947381,0.0429201965538172,-0.0030507555477769905,0.2393803137343412,0.9575212549373648,0.9697242771284728,0.03503907522618132,0.2036894396885995,0.814757758754398,1.0560870354716991,0.03399761780513406,1.050816144828068,1.4845324975422236,,,,,,,,,,,,,,,,1.0,1.0,1.0,1.0,1.0,1.0,1.0,,,,1.0,0.06719024178911374,0.04552644864816734
real,0.0,S0,S1grid,a4_LATENT30,latent,0.5,-0.002475407614083453,0.4083126734056517,0.8166253468113034,0.8215761620394703,0.013856775267384444,-0.0036748230477703456,0.4307386217032878,0.8614772434065756,0.8688268895021163,0.01866454420835591,-0.00300838986893571,0.41428306621298505,0.8285661324259701,0.8345829121638415,0.013956939086251174,-0.003554012816626691,0.43073311902324085,0.8614662380464817,0.8685742636797351,0.01884731597592966,-0.006264780226959769,0.429216983390588,0.858433966781176,0.8709635272350955,0.01944630336073932,-0.006347406615294446,0.4286258408649454,0.8572516817298907,0.8699464949604796,0.019371884265027797,-0.0030507555477769905,0.48916401936015846,0.9783280387203169,0.9844295498158709,0.016903277334287776,0.41078808101973513,0.8215761620394703,1.057512291185946,0.016513235257963898,1.0549234686021032,1.4845324975422236,,,,,,,,,,,,,,,,1.0,1.0,1.0,1.0,1.0,1.0,1.0,,,,1.0,0.030380794924631343,0.02208318660228587
real,0.0,S0,S1grid,a4_LATENT30,latent,0.75,-0.002475407614083453,0.6227257877462996,0.8303010503283995,0.8336015938138441,0.00917943516127907,-0.0036748230477703456,0.6618341970711095,0.8824455960948127,0.8873453601585064,0.013142165089211908,-0.00300838986893571,0.6344185377181275,0.84589138362417,0.8499025701160843,0.009526140831888517,-0.003554012816626691,0.6624187564022467,0.8832250085363289,0.8879636922918311,0.013209118970152091,-0.006264780226959769,0.6541469480153238,0.8721959306870984,0.8805489709897114,0.012527607879150263,-0.006347406615294446,0.6522734108313922,0.869697881108523,0.8781610899289155,0.012544020237578356,-0.0030507555477769905,0.7510689295819877,1.0014252394426502,1.0054929135063528,0.011155268048597762,0.6252011953603831,0.8336015938138441,1.0644717653414948,0.011176801701747617,1.0628019749532884,1.4845324975422236,,,,,,,,,,,,,,,,1.0,1.0,1.0,1.0,1.0,1.0,1.0,,,,1.0,0.020945427724769657,0.014849040684038528
real,0.0,S0,S1grid,a4_LATENT30,latent,1.0,-0.002475407614083453,0.8225987471623334,0.8225987471623334,0.8250741547764169,0.006956804558470226,-0.0036748230477703456,0.8837464489659392,0.8837464489659392,0.8874212720137096,0.010117455228078071,-0.00300838986893571,0.838164305224138,0.838164305224138,0.8411726950930737,0.007027311802130494,-0.003554012816626691,0.8825790501594254,0.8825790501594254,0.8861330629760521,0.01032690114510032,-0.006264780226959769,0.8734794747485819,0.8734794747485819,0.8797442549755417,0.009709777233279333,-0.006347406615294446,0.8722417556533248,0.8722417556533248,0.8785891622686193,0.009805285853096427,-0.0030507555477769905,0.9976618483435198,0.9976618483435198,1.0007126038912968,0.00859611100208676,0.8250741547764169,0.8250741547764169,1.0755654711474847,0.008521764808435445,1.074334785962832,1.4845324975422236,,,,,,,,,,,,,,,,1.0,1.0,1.0,1.0,1.0,1.0,1.0,,,,1.0,0.016123393535274123,0.011204892394496195
real,0.0,S0,S1grid,a4_LATENT30,latent,1.25,-0.002475407614083453,1.029455407621523,0.8235643260972184,0.825544652188485,0.005656867383299702,-0.0036748230477703456,1.0779480600831315,0.8623584480665052,0.8652983065047215,0.00796582886486475,-0.00300838986893571,1.04629603079523,0.837036824636184,0.8394435365313326,0.005738527125402506,-0.003554012816626691,1.0746039662694111,0.8596831730155289,0.8625263832688302,0.008241637936054518,-0.006264780226959769,1.0872510657961918,0.8698008526369534,0.8748126768185213,0.008045813159404764,-0.006347406615294446,1.086108060080064,0.8688864480640512,0.8739643733562868,0.008237687399008924,-0.0030507555477769905,1.238257835298191,0.9906062682385528,0.9930468726767744,0.006800032953825636,1.0319308152356064,0.825544652188485,1.0481544568314398,0.006787391772877658,1.0471051510367477,1.4845324975422236,,,,,,,,,,,,,,,,1.0,1.0,1.0,1.0,1.0,1.0,1.0,,,,1.0,0.013019074614557027,0.009157831115234952
real,0.0,S0,S1grid,a4_LATENT30,latent,1.5,-0.002475407614083453,1.2317356824777155,0.8211571216518103,0.8228073933945326,0.004857655488763472,-0.0036748230477703456,1.3062171142541394,0.8708114095027596,0.8732612915346065,0.00647019202204224,-0.00300838986893571,1.2545876908436346,0.8363917938957565,0.8383973871417135,0.004895139855295803,-0.003554012816626691,1.3057605538662065,0.8705070359108044,0.8728763777885554,0.006721785520014601,-0.006264780226959769,1.3054492228251635,0.8702994818834423,0.8744760020347488,0.006299430192350294,-0.006347406615294446,1.3047017242769108,0.8698011495179405,0.8740327539281368,0.006623457544326587,-0.0030507555477769905,1.4945024182796394,0.9963349455197595,0.9983687825516109,0.005733733108722488,1.2342110900917989,0.8228073933945326,1.0613192085354555,0.00565652692366881,1.0604686807697248,1.4845324975422236,,,,,,,,,,,,,,,,1.0,1.0,1.0,1.0,1.0,1.0,1.0,,,,1.0,0.010478230739679729,0.00753735259575654
real,0.0,S0,S1grid,a4_LATENT30,latent,2.0,-0.002475407614083453,1.63774831317679,0.818874156588395,0.8201118603954367,0.0035657763378296025,-0.0036748230477703456,1.7436193228443102,0.8718096614221551,0.8736470729460403,0.004961838620477789,-0.00300838986893571,1.668948037482491,0.8344740187412455,0.8359782136757133,0.003618731796277593,-0.003554012816626691,1.7470053030357402,0.8735026515178701,0.8752796579261835,0.005153062625841593,-0.006264780226959769,1.7422869651371289,0.8711434825685644,0.8742758726820443,0.00529347647060927,-0.006347406615294446,1.7363469439144361,0.8681734719572181,0.8713471752648653,0.005563058578373555,-0.0030507555477769905,2.006752662473503,1.0033763312367514,1.0049017090106398,0.004267789623225307,1.6402237207908734,0.8201118603954367,1.0652779396761685,0.004293542338935238,1.064644248945773,1.4845324975422236,,,,,,,,,,,,,,,,1.0,1.0,1.0,1.0,1.0,1.0,1.0,,,,1.0,0.008031961290414235,0.005699907582983577
real,0.0,S0,S1grid,a4_LATENT30,latent,2.5,-0.002475407614083453,2.0163831755540222,0.8065532702216089,0.8075434332672422,0.0031376989397048937,-0.0036748230477703456,2.1483111731085187,0.8593244692434074,0.8607943984625157,0.00420872297504983,-0.00300838986893571,2.0554115795970125,0.822164631838805,0.8233679877863793,0.0031963211251744526,-0.003554012816626691,2.140657701983648,0.8562630807934593,0.8576846859201099,0.004612668020090638,-0.006264780226959769,2.157169810906345,0.8628679243625379,0.8653738364533219,0.004087445478812219,-0.006347406615294446,2.1611679610825885,0.8644671844330354,0.8670061470791532,0.004537586485642555,-0.0030507555477769905,2.4889589292149212,0.9955835716859684,0.9968038739050792,0.003896230373835105,2.0188585831681056,0.8075434332672422,1.0659419208943663,0.003529782284086245,1.0654280392506488,1.4845324975422236,,,,,,,,,,,,,,,,1.0,1.0,1.0,1.0,1.0,1.0,1.0,,,,1.0,0.006914581603014345,0.004683056253375119
real,0.0,S0,S1grid,a4_LATENT30,latent,3.0,-0.002475407614083453,2.4222260839713217,0.8074086946571072,0.8082338305284683,0.0024121406587544326,-0.0036748230477703456,2.58163535037624,0.86054511679208,0.8617700578080035,0.0033291766970373424,-0.00300838986893571,2.4695929228871485,0.8231976409623828,0.8242004375853614,0.0024336663172431555,-0.003554012816626691,2.571624495130521,0.8572081650435069,0.8583928359823826,0.0038579431339502888,-0.006264780226959769,2.579714478151694,0.8599048260505646,0.8619930861262178,0.0033466251073286982,-0.006347406615294446,2.577422839564069,0.8591409465213563,0.8612567487264545,0.0037500014978522674,-0.0030507555477769905,2.9941561674201354,0.9980520558067117,0.9990689743226374,0.002811626551992306,2.424701491585405,0.8082338305284683,1.0662385379792012,0.002898398791169653,1.0658110601069746,1.4845324975422236,,,,,,,,,,,,,,,,1.0,1.0,1.0,1.0,1.0,1.0,1.0,,,,1.0,0.0054633678599397585,0.0038443131941249195
real,0.0,S0,S1grid,a4_LATENT30,latent,3.5,-0.002475407614083453,2.8280729524130157,0.8080208435465759,0.8087281028648855,0.0023977825401441675,-0.0036748230477703456,3.01548320301316,0.8615666294323315,0.8626165788745517,0.0030435173639128646,-0.00300838986893571,2.8857198628326692,0.8244913893807626,0.8253509293433157,0.0024387444148475774,-0.003554012816626691,3.0273130800459813,0.8649465942988518,0.8659620265321737,0.0035739791529289288,-0.006264780226959769,3.0159630297237725,0.8617037227782207,0.8634936599859235,0.003102029483380448,-0.006347406615294446,3.003122357293886,0.8580349592268245,0.8598485039740515,0.003633853425286834,-0.0030507555477769905,3.5112965399207092,1.0032275828344883,1.0040992272767102,0.002970594816665306,2.830548360027099,0.8087281028648855,1.0666336137185892,0.002517053722141516,1.066267827511394,1.4845324975422236,,,,,,,,,,,,,,,,1.0,1.0,1.0,1.0,1.0,1.0,1.0,,,,1.0,0.004989683294725467,0.0033372767042885985
real,0.0,S0,S1grid,a4_LATENT30,latent,4.0,-0.002475407614083453,3.2299957506814794,0.8074989376703698,0.8081177895738907,0.002021508401681252,-0.0036748230477703456,3.443529456406876,0.860882364101719,0.8618010698636617,0.0027041041445893675,-0.00300838986893571,3.2908396476218327,0.8227099119054582,0.8234620093726921,0.0020593454537069325,-0.003554012816626691,3.4515195049237137,0.8628798762309284,0.8637683794350851,0.003600164194513853,-0.006264780226959769,3.43754292824193,0.8593857320604825,0.8609519271172225,0.0025579428731946022,-0.006347406615294446,3.4220902982361894,0.8555225745590473,0.857109426212871,0.00334199616266274,-0.0030507555477769905,3.999027235247017,0.9997568088117542,1.0005194976986984,0.0023734277047295477,3.2324711582955628,0.8081177895738907,1.0664300192154876,0.0022146132025645123,1.0661095933888904,1.4845324975422236,,,,,,,,,,,,,,,,1.0,1.0,1.0,1.0,1.0,1.0,1.0,,,,1.0,0.004437428646906382,0.0029368415836429997
steep,2.0,S0steep,S1steep,a1_SFE006_KR,basic,0.5,0.5216817561706173,0.8718772993311518,1.7437545986623035,0.700391086321069,0.02298203171738712,0.11758936580032554,0.4558807365916685,0.911761473183337,0.6765827415826859,0.03087689138170773,0.17005332481790247,0.5168313843811623,1.0336627687623245,0.6935561191265196,0.024540008510984732,0.12164298973181095,0.4687556903620634,0.9375113807241268,0.6942254012605049,0.03201241991166522,0.2381383731605309,0.609862314723176,1.219724629446352,0.7434478831252902,0.02960682767453467,0.24184993139360594,0.619270545375509,1.238541090751018,0.754841227963806,0.030026232211213345,0.2701256551166273,0.6826920077333817,1.3653840154667634,0.8251327052335088,0.027527060340615795,0.3501955431605345,0.700391086321069,0.9660070706161601,0.02726639949229448,0.5228725841828786,0.22540440490671032,,,,,,,,,,,,,,,,1.06044468096547,0.9535372687998653,1.0047673870896618,0.9758453837702372,1.0410979606021706,1.057619710599012,1.0546010065178306,,,,0.8991862432010391,0.057340570540737656,0.035759614336419866
steep,2.0,S0steep,S1steep,a1_SFE006_KR,basic,1.0,0.5216817561706173,1.2431229858470898,1.2431229858470898,0.7214412296764725,0.011663721090746735,0.11758936580032554,0.8262087585465688,0.8262087585465688,0.7086193927462433,0.01478855795040394,0.17005332481790247,0.8832252510532763,0.8832252510532763,0.7131719262353738,0.011816203356832257,0.12164298973181095,0.8480820008508217,0.8480820008508217,0.7264390111190108,0.015648031838211902,0.2381383731605309,0.9813460265209722,0.9813460265209722,0.7432076533604414,0.014119220447727168,0.24184993139360594,0.9928060573963972,0.9928060573963972,0.7509561260027913,0.014556121143532842,0.2701256551166273,1.1039774311823425,1.1039774311823425,0.8338517760657151,0.013518929339383413,0.7214412296764725,0.7214412296764725,0.9822274685687439,0.014835430090454469,0.6646235070487198,0.22540440490671032,,,,,,,,,,,,,,,,1.0944378729404869,1.010423630707156,1.037184555662413,1.0339558897616827,1.046254254406403,1.058360785321863,1.0453771811263117,,,,0.9232352568285991,0.02842668936101347,0.01855908213320728
steep,2.0,S0steep,S1steep,a1_SFE006_KR,basic,1.5,0.5216817561706173,1.6141057514055916,1.076070500937061,0.7282826634899829,0.008432879975452435,0.11758936580032554,1.1904771759186332,0.7936514506124221,0.7152585400788718,0.010717093298892082,0.17005332481790247,1.2507360461652126,0.8338240307768084,0.7204551475648735,0.008412525837522087,0.12164298973181095,1.2248101294768874,0.816540086317925,0.735444759830051,0.010866921489987642,0.2381383731605309,1.390623632227652,0.9270824214851013,0.7683235060447474,0.010398687297939272,0.24184993139360594,1.4013307464419478,0.9342204976279652,0.7729872100322278,0.010568181819050242,0.2701256551166273,1.5066496700164054,1.0044331133442703,0.8243493432665187,0.009831148880922755,1.0924239952349744,0.7282826634899829,0.98211666422389,0.008143459162347022,0.7375459599731584,0.22540440490671032,,,,,,,,,,,,,,,,1.0971678779903344,1.003936878415745,1.0431670258175627,1.0322807150497062,1.0876998649427188,1.0876165438320926,1.0188207578057003,,,,0.9150257663892245,0.02059132231372795,0.011372548667038756
steep,2.0,S0steep,S1steep,a1b_SNO021_K,basic,0.5,0.27255768473177605,0.5928651061141851,1.1857302122283702,0.6406148427648181,0.0162456262924027,0.16844774884993924,0.521725873496268,1.043451746992536,0.7065562492926575,0.022022591650429642,0.20675638319335857,0.5332894585810287,1.0665789171620574,0.6530661507753404,0.01638753454469366,0.17125299437509597,0.5314970132953757,1.0629940265907514,0.7204880378405594,0.02279784798419765,0.23506470770812038,0.5644889124280633,1.1289778248561266,0.6588484094398859,0.02423507016888522,0.23977797666922337,0.579282805289452,1.158565610578904,0.6790096572404571,0.025178537245961786,0.2305028353253519,0.6223919828653405,1.244783965730681,0.7837782950799772,0.020909177645908772,0.32030742138240903,0.6406148427648181,1.1029345593106212,0.02999241228121747,0.8800077253927375,0.6180260483783777,,,,,,,,,,,,,,,,0.9699389609965209,0.9957802273052222,0.9461088321701341,1.0127617406562692,0.9226278680495655,0.9513709248788149,1.0017459902334822,,,,1.0266421572365254,0.04983854325405176,0.040082939688031935
steep,2.0,S0steep,S1steep,a1b_SNO021_K,basic,1.0,0.27255768473177605,0.9233017912008055,0.9233017912008055,0.6507441064690294,0.007946257844071374,0.16844774884993924,0.8525722881710778,0.8525722881710778,0.6841245393211386,0.011552052607326108,0.20675638319335857,0.8696766680341896,0.8696766680341896,0.6629202848408311,0.0084422349529596,0.17125299437509597,0.8693329370136279,0.8693329370136279,0.6980799426385319,0.012401965541383168,0.23506470770812038,0.9157678989884539,0.9157678989884539,0.6807031912803335,0.012043776784339134,0.23977797666922337,0.9373288821378609,0.9373288821378609,0.6975509054686375,0.012679627884530214,0.2305028353253519,1.0324931578066814,1.0324931578066814,0.8019903224813295,0.009951999911739083,0.6507441064690294,0.6507441064690294,1.0512957897279058,0.012807813064622487,0.9233950332342148,0.6180260483783777,,,,,,,,,,,,,,,,0.9871892074034985,0.9754963072599172,0.9641022813415026,0.9935918324427094,0.9582632883890214,0.9830940830636753,1.0054333475929922,,,,0.9881553606381742,0.024699251682237224,0.01779764468224571
steep,2.0,S0steep,S1steep,a1b_SNO021_K,basic,1.5,0.27255768473177605,1.2278219135641355,0.8185479423760903,0.6368428192215729,0.005153828908627164,0.16844774884993924,1.1837214440160302,0.7891476293440202,0.6768491301107273,0.008545626122698971,0.20675638319335857,1.188398687646383,0.7922657917642554,0.654428202968683,0.005422595088239157,0.17125299437509597,1.2059313257671176,0.8039542171780784,0.6897855542613477,0.008894075839976893,0.23506470770812038,1.2347301756922524,0.8231534504615016,0.6664436453227547,0.007670472822198002,0.23977797666922337,1.267183312310767,0.8447888748738447,0.6849368904276957,0.008161064054869988,0.2305028353253519,1.422818657883123,0.948545771922082,0.794877215038514,0.006761652977986658,0.9552642288323594,0.6368428192215729,1.0628197565893183,0.009471915105212747,0.9640823566830714,0.6180260483783777,,,,,,,,,,,,,,,,0.9594124913400823,0.9500254310376298,0.9475647781953025,0.9681928053283095,0.9434706309340424,0.9637270628048454,0.9823958898044474,,,,0.9902158243850453,0.01791455416844116,0.012725084314782916
steep,2.0,S0steep,S1steep,a2_SNO016_KRH,basic,0.5,-1.670856880232145,-1.3428874657184704,-2.685774931436941,0.6559388290273493,0.03453304605867573,-0.7703310718858933,-0.44642381789271374,-0.8928476357854275,0.6478145079863592,0.048786251381243914,-0.7817523094842576,-0.45351849442868514,-0.9070369888573703,0.6564676301111448,0.038949742560485764,-0.7889790977253938,-0.4592823688325334,-0.9185647376650669,0.6593934577857207,0.0501799511383893,-0.7044084287539216,-0.37431161610251606,-0.7486232322050321,0.6601936253028111,0.044100535646297914,-0.7320595989290641,-0.3923491335291689,-0.7846982670583378,0.6794209307997905,0.04632319936777529,-0.6221386902987041,-0.2316425471458186,-0.4632850942916372,0.7809922863057709,0.04527471084297154,0.3279694145136747,0.6559388290273493,0.9876142093111987,0.04488173082548118,0.33243576196004515,0.46103953067414444,,,,,,,,,,,,,,,,0.9931406265240571,0.9129929551399144,0.9510366172623917,0.9268834887057562,0.9245116604757054,0.9519471666190449,0.9981851961468946,,,,0.9192987687306121,0.07749647601969878,0.04907775860333883
steep,2.0,S0steep,S1steep,a2_SNO016_KRH,basic,1.0,-1.670856880232145,-1.0101424135616421,-1.0101424135616421,0.6607144666705029,0.01440703115074331,-0.7703310718858933,-0.11196345431822628,-0.11196345431822628,0.658367617567667,0.019702123273227325,-0.7817523094842576,-0.11074827572481487,-0.11074827572481487,0.6710040337594427,0.01576036646561418,-0.7889790977253938,-0.11541646889655972,-0.11541646889655972,0.673562628828834,0.020251625430106557,-0.7044084287539216,-0.06040033037214428,-0.06040033037214428,0.6440080983817773,0.019497809790088288,-0.7320595989290641,-0.06345153071768989,-0.06345153071768989,0.6686080682113742,0.020414863827742772,-0.6221386902987041,0.17738709979229886,0.17738709979229886,0.7995257900910029,0.018549429851671857,0.6607144666705029,0.6607144666705029,0.9964480131414979,0.020977983448123072,0.11083927653671767,0.46103953067414444,,,,,,,,,,,,,,,,1.0023144031401556,0.9387693948152523,0.9758586884879465,0.9586958251707106,0.9066055896457968,0.9423034657314902,1.0023436306949243,,,,0.9366017208514388,0.03321043576438172,0.023305984459276674
steep,2.0,S0steep,S1steep,a2_SNO016_KRH,basic,1.5,-1.670856880232145,-0.710273305425869,-0.4735155369505793,0.6403890498708508,0.008717902743753728,-0.7703310718858933,0.18578378942896903,0.12385585961931268,0.6374099075432416,0.012684510174751347,-0.7817523094842576,0.19721223280068387,0.1314748218671226,0.652643028189961,0.009775706359593106,-0.7889790977253938,0.19335404151179195,0.12890269434119464,0.6548887594914571,0.013232372086353255,-0.7044084287539216,0.27458947166052977,0.18305964777368652,0.6526652669429676,0.013126668508681896,-0.7320595989290641,0.2887867855707143,0.19252452371380954,0.6805642563331856,0.01375639102365895,-0.6221386902987041,0.5478148267581724,0.3652098845054483,0.779969011371251,0.012340743902517217,0.9605835748062761,0.6403890498708508,0.9953479180691643,0.01493738721507852,-0.26156662232656475,0.46103953067414444,,,,,,,,,,,,,,,,0.9647549367275469,0.8946685387072294,0.9449799740325753,0.9192111683304065,0.923964862615207,0.9575746334766614,0.9639707069837556,,,,0.9273531594893405,0.021771736385383746,0.01635233718897801
steep,2.0,S0steep,S1steep,a2b_PERS009_AKRV,basic,0.5,0.03706053641420472,0.38555434525275645,0.7711086905055129,0.6969876176771035,0.01731386418704934,0.14088921644515173,0.4675699199541043,0.9351398399082086,0.6533614070179051,0.021535400967454082,0.1919373878159396,0.5229020486269554,1.0458040972539109,0.6619293216220317,0.017546704639747022,0.14845826231077125,0.490863546625894,0.981727093251788,0.6848105686302455,0.02284555477005835,0.2093781635847807,0.5620954167214964,1.1241908334429929,0.7054345062734315,0.023374558689537837,0.21771587377090063,0.5832159016126937,1.1664318032253873,0.7310000556835861,0.02437747204506196,0.2519358915833956,0.6706221852607603,1.3412443705215207,0.8373725873547295,0.02278797552642806,0.34849380883855174,0.6969876176771035,0.9374074810617234,0.023378411035039924,1.2127211785087813,3.801596794782256,,,,,,,,,,,,,,,,1.0552915739502395,0.920810439429384,0.9589490692718916,0.9626113232698198,0.9878653803307673,1.0242154756510018,1.0702447834797995,,,,0.87256494997164,0.04713163028297167,0.03272801968397309
steep,2.0,S0steep,S1steep,a2b_PERS009_AKRV,basic,1.0,0.03706053641420472,0.7162660442594317,0.7162660442594317,0.679205507845227,0.0091660252212101,0.14088921644515173,0.7678324331834571,0.7678324331834571,0.6269432167383053,0.011303920568114755,0.1919373878159396,0.8384686107716064,0.8384686107716064,0.6465312229556668,0.008973251761487208,0.14845826231077125,0.8051916026681848,0.8051916026681848,0.6567333403574136,0.01230116725273445,0.2093781635847807,0.9089304831389436,0.9089304831389436,0.699552319554163,0.011686588160970747,0.21771587377090063,0.9409556689037446,0.9409556689037446,0.723239795132844,0.012560466018913165,0.2519358915833956,1.0584031679942927,1.0584031679942927,0.8064672764108971,0.010773817817511707,0.679205507845227,0.679205507845227,0.9230537878399672,0.012728079299305011,1.0719933456811306,3.801596794782256,,,,,,,,,,,,,,,,1.030365608060611,0.8939611980542995,0.9402672406679052,0.93474234570556,0.9847982420579953,1.0192987460228469,1.0110459823720477,,,,0.8676155250726426,0.023329499028917976,0.016601000422780107
steep,2.0,S0steep,S1steep,a2b_PERS009_AKRV,basic,1.5,0.03706053641420472,1.0427717885928631,0.6951811923952421,0.6704741681191057,0.005584709780423744,0.14088921644515173,1.0659568585097587,0.7106379056731725,0.6167117613764047,0.007813325971339437,0.1919373878159396,1.1478339443362644,0.7652226295575096,0.6372643710135498,0.005568901931764541,0.14845826231077125,1.1255137094080772,0.7503424729387181,0.6513702980648706,0.008278227450517836,0.2093781635847807,1.2255088376055472,0.8170058917370314,0.6774204493471777,0.007550157968654005,0.21771587377090063,1.2726849423547235,0.8484566282364824,0.7033127123892152,0.008291547023382773,0.2519358915833956,1.4422712394358437,0.9615141596238957,0.7935568985682987,0.006826334387994386,1.0057112521786584,0.6704741681191057,0.9198143503521967,0.008228201289748265,1.0222340786071533,3.801596794782256,,,,,,,,,,,,,,,,1.010078582342489,0.8656166209916638,0.9227127890148705,0.9142726058771901,0.9590102677679209,0.9895824038926087,0.9807640988195745,,,,0.8569794827093539,0.016348234066000496,0.011032781842195588
steep,2.0,S0steep,S1steep,a3_SNO006_DE3,acidic,0.5,0.4899413929938703,0.8143587414936424,1.6287174829872848,0.6488346969995442,0.020533894658692636,0.4317717820914824,0.7619263983730872,1.5238527967461744,0.6603092325632095,0.034367462417200956,0.4872691055690287,0.8171613793329625,1.634322758665925,0.6597845475278676,0.022589288618644426,0.44023240007379477,0.7778463064718072,1.5556926129436144,0.6752278127960248,0.03537498393803884,0.44063225445458615,0.7911491641705698,1.5822983283411396,0.7010338194319673,0.032125863289269224,0.44822821305772154,0.8090851026762906,1.6181702053525813,0.7217137792371382,0.03280117448238646,0.3911100598529956,0.7762917199582113,1.5525834399164227,0.7703633202104315,0.028449363375948472,0.3244173484997721,0.6488346969995442,1.0176848365488589,0.03999542509122996,0.935615177379459,0.8812723078020974,,,,,,,,,,,,,,,,0.9823844373479017,0.9306023099389243,0.95584189596167,0.9491412197160715,0.9817028150724773,1.0112043302021398,0.9846003288021726,,,,0.9472893447408723,0.06061372565032658,0.04571968053226856
steep,2.0,S0steep,S1steep,a3_SNO006_DE3,acidic,1.0,0.4899413929938703,1.0831163689326913,1.0831163689326913,0.593174975938821,0.00983867816885486,0.4317717820914824,1.0466010879740066,1.0466010879740066,0.6148293058825243,0.015587644634785444,0.4872691055690287,1.1032267578048691,1.1032267578048691,0.6159576522358404,0.010460842524781926,0.44023240007379477,1.0686091511250568,1.0686091511250568,0.6283767510512621,0.015758681726492186,0.44063225445458615,1.0807167221943037,1.0807167221943037,0.6400844677397175,0.014108108617217213,0.44822821305772154,1.1061288407834662,1.1061288407834662,0.6579006277257446,0.014862244987678571,0.3911100598529956,1.1291944447207758,1.1291944447207758,0.7380843848677803,0.01299423276628219,0.593174975938821,0.593174975938821,1.0365058049008742,0.022007490254105488,0.9662868349089148,0.8812723078020974,,,,,,,,,,,,,,,,0.8998559165230074,0.8766879172010554,0.8958032983904146,0.8943818170474356,0.9010820791794918,0.927212923516357,0.9253162202602548,,,,0.9742536567282107,0.02770551896013361,0.024391134087102178
steep,2.0,S0steep,S1steep,a3_SNO006_DE3,acidic,1.5,0.4899413929938703,1.3900745278916833,0.9267163519277889,0.600088756598542,0.006005518401211295,0.4317717820914824,1.3482522841127178,0.8988348560751452,0.6109870013474903,0.010524814615663866,0.4872691055690287,1.4173378035890167,0.9448918690593445,0.620045798679992,0.006730641768932143,0.44023240007379477,1.374835240796235,0.91655682719749,0.6230685604816268,0.010907433008311327,0.44063225445458615,1.3926286751572043,0.9284191167714696,0.6346642804684121,0.010553552948911514,0.44822821305772154,1.425595141451631,0.950396760967754,0.6515779522626063,0.011585791482830593,0.3911100598529956,1.5267186003230047,1.0178124002153364,0.7570723603133395,0.008969098796814989,0.900133134897813,0.600088756598542,1.0181610547258415,0.01337754789348334,0.9699136679798046,0.8812723078020974,,,,,,,,,,,,,,,,0.9040419890375936,0.857581347882623,0.8977815397195704,0.874547884857584,0.8984812344258212,0.9167900209467915,0.9356725302792076,,,,0.9486078725121707,0.01903965965291306,0.015247236590489254
steep,2.0,S0steep,S1steep,a3b_SFE002_E,acidic,0.5,0.49898055178697254,0.8370779353345752,1.6741558706691504,0.6761947670952053,0.017550223593266544,0.48557413580657965,0.8225976777757896,1.6451953555515793,0.6740470839384199,0.02508493455205997,0.5127926323447478,0.8506928893776383,1.7013857787552766,0.675800514065781,0.01855339057666344,0.5011000638394059,0.8513426561756465,1.702685312351293,0.7004851846724813,0.027155264511847733,0.4414240318029581,0.7900991862175434,1.5801983724350868,0.6973503088291706,0.021737674079755128,0.45988576400858305,0.8267218536548016,1.653443707309603,0.733672179292437,0.023126469777524892,0.4357055638578191,0.8338288609101328,1.6676577218202655,0.7962465941046273,0.021518038073501146,0.33809738354760266,0.6761947670952053,0.996823869007429,0.025525415943863733,0.9827014224750794,0.9731323877606428,,,,,,,,,,,,,,,,1.0238096373118057,0.9499636570061785,0.9790445185126493,0.9846445154857972,0.9765445578987436,1.0279594293371315,1.0176817065340986,,,,0.9278713760699469,0.051319685826849676,0.03521718192002398
steep,2.0,S0steep,S1steep,a3b_SFE002_E,acidic,1.0,0.49898055178697254,1.1786662111135207,1.1786662111135207,0.6796856593265481,0.008284862427832393,0.48557413580657965,1.146816195831458,1.146816195831458,0.6612420600248783,0.012341159668420193,0.5127926323447478,1.1952568109808295,1.1952568109808295,0.6824641786360817,0.008654119906952279,0.5011000638394059,1.1787493500593755,1.1787493500593755,0.6776492862199697,0.013244297363572162,0.4414240318029581,1.1436481983910305,1.1436481983910305,0.7022241665880724,0.011825334373502352,0.45988576400858305,1.1929296167432226,1.1929296167432226,0.7330438527346396,0.012831530669774138,0.4357055638578191,1.2395035537122516,1.2395035537122516,0.8037979898544325,0.01087845707485248,0.6796856593265481,0.6796856593265481,0.9728645160471029,0.012050444172076064,0.9729779177669198,0.9731323877606428,,,,,,,,,,,,,,,,1.0310940055298572,0.9428680754520018,0.9925254764453019,0.9645124503991576,0.9885595479510539,1.0331161046453912,1.0076995707721577,,,,0.9144346397082215,0.02502214184252625,0.01659641097188068
steep,2.0,S0steep,S1steep,a3b_SFE002_E,acidic,1.5,0.49898055178697254,1.497940941273902,0.9986272941826013,0.6659735929912863,0.0053288887408273825,0.48557413580657965,1.4535562825787613,0.9690375217191742,0.6453214311814545,0.008213422959183347,0.5127926323447478,1.5110039969826112,1.0073359979884076,0.665474243091909,0.0057907744586789415,0.5011000638394059,1.5014804665624255,1.0009869777082836,0.6669202684820131,0.008919978222158243,0.4414240318029581,1.466138146087473,0.977425430724982,0.6831427428563432,0.008292177255117257,0.45988576400858305,1.5347533498533883,1.0231688999022588,0.7165783905632036,0.00915564148964153,0.4357055638578191,1.6195740606687403,1.0797160404458268,0.7892456645406142,0.007020131244519496,0.9989603894869294,0.6659735929912863,0.9689895184626306,0.009115522483542698,0.9703695536504968,0.9731323877606428,,,,,,,,,,,,,,,,1.0032984038345139,0.9057731531924812,0.9635586466010654,0.936098765308823,0.9671112015908664,1.0082476170551662,0.9754358059604351,,,,0.9027953694839936,0.017142117008383282,0.011916043205492773
steep,2.0,S0steep,S1steep,a4_LATENT30,latent,0.5,0.004710962424256345,0.33494557951121545,0.6698911590224309,0.6604692341739182,0.020710958809050127,-0.0005024578930895548,0.35427273743527027,0.7085454748705405,0.7095503906567197,0.02778571963326202,0.004050827305638338,0.34918350579325586,0.6983670115865117,0.6902653569752351,0.021487654505821085,-0.0003596402827612903,0.35534496866785104,0.7106899373357021,0.7114092179012247,0.028154267096780223,-0.0005903666147844685,0.35645955148095376,0.7129191029619075,0.7140998361914764,0.02778362406081758,-0.0003069554602437807,0.35655157336590726,0.7131031467318145,0.7137170576523021,0.02789635276617743,0.008576887401533027,0.3997829929020391,0.7995659858040782,0.7824122110010122,0.026137070337345254,0.3302346170869591,0.6604692341739182,1.074312555291375,0.030097286736040188,1.0577023824355551,-0.10665716425638247,,,,,,,,,,,,,,,,1.0,1.0,1.0,1.0,1.0,1.0,1.0,,,,1.0,0.05538005765776036,0.03961974649099739
steep,2.0,S0steep,S1steep,a4_LATENT30,latent,1.0,0.004710962424256345,0.6638998003782431,0.6638998003782431,0.6591888379539868,0.010213786464048812,-0.0005024578930895548,0.7008067466930189,0.7008067466930189,0.7013092045861085,0.013231397123589547,0.004050827305638338,0.6916545159084793,0.6916545159084793,0.6876036886028409,0.01074270824581806,-0.0003596402827612903,0.7022225668619249,0.7022225668619249,0.7025822071446861,0.01351061788874471,-0.0005903666147844685,0.7097605354057798,0.7097605354057798,0.7103509020205643,0.013213413965235688,-0.0003069554602437807,0.70923948316221,0.70923948316221,0.7095464386224537,0.01334886891729261,0.008576887401533027,0.8062332655207736,0.8062332655207736,0.7976563781192405,0.012527736765344391,0.6591888379539868,0.6591888379539868,1.0638972691996065,0.014113097972668244,1.055591139346252,-0.10665716425638247,,,,,,,,,,,,,,,,1.0,1.0,1.0,1.0,1.0,1.0,1.0,,,,1.0,0.026681556635732403,0.018760208469247423
steep,2.0,S0steep,S1steep,a4_LATENT30,latent,1.5,0.004710962424256345,1.0003872095597,0.6669248063731333,0.6637841647569623,0.007468449110681953,-0.0005024578930895548,1.068178086855272,0.7121187245701813,0.7124536964989076,0.009978872022188208,0.004050827305638338,1.0400140955083936,0.6933427303389291,0.6906421788018369,0.0076784043987452805,-0.0003596402827612903,1.0683100768415743,0.7122067178943828,0.7124464780828904,0.010309223302237342,-0.0005903666147844685,1.0589714630888667,0.7059809753925778,0.7063745531357674,0.009882451510602871,-0.0003069554602437807,1.0657680519711838,0.7105120346474559,0.7107166716209518,0.010193545955558382,0.008576887401533027,1.2222584947167976,0.8148389964778651,0.8091210715435097,0.00890462725706231,0.9956762471354436,0.6637841647569623,1.0733213208841237,0.009937280816393815,1.0677646381798591,-0.10665716425638247,,,,,,,,,,,,,,,,1.0,1.0,1.0,1.0,1.0,1.0,1.0,,,,1.0,0.01980796256698997,0.013093411106450322
steep,2.0,S0steep,S1steep,x1_KRcount20_hi,basic_count,0.5,0.45474469606983015,0.7814044301107904,1.5628088602215808,0.6533194680819205,0.013283398728332394,0.15154328810276524,0.39189989577665246,0.7837997915533049,0.48071321534777445,0.016237468274392784,0.20418053602923605,0.4784368737908757,0.9568737475817514,0.5485126755232792,0.012544680898224986,0.1699573651140343,0.44692758139211997,0.8938551627842399,0.5539404325561713,0.018541076621436815,0.280610691981204,0.6108821676887528,1.2217643353775056,0.6605429514150977,0.018027894216221363,0.29956964068628444,0.6501072598507062,1.3002145197014123,0.7010752383288434,0.01924497576530046,0.3457717612684692,0.7324629368753598,1.4649258737507196,0.7733823512137812,0.015917580471115144,0.32665973404096027,0.6533194680819205,0.7358011491056581,0.020626123847095,0.5015327283479663,0.3332491602705673,,,,,,,,,,,,,,,,0.9891747174250436,0.6774898889180422,0.7946403074998278,0.778652312364447,0.925000844332895,0.9822873515661198,0.9884589482880408,,,,0.6849041700960984,0.03503624968430126,0.02714387047516098
steep,2.0,S0steep,S1steep,x1_KRcount20_hi,basic_count,1.0,0.45474469606983015,1.1017035451504773,1.1017035451504773,0.6469588490806472,0.006324840787585525,0.15154328810276524,0.6398308910766825,0.6398308910766825,0.4882876029739172,0.008245739885216187,0.20418053602923605,0.7578960956717335,0.7578960956717335,0.5537155596424975,0.005994548476602959,0.1699573651140343,0.7427459974048266,0.7427459974048266,0.5727886322907922,0.009524339273477442,0.280610691981204,0.924052915259301,0.924052915259301,0.643442223278097,0.008550657901899034,0.29956964068628444,0.9811053415157915,0.9811053415157915,0.6815357008295071,0.00929419182903428,0.3457717612684692,1.1090016374626117,1.1090016374626117,0.7632298761941425,0.007364194562786351,0.6469588490806472,0.6469588490806472,0.7547429077873998,0.011176853500707034,0.5807650287530758,0.3332491602705673,,,,,,,,,,,,,,,,0.9814469114627313,0.6962515246924356,0.8052829977797327,0.815262081029096,0.905808976166359,0.9605230380025189,0.9568404354688785,,,,0.7094133330704098,0.017629404528617425,0.014104199085646892
steep,2.0,S0steep,S1steep,x1_KRcount20_hi,basic_count,1.5,0.45474469606983015,1.452900517317334,0.9686003448782227,0.6654372141650026,0.004826835684038148,0.15154328810276524,0.9064779991593503,0.6043186661062335,0.5032898073710568,0.005555912447390353,0.20418053602923605,1.0752699045049028,0.7168466030032685,0.5807262456504445,0.004628260778479101,0.1699573651140343,1.0784431921308393,0.7189621280872261,0.6056572180112033,0.006675041348070476,0.280610691981204,1.2818970232933438,0.8545980155288958,0.6675242208747599,0.006431976220130573,0.29956964068628444,1.3566537863172803,0.9044358575448536,0.7047227637539972,0.007077827461292824,0.3457717612684692,1.5203119152403832,1.013541276826922,0.7830267693146093,0.005588127442989536,0.9981558212475038,0.6654372141650026,0.7563295178833513,0.006662080522064687,0.6239091998074929,0.3332491602705673,,,,,,,,,,,,,,,,1.0024903417342677,0.7064175676879634,0.8408496664045622,0.8501090771631794,0.9450003796306911,0.991566389102307,0.9677498174913158,,,,0.7046627167159433,0.01259805043872014,0.009005006708299028
steep,2.0,S0steep,S1steep,x2_KR5_ge3,basic_count,0.5,-2.050387194687561,-1.7525111107621174,-3.505022221524235,0.595752167850887,0.037209133403028054,-0.5334854687907591,-0.21733571866427043,-0.43467143732854086,0.6322995002529773,0.05460225960901435,-0.49219204606826394,-0.1779826994065028,-0.3559653988130056,0.6284186933235223,0.041976790204339365,-0.5501905668817727,-0.22397652662167672,-0.44795305324335344,0.652428080520192,0.05651854825773158,-0.45860408655917806,-0.15148500056742772,-0.30297000113485545,0.6142381719835006,0.053857634903356474,-0.48503803067949086,-0.15988235501287643,-0.31976471002575285,0.6503113513332288,0.05718362424939489,-0.3272689235761633,0.049690452836225696,0.09938090567245139,0.7539187528247779,0.04977112526828361,0.2978760839254435,0.595752167850887,1.061346536990257,0.06313643482894571,0.12401388917286651,0.2601876709789206,,,,,,,,,,,,,,,,0.9020135034692781,0.8911269848893419,0.9104016114574737,0.9170925314194875,0.8601572789309544,0.9111612849388248,0.9635825492296701,,,,0.987930869617733,0.0844959037986585,0.0649603276636429
steep,2.0,S0steep,S1steep,x2_KR5_ge3,basic_count,1.0,-2.050387194687561,-1.4729710996164693,-1.4729710996164693,0.5774160950710916,0.01604757533540671,-0.5334854687907591,0.048555910701441204,0.048555910701441204,0.5820413794922003,0.023965281420656907,-0.49219204606826394,0.1030103864328239,0.1030103864328239,0.5952024325010878,0.0181539155047815,-0.5501905668817727,0.05054389724913262,0.05054389724913262,0.6007344641309054,0.024963296960391537,-0.45860408655917806,0.09270804021451311,0.09270804021451311,0.5513121267736911,0.024047851842150574,-0.48503803067949086,0.09961874366793369,0.09961874366793369,0.5846567743474246,0.025658861444352084,-0.3272689235761633,0.42292461992269764,0.42292461992269764,0.7501935434988609,0.022505127130057413,0.5774160950710916,0.5774160950710916,1.008010314330672,0.030010710936730824,-0.03296460515354588,0.2601876709789206,,,,,,,,,,,,,,,,0.8759494424439828,0.8299354631110304,0.865618440340968,0.8550379699655464,0.7761123765810759,0.8239866237402366,0.940497141473011,,,,0.9474695945869102,0.03758879157665323,0.030881668719743495
steep,2.0,S0steep,S1steep,x2_KR5_ge3,basic_count,1.5,-2.050387194687561,-1.1968040486039553,-0.7978693657359702,0.5690554307224037,0.009940293260366596,-0.5334854687907591,0.3258442490690807,0.21722949937938715,0.5728864785732265,0.016091441844566852,-0.49219204606826394,0.3973281083459356,0.26488540556395707,0.593013436276133,0.011608334290945722,-0.5501905668817727,0.34065830354879706,0.22710553569919803,0.5938992469537131,0.0168116496692211,-0.45860408655917806,0.4201207663471139,0.28008051089807595,0.5858165686041946,0.015843223147046,-0.48503803067949086,0.45179236371861026,0.30119490914574015,0.6245535962654007,0.01696205156632506,-0.3272689235761633,0.8100921179250835,0.5400614119500556,0.7582406943341645,0.014699717660807228,0.8535831460836056,0.5690554307224037,1.0067322929261202,0.021816556503031315,-0.27226198762376397,0.2601876709789206,,,,,,,,,,,,,,,,0.8572898555523051,0.8041034545661944,0.8586406311078836,0.8336054219143957,0.829328528333323,0.8787659291021886,0.9371164847897437,,,,0.9379598386220891,0.025238265856796192,0.022103563477705868
steep,2.0,S0steep,S1steepgrid,a1_SFE006_KR,basic,0.25,0.5216817561706173,0.7029985047748764,2.8119940190995054,0.7252669944170362,0.03372202774106786,0.11758936580032554,0.2792019951693387,1.1168079806773548,0.6464505174760526,0.0441285571758706,0.17005332481790247,0.351670471001292,1.406681884005168,0.7264685847335581,0.03470455132427958,0.12164298973181095,0.28793688180321025,1.151747527212841,0.6651755682855972,0.04578344653579911,0.2381383731605309,0.433559986805184,1.734239947220736,0.7816864545786123,0.044122167400396574,0.24184993139360594,0.4398426135168351,1.7593704540673405,0.7919707284929167,0.04500102590290918,0.2701256551166273,0.4803007821342331,1.9212031285369324,0.8407005080704233,0.04145142449390817,0.18131674860425906,0.7252669944170362,0.8913276385831735,0.04190965284427533,0.39715873259040363,0.22540440490671032,,,,,,,,,,,,,,,,1.070485464868497,0.8372458328483298,1.0320499095993652,0.8636205157254383,1.040602481019583,1.060988527889402,1.0935482253639752,,,,0.7821178898035581,0.07430709757513677,0.04707537079013395
steep,2.0,S0steep,S1steepgrid,a1_SFE006_KR,basic,0.5,0.5216817561706173,0.8660728414380168,1.7321456828760335,0.688782170534799,0.017555522210273494,0.11758936580032554,0.4562482978767537,0.9124965957535074,0.6773178641528563,0.022576575238227432,0.17005332481790247,0.5116786946875198,1.0233573893750396,0.6832507397392347,0.017617288906573585,0.12164298973181095,0.4690473247064193,0.9380946494128386,0.6948086699492166,0.023383812170910998,0.2381383731605309,0.611968648363494,1.223937296726988,0.7476605504059262,0.022981285875140825,0.24184993139360594,0.6198327889448382,1.2396655778896764,0.7559657151024645,0.023456105205962637,0.2701256551166273,0.671085497080777,1.342170994161554,0.8019196839282995,0.021822130028535534,0.3443910852673995,0.688782170534799,0.9833556864965868,0.02144089663627169,0.526801298975274,0.22540440490671032,,,,,,,,,,,,,,,,1.0375961913491312,0.9582912309041257,0.9931019189927748,0.9820044913035876,1.0567410513078452,1.0668829264644106,1.0062395387683076,,,,0.9235685702143053,0.044351015854783446,0.02736974158339789
steep,2.0,S0steep,S1steepgrid,a1_SFE006_KR,basic,0.75,0.5216817561706173,1.0529310090375963,1.4039080120501284,0.708332337155972,0.01104199653007594,0.11758936580032554,0.6394536214014497,0.8526048285352662,0.6958190074681655,0.014745205602054001,0.17005332481790247,0.6983209554522213,0.9310946072696283,0.7043568408457584,0.011334786201284842,0.12164298973181095,0.6582770367184831,0.8777027156246442,0.7155120626488962,0.01525303046857524,0.2381383731605309,0.7961563915694794,1.0615418554259726,0.7440240245452646,0.014963688341765926,0.24184993139360594,0.805312487557724,1.0737499834102986,0.751283408218824,0.01520159688785218,0.2701256551166273,0.8855914574788416,1.1807886099717888,0.8206210698162858,0.013696247079004019,0.531249252866979,0.708332337155972,0.982334097948925,0.014392327433336032,0.6073081863036073,0.22540440490671032,,,,,,,,,,,,,,,,1.0444908554036443,0.9646092022860093,1.0002271185970972,0.9920331942748127,1.0261956872477973,1.0394252690247032,1.0250489971956782,,,,0.9235209645882784,0.028034469849300026,0.018298683757124623
steep,2.0,S0steep,S1steepgrid,a1_SFE006_KR,basic,1.0,0.5216817561706173,1.2332574215657104,1.2332574215657104,0.7115756653950931,0.009199428328603498,0.11758936580032554,0.8187568105408224,0.8187568105408224,0.7011674447404969,0.011738567718142695,0.17005332481790247,0.8768719805573696,0.8768719805573696,0.7068186557394671,0.00922010288446338,0.12164298973181095,0.8412375464336526,0.8412375464336526,0.7195945567018416,0.012066110934257026,0.2381383731605309,0.9914220425479607,0.9914220425479607,0.7532836693874299,0.011612033315926768,0.24184993139360594,1.0015552625753978,1.0015552625753978,0.7597053311817918,0.011741934271993458,0.2701256551166273,1.0869364168589017,1.0869364168589017,0.8168107617422744,0.010682416934485576,0.7115756653950931,0.7115756653950931,0.9853729952262811,0.01099640134663272,0.6638977363714956,0.22540440490671032,,,,,,,,,,,,,,,,1.073035974618214,0.9666371397499466,1.0226552799378246,0.9939660448891273,1.0586116163365225,1.0713866316384222,1.0214872804566801,,,,0.9008431801122752,0.021861089813861534,0.013321090408536691
steep,2.0,S0steep,S1steepgrid,a1_SFE006_KR,basic,1.25,0.5216817561706173,1.4374940726259644,1.1499952581007715,0.7326498531642777,0.007350959093158915,0.11758936580032554,1.020349467487701,0.8162795739901607,0.7222080813499003,0.009005025524034621,0.17005332481790247,1.0770987109329377,0.8616789687463502,0.7256363088920282,0.007446022775210097,0.12164298973181095,1.0523361662908413,0.841868933032673,0.7445545412472242,0.009605201030440836,0.2381383731605309,1.2016520008192664,0.961321600655413,0.7708109021269884,0.009225647752094866,0.24184993139360594,1.2191525267382826,0.9753220213906261,0.7818420762757412,0.009727764766815401,0.2701256551166273,1.3163394155817192,1.0530715324653754,0.8369710083720735,0.008683913663306701,0.9158123164553471,0.7326498531642777,0.9857479370680553,0.008045397275321529,0.7098112520379036,0.22540440490671032,,,,,,,,,,,,,,,,1.1030063338349034,1.0240322816788516,1.0529489335915252,1.0599214578437006,1.0892305564118805,1.1052138586202156,1.0451024165512866,,,,0.9284010891565084,0.017981405678087946,0.010683807434133228
steep,2.0,S0steep,S1steepgrid,a1_SFE006_KR,basic,1.5,0.5216817561706173,1.6182263974553417,1.078817598303561,0.731029760856483,0.00678060158232241,0.11758936580032554,1.2000116022284806,0.800007734818987,0.7216148242854367,0.008599784619161428,0.17005332481790247,1.255649711212656,0.8370998074751039,0.7237309242631689,0.007075274184174762,0.12164298973181095,1.2295808437095344,0.8197205624730229,0.738625235985149,0.008913697488999528,0.2381383731605309,1.39820068888626,0.93213379259084,0.773374877150486,0.008475056038634703,0.24184993139360594,1.4142319822651797,0.9428213215101198,0.7815880339143825,0.009000618681628344,0.2701256551166273,1.5125469582469286,1.0083646388312857,0.8282808687535342,0.007942421169036222,1.0965446412847244,0.731029760856483,0.9871209941439106,0.007124656859886295,0.7415597744020842,0.22540440490671032,,,,,,,,,,,,,,,,1.1117031340290608,1.0261943049834457,1.0566493452319836,1.0474764792186044,1.0951410214608246,1.10543527052454,1.0357624912289112,,,,0.9230830368034387,0.016103949598754604,0.009201108538371645
steep,2.0,S0steep,S1steepgrid,a1_SFE006_KR,basic,2.0,0.5216817561706173,2.022875695605918,1.011437847802959,0.7505969697176504,0.005181654145736076,0.11758936580032554,1.5979949018272959,0.7989974509136479,0.7402027680134852,0.00598483189825518,0.17005332481790247,1.6625021190564424,0.8312510595282212,0.7462243971192699,0.005244227074778928,0.12164298973181095,1.6353463923172358,0.8176731961586179,0.7568517012927124,0.006526149096234453,0.2381383731605309,1.8101466370749009,0.9050733185374504,0.786004131957185,0.0062735543704742405,0.24184993139360594,1.8272636024747868,0.9136318012373934,0.7927068355405904,0.006529208329701935,0.2701256551166273,1.9572333252037128,0.9786166626018564,0.8435538350435428,0.005791869413820729,1.5011939394353009,0.7505969697176504,0.9861520867742442,0.005076756874575693,0.7899619859482485,0.22540440490671032,,,,,,,,,,,,,,,,1.1318856322368394,1.0437245147161562,1.0795383085583408,1.0679190533197644,1.1128286526673343,1.1195164504111652,1.0412216048851723,,,,0.922111284912718,0.01170599676200481,0.006798912746290534
steep,2.0,S0steep,S1steepgrid,a1_SFE006_KR,basic,2.5,0.5216817561706173,2.4503621337131727,0.980144853485269,0.7714721510170222,0.004378023130789127,0.11758936580032554,2.0135662537700485,0.8054265015080194,0.7583907551878892,0.005323866099210257,0.17005332481790247,2.0903375164013536,0.8361350065605414,0.7681136766333804,0.004524494160857886,0.12164298973181095,2.0638971203751457,0.8255588481500583,0.7769016522573339,0.005768563283711308,0.2381383731605309,2.256046714237346,0.9024186856949384,0.807163336430726,0.005362765538022948,0.24184993139360594,2.2761575307816804,0.9104630123126721,0.8137230397552297,0.005716825906169601,0.2701256551166273,2.4083855801554637,0.9633542320621855,0.8553039700155345,0.0049021456008151,1.9286803775425554,0.7714721510170222,0.983043592938659,0.004045782471352309,0.8217423155812391,0.22540440490671032,,,,,,,,,,,,,,,,1.177860779169535,1.0830905545428071,1.1275418107902397,1.1127953429966544,1.154558290054876,1.1668278601210162,1.06487302531483,,,,0.9195403851603353,0.010222883463671733,0.0055578544774818155
steep,2.0,S0steep,S1steepgrid,a1_SFE006_KR,basic,3.0,0.5216817561706173,2.859724209150818,0.9532414030502726,0.7793474843267335,0.004496856691725555,0.11758936580032554,2.432385478340087,0.8107951594466957,0.7715987041799205,0.005011875929581948,0.17005332481790247,2.4949994609449218,0.8316664869816406,0.7749820453756731,0.004555096446543334,0.12164298973181095,2.485363248867977,0.8284544162893256,0.7879067530453887,0.005462205207640556,0.2381383731605309,2.66761168708848,0.88920389569616,0.8098244379759829,0.005046363122431399,0.24184993139360594,2.6876000237228523,0.8958666745742841,0.8152500307764154,0.005464254627995271,0.2701256551166273,2.841864250528429,0.9472880835094762,0.8572461984706005,0.00491217610071065,2.3380424529802006,0.7793474843267335,0.9900573488685767,0.0031660063347131637,0.8505664534211755,0.22540440490671032,,,,,,,,,,,,,,,,1.194164193702513,1.1027447626166904,1.1403012035093574,1.1273468252843148,1.1555420731850996,1.1619263146608165,1.065238267559891,,,,0.9234448398570917,0.009220087490921318,0.004292370625521726
steep,2.0,S0steep,S1steepgrid,a1b_SNO021_K,basic,0.25,0.27255768473177605,0.4297856478837414,1.7191425915349656,0.6289118526078614,0.028284867066478966,0.16844774884993924,0.33592873986355054,1.3437149594542022,0.6699239640544452,0.043080371329361176,0.20675638319335857,0.36913033621189667,1.4765213448475867,0.6494958120741524,0.02971956490756503,0.17125299437509597,0.34182125427045235,1.3672850170818094,0.6822730395814255,0.04362912782168871,0.23506470770812038,0.3992494086670786,1.5969976346683143,0.6567388038358328,0.0386653804195802,0.23977797666922337,0.4086157732983753,1.6344630931935011,0.6753511865166076,0.03950240736665208,0.2305028353253519,0.42252241382892436,1.6900896553156974,0.7680783140142898,0.03519588826276636,0.15722796315196536,0.6289118526078614,1.065211223602357,0.049251937020214256,0.7816192595487053,0.6180260483783777,,,,,,,,,,,,,,,,0.9282664206184922,0.8676473017915038,0.9226993544148105,0.8858187558324236,0.8742687360775708,0.9047554857919539,0.999084298353394,,,,0.9346964217593927,0.07439729063565148,0.055689468585666625
steep,2.0,S0steep,S1steepgrid,a1b_SNO021_K,basic,0.5,0.27255768473177605,0.6021536858060599,1.2043073716121198,0.6591920021485677,0.013594466022084823,0.16844774884993924,0.5274618387067922,1.0549236774135844,0.7180281797137059,0.020455087913613442,0.20675638319335857,0.5446284059594094,1.0892568119188188,0.6757440455321018,0.014272188045879326,0.17125299437509597,0.536694404360087,1.073388808720174,0.730882819969982,0.020902970637837,0.23506470770812038,0.5759578740621427,1.1519157481242854,0.6817863327080447,0.019373492542375734,0.23977797666922337,0.5890867202120215,1.178173440424043,0.6986174870855961,0.019931068098647205,0.2305028353253519,0.6347589060784959,1.2695178121569919,0.8085121415062881,0.01743754316789659,0.32959600107428383,0.6591920021485677,1.0892549930420392,0.021703343696707643,0.87595883100959,0.6180260483783777,,,,,,,,,,,,,,,,0.9930209289042653,1.0158895026669648,0.9821909722658955,1.0329897177011513,0.96363464088356,0.9859482436978889,1.014511678242587,,,,1.0230292968627899,0.043606144722458946,0.028932327600526695
steep,2.0,S0steep,S1steepgrid,a1b_SNO021_K,basic,0.75,0.27255768473177605,0.7562090779291532,1.0082787705722043,0.6448685242631694,0.009004776059147677,0.16844774884993924,0.6786661328898594,0.9048881771864793,0.6802911787198935,0.013191091601525423,0.20675638319335857,0.7024553342056157,0.9366071122741543,0.6609319346830095,0.009587513446877615,0.17125299437509597,0.6914141998943059,0.9218855998590745,0.6935482740256131,0.013550788009107051,0.23506470770812038,0.7415307812212234,0.9887077082949646,0.6752880980174707,0.01300133335344398,0.23977797666922337,0.7615599937838443,1.0154133250451258,0.6957093561528279,0.013557241841363988,0.2305028353253519,0.8208852001085394,1.094513600144719,0.7871764863775833,0.01174206759690579,0.4836513931973771,0.6448685242631694,1.0549300409679605,0.01459675432877747,0.8974583256106343,0.6180260483783777,,,,,,,,,,,,,,,,0.95090855125284,0.9430830779040311,0.9385612608276728,0.96158114668016,0.9313916096443698,0.9625367428206667,0.9832729107942603,,,,0.991770530048869,0.02619634850266646,0.019061467353521853
steep,2.0,S0steep,S1steepgrid,a1b_SNO021_K,basic,1.0,0.27255768473177605,0.9182124250399895,0.9182124250399895,0.6456547403082133,0.0065455812979118445,0.16844774884993924,0.8415955878700936,0.8415955878700936,0.6731478390201544,0.009438164511531129,0.20675638319335857,0.8691412432221426,0.8691412432221426,0.662384860028784,0.006823132335339296,0.17125299437509597,0.8582140509927331,0.8582140509927331,0.6869610566176371,0.009702603379704541,0.23506470770812038,0.9195921005709125,0.9195921005709125,0.6845273928627921,0.009806039430022747,0.23977797666922337,0.9435502021268966,0.9435502021268966,0.7037722254576732,0.01031713900586477,0.2305028353253519,1.021472340071627,1.021472340071627,0.7909695047462751,0.008449350169436919,0.6456547403082133,0.6456547403082133,1.0425817344713009,0.010733330685171951,0.916558701363076,0.6180260483783777,,,,,,,,,,,,,,,,0.9736290843347202,0.9280090035841878,0.9583665753001841,0.9488898409246973,0.9619864059636262,0.9925060719277,0.9891707188137836,,,,0.95314429130709,0.01919377631937964,0.013483357332988456
steep,2.0,S0steep,S1steepgrid,a1b_SNO021_K,basic,1.25,0.27255768473177605,1.0706944918464258,0.8565555934771407,0.6385094456917197,0.005102331965571949,0.16844774884993924,1.0154614189915503,0.8123691351932403,0.6776109361132889,0.007796900022323664,0.20675638319335857,1.027842574440582,0.8222740595524656,0.6568689529977787,0.00548970375603172,0.17125299437509597,1.0354151712405284,0.8283321369924227,0.6913297414923459,0.008162133781683173,0.23506470770812038,1.0812203887558838,0.8649763110047071,0.6769245448382107,0.007430927896048019,0.23977797666922337,1.111195079186794,0.8889560633494351,0.6971336820140565,0.00783136562409775,0.2305028353253519,1.2224391530595435,0.9779513224476348,0.7935490541873533,0.006713297067323066,0.7981368071146497,0.6385094456917197,1.0612387031787902,0.008681778763401787,0.9484137881762841,0.6180260483783777,,,,,,,,,,,,,,,,0.9612776959820992,0.9607971593195875,0.953162700229913,0.9841525192040562,0.9565600286508548,0.9854698666807733,0.9908826302075564,,,,0.999500106301727,0.01622757662640013,0.011515529559243752
steep,2.0,S0steep,S1steepgrid,a1b_SNO021_K,basic,1.5,0.27255768473177605,1.231382791957019,0.8209218613046794,0.639216738150162,0.004557854953314451,0.16844774884993924,1.1784463848996927,0.7856309232664618,0.673332424033169,0.00648371923355861,0.20675638319335857,1.1910987169581948,0.7940658113054632,0.6562282225098909,0.004739265761694641,0.17125299437509597,1.199534753900192,0.7996898359334613,0.6855211730167307,0.006768884761695431,0.23506470770812038,1.250543612981453,0.8336957419876353,0.6769859368488884,0.006609457715395125,0.23977797666922337,1.2822225901124529,0.8548150600749685,0.6949630756288196,0.007038818092753268,0.2305028353253519,1.4268893295048781,0.951259553003252,0.7975909961196841,0.005811820097336382,0.958825107225243,0.639216738150162,1.0533710772057296,0.007404363982877265,0.9570106002754876,0.6180260483783777,,,,,,,,,,,,,,,,0.9720797827612364,0.9575328494501959,0.958095195868242,0.972167304551466,0.9586490230029048,0.9829176780826531,0.9973849068443158,,,,0.9850352475496205,0.013438427823654122,0.00968510062918694
steep,2.0,S0steep,S1steepgrid,a1b_SNO021_K,basic,2.0,0.27255768473177605,1.532231761328366,0.766115880664183,0.629837038298295,0.0031218060617076845,0.16844774884993924,1.5005837748307114,0.7502918874153557,0.6660680129903861,0.004765431790702532,0.20675638319335857,1.5034844503901164,0.7517422251950582,0.6483640335983789,0.0033025541564548817,0.17125299437509597,1.5317839858416316,0.7658919929208158,0.6802654957332678,0.004974869075848196,0.23506470770812038,1.5666368592484765,0.7833184296242383,0.6657860757701781,0.004520856344118526,0.23977797666922337,1.6100957841325934,0.8050478920662967,0.685158903731685,0.004994501282171101,0.2305028353253519,1.8187881777055837,0.9093940888527918,0.7941426711901158,0.004162260892484899,1.25967407659659,0.629837038298295,1.0575243634289604,0.005876799101531034,0.9793451700347097,0.6180260483783777,,,,,,,,,,,,,,,,0.9497820042740307,0.9391906429802489,0.9379669371075064,0.9598557854448291,0.9426233165201192,0.9676296828577363,0.9802320518899521,,,,0.9888486397445724,0.009921871311759048,0.007578955833378852
steep,2.0,S0steep,S1steepgrid,a1b_SNO021_K,basic,2.5,0.27255768473177605,1.8273906675530265,0.7309562670212106,0.6219331931285002,0.002622984002889789,0.16844774884993924,1.8028780914318885,0.7211512365727554,0.6537721370327797,0.004019319017936546,0.20675638319335857,1.8075312699646533,0.7230125079858614,0.6403099547085179,0.002758340304955927,0.17125299437509597,1.8319615335690786,0.7327846134276315,0.6642834156775931,0.004367447146863325,0.23506470770812038,1.8886719318744836,0.7554687727497934,0.6614428896665453,0.0038170376285370814,0.23977797666922337,1.935329052304636,0.7741316209218544,0.678220430254165,0.004375116200662704,0.2305028353253519,2.203394740545996,0.8813578962183983,0.7891567620882576,0.00342269657648422,1.5548329828212504,0.6219331931285002,1.0511935112260542,0.00479083183534078,0.986586023144158,0.6180260483783777,,,,,,,,,,,,,,,,0.9495491373007043,0.9336801926970233,0.9399341110074478,0.9514865739416483,0.9461212337013826,0.9725256071916898,0.9825182369693847,,,,0.9832879163591345,0.008225104521448711,0.006247167846996211
steep,2.0,S0steep,S1steepgrid,a1b_SNO021_K,basic,3.0,0.27255768473177605,2.1316972577372653,0.7105657525790884,0.6197131910018298,0.00219468171726154,0.16844774884993924,2.1175914893583614,0.7058638297861205,0.649714580169474,0.0033682097271011267,0.20675638319335857,2.120392399268259,0.7067974664227531,0.6378786720249668,0.002299934149705102,0.17125299437509597,2.1605157373954462,0.7201719124651488,0.6630875810067834,0.0037863528603087337,0.23506470770812038,2.2129163844553563,0.7376387948184521,0.6592838922490786,0.003187693174694657,0.23977797666922337,2.275897671648131,0.7586325572160436,0.6787065649929692,0.0037756337593229275,0.2305028353253519,2.6025410329521126,0.8675136776507042,0.7906793992089202,0.002830194824018976,1.8591395730054892,0.6197131910018298,1.0484117324001834,0.003959723820261456,0.9933828463081682,0.6180260483783777,,,,,,,,,,,,,,,,0.9495627020581456,0.9285517803442601,0.9385686052254609,0.9487539946118353,0.9407351025008654,0.9673192125455563,0.9825204881762929,,,,0.9778730549669389,0.0068606969560605965,0.004952015993795078
steep,2.0,S0steep,S1steepgrid,a2_SNO016_KRH,basic,0.25,-1.670856880232145,-1.4865019984075298,-5.946007993630119,0.7374195272984609,0.05272084805028535,-0.7703310718858933,-0.5899938638178013,-2.359975455271205,0.7213488322723682,0.06993425014874677,-0.7817523094842576,-0.5971879791062109,-2.3887519164248436,0.7382573215121866,0.05664927961325289,-0.7889790977253938,-0.6039960322049184,-2.4159841288196735,0.7399322620819015,0.07189372265279148,-0.7044084287539216,-0.5241777027202937,-2.096710810881175,0.7209229041345115,0.07182311419320411,-0.7320595989290641,-0.5460325426538722,-2.184130170615489,0.7441082251007676,0.07498118977940724,-0.6221386902987041,-0.4103221775837653,-1.6412887103350613,0.8472660508597549,0.06589678191062386,0.18435488182461524,0.7374195272984609,0.9782068491121089,0.061681781231921966,0.3969008211558773,0.46103953067414444,,,,,,,,,,,,,,,,1.0884224589838272,0.9342498575266774,1.0487974537910199,0.9606797246448092,0.959712373512506,0.9968680178905378,1.102088410122878,,,,0.8583522416460532,0.10493681628331619,0.06300577027177665
steep,2.0,S0steep,S1steepgrid,a2_SNO016_KRH,basic,0.5,-1.670856880232145,-1.3193696417800203,-2.6387392835600405,0.7029744769042496,0.02450575187732157,-0.7703310718858933,-0.40675862375417166,-0.8135172475083433,0.7271448962634434,0.03397028265354121,-0.7817523094842576,-0.42108398577071043,-0.8421679715414209,0.7213366474270942,0.02725461129353601,-0.7889790977253938,-0.4183394607776663,-0.8366789215553326,0.7412792738954549,0.03512576930096336,-0.7044084287539216,-0.34720941998520977,-0.6944188399704195,0.7143980175374237,0.034117799221707906,-0.7320595989290641,-0.3631256075408458,-0.7262512150816915,0.7378679827764367,0.035703921049763596,-0.6221386902987041,-0.216004606774325,-0.43200921354865,0.8122681670487581,0.03171495126640346,0.3514872384521248,0.7029744769042496,1.0343830681671902,0.03409056658526787,0.3082976982897647,0.46103953067414444,,,,,,,,,,,,,,,,1.0589757851675488,1.02878812824091,1.0484596168502704,1.047683495844696,1.0097278928182885,1.0413418718363645,1.0192246956247553,,,,0.9714935342720205,0.05831904935529327,0.03748760776029628
steep,2.0,S0steep,S1steepgrid,a2_SNO016_KRH,basic,0.75,-1.670856880232145,-1.164679508523432,-1.552906011364576,0.6749031622782841,0.016326552182309797,-0.7703310718858933,-0.2423535755172389,-0.3231381006896519,0.7039699951582059,0.02239250248233358,-0.7817523094842576,-0.26222274842127363,-0.34963033122836484,0.6927060814173119,0.017719206089424355,-0.7889790977253938,-0.24774667853065704,-0.3303289047075427,0.7216432255929823,0.022861696201956983,-0.7044084287539216,-0.19321332146619127,-0.2576177619549217,0.6815934763836404,0.02268163819871537,-0.7320595989290641,-0.2015823548185598,-0.26877647309141306,0.7073029921473392,0.02364616905220285,-0.6221386902987041,-0.020282733236993932,-0.02704364431599191,0.8024746094156135,0.020920469519570994,0.506177371708713,0.6749031622782841,1.0430681533359547,0.0226259918574484,0.20808606465867346,0.46103953067414444,,,,,,,,,,,,,,,,0.9951969496593046,0.9759088616071047,0.9836823718766847,1.0005338436384639,0.9400883074288046,0.9785769189788753,1.002382005425013,,,,0.9806188231798711,0.03661154825422146,0.02497158434589264
steep,2.0,S0steep,S1steepgrid,a2_SNO016_KRH,basic,1.0,-1.670856880232145,-1.0194320590909707,-1.0194320590909707,0.6514248211411744,0.0126623807143023,-0.7703310718858933,-0.10502479850224314,-0.10502479850224314,0.6653062733836502,0.01714522472884184,-0.7817523094842576,-0.11849566311423457,-0.11849566311423457,0.663256646370023,0.013703041442993046,-0.7889790977253938,-0.10806242581276461,-0.10806242581276461,0.6809166719126292,0.017654379978640593,-0.7044084287539216,-0.043852198108867334,-0.043852198108867334,0.6605562306450543,0.01673822906291816,-0.7320595989290641,-0.0456876585113236,-0.0456876585113236,0.6863719404177405,0.01743091716219633,-0.6221386902987041,0.15495178690938402,0.15495178690938402,0.7770904772080881,0.015927347665929743,0.6514248211411744,0.6514248211411744,1.021309369541919,0.017741109580342973,0.10302285234770224,0.46103953067414444,,,,,,,,,,,,,,,,0.9823302030088452,0.9171985350792827,0.9596279128407347,0.9405408156255602,0.9282990291996772,0.9679670407885057,0.9718138832290937,,,,0.9336967674107278,0.027444077552231303,0.018577475471049557
steep,2.0,S0steep,S1steepgrid,a2_SNO016_KRH,basic,1.25,-1.670856880232145,-0.859817532698304,-0.6878540261586432,0.6488314780270729,0.00939166313023462,-0.7703310718858933,0.05396849015055505,0.04317479212044404,0.6594396496291587,0.013453688639829858,-0.7817523094842576,0.044878516541804477,0.03590281323344358,0.6613046608208497,0.010517762645332216,-0.7889790977253938,0.0556969079330303,0.044557526346424244,0.6757408045267392,0.013833665408485445,-0.7044084287539216,0.12254208412916759,0.09803366730333407,0.6615604103064714,0.01326272621207104,-0.7320595989290641,0.1290605070231857,0.10324840561854856,0.6888960847617999,0.013888291644461181,-0.6221386902987041,0.35616721668100454,0.28493377334480363,0.782644725583767,0.012268709390418953,0.8110393475338411,0.6488314780270729,1.016349656207098,0.014091347561406571,-0.06276737574911923,0.46103953067414444,,,,,,,,,,,,,,,,0.9768175435569958,0.9350317539746303,0.9595992218934412,0.9619606610130615,0.9348490165743333,0.9738251791905661,0.9772666984005,,,,0.9572225234303164,0.022305804522279708,0.015376569235075644
steep,2.0,S0steep,S1steepgrid,a2_SNO016_KRH,basic,1.5,-1.670856880232145,-0.7138861090801132,-0.4759240727200755,0.6379805141013546,0.008246690282858567,-0.7703310718858933,0.19177775351700121,0.12785183567800082,0.6414058836019297,0.01081937568719885,-0.7817523094842576,0.19144580372987,0.12763053581991332,0.6487987421427517,0.008758598501683671,-0.7889790977253938,0.19780677786686723,0.13187118524457817,0.6578572503948407,0.01113590156275407,-0.7044084287539216,0.2710943043707119,0.18072953624714128,0.6503351554164224,0.01166707906974327,-0.7320595989290641,0.28669360165095986,0.19112906776730657,0.6791688003866826,0.012243795196866114,-0.6221386902987041,0.547207074878237,0.36480471658549135,0.7795638434512941,0.010681868141156035,0.9569707711520319,0.6379805141013546,1.0053690816958571,0.011222391288481818,-0.2686391443645245,0.46103953067414444,,,,,,,,,,,,,,,,0.9701998125835365,0.9121307417526384,0.9472481319910918,0.932935896176007,0.9209100624250571,0.9605791209816836,0.9748420119617207,,,,0.9401473077218325,0.01798491188486718,0.012325027543814331
steep,2.0,S0steep,S1steepgrid,a2_SNO016_KRH,basic,2.0,-1.670856880232145,-0.4347569388228142,-0.2173784694114071,0.6180499707046654,0.00560119487903812,-0.7703310718858933,0.4839513291690886,0.2419756645845443,0.627141200527491,0.008027863925803545,-0.7817523094842576,0.47844130494652953,0.23922065247326477,0.6300968072153935,0.006249462034977059,-0.7889790977253938,0.5027719690420844,0.2513859845210422,0.6458755333837392,0.008273126201003652,-0.7044084287539216,0.5603529222817074,0.2801764611408537,0.6323806755178145,0.007758743122050974,-0.7320595989290641,0.5934661759153693,0.29673308795768466,0.6627628874222167,0.00817556809532172,-0.6221386902987041,0.9143336532180771,0.45716682660903857,0.7682361717583905,0.0074926407724145595,1.2360999414093308,0.6180499707046654,1.0147095384738232,0.009567820552963362,-1.1131537784755718,0.46103953067414444,,,,,,,,,,,,,,,,0.9320073355853835,0.8843018068356348,0.9115403411027816,0.9113314893729791,0.8953277807293789,0.9360004505135645,0.9482549500208516,,,,0.9488142132274253,0.013243130593670974,0.010252905667825548
steep,2.0,S0steep,S1steepgrid,a2_SNO016_KRH,basic,2.5,-1.670856880232145,-0.17097671134322628,-0.06839068453729051,0.5999520675555675,0.004249483738254413,-0.7703310718858933,0.7415193723878718,0.29660774895514874,0.604740177709506,0.006267345310153122,-0.7817523094842576,0.7413160949968092,0.2965264379987237,0.6092273617924266,0.00478273212811408,-0.7889790977253938,0.7687778272390213,0.30751113089560855,0.6231027699857661,0.0064963267265905275,-0.7044084287539216,0.8464627729386177,0.3385851091754471,0.6203484806770158,0.006185420405993488,-0.7320595989290641,0.8959782654634921,0.35839130618539683,0.6512151457570224,0.006507487026695439,-0.6221386902987041,1.2805088079446394,0.5122035231778558,0.7610589992973373,0.005932963951242876,1.4998801688889187,0.5999520675555675,1.0079808211570087,0.007568508440319714,-4.3369612537424045,0.46103953067414444,,,,,,,,,,,,,,,,0.9159890072814594,0.8636555363434422,0.8943068501386204,0.8925014622298746,0.8873402058321379,0.9338017210753048,0.9475358789812622,,,,0.9428667041612907,0.010478891447667619,0.008218254227442375
steep,2.0,S0steep,S1steepgrid,a2_SNO016_KRH,basic,3.0,-1.670856880232145,0.06379984980185058,0.02126661660061686,0.5782189100113319,0.003440063618618181,-0.7703310718858933,0.9758894435264058,0.3252964811754686,0.5820735051374331,0.005168770761920258,-0.7817523094842576,0.9722469706241494,0.32408232354138317,0.5846664267028023,0.0038459142443224912,-0.7889790977253938,1.017809820924979,0.33926994030832636,0.6022629728834575,0.005440019002242825,-0.7044084287539216,1.0950814845459151,0.36502716151530507,0.5998299710999456,0.005223567636446528,-0.7320595989290641,1.1679658595977003,0.3893219531992334,0.6333418195089214,0.005575419100313111,-0.6221386902987041,1.6396207406589054,0.5465402468863018,0.7539198103192032,0.0048095389886604134,1.7346567300339957,0.5782189100113319,1.0066663249149455,0.006770892647334334,15.29610879269028,0.46103953067414444,,,,,,,,,,,,,,,,0.885982610252127,0.8318812690729598,0.860272614054613,0.8617253854497001,0.8559000393909398,0.9026635982604444,0.9368419878167036,,,,0.9389363396604685,0.008587708064444614,0.007065131708504855
steep,2.0,S0steep,S1steepgrid,a2b_PERS009_AKRV,basic,0.25,0.03706053641420472,0.19581756933128727,0.7832702773251491,0.6350281316683302,0.02550284320026139,0.14088921644515173,0.2845526466486237,1.1382105865944947,0.5746537208138878,0.03518960884376264,0.1919373878159396,0.3377598092635199,1.3510392370540796,0.5832896857903211,0.026732860640649628,0.14845826231077125,0.29802786525251057,1.1921114610100423,0.5982784117669573,0.036832170864948915,0.2093781635847807,0.3689951369997313,1.4759805479989252,0.6384678936598024,0.03462360486490737,0.21771587377090063,0.3823144703680146,1.5292578814720583,0.6583943863884558,0.035945999787948615,0.2519358915833956,0.4364946531983286,1.7459786127933143,0.738235046459732,0.0328279021845207,0.15875703291708254,0.6350281316683302,0.9049263995662236,0.041026960750158895,1.4531517658010196,3.801596794782256,,,,,,,,,,,,,,,,0.9372939758274178,0.7442587175282724,0.8286443215034942,0.7767656167066763,0.8499459985550017,0.8820387744812738,0.9602654181932606,,,,0.7940504651929092,0.062121940544396535,0.046757667342723845
steep,2.0,S0steep,S1steepgrid,a2b_PERS009_AKRV,basic,0.5,0.03706053641420472,0.3733137621692626,0.7466275243385252,0.6725064515101158,0.013094375330259096,0.14088921644515173,0.44575736493045826,0.8915147298609165,0.609736296970613,0.017434887379064328,0.1919373878159396,0.509589028417157,1.019178056834314,0.6353032812024348,0.013399523606210833,0.14845826231077125,0.47028137668732817,0.9405627533746563,0.6436462287531138,0.01865422889826929,0.2093781635847807,0.5473255830530428,1.0946511661060856,0.6758948389365242,0.018286752880150657,0.21771587377090063,0.5698615101450311,1.1397230202900621,0.7042912727482609,0.019188697836842537,0.2519358915833956,0.6543877582571308,1.3087755165142616,0.8049037333474705,0.016626257620423048,0.3362532257550579,0.6725064515101158,0.9066623756566913,0.019012112688782272,1.1940555374659596,3.801596794782256,,,,,,,,,,,,,,,,1.013078100152944,0.8626746428454263,0.9234105007267726,0.9096943011554123,0.9553076222672776,0.9939555711877276,1.009983889445048,,,,0.851538141743651,0.03709044825345588,0.024717012960316177
steep,2.0,S0steep,S1steepgrid,a2b_PERS009_AKRV,basic,0.75,0.03706053641420472,0.5397037115753036,0.7196049487670715,0.6701909002147985,0.00890728138474875,0.14088921644515173,0.5938304303542457,0.7917739071389942,0.6039216185454586,0.012392542563167458,0.1919373878159396,0.6663239669666933,0.888431955955591,0.6325154388676716,0.009115097908646317,0.14845826231077125,0.6254466159875269,0.8339288213167025,0.6359844715690076,0.013165061045107946,0.2093781635847807,0.7166218028419165,0.9554957371225553,0.6763248523428477,0.012224904622401738,0.21771587377090063,0.7451192763705241,0.9934923684940321,0.703204536799498,0.01288313552457433,0.2519358915833956,0.8528813687294641,1.1371751583059522,0.801260636194758,0.011363464075128253,0.5026431751610989,0.6701909002147985,0.9011187981691479,0.013568536318892748,1.1002896915808775,3.801596794782256,,,,,,,,,,,,,,,,0.9882483545219738,0.8372124711397204,0.8982082066912596,0.8817708879764541,0.9328215538159813,0.9729065714030978,1.000865614878352,,,,0.8471680901960004,0.023925392102203416,0.017041903642085778
steep,2.0,S0steep,S1steepgrid,a2b_PERS009_AKRV,basic,1.0,0.03706053641420472,0.7133633334552516,0.7133633334552516,0.6763027970410469,0.006224610976784249,0.14088921644515173,0.7608075364843789,0.7608075364843789,0.6199183200392272,0.00860556742255992,0.1919373878159396,0.8324436436727328,0.8324436436727328,0.6405062558567932,0.00634700220741071,0.14845826231077125,0.8013852407842392,0.8013852407842392,0.6529269784734679,0.009151875833538652,0.2093781635847807,0.9025495145828445,0.9025495145828445,0.6931713509980638,0.008827882846448226,0.21771587377090063,0.9372830980480472,0.9372830980480472,0.7195672242771466,0.009493184070030362,0.2519358915833956,1.0530147809853736,1.0530147809853736,0.801078889401978,0.00792806890228171,0.6763027970410469,0.6763027970410469,0.9166283545646824,0.010128072081895876,1.0665077679270762,3.801596794782256,,,,,,,,,,,,,,,,1.0198454869265803,0.8546262041345756,0.9267116806642348,0.9018790377865297,0.9741340136511346,1.0147812224200676,1.00181331404235,,,,0.8379957700358005,0.01759561116116982,0.012322095949822795
steep,2.0,S0steep,S1steepgrid,a2b_PERS009_AKRV,basic,1.25,0.03706053641420472,0.8851734529730905,0.7081387623784724,0.6784903332471086,0.005225550382156429,0.14088921644515173,0.9241257278912599,0.7393005823130079,0.6265892091568865,0.007149141816331789,0.1919373878159396,0.9962052247941102,0.7969641798352882,0.6434142695825364,0.005470857568691138,0.14845826231077125,0.9747886072702485,0.7798308858161989,0.6610642759675818,0.007872311745604632,0.2093781635847807,1.0681416868681588,0.8545133494945271,0.6870108186267025,0.007294288784243211,0.21771587377090063,1.1084852707461812,0.886788216596945,0.7126155175802245,0.007865838127222281,0.2519358915833956,1.252182520900164,1.0017460167201313,0.8001973034534148,0.006533073786272719,0.8481129165588858,0.6784903332471086,0.9235049910853785,0.007669788130993585,1.0440052452853594,3.801596794782256,,,,,,,,,,,,,,,,1.0214690302401666,0.8884525029530982,0.9336390154579608,0.9410676750936572,0.9708129116607419,1.0073550270524358,0.9991841141350706,,,,0.8697791872791351,0.014947214659255635,0.010098024127474164
steep,2.0,S0steep,S1steepgrid,a2b_PERS009_AKRV,basic,1.5,0.03706053641420472,1.058990461916661,0.705993641277774,0.6812866170016375,0.0045297992326869645,0.14088921644515173,1.0802697360791675,0.7201798240527784,0.6262536797560105,0.006048324586824313,0.1919373878159396,1.1628101219871492,0.7752067479914327,0.647248489447473,0.004502851436958386,0.14845826231077125,1.1430164736779023,0.7620109824519349,0.6630388075780873,0.006557640483720242,0.2093781635847807,1.2462527206840375,0.8308351471226917,0.6912497047328379,0.006277224120324119,0.21771587377090063,1.2905272022770575,0.860351468184705,0.7152075523374379,0.006779268046759976,0.2519358915833956,1.4609202981669887,0.9739468654446591,0.8059896043890621,0.005507527690280426,1.0219299255024563,0.6812866170016375,0.91922204858826,0.0066028376759727225,1.0200939242870926,3.801596794782256,,,,,,,,,,,,,,,,1.0360569539677997,0.8905830894991974,0.944984758352501,0.9402840871269132,0.9788472965592734,1.0115503561892254,1.007887338751306,,,,0.8595889309834952,0.012516344872623087,0.008546737305564501
steep,2.0,S0steep,S1steepgrid,a2b_PERS009_AKRV,basic,2.0,0.03706053641420472,1.408921842945343,0.7044609214726715,0.6859306532655691,0.003291981048412433,0.14088921644515173,1.415313097429516,0.707656548714758,0.6372119404921821,0.004317531402910294,0.1919373878159396,1.4984995305324673,0.7492497652662337,0.6532810713582639,0.0033583758193325825,0.14845826231077125,1.4981304241670244,0.7490652120835122,0.6748360809281265,0.004848333619862413,0.2093781635847807,1.5976676801895302,0.7988338400947651,0.6941447583023748,0.004431259988447691,0.21771587377090063,1.6556605978788395,0.8278302989394197,0.7189723620539694,0.004790831870244669,0.2519358915833956,1.8667216254293963,0.9333608127146982,0.8073928669230004,0.00411024314096616,1.3718613065311382,0.6859306532655691,0.9289742883752933,0.005041997995593606,1.0045362732618384,3.801596794782256,,,,,,,,,,,,,,,,1.0343700846996235,0.8985020755142954,0.9450802540225192,0.95219487180893,0.9827736836627745,1.0153834313305554,0.9965871314271397,,,,0.8686466176902403,0.009264843378518569,0.006576484689422208
steep,2.0,S0steep,S1steepgrid,a2b_PERS009_AKRV,basic,2.5,0.03706053641420472,1.7533936274002346,0.7013574509600938,0.686533236394412,0.0028282497839231266,0.14088921644515173,1.7416659174739084,0.6966663669895634,0.6403106804115026,0.0037271039340826435,0.1919373878159396,1.8364391764742387,0.7345756705896955,0.6578007154633196,0.002968588919080029,0.14845826231077125,1.8425257799558963,0.7370103119823586,0.67762700705805,0.004430487445080103,0.2093781635847807,1.9562942419166234,0.7825176967666494,0.6987664313327371,0.003746673027702335,0.21771587377090063,2.019158151440877,0.8076632605763508,0.7205769110679906,0.0043101533819203276,0.2519358915833956,2.262663692765922,0.9050654771063688,0.8042911204730105,0.003413530375526455,1.71633309098603,0.686533236394412,0.9326725152803024,0.003743308853706156,0.9933114220657258,3.801596794782256,,,,,,,,,,,,,,,,1.0481785657191693,0.9144553057674869,0.9656094304992281,0.9705992715448507,0.9995084510091754,1.0332621470899819,1.0013608596676962,,,,0.8724232069562182,0.007849910560598668,0.005212862805902142
steep,2.0,S0steep,S1steepgrid,a2b_PERS009_AKRV,basic,3.0,0.03706053641420472,2.1248739162893977,0.7082913054297992,0.6959377932917309,0.0024293941514246923,0.14088921644515173,2.09798574840302,0.6993285828010066,0.6523655106526228,0.0030946165117390397,0.1919373878159396,2.2033928433490013,0.7344642811163338,0.6704851518443539,0.002495555307742617,0.14845826231077125,2.21814888041532,0.73938296013844,0.6898968727015163,0.003717642941073264,0.2093781635847807,2.3271062378145846,0.7757020792715282,0.7059093580766013,0.0033339864927370284,0.21771587377090063,2.4064464438593687,0.8021488146197896,0.729576856696156,0.003956324075516511,0.2519358915833956,2.684582697556383,0.8948608991854611,0.8108822686576626,0.00289238461368671,2.0878133798751928,0.6959377932917309,0.9373905497601809,0.003035597533142341,0.9873459937174383,3.801596794782256,,,,,,,,,,,,,,,,1.0663587302283648,0.9323404073734621,0.9865454692084542,0.9871130640872015,1.007265185959713,1.0398215472073689,1.0076251426964435,,,,0.8743215401573143,0.006607042276690449,0.004088505450573473
steep,2.0,S0steep,S1steepgrid,a3_SNO006_DE3,acidic,0.25,0.4899413929938703,0.6601191182773686,2.6404764731094743,0.6807109011339931,0.03398081244863674,0.4317717820914824,0.6238161663241586,2.4952646652966344,0.7681775369307047,0.051380357824727434,0.4872691055690287,0.6619456541112837,2.647782616445135,0.69870619416902,0.036446988325632604,0.44023240007379477,0.6352929202217126,2.5411716808868503,0.7802420805916712,0.052644380572647295,0.44063225445458615,0.6162732737103745,2.465093094841498,0.7025640770231536,0.050076436186930785,0.44822821305772154,0.6283039379650377,2.513215751860151,0.7203028996292646,0.05130584002017887,0.3911100598529956,0.5967136160627099,2.3868544642508396,0.8224142248388573,0.045710180754099036,0.17017772528349828,0.6807109011339931,1.1284930734192757,0.05923989712301037,0.9450054528825869,0.8812723078020974,,,,,,,,,,,,,,,,1.004721200676162,0.9948997244120106,0.9926095631418477,1.0130153603927223,0.935272598550578,0.9649764639236365,1.06976218933281,,,,0.9902246750068159,0.08724999872204947,0.06392636149552267
steep,2.0,S0steep,S1steepgrid,a3_SNO006_DE3,acidic,0.5,0.4899413929938703,0.79664328288815,1.5932865657763,0.6134037797885594,0.016876249782236254,0.4317717820914824,0.74156588572885,1.4831317714577,0.6195882072747351,0.025508435932933626,0.4872691055690287,0.8018789018413787,1.6037578036827573,0.6292195925447,0.018040636137747944,0.44023240007379477,0.7576525123209322,1.5153050246418645,0.6348402244942749,0.026136538555591598,0.44063225445458615,0.7592037463090697,1.5184074926181395,0.6371429837089672,0.025525598859563143,0.44822821305772154,0.7779172677970217,1.5558345355940435,0.6593781094786004,0.026495056514295682,0.3911100598529956,0.7585962092006325,1.517192418401265,0.7349722986952739,0.02255622810621625,0.3067018898942797,0.6134037797885594,1.0100821476651276,0.03112280250482082,0.9308631625441911,0.8812723078020974,,,,,,,,,,,,,,,,0.92404457155677,0.8766134443325276,0.9145678862528286,0.8972483773973647,0.9005358729606373,0.930570306342199,0.9222347345606994,,,,0.9486700872617719,0.045768018469783955,0.03488478273823286
steep,2.0,S0steep,S1steepgrid,a3_SNO006_DE3,acidic,0.75,0.4899413929938703,0.9580815804105477,1.2774421072140636,0.6241869165555699,0.011546347300259246,0.4317717820914824,0.8998251764411412,1.1997669019215216,0.6240711924662118,0.01834827492484841,0.4872691055690287,0.9711807767980661,1.2949077023974216,0.6452155616387166,0.012485213323037049,0.44023240007379477,0.9209262705323786,1.2279016940431715,0.6409251606114451,0.01887828708866803,0.44063225445458615,0.9463304072625419,1.261773876350056,0.6742642037439411,0.017228042940212285,0.44822821305772154,0.96666454572233,1.2888860609631065,0.6912484435528112,0.01816233553306179,0.3911100598529956,0.9636362100565482,1.2848482800753975,0.7633682002714034,0.014975489503611737,0.4681401874166774,0.6241869165555699,0.9998146002642979,0.021848323776419685,0.9391947354374113,0.8812723078020974,,,,,,,,,,,,,,,,0.9204119199506937,0.8651456897173834,0.9162431095536475,0.888620985673679,0.9299794027087995,0.9563649237326329,0.9535336551308016,,,,0.9399548951557788,0.03070974595371617,0.02406479665039955
steep,2.0,S0steep,S1steepgrid,a3_SNO006_DE3,acidic,1.0,0.4899413929938703,1.1192433070754984,1.1192433070754984,0.629301914081628,0.00813054934226038,0.4317717820914824,1.0740630882747915,1.0740630882747915,0.6422913061833091,0.013236549516558867,0.4872691055690287,1.1383191865926134,1.1383191865926134,0.6510500810235847,0.008802365775396257,0.44023240007379477,1.0998222733669425,1.0998222733669425,0.6595898732931478,0.013660139484737231,0.44063225445458615,1.106285533813757,1.106285533813757,0.6656532793591707,0.012858494844407866,0.44822821305772154,1.1312975398820286,1.1312975398820286,0.6830693268243071,0.013247124905529064,0.3911100598529956,1.1679210945730383,1.1679210945730383,0.7768110347200428,0.010945791972204676,0.629301914081628,0.629301914081628,1.0206409543829802,0.015947664686833368,0.9596332463950492,0.8812723078020974,,,,,,,,,,,,,,,,0.9489694849679213,0.8854698485396356,0.9419669351626887,0.9110824025837616,0.9354620611318372,0.9633094769828554,0.9714644180156963,,,,0.9330856919699243,0.022677235515304626,0.017161517015143762
steep,2.0,S0steep,S1steepgrid,a3_SNO006_DE3,acidic,1.25,0.4899413929938703,1.252815828333445,1.002252662666756,0.6102995482716598,0.006173569727907423,0.4317717820914824,1.2345899689747188,0.9876719751797751,0.6422545495065892,0.009989437788763315,0.4872691055690287,1.2796312551813893,1.0237050041451115,0.6338897196898885,0.006825169535511877,0.44023240007379477,1.261631983814388,1.0093055870515104,0.6571196669924746,0.010419110383717445,0.44063225445458615,1.24800910878093,0.998407287024744,0.645901483461075,0.009918413197554843,0.44822821305772154,1.2766527370871703,1.0213221896697362,0.6627396192235591,0.010353954445964843,0.3911100598529956,1.3428680885759183,1.0742944708607347,0.7614064229783383,0.008583606701002115,0.7628744353395747,0.6102995482716598,1.052359536108825,0.012928324871420434,0.985452084060136,0.8812723078020974,,,,,,,,,,,,,,,,0.9188076191824222,0.9106646806285371,0.9198182287504764,0.93545226955397,0.9127214343702429,0.9368503359548456,0.9507470207123168,,,,0.9911374934383645,0.01809408952251829,0.014591548040539545
steep,2.0,S0steep,S1steepgrid,a3_SNO006_DE3,acidic,1.5,0.4899413929938703,1.3947833996441688,0.9298555997627792,0.6032280044335323,0.005282722176072978,0.4317717820914824,1.377595219946652,0.9183968132977679,0.6305489585701131,0.008138133340189788,0.4872691055690287,1.4275935531820914,0.9517290354547275,0.6268829650753751,0.005708433798720876,0.44023240007379477,1.4126873429895226,0.9417915619930151,0.6483032952771519,0.008522833279139478,0.44063225445458615,1.4061137581406724,0.9374091720937816,0.6436543357907242,0.008394779589054054,0.44822821305772154,1.440464911087918,0.9603099407252786,0.661491132020131,0.008792085418649,0.3911100598529956,1.537079698505321,1.0247197990035473,0.7639797591015504,0.007402539838507922,0.9048420066502985,0.6032280044335323,1.0452912562675811,0.011177427399262418,0.9876768108210193,0.8812723078020974,,,,,,,,,,,,,,,,0.9173504267147196,0.8966913213550393,0.9152510309800082,0.9193870180958511,0.9114496573288374,0.935576795888305,0.9553541659440975,,,,0.9774795925765617,0.014756435136987312,0.012426145839848801
steep,2.0,S0steep,S1steepgrid,a3_SNO006_DE3,acidic,2.0,0.4899413929938703,1.65804860737123,0.829024303685615,0.5840536071886798,0.003913866534499052,0.4317717820914824,1.6476881162488524,0.8238440581244262,0.607958167078685,0.006600947661685108,0.4872691055690287,1.6985775827808616,0.8492887913904308,0.6056542386059165,0.004289542346329807,0.44023240007379477,1.6943966601862257,0.8471983300931129,0.6270821300562155,0.00703062653402385,0.44063225445458615,1.69305785370717,0.846528926853585,0.626212799626292,0.00632177379672483,0.44822821305772154,1.7398715925308863,0.8699357962654432,0.6458216897365824,0.0067430833289350975,0.3911100598529956,1.898164134959917,0.9490820674799585,0.7535270375534607,0.005458047380513805,1.1681072143773596,0.5840536071886798,1.0409287085907557,0.009292904710323164,0.9937513948165828,0.8812723078020974,,,,,,,,,,,,,,,,0.8807414805866355,0.8572527290121726,0.8761800804689034,0.8848139649280897,0.88659527063291,0.9120748973980786,0.9300990627649566,,,,0.9733307081678295,0.011446904118554993,0.01009462738298627
steep,2.0,S0steep,S1steepgrid,a3_SNO006_DE3,acidic,2.5,0.4899413929938703,1.9053930213950188,0.7621572085580075,0.5661806513604594,0.0029315764794965505,0.4317717820914824,1.9143076307969817,0.7657230523187927,0.5930143394821997,0.004897312694049567,0.4872691055690287,1.9611788528167278,0.7844715411266912,0.5895638988990797,0.003155510780654714,0.44023240007379477,1.9670118329362989,0.7868047331745196,0.6107117731450017,0.005386693002907785,0.44063225445458615,1.9671544484926937,0.7868617793970775,0.610608877615243,0.0050861152026930225,0.44822821305772154,2.0265592938482384,0.8106237175392954,0.6313324323162067,0.005720497242658702,0.3911100598529956,2.2463222808052716,0.8985289123221086,0.7420848883809105,0.004220580361030646,1.4154516284011485,0.5661806513604594,1.0473942160638348,0.007350476209461218,1.0046786197397932,0.8812723078020974,,,,,,,,,,,,,,,,0.864427811532799,0.8469093609171001,0.8654421426979879,0.8747532137360979,0.8734087759104833,0.9052911556321475,0.9239126764678124,,,,0.9797340502214574,0.008801667527888737,0.008129108992240496
steep,2.0,S0steep,S1steepgrid,a3_SNO006_DE3,acidic,3.0,0.4899413929938703,2.1368492626545885,0.7122830875515295,0.5489692898869061,0.0025573519967113717,0.4317717820914824,2.1652407405825547,0.7217469135275182,0.5778229861636908,0.004184518317303013,0.4872691055690287,2.202114768596874,0.734038256198958,0.5716152210092819,0.002836432756019252,0.44023240007379477,2.2245734558747943,0.7415244852915981,0.5947803519336665,0.00462004120479042,0.44063225445458615,2.211444974691289,0.7371483248970964,0.5902709067455677,0.004324310969408743,0.44822821305772154,2.2805504067919298,0.7601834689306433,0.6107740645780694,0.005020485085010315,0.3911100598529956,2.6075429922951496,0.8691809974317165,0.738810977480718,0.004025745690462902,1.6469078696607182,0.5489692898869061,1.0525597639218196,0.006208647660551857,1.0132866077285656,0.8812723078020974,,,,,,,,,,,,,,,,0.8411645416313446,0.8258065601455012,0.8410691942484737,0.8510191579171296,0.8422601681746859,0.870499148917216,0.9180673266441793,,,,0.9817420008503233,0.007393657027318072,0.00667105553563182
steep,2.0,S0steep,S1steepgrid,a3b_SFE002_E,acidic,0.25,0.49898055178697254,0.6784982058087695,2.713992823235078,0.7180706160871879,0.026221366369559983,0.48557413580657965,0.6513571531660152,2.6054286126640607,0.663132069437742,0.03711350501762026,0.5127926323447478,0.692196503814169,2.768786015256676,0.7176154858776846,0.02764209544920951,0.5011000638394059,0.6712721511256297,2.6850886045025186,0.6806883491448952,0.039316205826621466,0.4414240318029581,0.6271707548016474,2.5086830192065896,0.7429868919947573,0.03729855771422159,0.45988576400858305,0.6554347293833364,2.6217389175333454,0.7821958614990132,0.039595837757759565,0.4357055638578191,0.6419828552088631,2.5679314208354524,0.825109165404176,0.03274776860440316,0.17951765402179698,0.7180706160871879,0.9234914430159955,0.03927270311950468,0.9599983427953177,0.9731323877606428,,,,,,,,,,,,,,,,1.0598636959735959,0.8588508273340596,1.019472848366594,0.883761297264622,0.9890845602429704,1.0478933194820004,1.0732676558388665,,,,0.8103408302377176,0.06843577259758454,0.04598609631631238
steep,2.0,S0steep,S1steepgrid,a3b_SFE002_E,acidic,0.5,0.49898055178697254,0.8420588214897929,1.6841176429795859,0.6861565394056408,0.01238345145271373,0.48557413580657965,0.8099856070685872,1.6199712141371745,0.6488229425240152,0.019286884103249156,0.5127926323447478,0.8543247854378628,1.7086495708757257,0.68306430618623,0.01354254451996457,0.5011000638394059,0.8360440386938369,1.6720880773876738,0.6698879497088621,0.020381374248240824,0.4414240318029581,0.7820991173613469,1.5641982347226937,0.6813501711167775,0.018707266322890475,0.45988576400858305,0.8163497624372963,1.6326995248745926,0.7129279968574265,0.01957570692266108,0.4357055638578191,0.8342273808817419,1.6684547617634837,0.7970436340478455,0.016706061821436573,0.3430782697028204,0.6861565394056408,0.9455902629537503,0.021611291699181228,0.9619109572838855,0.9731323877606428,,,,,,,,,,,,,,,,1.0336408844668596,0.9179756937428967,0.9928309386505886,0.9467829112327214,0.9630181714734173,1.0061444486838498,1.0001211278088904,,,,0.8880992494955133,0.04016658084009054,0.027012765013817875
steep,2.0,S0steep,S1steepgrid,a3b_SFE002_E,acidic,0.75,0.49898055178697254,1.0068707189937562,1.342494291991675,0.6771868896090449,0.008423738339558102,0.48557413580657965,0.9802557681995371,1.3070076909327162,0.6595755098572765,0.01218478614302296,0.5127926323447478,1.0198046439167348,1.359739525222313,0.6760160154293159,0.008822969754384503,0.5011000638394059,1.0125227512185595,1.3500303349580793,0.6818969165055382,0.013018165286677262,0.4414240318029581,0.9611858703265201,1.2815811604353602,0.6930157846980828,0.012158181711416102,0.45988576400858305,1.0074783697989929,1.3433044930653237,0.730123474387213,0.013114678378808487,0.4357055638578191,1.0340432031889215,1.378724270918562,0.7977835191081365,0.01091826279646555,0.5078901672067837,0.6771868896090449,0.9739933244101406,0.014075687222040388,0.9735666652211145,0.9731323877606428,,,,,,,,,,,,,,,,0.9985644823668928,0.914365085722272,0.9599815207678583,0.945426934862281,0.955842534636534,1.0101498056311857,0.9965223003890331,,,,0.9156795598767511,0.024820791263020368,0.018008568163415707
steep,2.0,S0steep,S1steepgrid,a3b_SFE002_E,acidic,1.0,0.49898055178697254,1.174569467461997,1.174569467461997,0.6755889156750245,0.006142084582821859,0.48557413580657965,1.1519616633077845,1.1519616633077845,0.6663875275012048,0.009418998317032018,0.5127926323447478,1.1889609745410408,1.1889609745410408,0.676168342196293,0.00657071638470549,0.5011000638394059,1.1877351093012154,1.1877351093012154,0.6866350454618095,0.010378856651316295,0.4414240318029581,1.1378497601814723,1.1378497601814723,0.6964257283785142,0.008961735896702598,0.45988576400858305,1.188530928537669,1.188530928537669,0.728645164529086,0.009772385005987034,0.4357055638578191,1.2312325627643288,1.2312325627643288,0.7955269989065097,0.008175758522162532,0.6755889156750245,0.6755889156750245,0.986380196654609,0.01035346674691524,0.9807522630372273,0.9731323877606428,,,,,,,,,,,,,,,,1.018768974020639,0.9186891638803998,0.9783091032740461,0.9484395262077089,0.9787074855567306,1.0275835333023813,0.9948702302961068,,,,0.9017639791823776,0.019071842126653502,0.012889342935483423
steep,2.0,S0steep,S1steepgrid,a3b_SFE002_E,acidic,1.25,0.49898055178697254,1.3293983966479601,1.063518717318368,0.66433427588879,0.005080805875917139,0.48557413580657965,1.3019964604286536,1.0415971683429228,0.6531378596976591,0.007164876523576567,0.5127926323447478,1.3450269076675583,1.0760215261340467,0.6657874202582483,0.005415730258762688,0.5011000638394059,1.34410087940769,1.075280703526152,0.6744006524546273,0.007623084456701469,0.4414240318029581,1.2963001730363235,1.0370401384290588,0.6839009129866923,0.0069714358867700625,0.45988576400858305,1.3526436618708686,1.082114929496695,0.7142063182898284,0.007603638496536525,0.4357055638578191,1.415760913442666,1.1326087307541328,0.7840442796678776,0.006733755820199726,0.8304178448609876,0.66433427588879,0.9831464119834075,0.00829455054764541,0.9793877168135604,0.9731323877606428,,,,,,,,,,,,,,,,1.0001570476322148,0.9260963287296617,0.9661040187335599,0.9600528680183057,0.9664183133989509,1.0096037868006091,0.9790142826546345,,,,0.925950910331647,0.015307306152746137,0.010837709925937659
steep,2.0,S0steep,S1steepgrid,a3b_SFE002_E,acidic,1.5,0.49898055178697254,1.4855881777500592,0.9903921185000395,0.6577384173087245,0.004152846673402632,0.48557413580657965,1.454286240031335,0.96952416002089,0.6458080694831702,0.00664893100271478,0.5127926323447478,1.5026313903017487,1.0017542602011658,0.6598925053046673,0.004468555766683997,0.5011000638394059,1.49937950077663,0.9995863338510866,0.6655196246248161,0.00720934678168706,0.4414240318029581,1.4570858962924722,0.9713905975283148,0.677107909659676,0.00578169187673722,0.45988576400858305,1.5211480545728109,1.0140987030485407,0.7075081937094853,0.006413381035402659,0.4357055638578191,1.6084632529482559,1.0723088352988372,0.7818384593936245,0.005495769112896095,0.9866076259630867,0.6577384173087245,0.9818615615089509,0.00744962728854167,0.9789295996107539,0.9731323877606428,,,,,,,,,,,,,,,,1.0002463634814667,0.9183910040543183,0.9634450598660906,0.9438022413668331,0.9588217431578296,1.0006608054048685,0.9776864116863727,,,,0.9181648017771924,0.013316340070363584,0.009400746416802153
steep,2.0,S0steep,S1steepgrid,a3b_SFE002_E,acidic,2.0,0.49898055178697254,1.8138383141199492,0.9069191570599746,0.6574288811664883,0.0032827315062097426,0.48557413580657965,1.7823399390750252,0.8911699695375126,0.6483829016342227,0.0045594910512397665,0.5127926323447478,1.829108614881463,0.9145543074407315,0.6581579912683576,0.003398703894672767,0.5011000638394059,1.841711575170976,0.920855787585488,0.6703057556657851,0.0052741931216814765,0.4414240318029581,1.7973504712596917,0.8986752356298459,0.6779632197283668,0.004644837896844832,0.45988576400858305,1.8827164051312935,0.9413582025656467,0.7114153205613551,0.005290967983950545,0.4357055638578191,1.9944665343492707,0.9972332671746353,0.7793804852457258,0.004086388150591073,1.3148577623329767,0.6574288811664883,0.9862403679068447,0.005328291406856953,0.9826344085910399,0.9731323877606428,,,,,,,,,,,,,,,,0.9913899666951854,0.914253713444778,0.9521355337628244,0.9458025750655563,0.9598637789469319,1.0047108448356352,0.9620106814188693,,,,0.9221938330609272,0.009582951228613149,0.006965471737892595
steep,2.0,S0steep,S1steepgrid,a3b_SFE002_E,acidic,2.5,0.49898055178697254,2.1396657397736094,0.8558662959094437,0.6562740751946547,0.002728155467340531,0.48557413580657965,2.1009879284809716,0.8403951713923886,0.6461655170697568,0.0037145953283968434,0.5127926323447478,2.1525291701119613,0.8610116680447846,0.6558946151068854,0.002878123413747529,0.5011000638394059,2.166319732252559,0.8665278929010236,0.6660878673652613,0.0042894705925645826,0.4414240318029581,2.1368162619441593,0.8547265047776638,0.6781568920564804,0.004048437643009912,0.45988576400858305,2.231152704384482,0.8924610817537928,0.7085067761503596,0.004719985750655424,0.4357055638578191,2.3893719115803993,0.9557487646321597,0.7814665390890321,0.003513605177398748,1.6406851879866369,0.6562740751946547,0.9845970479301659,0.004053433878721341,0.9819234329111938,0.9731323877606428,,,,,,,,,,,,,,,,1.0019797766367928,0.9228168505774246,0.9628113969361991,0.9540711809235812,0.9700287740322271,1.0159543297992881,0.9729437332635475,,,,0.9209934891848978,0.00787672430625136,0.0055674386401826596
steep,2.0,S0steep,S1steepgrid,a3b_SFE002_E,acidic,3.0,0.49898055178697254,2.4819217261540683,0.8273072420513561,0.6609803914556985,0.002318735501624636,0.48557413580657965,2.44030101977529,0.8134336732584301,0.6515756279895701,0.003156950735157064,0.5127926323447478,2.498021355786898,0.8326737852622994,0.6617429078140501,0.002399480428861527,0.5011000638394059,2.510123253107779,0.8367077510359263,0.669674396422791,0.0036828289897048185,0.4414240318029581,2.4868508870445463,0.8289502956815155,0.681808951747196,0.0031024554535407697,0.45988576400858305,2.5994021029958794,0.8664673676652931,0.7131721129957654,0.0037499703862305766,0.4357055638578191,2.792174714956767,0.9307249049855889,0.7854897170329825,0.0029330443012988167,1.9829411743670957,0.6609803914556985,0.9857714939993666,0.003433532100279583,0.983230451653577,0.9731323877606428,,,,,,,,,,,,,,,,1.0127948470864012,0.9312115317480308,0.9736822145709929,0.9581784923957021,0.9728762095488652,1.0164408631580877,0.9760716429552291,,,,0.9194473435828897,0.006662630463838255,0.004458314876349193
steep,2.0,S0steep,S1steepgrid,a4_LATENT30,latent,0.25,0.004710962424256345,0.17408901990823422,0.6963560796329369,0.6775122299359115,0.03521744851441286,-0.0005024578930895548,0.19252642684820948,0.7701057073928379,0.7721155389651961,0.04379378923024463,0.004050827305638338,0.1800279234655441,0.7201116938621764,0.7039083846396231,0.03692876479202476,-0.0003596402827612903,0.19219471552907696,0.7687788621163079,0.770217423247353,0.04387273884415529,-0.0005903666147844685,0.1872062389181745,0.748824955672698,0.751186422131836,0.04603980143446747,-0.0003069554602437807,0.18630456475769022,0.7452182590307609,0.746446080871736,0.045791846540436415,0.008576887401533027,0.20077245970713611,0.8030898388285445,0.7687822892224123,0.04092577249678332,0.16937805748397788,0.6775122299359115,1.1396333598852282,0.04282306641373865,1.1059079254377673,-0.10665716425638247,,,,,,,,,,,,,,,,1.0,1.0,1.0,1.0,1.0,1.0,1.0,,,,1.0,0.08021308670995736,0.05314074108080868
steep,2.0,S0steep,S1steepgrid,a4_LATENT30,latent,0.5,0.004710962424256345,0.3366234040260379,0.6732468080520758,0.6638248832035631,0.017409368902014014,-0.0005024578930895548,0.35289630143491896,0.7057926028698379,0.706797518656017,0.022693817058281784,0.004050827305638338,0.3480491253011765,0.696098250602353,0.6879965959910763,0.017940049078703404,-0.0003596402827612903,0.3534109769100759,0.7068219538201518,0.7075412343856744,0.022844038349406615,-0.0005903666147844685,0.35316732524388117,0.7063346504877623,0.7075153837173312,0.02210508768462311,-0.0003069554602437807,0.35398014406607997,0.7079602881321599,0.7085741990526475,0.022306287163735533,0.008576887401533027,0.4070504381973471,0.8141008763946942,0.7969471015916282,0.020754437306142036,0.33191244160178157,0.6638248832035631,1.0647348970184298,0.02136946013241648,1.048341550867397,-0.10665716425638247,,,,,,,,,,,,,,,,1.0,1.0,1.0,1.0,1.0,1.0,1.0,,,,1.0,0.04540749368625811,0.028383572685071332
steep,2.0,S0steep,S1steepgrid,a4_LATENT30,latent,0.75,0.004710962424256345,0.513331263041132,0.6844416840548426,0.6781604008225007,0.010830363014554194,-0.0005024578930895548,0.5405086110085628,0.7206781480114172,0.7213480918688698,0.014347304481368566,0.004050827305638338,0.5321985057801618,0.7095980077068824,0.704196904632698,0.01133530854997925,-0.0003596402827612903,0.5405839995910613,0.7207786661214151,0.7212581864984301,0.014506547487606191,-0.0005903666147844685,0.543183131308914,0.7242441750785521,0.7250313305649314,0.014303014631361221,-0.0003069554602437807,0.5417835371951996,0.7223780495935994,0.722787323540591,0.014348946799439705,0.008576887401533027,0.6090026270939783,0.8120035027919711,0.8005676529232604,0.013395578210794455,0.5086203006168756,0.6781604008225007,1.0636835931351776,0.014188916893109374,1.0529430991723043,-0.10665716425638247,,,,,,,,,,,,,,,,1.0,1.0,1.0,1.0,1.0,1.0,1.0,,,,1.0,0.028128101827343786,0.018864781627848142
steep,2.0,S0steep,S1steepgrid,a4_LATENT30,latent,1.0,0.004710962424256345,0.6678533753785578,0.6678533753785578,0.6631424129543014,0.008210533449783546,-0.0005024578930895548,0.7248653310187637,0.7248653310187637,0.7253677889118533,0.01102915328062713,0.004050827305638338,0.6952110546135541,0.6952110546135541,0.6911602273079158,0.008612067114479018,-0.0003596402827612903,0.7236032761588254,0.7236032761588254,0.7239629164415866,0.011165177214940073,-0.0005903666147844685,0.7109866251381268,0.7109866251381268,0.7115769917529113,0.01059519738754872,-0.0003069554602437807,0.7087791099688251,0.7087791099688251,0.7090860654290688,0.010828110929532987,0.008576887401533027,0.808205798470401,0.808205798470401,0.7996289110688679,0.010037293251023505,0.6631424129543014,0.6631424129543014,1.0938341067348378,0.010612363253241835,1.0853659766380457,-0.10665716425638247,,,,,,,,,,,,,,,,1.0,1.0,1.0,1.0,1.0,1.0,1.0,,,,1.0,0.021502992536176737,0.01372068026509496
steep,2.0,S0steep,S1steepgrid,a4_LATENT30,latent,1.25,0.004710962424256345,0.8349984126071351,0.6679987300857081,0.664229960146303,0.006607635349537275,-0.0005024578930895548,0.8810714122268481,0.7048571297814785,0.7052590960959502,0.008719680393660275,0.004050827305638338,0.8654842332175238,0.692387386574019,0.6891467247295083,0.007047097743628458,-0.0003596402827612903,0.8777178527915163,0.702174282233213,0.702461994459422,0.008794669100729782,-0.0005903666147844685,0.8839915265270321,0.7071932212216256,0.7076655145134533,0.009162672877576893,-0.0003069554602437807,0.8839586441086691,0.7071669152869353,0.7074124796551302,0.009180956728430514,0.008576887401533027,1.0096402701822107,0.8077122161457686,0.8008507062245421,0.008223461758279713,0.8302874501828788,0.664229960146303,1.0617694750483855,0.008613735635949296,1.0551773499495145,-0.10665716425638247,,,,,,,,,,,,,,,,1.0,1.0,1.0,1.0,1.0,1.0,1.0,,,,1.0,0.01748504959458961,0.011472981702078793
steep,2.0,S0steep,S1steepgrid,a4_LATENT30,latent,1.5,0.004710962424256345,0.9910755841651355,0.6607170561100904,0.6575764144939195,0.00546070080697546,-0.0005024578930895548,1.0542902175014757,0.7028601450009838,0.70319511692971,0.0071795439211412085,0.004050827305638338,1.0314459525601896,0.6876306350401263,0.6849300835030342,0.005809020800993991,-0.0003596402827612903,1.0573613453036854,0.7049075635357903,0.7051473237242978,0.007501560679431978,-0.0005903666147844685,1.0586908519613447,0.7057939013075631,0.7061874790507527,0.007263999266289877,-0.0003069554602437807,1.0602545103551781,0.7068363402367854,0.7070409772102813,0.007272118320860777,0.008576887401533027,1.2081002469085893,0.8054001646057262,0.7996822396713709,0.006386787630194956,0.9863646217408791,0.6575764144939195,1.0693739943074136,0.00735175273621958,1.0637838670898052,-0.10665716425638247,,,,,,,,,,,,,,,,1.0,1.0,1.0,1.0,1.0,1.0,1.0,,,,1.0,0.014438963156147913,0.009722462377167574
steep,2.0,S0steep,S1steepgrid,a4_LATENT30,latent,2.0,0.004710962424256345,1.3309880143456878,0.6654940071728439,0.6631385259607158,0.004096367517297283,-0.0005024578930895548,1.417884784289845,0.7089423921449225,0.7091936210914672,0.005512404220898212,0.004050827305638338,1.3865388616873144,0.6932694308436572,0.6912440171908381,0.004201516931447058,-0.0003596402827612903,1.4170730741911326,0.7085365370955663,0.7087163572369469,0.005689384401785609,-0.0005903666147844685,1.4120334548032119,0.7060167274016059,0.7063119107089981,0.005419968030415956,-0.0003069554602437807,1.4158523787763415,0.7079261893881708,0.7080796671182926,0.005576594035741265,0.008576887401533027,1.6288925456356345,0.8144462728178172,0.8101578291170507,0.004923794720493411,1.3262770519214315,0.6631385259607158,1.0694501877477705,0.005645007877715527,1.065287417322744,-0.10665716425638247,,,,,,,,,,,,,,,,1.0,1.0,1.0,1.0,1.0,1.0,1.0,,,,1.0,0.01099236735727986,0.007464813968737276
steep,2.0,S0steep,S1steepgrid,a4_LATENT30,latent,2.5,0.004710962424256345,1.6421543781922852,0.656861751276914,0.6549773663072116,0.0033001900316599183,-0.0005024578930895548,1.7500223528140362,0.7000089411256145,0.7002099242828502,0.004417869069828002,0.004050827305638338,1.707122210740738,0.6828488842962952,0.6812285533740399,0.003441282705264634,-0.0003596402827612903,1.745023410488304,0.6980093641953216,0.6981532203084261,0.004564029662435757,-0.0005903666147844685,1.7471848288505776,0.698873931540231,0.6991100781861448,0.004341494783749687,-0.0003069554602437807,1.7431443872057502,0.6972577548823,0.6973805370663976,0.004516078601309257,0.008576887401533027,2.0165720889014103,0.8066288355605641,0.803198080599951,0.003977384512889358,1.6374434157680289,0.6549773663072116,1.0690597267973727,0.00473220971971995,1.0656868660183425,-0.10665716425638247,,,,,,,,,,,,,,,,1.0,1.0,1.0,1.0,1.0,1.0,1.0,,,,1.0,0.008922767499672805,0.006260038609508101
steep,2.0,S0steep,S1steepgrid,a4_LATENT30,latent,3.0,0.004710962424256345,1.9626012302031675,0.6542004100677224,0.6526300892596371,0.002826968088432987,-0.0005024578930895548,2.098619833150042,0.6995399443833473,0.6997074303477105,0.003683686613720426,0.004050827305638338,2.0429385606271797,0.6809795202090599,0.6796292444405138,0.00298182217501467,-0.0003596402827612903,2.0963511554743826,0.6987837184914608,0.6989035985857147,0.00394837404621405,-0.0005903666147844685,2.1018629929858967,0.7006209976619656,0.7008177865335604,0.0037556960778595137,-0.0003069554602437807,2.104602849464173,0.7015342831547243,0.7016366016414723,0.0040583698379673,0.008576887401533027,2.4228147849029105,0.8076049283009702,0.8047459658337925,0.003337086696789159,1.9578902677789112,0.6526300892596371,1.0721348001920652,0.0036167631979831727,1.0693052673429713,-0.10665716425638247,,,,,,,,,,,,,,,,1.0,1.0,1.0,1.0,1.0,1.0,1.0,,,,1.0,0.007445282617717585,0.004770739244322073
steep,2.0,S0steep,S1steepgrid,a4_LATENT30,latent,3.5,0.004710962424256345,2.277263825686351,0.6506468073389574,0.6493008180748842,0.002513970556128897,-0.0005024578930895548,2.4360301394752386,0.6960086112786396,0.6961521706766652,0.003212581833965071,0.004050827305638338,2.363225370964652,0.6752072488470434,0.674049869616861,0.002632284334625363,-0.0003596402827612903,2.446167532804372,0.6989050093726777,0.699007763739181,0.0037354205144816163,-0.0005903666147844685,2.437663596397042,0.6964753132562977,0.6966439894319505,0.003386353459166124,-0.0003069554602437807,2.434980119726922,0.6957086056362635,0.6957963071963331,0.003623312054332098,0.008576887401533027,2.8159445586459584,0.8045555881845595,0.8021050489269788,0.0029739391348738223,2.2725528632620944,0.6493008180748842,1.0721566203176687,0.0030833110686026366,1.0697180151013186,-0.10665716425638247,,,,,,,,,,,,,,,,1.0,1.0,1.0,1.0,1.0,1.0,1.0,,,,1.0,0.006526269673785163,0.004066999398782774
steep,2.0,S0steep,S1steepgrid,a4_LATENT30,latent,4.0,0.004710962424256345,2.5919964067997965,0.6479991016999491,0.646821361093885,0.002135159757811922,-0.0005024578930895548,2.7681202724881344,0.6920300681220336,0.692155682595306,0.0027315745220828427,0.004050827305638338,2.695557111134757,0.6738892777836892,0.6728765709572796,0.0022760736101504024,-0.0003596402827612903,2.7799397658903486,0.6949849414725872,0.6950748515432775,0.0033031032555607977,-0.0005903666147844685,2.7651561886091582,0.6912890471522896,0.6914366388059857,0.0028020020402762334,-0.0003069554602437807,2.766135617963912,0.691533904490978,0.691610643356039,0.003093575205768535,0.008576887401533027,3.2235127277188216,0.8058781819297054,0.8037339600793222,0.0026048996229742598,2.58728544437554,0.646821361093885,1.0700878545890213,0.0027653660861107856,1.0679491164518198,-0.10665716425638247,,,,,,,,,,,,,,,,1.0,1.0,1.0,1.0,1.0,1.0,1.0,,,,1.0,0.005581157292933796,0.003654670228367809
permuted_within_protein,0.0,S0perm,S1perm,a1_SFE006_KR,basic,1.0,0.09001144353951109,0.9486059060846376,0.9486059060846376,0.8585944625451265,0.009683487148780355,-0.005106375661378864,0.7257081532478307,0.7257081532478307,0.7308145289092095,0.01307028587477905,-0.003566098547375636,0.8283124365521352,0.8283124365521352,0.8318785350995108,0.010125031010545205,-0.005618573571076211,0.8288865628282847,0.8288865628282847,0.8345051363993609,0.0148549115031017,-0.009457483660708269,0.7888686238958271,0.7888686238958271,0.7983261075565354,0.012887431746653745,-0.010543542536273376,0.8716510424588543,0.8716510424588543,0.8821945849951276,0.014441391462690243,0.025330841369658474,1.0282552044254285,1.0282552044254285,1.00292436305577,0.011362708224396188,0.8585944625451265,0.8585944625451265,0.8511754510305836,0.010295148735526212,0.7650259697867416,-0.05673029406685816,,,,,,,,,,,,,,,,1.0508402781094415,0.8814809436491505,1.0175776273357635,1.0107384661334549,0.9530462366167578,1.0579122348887648,1.0179437586660198,,,,0.8388343709426669,0.01988769892055318,0.012885209958450914
permuted_within_protein,0.0,S0perm,S1perm,a1b_SNO021_K,basic,1.0,0.09037402963439073,0.9127825787644512,0.9127825787644512,0.8224085491300606,0.009029970994009212,0.07864835174615806,0.833747901281466,0.833747901281466,0.755099549535308,0.011936772900047602,0.043272749039748974,0.8503061829655404,0.8503061829655404,0.8070334339257914,0.009172662818087691,0.0845538516057544,0.9091774033629082,0.9091774033629082,0.8246235517571538,0.013251413184125049,0.07508807110476094,0.844241860468357,0.844241860468357,0.7691537893635961,0.012173747761183872,0.08038953935369647,0.9127501351516,0.9127501351516,0.8323605957979034,0.013181538919095848,0.008229838191956362,1.0085992308277125,1.0085992308277125,1.0003693926357562,0.0107787132292433,0.8224085491300606,0.8224085491300606,0.9181562501192969,0.010321082294116291,0.9134134685283246,0.8702538999791306,,,,,,,,,,,,,,,,1.0065520640857768,0.9107726203348665,0.987186388667433,0.998770058428589,0.9182201576447652,0.9981521912637531,1.0153505260271147,,,,0.9048440243000206,0.019084378365843115,0.013299169414510623
permuted_within_protein,0.0,S0perm,S1perm,a2_SNO016_KRH,basic,1.0,-0.02891957323717626,0.770665195362667,0.770665195362667,0.7995847685998433,0.010518156584073034,-0.03594680379149328,0.5153426486821369,0.5153426486821369,0.5512894524736301,0.013243817414769118,-0.021581472740198268,0.6720158583469521,0.6720158583469521,0.6935973310871504,0.010675757324045613,-0.044202214767665886,0.7054385986488678,0.7054385986488678,0.7496408134165337,0.017367731608819558,-0.01251691765931922,0.6349493584523147,0.6349493584523147,0.6474662761116339,0.013862253518692576,-0.015312263354894167,0.7967012533744048,0.7967012533744048,0.812013516729299,0.01702447265618967,0.12460759453639347,1.1163914551988694,1.1163914551988694,0.9917838606624759,0.011946830533185052,0.7995847685998433,0.7995847685998433,0.6894696774164367,0.013151731238146861,0.668698485130916,1.2429921941338844,,,,,,,,,,,,,,,,0.9786178658977447,0.6649445619473305,0.8484281018377914,0.907952237625368,0.7729489139133037,0.9737523318029918,1.006636420548213,,,,0.6794731479149291,0.018407005894161516,0.014470107159711934
permuted_within_protein,0.0,S0perm,S1perm,a2b_PERS009_AKRV,basic,1.0,0.10874374257925458,0.9387004554566397,0.9387004554566397,0.8299567128773851,0.008227373157686924,0.03625207205245623,0.6866881786863153,0.6866881786863153,0.6504361066338591,0.009944616055370378,0.05611636903039265,0.8465004102443092,0.8465004102443092,0.7903840412139166,0.008537042615886148,0.043879355310258446,0.8663671395672989,0.8663671395672989,0.8224877842570405,0.012566437748831797,0.04572857204472774,0.7543079706777696,0.7543079706777696,0.7085793986330419,0.010569467503679948,0.05506077565238602,0.9018506050389358,0.9018506050389358,0.8467898293865498,0.012801203078002586,0.020773146160218157,0.9994211839648883,0.9994211839648883,0.9786480378046701,0.009546639975166261,0.8299567128773851,0.8299567128773851,0.7836988321702414,0.009225897783936118,0.7315306759409947,0.3333715687230004,,,,,,,,,,,,,,,,1.0157903189749844,0.7845315198027784,0.9668203750999543,0.9961832530598451,0.8459061063132804,1.0154554744771511,0.9933038808417245,,,,0.7723360866388596,0.016134114969811986,0.011668344821253368
permuted_within_protein,0.0,S0perm,S1perm,a3_SNO006_DE3,acidic,1.0,-0.021531699607799944,0.7786912647818787,0.7786912647818787,0.8002229643896787,0.011711938445597456,0.011113072787636563,0.7758698115672873,0.7758698115672873,0.7647567387796508,0.015829912585647133,-0.002969575376499245,0.7908818307056734,0.7908818307056734,0.7938514060821726,0.011802172637985803,0.011373435922969265,0.8022868202498864,0.8022868202498864,0.7909133843269172,0.016442216934377918,0.013609272531642314,0.7765777373997415,0.7765777373997415,0.7629684648680991,0.015446865652815063,0.013694036496382461,0.8046386926943022,0.8046386926943022,0.7909446561979198,0.016086189542797846,-0.014435875103037996,0.9745319347080755,0.9745319347080755,0.9889678098111135,0.01354780038941398,0.8002229643896787,0.8002229643896787,0.9556795703344035,0.014131418426841775,0.9963766728327411,-0.5161261298486074,,,,,,,,,,,,,,,,0.9793989585678405,0.9224207580652526,0.9710617550212733,0.9579408754369174,0.91083608216873,0.948486924702999,1.0037781976414564,,,,0.9418232988669845,0.022924205814414716,0.016537254991609972
permuted_within_protein,0.0,S0perm,S1perm,a3b_SFE002_E,acidic,1.0,0.0006840393575400292,0.8209782054181892,0.8209782054181892,0.8202941660606492,0.008167977271375585,0.032331389259883075,0.7944302328747952,0.7944302328747952,0.7620988436149121,0.011281296949105154,0.022959324508502212,0.8236160552634554,0.8236160552634554,0.8006567307549531,0.008174352599402473,0.03534686868847247,0.8597611728097172,0.8597611728097172,0.8244143041212447,0.012306826700203147,0.03389208264145461,0.7936990904471577,0.7936990904471577,0.7598070078057031,0.010983544568249801,0.03636265646971279,0.8603838467911811,0.8603838467911811,0.8240211903214683,0.012052568052723698,-0.021011089710275654,0.9685305165611986,0.9685305165611986,0.9895416062714743,0.009397963279437954,0.8202941660606492,0.8202941660606492,0.9290555451281433,0.010077882951539113,0.967662999616572,47.265393289875256,,,,,,,,,,,,,,,,1.0039642546022356,0.9192149050816901,0.979386222887185,0.9985166212412837,0.907061916790669,0.9881517228463824,1.0043605870489578,,,,0.9155852918746369,0.01857404710843284,0.013183433711349817
permuted_within_protein,0.0,S0perm,S1perm,a4_LATENT30,latent,1.0,0.008757219704919269,0.8258123711212858,0.8258123711212858,0.8170551514163665,0.008738983833609403,0.006465571505363298,0.8355413832679943,0.8355413832679943,0.829075811762631,0.011403118314327207,0.008182416475899902,0.8256910887897235,0.8256910887897235,0.8175086723138236,0.008728617156467292,0.006608485016724777,0.8322475245515824,0.8322475245515824,0.8256390395348576,0.01154083154097999,0.0007213367991599179,0.8383786055488197,0.8383786055488197,0.8376572687496598,0.011243753360163318,0.0005555443151388823,0.8344570305645033,0.8344570305645033,0.8339014862493643,0.011240410056346604,0.013125737698912853,0.9983710958217111,0.9983710958217111,0.9852453581227982,0.010264316341247588,0.8170551514163665,0.8170551514163665,1.0147121774159635,0.009608288238170769,1.0117811411973625,0.738313268734292,,,,,,,,,,,,,,,,1.0,1.0,1.0,1.0,1.0,1.0,1.0,,,,1.0,0.019451109711163126,0.013391158438853306
permuted_within_protein,0.0,S0perm,S1permgrid,a1_SFE006_KR,basic,0.25,0.09001144353951109,0.29943514114802866,1.1977405645921146,0.8376947904340704,0.03656607046812025,-0.005106375661378864,0.1663100081131318,0.6652400324525272,0.6856655350980426,0.04837488793993109,-0.003566098547375636,0.1900840710970042,0.7603362843880168,0.7746006785775194,0.03678684134864697,-0.005618573571076211,0.1882221232752462,0.7528884931009848,0.7753627873852896,0.05452483958366954,-0.009457483660708269,0.18772965983475198,0.7509186393390079,0.788748573981841,0.048522018353493575,-0.010543542536273376,0.20993485815287927,0.8397394326115171,0.8819136027566106,0.05446339258759452,0.025330841369658474,0.26815293230458037,1.0726117292183215,0.9712883637396876,0.04241181764823833,0.2094236976085176,0.8376947904340704,0.8185147417984414,0.04165547059643157,0.5554124591906694,-0.05673029406685816,,,,,,,,,,,,,,,,1.0382615230743268,0.874795215925935,0.9590968421390157,0.9896490284367686,1.016965282113844,1.1393542219542354,0.9976986522349351,,,,0.8425576759655288,0.0817760139939897,0.05580437123647045
permuted_within_protein,0.0,S0perm,S1permgrid,a1_SFE006_KR,basic,0.5,0.09001144353951109,0.5082993556648224,1.0165987113296449,0.8365758242506227,0.0191732273258143,-0.005106375661378864,0.34825305907200915,0.6965061181440183,0.706718869466776,0.024797742591831387,-0.003566098547375636,0.3922359702741531,0.7844719405483062,0.7916041376430575,0.019037143258658937,-0.005618573571076211,0.39713220670309085,0.7942644134061817,0.8055015605483341,0.028274389836039717,-0.009457483660708269,0.3746084526807084,0.7492169053614168,0.7681318726828333,0.024114879995128735,-0.010543542536273376,0.41767218220957203,0.8353443644191441,0.8564314494916908,0.027148502707305313,0.025330841369658474,0.5185196294128919,1.0370392588257837,0.9863775760864668,0.021219136115992937,0.41828791212531136,0.8365758242506227,0.8447756305889328,0.02106600259964866,0.6851337803025873,-0.05673029406685816,,,,,,,,,,,,,,,,1.0383231900015795,0.8650369913937823,0.9811302225171871,0.9864394687026001,0.9262892994528873,1.0299545056686654,1.025349268070518,,,,0.8331095748641292,0.03918094802821586,0.02650925847602118
permuted_within_protein,0.0,S0perm,S1permgrid,a1_SFE006_KR,basic,0.75,0.09001144353951109,0.720555688115576,0.9607409174874347,0.8407256594347533,0.012297286791301723,-0.005106375661378864,0.534282959762924,0.7123772796838986,0.719185780565737,0.015047157190752255,-0.003566098547375636,0.6035612076944338,0.8047482769259117,0.8095030749890793,0.01254313913333841,-0.005618573571076211,0.6063992833949094,0.8085323778598793,0.8160238092879809,0.016903613898728784,-0.009457483660708269,0.573801375331184,0.7650685004415787,0.7776784786558565,0.015594733824222691,-0.010543542536273376,0.6365853173569986,0.8487804231426649,0.8628384798576961,0.017402988342561057,0.025330841369658474,0.7666071775882878,1.0221429034510503,0.9883684482915057,0.0139454080231491,0.630544244576065,0.8407256594347533,0.8554345552498881,0.013815619286366279,0.7414873944860536,-0.05673029406685816,,,,,,,,,,,,,,,,1.0087046779046236,0.850346280594776,0.9707343115470073,0.9660110298425755,0.9198087884243672,1.0238265414670276,1.0052092142813325,,,,0.8430081660384441,0.023801270599569248,0.017188569756647357
permuted_within_protein,0.0,S0perm,S1permgrid,a1_SFE006_KR,basic,1.0,0.09001144353951109,0.9303473648524117,0.9303473648524117,0.8403359213129006,0.01012500759049437,-0.005106375661378864,0.7122363299733239,0.7122363299733239,0.7173427056347027,0.012760742781966811,-0.003566098547375636,0.8125070173725846,0.8125070173725846,0.8160731159199602,0.0106227413870622,-0.005618573571076211,0.8112739914965843,0.8112739914965843,0.8168925650676605,0.014502726020683337,-0.009457483660708269,0.7690040782442287,0.7690040782442287,0.778461561904937,0.01320946624336862,-0.010543542536273376,0.8537039993095503,0.8537039993095503,0.8642475418458238,0.015021878821646392,0.025330841369658474,1.0060400855766174,1.0060400855766174,0.9807092442069589,0.011467095052333056,0.8403359213129006,0.8403359213129006,0.8536380362200402,0.010303629878158166,0.7655595714900655,-0.05673029406685816,,,,,,,,,,,,,,,,1.031854901747007,0.8651835223571862,1.0015229864603403,0.9851845085710356,0.9222105377477552,1.0248165153475013,1.0057604471956192,,,,0.8384740149921914,0.01951345205039776,0.01287173188609708
permuted_within_protein,0.0,S0perm,S1permgrid,a1_SFE006_KR,basic,1.25,0.09001144353951109,1.1577251272819533,0.9261801018255627,0.8541709469939537,0.007988504325476693,-0.005106375661378864,0.9188458933434369,0.7350767146747496,0.7391618152038526,0.009690794134635349,-0.003566098547375636,1.0407610031935601,0.8326088025548481,0.8354616813927486,0.008287206733766653,-0.005618573571076211,1.0458985347748626,0.83671882781989,0.8412136866767511,0.01131029263968172,-0.009457483660708269,0.9799994950379207,0.7839995960303365,0.7915655829589032,0.010120008345139316,-0.010543542536273376,1.0805956359238373,0.8644765087390699,0.8729113427680886,0.011384082792018305,0.025330841369658474,1.2548927849337108,1.0039142279469686,0.9836495548512418,0.00911268777315048,1.0677136837424421,0.8541709469939537,0.8653558374996859,0.007771452590563933,0.7936649828968085,-0.05673029406685816,,,,,,,,,,,,,,,,1.0437520679995151,0.8945953048872033,1.0195059136836484,1.0191582567024913,0.9448536330278254,1.0423691512441224,0.9938689533186947,,,,0.8570955999175264,0.01578132359589959,0.010180006164470819
permuted_within_protein,0.0,S0perm,S1permgrid,a1_SFE006_KR,basic,1.5,0.09001144353951109,1.3861614632870112,0.9241076421913408,0.864100013165,0.006810891442314305,-0.005106375661378864,1.127449555515761,0.7516330370105074,0.7550372874514267,0.008685050378746085,-0.003566098547375636,1.2698439950562028,0.8465626633708019,0.8489400624023856,0.007015943938294084,-0.005618573571076211,1.2794941035940601,0.8529960690627068,0.8567417847767577,0.010061016684310737,-0.009457483660708269,1.1971246544172198,0.7980831029448132,0.804388092051952,0.0088680518591362,-0.010543542536273376,1.3162753646782173,0.8775169097854781,0.8845459381429938,0.010108382134993262,0.025330841369658474,1.526479842154166,1.0176532281027775,1.000766000523005,0.007654508662844005,1.2961500197475,0.864100013165,0.8737846035737211,0.007056974933355806,0.8133609145663555,-0.05673029406685816,,,,,,,,,,,,,,,,1.0517086267052203,0.9118528985344078,1.032002394767618,1.0348304163434843,0.9658759391854762,1.0636788943125353,1.004394390007805,,,,0.8670204611623746,0.013599533090961645,0.009055683253595148
permuted_within_protein,0.0,S0perm,S1permgrid,a1_SFE006_KR,basic,2.0,0.09001144353951109,1.8413825735683034,0.9206912867841517,0.8756855650143961,0.0056035396952127765,-0.005106375661378864,1.5480262225425987,0.7740131112712993,0.7765662991019888,0.006572920596757544,-0.003566098547375636,1.7291025365473387,0.8645512682736693,0.8663343175473571,0.005794991655015716,-0.005618573571076211,1.7435480036720086,0.8717740018360043,0.8745832886215424,0.007764020096711771,-0.009457483660708269,1.6428591591471684,0.8214295795735842,0.8261583214039383,0.00652744504696932,-0.010543542536273376,1.7895215927536867,0.8947607963768434,0.9000325676449801,0.0076207745821410995,0.025330841369658474,2.0179118433324477,1.0089559216662238,0.9962905009813946,0.006124037298589682,1.7513711300287922,0.8756855650143961,0.8868095240204424,0.004788041650411446,0.8406869081761607,-0.05673029406685816,,,,,,,,,,,,,,,,1.0804199714392346,0.9469020444499412,1.0678712990495056,1.0689462634248337,0.9991215720589339,1.089713754585412,1.0046378962800575,,,,0.8764203453112466,0.010623272596984873,0.006393415686281852
permuted_within_protein,0.0,S0perm,S1permgrid,a1_SFE006_KR,basic,2.5,0.09001144353951109,2.2913772908269583,0.9165509163307833,0.8805463389149789,0.005006950740601498,-0.005106375661378864,1.9631730507235587,0.7852692202894235,0.787311770553975,0.005688175601095118,-0.003566098547375636,2.1865030476363803,0.8746012190545521,0.8760276584735024,0.0052042824181653975,-0.005618573571076211,2.1763584061310386,0.8705433624524155,0.8727907918808459,0.006540556397621439,-0.009457483660708269,2.0628038974550624,0.825121558982025,0.8289045524463082,0.005689680758044132,-0.010543542536273376,2.225604874989084,0.8902419499956336,0.894459367010143,0.006508196489799102,0.025330841369658474,2.498747530323287,0.9994990121293148,0.9893666755814513,0.005399191441423338,2.2013658472874473,0.8805463389149789,0.8941173630045538,0.003912723431054311,0.8567655176573079,-0.05673029406685816,,,,,,,,,,,,,,,,1.0860449961496548,0.962784628332681,1.0793644881689741,1.0646585244214055,1.0091939940075738,1.0880015911128293,0.9911955585104648,,,,0.8865052845379633,0.008938981762793799,0.005185954306104386
permuted_within_protein,0.0,S0perm,S1permgrid,a1_SFE006_KR,basic,3.0,0.09001144353951109,2.769203255070685,0.9230677516902284,0.893063937177058,0.004471765089618594,-0.005106375661378864,2.410522498227009,0.8035074994090029,0.8052096246294626,0.005212163719343539,-0.003566098547375636,2.671452959375961,0.890484319791987,0.8916730193077789,0.004731061126832205,-0.005618573571076211,2.67141240683212,0.8904708022773734,0.8923436601343987,0.006415721300395136,-0.009457483660708269,2.5371787091496922,0.8457262363832307,0.8488787309368001,0.005223096114502521,-0.010543542536273376,2.728766351665286,0.9095887838884287,0.9131032980671865,0.006127515348772489,0.025330841369658474,3.0041635763215457,1.0013878587738485,0.9929442449839624,0.004804065246767201,2.679191811531174,0.893063937177058,0.9016259543238307,0.0031756987822434087,0.8704751064455466,-0.05673029406685816,,,,,,,,,,,,,,,,1.109877141850347,0.9910558527866483,1.1067369733304178,1.0992614526255235,1.0455675570778982,1.1267738104069676,0.9987274520333963,,,,0.8929419441276137,0.007955197352170441,0.004251223561398633
permuted_within_protein,0.0,S0perm,S1permgrid,a1b_SNO021_K,basic,0.25,0.09037402963439073,0.3033792473103325,1.21351698924133,0.8520208707037671,0.03521645642839896,0.07864835174615806,0.26767076693604364,1.0706830677441745,0.7560896607595423,0.044116316025159884,0.043272749039748974,0.25143040171670533,1.0057216068668213,0.8326306107078254,0.03478039724331916,0.0845538516057544,0.2866160623398503,1.1464642493594013,0.8082488429363837,0.04729955052642465,0.07508807110476094,0.274973334052194,1.099893336208776,0.7995410517897321,0.04549155770417223,0.08038953935369647,0.29314717593313816,1.1725887037325526,0.8510305463177668,0.04882247294378768,0.008229838191956362,0.2650192172761395,1.060076869104558,1.0271575163367324,0.04343687091707077,0.21300521767594177,0.8520208707037671,0.8874074412461448,0.03638650970484928,0.8822975510326784,0.8702538999791306,,,,,,,,,,,,,,,,1.056017653457796,0.9646446907221821,1.0309484764003303,1.0316237703959612,1.030880458128935,1.0994560498085015,1.0550869421892852,,,,0.9134740196469019,0.08165639712797433,0.05387176247964501
permuted_within_protein,0.0,S0perm,S1permgrid,a1b_SNO021_K,basic,0.5,0.09037402963439073,0.5035298445035677,1.0070596890071355,0.826311629738354,0.017812702241399768,0.07864835174615806,0.45658254219376815,0.9131650843875363,0.7558683808952202,0.023043998892165893,0.043272749039748974,0.44619269644285153,0.8923853928857031,0.8058398948062051,0.01784304684422689,0.0845538516057544,0.49289731163792283,0.9857946232758457,0.8166869200643369,0.02494687956186606,0.07508807110476094,0.4681054610504628,0.9362109221009256,0.7860347798914037,0.02341857870488829,0.08038953935369647,0.5022742882835398,1.0045485765670796,0.8437694978596867,0.025210063155498987,0.008229838191956362,0.5087640709661068,1.0175281419322135,1.0010684655483009,0.021983038852781477,0.413155814869177,0.826311629738354,0.9147497792504273,0.019832983153726138,0.9067636152608092,0.8702538999791306,,,,,,,,,,,,,,,,1.025583697800353,0.9251969040994024,0.9987743086569661,1.000137369040251,0.9478783936776547,1.0147270941324804,1.0406205932934223,,,,0.9021174050287093,0.03870133242478396,0.02646643894362753
permuted_within_protein,0.0,S0perm,S1permgrid,a1b_SNO021_K,basic,0.75,0.09037402963439073,0.7114225033091717,0.9485633377455622,0.8280646315663747,0.011782091502262783,0.07864835174615806,0.650759097745839,0.8676787969944519,0.7628143279995746,0.015517208475662287,0.043272749039748974,0.6515839507625177,0.8687786010166904,0.811081602297025,0.011794091627029648,0.0845538516057544,0.7037014273552309,0.9382685698069745,0.8255301009993019,0.017016746565548992,0.07508807110476094,0.6672169821991077,0.8896226429321437,0.7895052147924625,0.015717159443780177,0.08038953935369647,0.7159837602118165,0.9546450136157554,0.84745896114416,0.016956771975772892,0.008229838191956362,0.7595062249101892,1.0126749665469188,1.0017018489576437,0.014422053413673613,0.621048473674781,0.8280646315663747,0.9212014363620723,0.012858703050698037,0.9147294255085301,0.8702538999791306,,,,,,,,,,,,,,,,0.9935139460712442,0.9019315232965058,0.9726272390316343,0.9772646017868181,0.9337970060945134,1.005577518247173,1.0187698021678386,,,,0.9078196907684162,0.024856253160947743,0.016977484019048403
permuted_within_protein,0.0,S0perm,S1permgrid,a1b_SNO021_K,basic,1.0,0.09037402963439073,0.9049932001205758,0.9049932001205758,0.8146191704861852,0.008884967799094354,0.07864835174615806,0.8179445439795038,0.8179445439795038,0.7392961922333458,0.01141485955012717,0.043272749039748974,0.8417392362226229,0.8417392362226229,0.7984664871828739,0.008849700386147338,0.0845538516057544,0.8906758144044179,0.8906758144044179,0.8061219627986635,0.01244309176430133,0.07508807110476094,0.8417245857800517,0.8417245857800517,0.7666365146752908,0.011685735133937706,0.08038953935369647,0.905463464004942,0.905463464004942,0.8250739246512455,0.012720776457325793,0.008229838191956362,1.003678624064006,1.003678624064006,0.9954487858720498,0.010519961963884075,0.8146191704861852,0.8146191704861852,0.9075359616102764,0.009761996154582165,0.903812916904266,0.8702538999791306,,,,,,,,,,,,,,,,1.0002771068146015,0.8916615149738807,0.9799153105667571,0.9721950030263046,0.9082019036697166,0.9783648126545864,1.0208764952028224,,,,0.8914144979418662,0.01850368319206565,0.012784203329170758
permuted_within_protein,0.0,S0perm,S1permgrid,a1b_SNO021_K,basic,1.25,0.09037402963439073,1.0998389116990612,0.8798711293592489,0.8075719056517364,0.006916353304216969,0.07864835174615806,1.004275627022775,0.8034205016182201,0.7405018202212936,0.00907524550156109,0.043272749039748974,1.0374707712825475,0.829976617026038,0.7953584177942388,0.006963636937425283,0.0845538516057544,1.091915132847013,0.8735321062776104,0.8058890249930067,0.009840255186185344,0.07508807110476094,1.0305713057496189,0.824457044599695,0.7643865877158864,0.008972091550937695,0.08038953935369647,1.10949763753561,0.887598110028488,0.8232864785455309,0.009877077318227229,0.008229838191956362,1.2400581720155146,0.9920465376124117,0.9854626670588467,0.008368123168325413,1.0094648820646706,0.8075719056517364,0.9169484661847974,0.00817917462901934,0.9131115623753869,0.8702538999791306,,,,,,,,,,,,,,,,0.9868104851244441,0.8962170907701732,0.9705682839786725,0.9763612585195025,0.9124113781467872,0.9831106388776324,0.9957009024342454,,,,0.9081957521531133,0.015249079670674067,0.01074535142652069
permuted_within_protein,0.0,S0perm,S1permgrid,a1b_SNO021_K,basic,1.5,0.09037402963439073,1.3117972291390911,0.8745314860927275,0.8142821330031337,0.005975945782793426,0.07864835174615806,1.2013922215341166,0.8009281476894111,0.7484959131919724,0.007852962078185815,0.043272749039748974,1.2476203185123829,0.8317468790082553,0.8028983796484227,0.00604238339933216,0.0845538516057544,1.3185764437036418,0.8790509624690945,0.8226817280652582,0.008797840491325789,0.07508807110476094,1.2242904619327737,0.8161936412885158,0.7661349272186752,0.00774749263048731,0.08038953935369647,1.3284814986130669,0.8856543324087113,0.8320613061729136,0.008429171540685386,0.008229838191956362,1.513923069080831,1.0092820460538874,1.0037954872592498,0.00715757425999529,1.2214231995047005,0.8142821330031337,0.9192095501733082,0.006872510617796339,0.9158368342663513,0.8702538999791306,,,,,,,,,,,,,,,,0.9910745640595146,0.9039529296480823,0.9760324518169233,0.9936903864141305,0.91994312158756,1.000565388393852,1.007434860488314,,,,0.9120937641113747,0.012789985837224786,0.009110043732117675
permuted_within_protein,0.0,S0perm,S1permgrid,a1b_SNO021_K,basic,2.0,0.09037402963439073,1.679316012686767,0.8396580063433835,0.7944709915261882,0.004525672073760474,0.07864835174615806,1.5390709578207986,0.7695354789103993,0.7302113030373203,0.005702775548754853,0.043272749039748974,1.6203726346638863,0.8101863173319431,0.7885499428120687,0.00452259166002657,0.0845538516057544,1.6946364044110385,0.8473182022055192,0.805041276402642,0.006486730952601484,0.07508807110476094,1.5819146343429735,0.7909573171714868,0.7534132816191063,0.005788479508330847,0.08038953935369647,1.7118748885443813,0.8559374442721907,0.8157426745953424,0.006594294495791521,0.008229838191956362,1.9895178592971987,0.9947589296485994,0.9906440105526212,0.005344302454667268,1.5889419830523763,0.7944709915261882,0.919116381624678,0.005015857655503848,0.9164867995026214,0.8702538999791306,,,,,,,,,,,,,,,,0.9802175121613582,0.8903793230868565,0.9719917989397973,0.9839495854873876,0.9111467412955038,0.9876598299490376,0.998944096871009,,,,0.9083487206054802,0.009557264484208532,0.0066654743097200415
permuted_within_protein,0.0,S0perm,S1permgrid,a1b_SNO021_K,basic,2.5,0.09037402963439073,2.0757525752247155,0.8303010300898862,0.7941514182361299,0.0035465959549522835,0.07864835174615806,1.9144423235171382,0.7657769294068553,0.734317588708392,0.004605725675931946,0.043272749039748974,2.0182733697480115,0.8073093478992046,0.7900002482833051,0.0036154140290910303,0.0845538516057544,2.095869189503676,0.8383476758014703,0.8045261351591686,0.005473858610823392,0.07508807110476094,1.9545424001665956,0.7818169600666383,0.7517817316247338,0.004624035373381777,0.08038953935369647,2.1117754110931015,0.8447101644372406,0.8125543486957619,0.005419247457165959,0.008229838191956362,2.493101889800119,0.9972407559200477,0.9939488206432652,0.004351557619834947,1.9853785455903248,0.7941514182361299,0.9246569002412244,0.004117832574145295,0.9222883046693972,0.8702538999791306,,,,,,,,,,,,,,,,0.9794875474960979,0.8979793179330998,0.973369054497112,0.9813870814003192,0.915296708313638,0.9883740467739018,0.9957861738463325,,,,0.9167848230726763,0.007690379228095203,0.00541629599011411
permuted_within_protein,0.0,S0perm,S1permgrid,a1b_SNO021_K,basic,3.0,0.09037402963439073,2.4427906184643176,0.8142635394881058,0.7841388629433089,0.003007208145431557,0.07864835174615806,2.231484631200772,0.7438282104002574,0.717612093151538,0.004032069769740669,0.043272749039748974,2.391934716524871,0.797311572174957,0.7828873224950407,0.0030915033584487024,0.0845538516057544,2.456745077124612,0.8189150257082041,0.790730408506286,0.004853968593265291,0.07508807110476094,2.2955707813762034,0.7651902604587345,0.7401609034238142,0.003988099212092763,0.08038953935369647,2.485308063790052,0.8284360212633507,0.8016395081454518,0.004664709212880496,0.008229838191956362,2.9775653885223345,0.9925217961741115,0.9897785167767927,0.0037930577820197357,2.352416588829927,0.7841388629433089,0.9151594533370543,0.0034722712607368617,0.9134981174127872,0.8702538999791306,,,,,,,,,,,,,,,,0.9745078306132031,0.8832403925568858,0.9717130910045437,0.9740859898739882,0.9116593447727981,0.9892269637814357,0.9955432856694251,,,,0.9063450952478361,0.0064966124667473904,0.004500461567202203
permuted_within_protein,0.0,S0perm,S1permgrid,a2_SNO016_KRH,basic,0.25,-0.02891957323717626,0.18186896106886358,0.7274758442754543,0.8431541372241593,0.04382425972270355,-0.03594680379149328,0.11062117664389781,0.44248470657559125,0.5862719217415644,0.05556510484915037,-0.021581472740198268,0.1425687005039905,0.570274802015962,0.6566006929767552,0.04117164376760616,-0.044202214767665886,0.13772495168348348,0.5508998067339339,0.7277086658045975,0.06878738079330933,-0.01251691765931922,0.16876553184116427,0.6750621273646571,0.725129798001934,0.055212581364901245,-0.015312263354894167,0.20652395857264141,0.8260958342905657,0.8873448877101423,0.0670827473528814,0.12460759453639347,0.37733652011064606,1.5093460804425842,1.0109157022970103,0.05255555596589246,0.21078853430603983,0.8431541372241593,0.6953318448649197,0.052790487629927836,0.6082465968561385,1.2429921941338844,,,,,,,,,,,,,,,,1.0450279847713508,0.7479854916404545,0.812991349732303,0.928824784752883,0.9349390337042551,1.1463709608083594,1.0384034972081364,,,,0.7157564223546717,0.08443852148391259,0.06223700920711096
permuted_within_protein,0.0,S0perm,S1permgrid,a2_SNO016_KRH,basic,0.5,-0.02891957323717626,0.3624385381846427,0.7248770763692854,0.782716222843638,0.02170239967073355,-0.03594680379149328,0.23847805042887926,0.4769561008577585,0.5488497084407451,0.028159478413642934,-0.021581472740198268,0.29418482678052776,0.5883696535610555,0.6315325990414521,0.020315067856987633,-0.044202214767665886,0.3076103499005143,0.6152206998010286,0.7036251293363603,0.03557599172292274,-0.01251691765931922,0.32329890278304757,0.6465978055660951,0.6716316408847336,0.02714626323952636,-0.015312263354894167,0.4032442691795307,0.8064885383590614,0.8371130650688497,0.033325184619037766,0.12460759453639347,0.6101502162276006,1.2203004324552011,0.9710852433824142,0.025582297085278836,0.391358111421819,0.782716222843638,0.7012116172151807,0.028834808578762926,0.6579820446891541,1.2429921941338844,,,,,,,,,,,,,,,,0.9714748882409967,0.6718022130570219,0.7827343112041545,0.861678775986318,0.8099197862375288,1.006721989989385,1.0094527366353625,,,,0.6915281302571004,0.03947475788949205,0.031550787652416874
permuted_within_protein,0.0,S0perm,S1permgrid,a2_SNO016_KRH,basic,0.75,-0.02891957323717626,0.5497709589535981,0.7330279452714641,0.7715873762543658,0.014245363542641628,-0.03594680379149328,0.3591217179392293,0.47882895725230573,0.5267580289742968,0.017875914315979007,-0.021581472740198268,0.4548736409959635,0.606498187994618,0.635273484981549,0.013699426428700543,-0.044202214767665886,0.4714926707295455,0.6286568943060606,0.6875931806629484,0.022768923580666834,-0.01251691765931922,0.46965952782027687,0.6262127037603692,0.6429019273061282,0.018078053661367117,-0.015312263354894167,0.5876568535835964,0.7835424714447953,0.8039588225846542,0.022315705576124552,0.12460759453639347,0.8398881754433133,1.1198509005910844,0.9537074412092265,0.01628593474531951,0.5786905321907744,0.7715873762543658,0.6826939439204132,0.01858869066109301,0.6532206041271452,1.2429921941338844,,,,,,,,,,,,,,,,0.9257523986638069,0.6228247871633023,0.7618028740606718,0.813974529915386,0.7604001641568213,0.953961141075329,0.9699576198424319,,,,0.6727768548720608,0.02410040558118815,0.020141623412298717
permuted_within_protein,0.0,S0perm,S1permgrid,a2_SNO016_KRH,basic,1.0,-0.02891957323717626,0.7617956345274531,0.7617956345274531,0.7907152077646294,0.010649782998301695,-0.03594680379149328,0.5053328146447484,0.5053328146447484,0.5412796184362417,0.013700877272003632,-0.021581472740198268,0.6588190756440143,0.6588190756440143,0.6804005483842126,0.010913369483027279,-0.044202214767665886,0.6926078263202601,0.6926078263202601,0.7368100410879259,0.01766386775964547,-0.01251691765931922,0.6377916346712764,0.6377916346712764,0.6503085523305956,0.013793933416113575,-0.015312263354894167,0.8061060494316896,0.8061060494316896,0.8214183127865838,0.017207207254891988,0.12460759453639347,1.110494679890257,1.110494679890257,0.9858870853538636,0.012616642961338057,0.7907152077646294,0.7907152077646294,0.6845443379879489,0.013914741359572805,0.663344329819125,1.2429921941338844,,,,,,,,,,,,,,,,0.9709252482544214,0.6528346955789638,0.8350192843184465,0.888603800891846,0.7703930792410771,0.9740300228736352,1.0110705509375595,,,,0.6723840962552606,0.01884127885657419,0.015082418684616298
permuted_within_protein,0.0,S0perm,S1permgrid,a2_SNO016_KRH,basic,1.25,-0.02891957323717626,0.9389729665012783,0.7511783732010227,0.7743140317907636,0.008216669784278288,-0.03594680379149328,0.6116533261963373,0.48932266095706983,0.5180801039902645,0.01037215443852283,-0.021581472740198268,0.8459518386000192,0.6767614708800154,0.694026649072174,0.008536280253893774,-0.044202214767665886,0.8683403305782934,0.6946722644626347,0.7300340362767674,0.01370682972102057,-0.01251691765931922,0.7654807691606186,0.6123846153284949,0.6223981494559502,0.010940696042825205,-0.015312263354894167,0.9695007122227074,0.7756005697781659,0.7878503804620813,0.01376160440248668,0.12460759453639347,1.3560843631345612,1.084867490507649,0.9851814148785341,0.009817495016893354,0.9678925397384546,0.7743140317907636,0.6690826753999221,0.010654273408929089,0.6514067476036378,1.2429921941338844,,,,,,,,,,,,,,,,0.9461711087305019,0.6270237707792633,0.8469140940175607,0.8844604260834078,0.7429266321875719,0.9407953501731503,0.9954167282497635,,,,0.6626959595295131,0.01457240462326206,0.011742689503457108
permuted_within_protein,0.0,S0perm,S1permgrid,a2_SNO016_KRH,basic,1.5,-0.02891957323717626,1.1162993418687683,0.7441995612458455,0.7634792767372964,0.006892034082666663,-0.03594680379149328,0.7358655444098422,0.49057702960656147,0.514541565467557,0.00862855718323415,-0.021581472740198268,1.0408046022764443,0.6938697348509629,0.7082573833444283,0.00730173255597603,-0.044202214767665886,1.0739294448081247,0.7159529632054165,0.7454211063838604,0.011803810030738845,-0.01251691765931922,0.8998581005546299,0.5999054003697533,0.6082500121426327,0.009130679004676491,-0.015312263354894167,1.1521775975590045,0.7681183983726697,0.7783265739425991,0.011611229391110768,0.12460759453639347,1.6088937959001088,1.072595863933406,0.989524134242477,0.00853883041732502,1.1452189151059446,0.7634792767372964,0.6739430671470658,0.009158660623322682,0.6592009121656817,1.2429921941338844,,,,,,,,,,,,,,,,0.9292416727483048,0.621408009492786,0.8609834169621854,0.9003698052049972,0.7303614480905305,0.9359486193824936,0.993111765079021,,,,0.6687259382749412,0.01197450151689635,0.01010952517437335
permuted_within_protein,0.0,S0perm,S1permgrid,a2_SNO016_KRH,basic,2.0,-0.02891957323717626,1.4635662897044268,0.7317831448522134,0.7462429314708016,0.005108728028926173,-0.03594680379149328,0.9630956962262056,0.4815478481131028,0.49952125000884945,0.006351094367392205,-0.021581472740198268,1.4051095623866,0.7025547811933,0.713345517563399,0.005459272401078902,-0.044202214767665886,1.4591958173161501,0.7295979086580751,0.751699016041908,0.008913185139280945,-0.01251691765931922,1.168640513468288,0.584320256734144,0.5905787155638036,0.006544540074913274,-0.015312263354894167,1.5066258044799015,0.7533129022399507,0.7609690339173978,0.00828298309407503,0.12460759453639347,2.0904078689794705,1.0452039344897353,0.9829001372215385,0.006174105210736277,1.4924858629416031,0.7462429314708016,0.6693815498182636,0.00695483973758238,0.6580471981359359,1.2429921941338844,,,,,,,,,,,,,,,,0.9207137800577533,0.6090886166790114,0.8792924268175815,0.9187528104779861,0.7142213779508154,0.9213426856798546,0.9911353416889264,,,,0.6615395901219217,0.00894924670143173,0.0076009649918340845
permuted_within_protein,0.0,S0perm,S1permgrid,a2_SNO016_KRH,basic,2.5,-0.02891957323717626,1.7918653185843505,0.7167461274337402,0.7283139567286108,0.004100544595651663,-0.03594680379149328,1.1487203415987262,0.45948813663949045,0.47386685815608776,0.005081845062361921,-0.021581472740198268,1.7509140155726133,0.7003656062290453,0.7089981953251245,0.004483446856347066,-0.044202214767665886,1.7911261793158268,0.7164504717263307,0.7341313576333971,0.007032141845847115,-0.01251691765931922,1.4066539928416129,0.5626615971366451,0.5676683642003728,0.005217435542385292,-0.015312263354894167,1.8378219782662335,0.7351287913064934,0.7412536966484511,0.006776817105427914,0.12460759453639347,2.5936283180383777,1.0374513272153512,0.9876082894007936,0.00520990319039138,1.8207848918215268,0.7283139567286108,0.6506354214116251,0.005541697143120154,0.6410751576498305,1.2429921941338844,,,,,,,,,,,,,,,,0.8982851820220186,0.5794803837213897,0.8735654254836255,0.8955172479135873,0.6911380834480684,0.9016454308791826,0.9894339218842971,,,,0.6450962292587228,0.007073763747625865,0.006038341466674467
permuted_within_protein,0.0,S0perm,S1permgrid,a2_SNO016_KRH,basic,3.0,-0.02891957323717626,2.073667769770474,0.6912225899234913,0.7008624476692167,0.0032942290281244373,-0.03594680379149328,1.3173499302527683,0.43911664341758944,0.45109891134808716,0.0040508388924180945,-0.021581472740198268,2.045583775380483,0.681861258460161,0.6890550827068939,0.003505088432095552,-0.044202214767665886,2.0839748911649485,0.6946582970549828,0.7093923686442047,0.006083193749140438,-0.01251691765931922,1.6333442174307973,0.5444480724769324,0.5486203783633722,0.004194634063803027,-0.015312263354894167,2.145138645100157,0.7150462150333857,0.7201503028183504,0.005476019112243692,0.12460759453639347,3.0744268647065986,1.0248089549021995,0.983273090056735,0.004219618885030318,2.10258734300765,0.7008624476692167,0.6436340152739793,0.004629147383091892,0.6352753075766715,1.2429921941338844,,,,,,,,,,,,,,,,0.8710140202370847,0.5552146951583384,0.8552493124497477,0.8738871809991232,0.6757380622972043,0.8886688970349745,0.9889999693801824,,,,0.6374348543863994,0.005639501007972454,0.0050186941412571325
permuted_within_protein,0.0,S0perm,S1permgrid,a2b_PERS009_AKRV,basic,0.25,0.10874374257925458,0.3235792870693232,1.2943171482772928,0.8593421779602746,0.03107426476104376,0.03625207205245623,0.2004721725271209,0.8018886901084836,0.6568804018986587,0.03702612078090175,0.05611636903039265,0.24884399826878587,0.9953759930751435,0.7709105169535728,0.030115156983451043,0.043879355310258446,0.24621308945253476,0.984852357810139,0.8093349365691053,0.04512881222962142,0.04572857204472774,0.22844450557191084,0.9137780222876434,0.7308637341087324,0.04101290889043622,0.05506077565238602,0.2750041366392636,1.1000165465570544,0.8797734439475103,0.049559059120457036,0.020773146160218157,0.2643890812253161,1.0575563249012645,0.9744637402603918,0.03493683927068469,0.21483554449006864,0.8593421779602746,0.7643991168428658,0.034868405469258366,0.6195457513452399,0.3333715687230004,,,,,,,,,,,,,,,,1.0650918791899362,0.838070172120122,0.9545277493685199,1.033010026643877,0.9423320283071299,1.1365893264279852,1.0009603703747956,,,,0.7868524664346541,0.06980773585176811,0.04899704933210938
permuted_within_protein,0.0,S0perm,S1permgrid,a2b_PERS009_AKRV,basic,0.5,0.10874374257925458,0.5198872803951864,1.0397745607903728,0.8222870756318637,0.015645097535219123,0.03625207205245623,0.35700157866612536,0.7140031573322507,0.6414990132273383,0.019500035922279,0.05611636903039265,0.4340638919989421,0.8681277839978842,0.7558950459370989,0.01563876541324979,0.043879355310258446,0.4439931262956228,0.8879862525912456,0.8002275419707288,0.024157402676692034,0.04572857204472774,0.39349580945977636,0.7869916189195527,0.6955344748300972,0.020786135274144215,0.05506077565238602,0.47371300111767317,0.9474260022353463,0.8373044509305743,0.025112019199912728,0.020773146160218157,0.5023869124164331,1.0047738248328661,0.9632275325124299,0.01755150332015136,0.4111435378159318,0.8222870756318637,0.7801399684342554,0.018461158407010982,0.6866903502519905,0.3333715687230004,,,,,,,,,,,,,,,,1.0205885882872037,0.7852066788636164,0.9368716500498061,0.9799807598205477,0.8387441848825928,1.0069521528713312,1.0012845682943763,,,,0.7693665085765702,0.032794489117430874,0.023721288952455722
permuted_within_protein,0.0,S0perm,S1permgrid,a2b_PERS009_AKRV,basic,0.75,0.10874374257925458,0.7332381829536078,0.9776509106048104,0.832659253832471,0.010380929336555869,0.03625207205245623,0.5237687849155325,0.6983583798873766,0.650022283817435,0.012718335566909747,0.05611636903039265,0.6434560261877561,0.8579413682503415,0.7831195428764847,0.010710497896528842,0.043879355310258446,0.6599584505252067,0.8799446007002757,0.8214387936199311,0.015934579101671034,0.04572857204472774,0.5877426198435309,0.7836568264580412,0.722685397065071,0.014178584212343097,0.05506077565238602,0.7080562895205731,0.9440750526940974,0.8706606851575828,0.017104310364168453,0.020773146160218157,0.7593043792946185,1.0124058390594912,0.9847083108458671,0.012341539797645499,0.6244944403743532,0.832659253832471,0.780658211417918,0.011904144309733002,0.7143228450074749,0.3333715687230004,,,,,,,,,,,,,,,,0.9990265849695646,0.7685691879406593,0.9390958895659131,0.9724213018610511,0.8547650445918634,1.033108210731649,1.0014867119167012,,,,0.7693180536973137,0.020744577889220173,0.015142598726106418
permuted_within_protein,0.0,S0perm,S1permgrid,a2b_PERS009_AKRV,basic,1.0,0.10874374257925458,0.9445836607917287,0.9445836607917287,0.8358399182124742,0.008068314268137996,0.03625207205245623,0.6805874252792132,0.6805874252792132,0.6443353532267571,0.009685281483109535,0.05611636903039265,0.855773176586622,0.855773176586622,0.7996568075562294,0.00822811716499384,0.043879355310258446,0.8672380341324367,0.8672380341324367,0.8233586788221783,0.012145184345476439,0.04572857204472774,0.760124947908276,0.760124947908276,0.7143963758635483,0.010401493911214848,0.05506077565238602,0.9152352350061775,0.9152352350061775,0.8601744593537916,0.012595522266712941,0.020773146160218157,1.0113100692444843,1.0113100692444843,0.9905369230842661,0.00920914122537888,0.8358399182124742,0.8358399182124742,0.7708836814168095,0.008817172827175849,0.7205157716879839,0.3333715687230004,,,,,,,,,,,,,,,,1.0263342251701963,0.7771297123468219,0.9813761272410371,0.9929827373394432,0.8463152173345505,1.019986692867136,1.0158391639620021,,,,0.7571897080777472,0.01589200692161195,0.011251232622691763
permuted_within_protein,0.0,S0perm,S1permgrid,a2b_PERS009_AKRV,basic,1.25,0.10874374257925458,1.1456130291978275,0.916490423358262,0.8294954292948583,0.0065005055649208845,0.03625207205245623,0.84732623004599,0.677860984036792,0.6488593263948269,0.007822545086053578,0.05611636903039265,1.0522122863308416,0.8417698290646733,0.7968767338403592,0.0066720011443993435,0.043879355310258446,1.0794821917328514,0.8635857533862812,0.8284822691380743,0.009948192151301691,0.04572857204472774,0.9359995213296333,0.7487996170637066,0.7122167594279245,0.007989887073249926,0.05506077565238602,1.1207263844978599,0.8965811075982879,0.8525324870763791,0.009672869836287082,0.020773146160218157,1.241041876051828,0.9928335008414624,0.976214983913288,0.007599864805997565,1.036869286618573,0.8294954292948583,0.7822337573896128,0.0073854499787424435,0.7396269145431231,0.3333715687230004,,,,,,,,,,,,,,,,1.0135998804098667,0.7853036980339675,0.9724210705544494,1.0037337224734668,0.85013877199322,1.0180341592810986,0.9863571426336432,,,,0.774766960032016,0.013249387377013495,0.009475011979618055
permuted_within_protein,0.0,S0perm,S1permgrid,a2b_PERS009_AKRV,basic,1.5,0.10874374257925458,1.3442951650809782,0.8961967767206521,0.8237009483344825,0.005509614374221834,0.03625207205245623,1.004963280585702,0.669975520390468,0.6458074723554973,0.006993212787910224,0.05611636903039265,1.2556583914940669,0.8371055943293779,0.7996946816424494,0.005819885309270274,0.043879355310258446,1.2790509184763317,0.8527006123175545,0.823447708777382,0.00900519183176278,0.04572857204472774,1.1041377772026393,0.7360918514684262,0.705606136771941,0.006769957564511368,0.05506077565238602,1.3230136922068778,0.8820091281379185,0.8453019443696612,0.008391733270958107,0.020773146160218157,1.4802182261553,0.9868121507702,0.972963386663388,0.006204981157360807,1.2355514225017237,0.8237009483344825,0.7840314784890262,0.006371830778431883,0.7475763557664545,0.3333715687230004,,,,,,,,,,,,,,,,1.002538340458545,0.7799368658338264,0.9721379200817611,0.994615589495529,0.8472626544123641,1.016487441494538,0.9764909746504098,,,,0.777962133076223,0.011231558711887883,0.008156027857391392
permuted_within_protein,0.0,S0perm,S1permgrid,a2b_PERS009_AKRV,basic,2.0,0.10874374257925458,1.779827440992255,0.8899137204961275,0.8355418492065002,0.0041949953360366265,0.03625207205245623,1.3631427273964924,0.6815713636982462,0.6634453276720181,0.00480816914506672,0.05611636903039265,1.6944667925206927,0.8472333962603463,0.81917521174515,0.004429080208957722,0.043879355310258446,1.7369816028363225,0.8684908014181613,0.846551123763032,0.006574681176532622,0.04572857204472774,1.4900674982454765,0.7450337491227382,0.7221694631003743,0.0053981970606126715,0.05506077565238602,1.7656960523215215,0.8828480261607607,0.8553176383345678,0.006738934452455807,0.020773146160218157,1.9836307448034913,0.9918153724017457,0.9814287993216366,0.004738459576017976,1.6710836984130004,0.8355418492065002,0.7940300396707607,0.004368332819272751,0.765884768377624,0.3333715687230004,,,,,,,,,,,,,,,,1.0308906951562362,0.8089685811499391,1.0097414817780535,1.0346843717661878,0.8733617644129714,1.0355751875418127,0.9896516762208541,,,,0.7847277940823165,0.008358165906443322,0.005784189755009174
permuted_within_protein,0.0,S0perm,S1permgrid,a2b_PERS009_AKRV,basic,2.5,0.10874374257925458,2.206939414608695,0.882775765843478,0.8392782688117763,0.0034278927144768554,0.03625207205245623,1.702130487465862,0.6808521949863449,0.6663513661653624,0.00407638712966179,0.05611636903039265,2.125563461058208,0.8502253844232832,0.8277788368111262,0.0036179678483186936,0.043879355310258446,2.1517995945415036,0.8607198378166014,0.8431680956924981,0.005574157511842536,0.04572857204472774,1.8656043732801069,0.7462417493120428,0.7279503204941516,0.004246745840626618,0.05506077565238602,2.2017832755431663,0.8807133102172665,0.8586889999563121,0.005467138502927836,0.020773146160218157,2.4725520644044665,0.9890208257617866,0.9807115672976993,0.003817556543635732,2.0981956720294406,0.8392782688117763,0.7939576073008082,0.003536785529477561,0.77126289747635,0.3333715687230004,,,,,,,,,,,,,,,,1.0351459360370854,0.8148650590617713,1.0199165196092668,1.0285237985436197,0.8862818875954629,1.044491267777128,0.9825244509211171,,,,0.7871982400678408,0.006886826804510246,0.004651458822842017
permuted_within_protein,0.0,S0perm,S1permgrid,a2b_PERS009_AKRV,basic,3.0,0.10874374257925458,2.6575298905411184,0.8858432968470394,0.8495953826539546,0.003154506962465791,0.03625207205245623,2.096073394859354,0.6986911316197847,0.6866071076022994,0.003441698561197023,0.05611636903039265,2.5836873314821833,0.8612291104940611,0.8425236541505968,0.0032534618091882195,0.043879355310258446,2.612734469320882,0.8709114897736273,0.856285038003541,0.004825876297215251,0.04572857204472774,2.2777001480314216,0.7592333826771406,0.743990525328898,0.0038044660386396824,0.05506077565238602,2.642781756130205,0.8809272520434016,0.862573660159273,0.004799997217637725,0.020773146160218157,2.9672711340875297,0.9890903780291765,0.9821659959757705,0.0035486895515931694,2.548786147961864,0.8495953826539546,0.8081577673568391,0.0028758532531065356,0.7887299414090722,0.3333715687230004,,,,,,,,,,,,,,,,1.0558555281157607,0.8450793082202717,1.0457331990125638,1.0548415109437823,0.9163763064233881,1.0644199970273616,0.9878864272490623,,,,0.800373995984439,0.005834018275018072,0.003832082139209577
permuted_within_protein,0.0,S0perm,S1permgrid,a3_SNO006_DE3,acidic,0.25,-0.021531699607799944,0.19764481239948647,0.7905792495979459,0.8767060480291456,0.04744806122052668,0.011113072787636563,0.20589618449835567,0.8235847379934227,0.7791324468428764,0.06247691949641248,-0.002969575376499245,0.21409125347220798,0.8563650138888319,0.8682433153948289,0.047876690021155535,0.011373435922969265,0.2115941637055211,0.8463766548220844,0.8008829111302073,0.06420195750157487,0.013609272531642314,0.20898119134567308,0.8359247653826923,0.7814876752561231,0.06078715922741273,0.013694036496382461,0.21565687089983293,0.8626274835993317,0.8078513376138019,0.06261316541990515,-0.014435875103037996,0.24003109657066474,0.960124386282659,1.017867886694811,0.055506004973817,0.2191765120072864,0.8767060480291456,0.8887043138283158,0.04755060512437181,1.0417484881019352,-0.5161261298486074,,,,,,,,,,,,,,,,1.0866131282057372,0.9940434543984444,1.0750434966474836,1.02222212335523,1.00760351314896,1.043672338588115,1.0455447183559616,,,,0.914808986377564,0.10034956838278351,0.06244592874453144
permuted_within_protein,0.0,S0perm,S1permgrid,a3_SNO006_DE3,acidic,0.5,-0.021531699607799944,0.3923656615379062,0.7847313230758124,0.8277947222914123,0.0255841504740946,0.011113072787636563,0.3881521313253817,0.7763042626507634,0.7540781170754902,0.03447096671902693,-0.002969575376499245,0.40854264480805313,0.8170852896161063,0.8230244403691047,0.025815734719819194,0.011373435922969265,0.4010995000142135,0.802199000028427,0.7794521281824885,0.03562895081211698,0.013609272531642314,0.3946121649648957,0.7892243299297914,0.7620057848665068,0.03221345513570405,0.013694036496382461,0.4084742283792647,0.8169484567585295,0.7895603837657645,0.03324533390569302,-0.014435875103037996,0.4831433203317708,0.9662866406635416,0.9951583908696177,0.02962300357020951,0.41389736114570613,0.8277947222914123,0.9109482058403711,0.027494133596930165,0.9892612156833265,-0.5161261298486074,,,,,,,,,,,,,,,,1.0274244507197174,0.9230055880113108,1.020073182943026,0.9545386140283066,0.9189018575388411,0.9495345777407951,1.0344770120797526,,,,0.8983683300166154,0.04979090585962465,0.03241096364725047
permuted_within_protein,0.0,S0perm,S1permgrid,a3_SNO006_DE3,acidic,0.75,-0.021531699607799944,0.5893091827107787,0.785745576947705,0.814454509758105,0.015566339679909185,0.011113072787636563,0.6023243011992967,0.803099068265729,0.7882816378822136,0.02166286525609506,-0.002969575376499245,0.602915341414734,0.8038871218863121,0.8078465557216443,0.015655259380328815,0.011373435922969265,0.6212154153122739,0.8282872204163652,0.8131226391857395,0.022338733849322213,0.013609272531642314,0.6006052764168132,0.8008070352224176,0.7826613385135611,0.021328563858514223,0.013694036496382461,0.6208597103774461,0.8278129471699281,0.8095542318414183,0.022107845960541075,-0.014435875103037996,0.7252817535576159,0.9670423380768213,0.9862901715475386,0.018550829917703144,0.6108408823185787,0.814454509758105,0.9678645380898379,0.018709057292967114,1.0220853821225888,-0.5161261298486074,,,,,,,,,,,,,,,,0.9771844890351838,0.9320433981703684,0.9687478582025781,0.9625766174071588,0.9257023272252937,0.9606005395736321,1.0030955258724465,,,,0.9538049453595143,0.030925121729955162,0.021928324497069072
permuted_within_protein,0.0,S0perm,S1permgrid,a3_SNO006_DE3,acidic,1.0,-0.021531699607799944,0.797177835627847,0.797177835627847,0.818709535235647,0.011902864228456682,0.011113072787636563,0.7944356037985938,0.7944356037985938,0.7833225310109573,0.01614059820484295,-0.002969575376499245,0.8095178172665553,0.8095178172665553,0.8124873926430545,0.011931112739648557,0.011373435922969265,0.8239792029064579,0.8239792029064579,0.8126057669834886,0.01672819602294281,0.013609272531642314,0.8005463169967824,0.8005463169967824,0.78693704446514,0.015744973519948944,0.013694036496382461,0.8302136919363917,0.8302136919363917,0.8165196554400093,0.016364351019018883,-0.014435875103037996,0.9939707349508324,0.9939707349508324,1.0084066100538704,0.013820673025806635,0.818709535235647,0.818709535235647,0.956777095292405,0.01395730584275232,0.9965600751718172,-0.5161261298486074,,,,,,,,,,,,,,,,1.0052996969593513,0.9447614664488204,0.997122419630175,0.9800145667151584,0.9322510840149208,0.9682212415827147,1.0341653135970332,,,,0.9397809124048916,0.023463994672790568,0.016352691379943766
permuted_within_protein,0.0,S0perm,S1permgrid,a3_SNO006_DE3,acidic,1.25,-0.021531699607799944,0.9696125093892115,0.7756900075113692,0.7929153671976092,0.009332847091969545,0.011113072787636563,0.9571713659447749,0.7657370927558199,0.7568466345257108,0.012446671245186225,-0.002969575376499245,0.9794136530044686,0.7835309224035749,0.7859065827047742,0.009377435954868308,0.011373435922969265,0.9891818446804195,0.7913454757443356,0.7822467270059602,0.012861543181399976,0.013609272531642314,0.9605783325566262,0.7684626660453009,0.7575752480199871,0.012499201724154939,0.013694036496382461,0.9943402087549749,0.7954721670039799,0.7845169378068739,0.013091472702342644,-0.014435875103037996,1.2314656482648056,0.9851725186118445,0.9967212186942749,0.010956776667973825,0.9911442089970115,0.7929153671976092,0.9545112452551201,0.0110565669275016,0.9871689532426994,-0.5161261298486074,,,,,,,,,,,,,,,,0.9689009643487183,0.9159989488629809,0.959034299855298,0.947717831073489,0.9042810106876562,0.9368147880919989,1.0070764221756026,,,,0.9453999764348492,0.018542188698021482,0.013188112913745758
permuted_within_protein,0.0,S0perm,S1permgrid,a3_SNO006_DE3,acidic,1.5,-0.021531699607799944,1.163340819608414,0.7755605464056093,0.7899150128108093,0.007646200517012786,0.011113072787636563,1.1297516137406722,0.7531677424937815,0.7457590273020238,0.010377731889910305,-0.002969575376499245,1.1732263968348131,0.7821509312232088,0.784130648140875,0.007677255757788846,0.011373435922969265,1.1729206764482323,0.7819471176321549,0.774364827016842,0.010843584584094089,0.013609272531642314,1.1443951580882756,0.7629301053921838,0.7538572570377555,0.01009665636499797,0.013694036496382461,1.1876537650517702,0.7917691767011802,0.7826398190369251,0.010592227157823583,-0.014435875103037996,1.4865465249035408,0.9910310166023605,1.0006549333377193,0.009112273199044507,1.184872519216214,0.7899150128108093,0.9441003338426723,0.009382705559225843,0.9711269429374548,-0.5161261298486074,,,,,,,,,,,,,,,,0.9614169895614374,0.9006476129793766,0.9532177152790633,0.9353299799103343,0.9052006032258643,0.9411353570916323,1.0042829201359702,,,,0.9367918632166243,0.01517166659135215,0.011187953396598149
permuted_within_protein,0.0,S0perm,S1permgrid,a3_SNO006_DE3,acidic,2.0,-0.021531699607799944,1.5027155935801353,0.7513577967900676,0.7621236465939676,0.0059800489761631685,0.011113072787636563,1.4677718446524808,0.7338859223262404,0.7283293859324221,0.007675862067434509,-0.002969575376499245,1.508049908178614,0.754024954089307,0.7555097417775567,0.005995431541837817,0.011373435922969265,1.5260621063757513,0.7630310531878757,0.757344335226391,0.008037477113486393,0.013609272531642314,1.4894261481829647,0.7447130740914824,0.7379084378256612,0.007661763637411128,0.013694036496382461,1.5471691950767588,0.7735845975383794,0.7667375792901882,0.008097971374446436,-0.014435875103037996,1.9783815993908456,0.9891907996954228,0.9964087372469418,0.007173278559068605,1.5242472931879352,0.7621236465939676,0.9556577717899497,0.007126577258373434,0.9767462658423588,-0.5161261298486074,,,,,,,,,,,,,,,,0.9403073904417769,0.8880846173338847,0.9312653938038811,0.9256527168981108,0.8923958269681991,0.9283269476528716,1.0047571231852286,,,,0.9444620199322724,0.011417855515400583,0.008430363751979324
permuted_within_protein,0.0,S0perm,S1permgrid,a3_SNO006_DE3,acidic,2.5,-0.021531699607799944,1.8297146836410974,0.731885873456439,0.7404985532995589,0.004472051447540509,0.011113072787636563,1.7782114290696587,0.7112845716278635,0.7068393425128089,0.00644467122370085,-0.002969575376499245,1.8288866996761042,0.7315546798704416,0.7327425100210414,0.0044935908314949905,0.011373435922969265,1.851310047275546,0.7405240189102184,0.7359746445410307,0.006917461285278136,0.013609272531642314,1.7981523003206652,0.719260920128266,0.7138172111156091,0.006312791711179208,0.013694036496382461,1.8678621122050882,0.7471448448820353,0.7416672302834824,0.006774806731673623,-0.014435875103037996,2.4824263064230805,0.9929705225692322,0.9987448726104473,0.005341795374151871,1.8512463832488972,0.7404985532995589,0.9545452038538506,0.006087083171197551,0.9718517564339877,-0.5161261298486074,,,,,,,,,,,,,,,,0.9133133748054744,0.8643768315482798,0.9028210886248328,0.8977657490864026,0.8690747808672112,0.9021484445089651,1.0005910915028349,,,,0.9464186722683028,0.009355045496084406,0.007065671642527653
permuted_within_protein,0.0,S0perm,S1permgrid,a3_SNO006_DE3,acidic,3.0,-0.021531699607799944,2.1357937586706037,0.7119312528902012,0.7191084860928013,0.0036683382986785387,0.011113072787636563,2.080365757346755,0.6934552524489184,0.6897508948530394,0.005316066238866962,-0.002969575376499245,2.1325018222650116,0.7108339407550038,0.7118237992138369,0.0036913517282401794,0.011373435922969265,2.1738697515928114,0.7246232505309371,0.7208321052232808,0.005887233463956907,0.013609272531642314,2.102411794805345,0.7008039316017817,0.6962675074245676,0.005123333272820953,0.013694036496382461,2.197011179632811,0.7323370598776037,0.7277723810454763,0.005504688464882516,-0.014435875103037996,2.996941553474171,0.9989805178247236,1.0037924761924029,0.0045696237082273015,2.157325458278404,0.7191084860928013,0.9591750176676774,0.005177417479487429,0.9740480553897914,-0.5161261298486074,,,,,,,,,,,,,,,,0.8936897326162813,0.8489486965875501,0.8835096498692592,0.8879795783695202,0.8575956615230855,0.8980745778000951,1.0096388666154406,,,,0.9499367236795354,0.007684441240099634,0.005962437475855684
permuted_within_protein,0.0,S0perm,S1permgrid,a3b_SFE002_E,acidic,0.25,0.0006840393575400292,0.20605355523747915,0.8242142209499166,0.8214780635197565,0.03384262105733466,0.032331389259883075,0.21333980143401846,0.8533592057360738,0.7240336486965415,0.04489873574364657,0.022959324508502212,0.2233286122225514,0.8933144488902056,0.8014771508561968,0.034033462168081,0.03534686868847247,0.23092451104877149,0.9236980441950859,0.782310569441196,0.04855293939988129,0.03389208264145461,0.22246639994455322,0.8898655997782129,0.7542972692123945,0.04569626892414648,0.03636265646971279,0.24054798112574297,0.9621919245029719,0.8167412986241207,0.049313144326289284,-0.021011089710275654,0.22892958292802054,0.9157183317120822,0.9997626905531848,0.038235549763998254,0.20536951587993912,0.8214780635197565,0.8813791637895984,0.03863146494415407,1.0353609341423002,47.265393289875256,,,,,,,,,,,,,,,,1.0181620742325699,0.9237465493413886,0.9923748141357013,0.9985169620973525,0.9725458282729591,1.0551573804090546,1.0269472240758895,,,,0.9072686684363627,0.08056467718059683,0.05532013809479474
permuted_within_protein,0.0,S0perm,S1permgrid,a3b_SFE002_E,acidic,0.5,0.0006840393575400292,0.43053886261837065,0.8610777252367413,0.8597096465216613,0.017218431115781176,0.032331389259883075,0.43107397390168517,0.8621479478033703,0.7974851692836042,0.02253608594065273,0.022959324508502212,0.44230387826851314,0.8846077565370263,0.8386891075200219,0.017291317014043562,0.03534686868847247,0.46465736372471,0.92931472744942,0.858620990072475,0.024218944101853226,0.03389208264145461,0.4315058114644308,0.8630116229288616,0.7952274576459524,0.023123572630331542,0.03636265646971279,0.4664457938731995,0.932891587746399,0.8601662748069734,0.024773539319983526,-0.021011089710275654,0.4960579446903962,0.9921158893807924,1.0341380688013437,0.019795691982853598,0.42985482326083063,0.8597096465216613,0.9276215202541767,0.01848328925028192,1.0012428872972354,47.265393289875256,,,,,,,,,,,,,,,,1.067035930008035,0.9761366242261929,1.0394882891010073,1.051490989896313,0.958963832702098,1.0344460503960848,1.07499677368615,,,,0.9148113917952533,0.039275444739664815,0.02567460848496337
permuted_within_protein,0.0,S0perm,S1permgrid,a3b_SFE002_E,acidic,0.75,0.0006840393575400292,0.6207556881455397,0.8276742508607197,0.8267621983839996,0.011637500169785339,0.032331389259883075,0.5949795056133869,0.7933060074845159,0.7501974884713384,0.015477166638107045,0.022959324508502212,0.6291837790188358,0.8389117053584477,0.8082992726804448,0.01160906619681936,0.03534686868847247,0.6430410699700468,0.8573880932933958,0.8102589350420991,0.016774833171560196,0.03389208264145461,0.6100534419775046,0.8134045893033394,0.7682151457813999,0.015312061870469873,0.03636265646971279,0.6597150127421,0.8796200169894667,0.8311364750298496,0.016620327378861374,-0.021011089710275654,0.7294509184895105,0.9726012246526806,1.0006160109330482,0.013497941990050855,0.6200716487879997,0.8267621983839996,0.9073921013051689,0.012747262111162339,0.95847612349851,47.265393289875256,,,,,,,,,,,,,,,,0.9919512835915439,0.887013705320103,0.9692907442012912,0.9591865572673987,0.9086159150395268,0.9862095891426269,1.017665462597482,,,,0.894210955711963,0.024634786079299115,0.01678288052418306
permuted_within_protein,0.0,S0perm,S1permgrid,a3b_SFE002_E,acidic,1.0,0.0006840393575400292,0.8259486287229919,0.8259486287229919,0.8252645893654519,0.008581412709775665,0.032331389259883075,0.7907267420147318,0.7907267420147318,0.7583953527548487,0.011165737842196276,0.022959324508502212,0.8290641316133451,0.8290641316133451,0.8061048071048429,0.008521625109133138,0.03534686868847247,0.8517842682266888,0.8517842682266888,0.8164373995382164,0.012109244292441272,0.03389208264145461,0.8097564668620003,0.8097564668620003,0.7758643842205457,0.011116325687334509,0.03636265646971279,0.8779779600482902,0.8779779600482902,0.8416153035785774,0.012225321808388697,-0.021011089710275654,0.9868065344068281,0.9868065344068281,1.0078176241171037,0.009624329752841856,0.8252645893654519,0.8252645893654519,0.9189723665933381,0.009765217600736627,0.9573558385069093,47.265393289875256,,,,,,,,,,,,,,,,1.013348698035598,0.9146969188948539,0.9892894129977212,0.984635572214384,0.9191337710245686,0.9979794224631903,1.0335612826238845,,,,0.9026477466917529,0.018498719125673524,0.012857285850782163
permuted_within_protein,0.0,S0perm,S1permgrid,a3b_SFE002_E,acidic,1.25,0.0006840393575400292,1.025217404141895,0.8201739233135161,0.819626691827484,0.006880085576230129,0.032331389259883075,0.9661772905814773,0.7729418324651818,0.7470767210572753,0.009259919418156138,0.022959324508502212,1.0245075279852742,0.8196060223882193,0.8012385627814176,0.006845567467595193,0.03534686868847247,1.0493434095472656,0.8394747276378125,0.8111972326870346,0.010175200071820623,0.03389208264145461,0.9858960249007027,0.7887168199205622,0.7616031538073985,0.009226681196982556,0.03636265646971279,1.0724307598693346,0.8579446078954677,0.8288544827196974,0.010198934395530542,-0.021011089710275654,1.2234205268596314,0.9787364214877051,0.9955452932559258,0.00785283502273919,1.024533364784355,0.819626691827484,0.9114841286971177,0.00787057823707876,0.942412103694402,47.265393289875256,,,,,,,,,,,,,,,,1.0015408011630644,0.9041745843757459,0.977743768769013,0.9827923280388683,0.909088927427168,0.989759556700999,1.0058882797331758,,,,0.9027835743943236,0.015475466888244027,0.010488641413043294
permuted_within_protein,0.0,S0perm,S1permgrid,a3b_SFE002_E,acidic,1.5,0.0006840393575400292,1.2354456171071344,0.8236304114047562,0.8231743851663963,0.005644163415878565,0.032331389259883075,1.1710357376859917,0.7806904917906611,0.7591362322840723,0.007614016487693804,0.022959324508502212,1.228509771812314,0.8190065145415426,0.8037002982025411,0.005605041407981806,0.03534686868847247,1.266160175550581,0.8441067837003873,0.820542204574739,0.00832983757079175,0.03389208264145461,1.1881221868186833,0.7920814578791222,0.7694867361181524,0.007588488402819556,0.03636265646971279,1.2909965110415305,0.8606643406943536,0.8364225697145451,0.008474551627846182,-0.021011089710275654,1.4807274830656048,0.9871516553770698,1.0011590485172537,0.006459929506749365,1.2347615777495944,0.8231743851663963,0.9222058484371094,0.006554695868188897,0.9478650629948714,47.265393289875256,,,,,,,,,,,,,,,,1.001897452809032,0.9168031636255486,0.977007293157214,0.9911061258775121,0.923967835032154,1.0058098689592223,1.004788863041682,,,,0.9150668674274962,0.01266103813393415,0.00888986063209245
permuted_within_protein,0.0,S0perm,S1permgrid,a3b_SFE002_E,acidic,2.0,0.0006840393575400292,1.6276655153652442,0.8138327576826221,0.8134907380038521,0.004558129416021445,0.032331389259883075,1.5228117864563433,0.7614058932281716,0.7452401985982301,0.005826948227836403,0.022959324508502212,1.6155596404108152,0.8077798202054076,0.7963001579511565,0.004517898524194468,0.03534686868847247,1.6540623050065388,0.8270311525032694,0.8093577181590332,0.00651661069770773,0.03389208264145461,1.553783585073928,0.776891792536964,0.7599457512162368,0.00578919226403186,0.03636265646971279,1.6873253809513904,0.8436626904756952,0.8254813622408388,0.006381016336950262,-0.021011089710275654,1.9678488265097605,0.9839244132548802,0.994429958110018,0.00532515583300589,1.6269814760077042,0.8134907380038521,0.9161016392477983,0.0048510875800218305,0.9355802971070675,47.265393289875256,,,,,,,,,,,,,,,,1.003684056280812,0.9087047280766256,0.9815449612015916,0.9892252914685271,0.9190468388000849,0.9994509386937763,1.0027617648962919,,,,0.9053692966329108,0.009760002930006261,0.006535334589110543
permuted_within_protein,0.0,S0perm,S1permgrid,a3b_SFE002_E,acidic,2.5,0.0006840393575400292,2.023786124951134,0.8095144499804536,0.8092408342374376,0.0035782131045789195,0.032331389259883075,1.8830711141247582,0.7532284456499033,0.7402958899459501,0.004523396960178113,0.022959324508502212,2.01008888846177,0.8040355553847081,0.7948518255813071,0.0035767674004231797,0.03534686868847247,2.0499734979221547,0.8199893991688618,0.8058506516934729,0.005355292321971099,0.03389208264145461,1.9293215520201181,0.7717286208080473,0.7581717877514654,0.004680226323101907,0.03636265646971279,2.1022391087155743,0.8408956434862297,0.8263505808983446,0.005479944815581312,-0.021011089710275654,2.4605346499356973,0.9842138599742789,0.9926182958583892,0.004070057007278001,2.023102085593594,0.8092408342374376,0.9148029345844174,0.0039584642372289675,0.9304694260467995,47.265393289875256,,,,,,,,,,,,,,,,0.9980984757559713,0.905290038730546,0.979346742754347,0.9830027696409631,0.9230766224731594,1.005155493915482,0.9944531895344422,,,,0.9070147492659667,0.007646324097370197,0.00527280106943652
permuted_within_protein,0.0,S0perm,S1permgrid,a3b_SFE002_E,acidic,3.0,0.0006840393575400292,2.426846732842475,0.8089489109474917,0.8087208978283117,0.002972727028169179,0.032331389259883075,2.25184113816418,0.7506137127213933,0.739836582968099,0.003821031752064202,0.022959324508502212,2.4109004661517712,0.803633488717257,0.7959803805477564,0.0029860044171700086,0.03534686868847247,2.4531708544729542,0.8177236181576514,0.8059413285948273,0.004508343687383701,0.03389208264145461,2.311402464091212,0.770467488030404,0.759170127149919,0.0038009419320298656,0.03636265646971279,2.5151041508093077,0.8383680502697692,0.8262471647798649,0.004483630959834679,-0.021011089710275654,2.9618531917859343,0.9872843972619781,0.9942880938320701,0.0034718092477879947,2.426162693484935,0.8087208978283117,0.9148231299015639,0.003337733913027143,0.9278876608440296,47.265393289875256,,,,,,,,,,,,,,,,1.0050577582088387,0.9105944007979518,0.9879640833830632,0.9928240376231954,0.9350730867937775,1.0195929290449888,1.0000791278628989,,,,0.9060120111114465,0.006387564523229624,0.004398786664013414
permuted_within_protein,0.0,S0perm,S1permgrid,a4_LATENT30,latent,0.25,0.008757219704919269,0.21046333416094484,0.8418533366437794,0.8068244578241023,0.03492785724264422,0.006465571505363298,0.20241587010533155,0.8096634804213262,0.783801194399873,0.048068155567947614,0.008182416475899902,0.21009129693107226,0.840365187724289,0.8076355218206894,0.03488105741984053,0.006608485016724777,0.2024766072261808,0.8099064289047232,0.783472488837824,0.0481389389142263,0.0007213367991599179,0.19461895254233547,0.7784758101693419,0.7755904629727022,0.04861434576399118,0.0005555443151388823,0.1940672691507964,0.7762690766031856,0.77404689934263,0.048294831964474025,0.013125737698912853,0.2565079357112871,1.0260317428451484,0.973528792049497,0.042908988496685466,0.20170611445602557,0.8068244578241023,0.9714643461772093,0.041178446962347265,0.9617631066822344,0.738313268734292,,,,,,,,,,,,,,,,1.0,1.0,1.0,1.0,1.0,1.0,1.0,,,,1.0,0.08672943854659472,0.05994570814747095
permuted_within_protein,0.0,S0perm,S1permgrid,a4_LATENT30,latent,0.5,0.008757219704919269,0.41160665632847676,0.8232133126569535,0.805698873247115,0.018579161740667767,0.006465571505363298,0.41495611959630807,0.8299122391926161,0.8169810961818895,0.023399570211395056,0.008182416475899902,0.4115968254277098,0.8231936508554196,0.8068288179036198,0.018584543839279218,0.006608485016724777,0.41489585900418197,0.8297917180083639,0.8165747479749144,0.02345964368498822,0.0007213367991599179,0.4153498298285679,0.8306996596571358,0.8292569860588159,0.024756480086393688,0.0005555443151388823,0.4163173302862968,0.8326346605725936,0.8315235719423159,0.02482422935773573,0.013125737698912853,0.49412163187973795,0.9882432637594759,0.9619917883616502,0.021729855480476987,0.4028494366235575,0.805698873247115,1.0140030268247802,0.02004154071281354,1.0081375342607635,0.738313268734292,,,,,,,,,,,,,,,,1.0,1.0,1.0,1.0,1.0,1.0,1.0,,,,1.0,0.040505208384024695,0.027951611520989208
permuted_within_protein,0.0,S0perm,S1permgrid,a4_LATENT30,latent,0.75,0.008757219704919269,0.6338601446619948,0.8451468595493264,0.8334705666094341,0.012035793516058414,0.006465571505363298,0.640782846400746,0.854377128534328,0.8457563665271769,0.015725034814874243,0.008182416475899902,0.6336133907599583,0.844817854346611,0.8339079657120778,0.012057602840669387,0.006608485016724777,0.6401601092313284,0.8535468123084379,0.8447354989528049,0.015627639429940682,0.0007213367991599179,0.6348301497743164,0.8464401996990886,0.8454784173002087,0.016090786256494603,0.0005555443151388823,0.6326243896549069,0.8434991862065425,0.8427584604530239,0.016013450803845166,0.013125737698912853,0.7505606176095589,1.0007474901460787,0.9832465065475281,0.01366667567025854,0.6251029249570755,0.8334705666094341,1.014740532431423,0.01262928460776295,1.0109214971110745,0.738313268734292,,,,,,,,,,,,,,,,1.0,1.0,1.0,1.0,1.0,1.0,1.0,,,,1.0,0.02629428329969261,0.01760105662929668
permuted_within_protein,0.0,S0perm,S1permgrid,a4_LATENT30,latent,1.0,0.008757219704919269,0.8231507162034575,0.8231507162034575,0.8143934964985382,0.00863919483458944,0.006465571505363298,0.8355875867748032,0.8355875867748032,0.8291220152694398,0.011495921390307912,0.008182416475899902,0.8230145540828346,0.8230145540828346,0.8148321376069347,0.008634442634773974,0.006608485016724777,0.835785718276843,0.835785718276843,0.8291772332601183,0.011558919603538472,0.0007213367991599179,0.8448469784407253,0.8448469784407253,0.8441256416415654,0.011668966816194717,0.0005555443151388823,0.8438748399187712,0.8438748399187712,0.8433192956036323,0.011846623439903281,0.013125737698912853,0.9882180143354509,0.9882180143354509,0.975092276636538,0.010581159909835146,0.8143934964985382,0.8143934964985382,1.018085260791284,0.00965699523967076,1.015108861993958,0.738313268734292,,,,,,,,,,,,,,,,1.0,1.0,1.0,1.0,1.0,1.0,1.0,,,,1.0,0.01960831776595047,0.013414449816413378
permuted_within_protein,0.0,S0perm,S1permgrid,a4_LATENT30,latent,1.25,0.008757219704919269,1.0317144108593783,0.8253715286875026,0.8183657529235673,0.007050427286160723,0.006465571505363298,1.0392814872129847,0.8314251897703878,0.8262527325660972,0.009752234339452912,0.008182416475899902,1.0325287078746463,0.826022966299717,0.8194770331189971,0.007049144094804971,0.006608485016724777,1.0383590511634833,0.8306872409307866,0.8254004529174068,0.009910618480290971,0.0007213367991599179,1.0479279560168584,0.8383423648134867,0.8377652953741588,0.009418544879292168,0.0005555443151388823,1.047343217528394,0.8378745740227153,0.8374301385706042,0.00967321498943417,0.013125737698912853,1.2502726869605225,1.000218149568418,0.9897175594092877,0.008512781278141042,1.022957191154459,0.8183657529235673,1.0096374751929125,0.0078478759711185,1.0073344680213425,0.738313268734292,,,,,,,,,,,,,,,,1.0,1.0,1.0,1.0,1.0,1.0,1.0,,,,1.0,0.016691917040276342,0.010992631421547711
permuted_within_protein,0.0,S0perm,S1permgrid,a4_LATENT30,latent,1.5,0.008757219704919269,1.2411803327567374,0.8274535551711583,0.8216154087012121,0.005806147751203111,0.006465571505363298,1.2485035504353654,0.8323357002902436,0.8280253192866681,0.00786048410876718,0.008182416475899902,1.2421040624526223,0.8280693749684148,0.8226144306511483,0.005794560376502053,0.006608485016724777,1.248466722722967,0.8323111484819781,0.8279054918041616,0.007925859279918459,0.0007213367991599179,1.2499316019347007,0.8332877346231338,0.8328068434236938,0.00788755931988845,0.0005555443151388823,1.2479422456109512,0.8319614970739675,0.8315911341972083,0.007944401915433223,0.013125737698912853,1.5077069656693742,1.005137977112916,0.9963874853136409,0.006886408648083085,1.2324231130518182,0.8216154087012121,1.0078015949038597,0.00667455028225206,1.0059002044145855,0.738313268734292,,,,,,,,,,,,,,,,1.0,1.0,1.0,1.0,1.0,1.0,1.0,,,,1.0,0.013425197242776778,0.009366168479622716
permuted_within_protein,0.0,S0perm,S1permgrid,a4_LATENT30,latent,2.0,0.008757219704919269,1.6297668051680416,0.8148834025840208,0.8105047927315612,0.0044986091636403675,0.006465571505363298,1.646690774637328,0.823345387318664,0.8201126015659824,0.006039101940556629,0.008182416475899902,1.630726852904647,0.8153634264523235,0.8112722182143736,0.004507845612465537,0.006608485016724777,1.6429550789407914,0.8214775394703957,0.8181732969620333,0.006064659046380974,0.0007213367991599179,1.6544906968209585,0.8272453484104793,0.8268846800108993,0.006276473884430145,0.0005555443151388823,1.6524252465332276,0.8262126232666138,0.8259348511090444,0.006505991863795751,0.013125737698912853,1.9965080183602908,0.9982540091801454,0.991691140330689,0.005312711539550494,1.6210095854631223,0.8105047927315612,1.011854104899295,0.004963733249874715,1.0103842889765702,0.738313268734292,,,,,,,,,,,,,,,,1.0,1.0,1.0,1.0,1.0,1.0,1.0,,,,1.0,0.01041391127581854,0.006937540548569248
permuted_within_protein,0.0,S0perm,S1permgrid,a4_LATENT30,latent,2.5,0.008757219704919269,2.0357136120200896,0.8142854448080359,0.8107825569260682,0.003740401337194911,0.006465571505363298,2.050826655451562,0.8203306621806249,0.8177444335784795,0.004768526871638727,0.008182416475899902,2.0372181779719756,0.8148872711887902,0.8116143045984302,0.003742988878827828,0.006608485016724777,2.0560702886386157,0.8224281154554463,0.8197847214487564,0.00501898508058487,0.0007213367991599179,2.054103930651793,0.8216415722607172,0.8213530375410532,0.005101527640743247,0.0005555443151388823,2.0558360106223446,0.8223344042489378,0.8221121865228822,0.005367840502639297,0.013125737698912853,2.5085129170670237,1.0034051668268096,0.9981548717472444,0.004340328099596521,2.0269563923151703,0.8107825569260682,1.0085866137510482,0.003915490990964134,1.0074239536161844,0.738313268734292,,,,,,,,,,,,,,,,1.0,1.0,1.0,1.0,1.0,1.0,1.0,,,,1.0,0.00824672733619389,0.00549019825097336
permuted_within_protein,0.0,S0perm,S1permgrid,a4_LATENT30,latent,3.0,0.008757219704919269,2.4227107200576903,0.8075702400192301,0.804651166784257,0.0029546846046029584,0.006465571505363298,2.443895174585885,0.8146317248619616,0.8124765343601738,0.0038566711582294594,0.008182416475899902,2.4252147578402705,0.8084049192800902,0.8056774471214568,0.0029498257527326814,0.006608485016724777,2.4419080891366183,0.8139693630455395,0.8117665347066311,0.004369261527961924,0.0007213367991599179,2.436370927847697,0.812123642615899,0.811883197016179,0.0040059692167338885,0.0005555443151388823,2.431664493512473,0.8105548311708244,0.8103696497324447,0.004285298160773227,0.013125737698912853,2.9957540101940983,0.9985846700646994,0.9942094241650619,0.003485235382635663,2.413953500352771,0.804651166784257,1.0097251677483927,0.003234355254144542,1.008744112267638,0.738313268734292,,,,,,,,,,,,,,,,1.0,1.0,1.0,1.0,1.0,1.0,1.0,,,,1.0,0.006713002070732306,0.00453001392066289
permuted_within_protein,0.0,S0perm,S1permgrid,a4_LATENT30,latent,3.5,0.008757219704919269,2.8274627478827417,0.807846499395069,0.805344436622235,0.002662780264316756,0.006465571505363298,2.849249184405602,0.8140711955444576,0.8122238894000681,0.0033712836273883154,0.008182416475899902,2.830025142108098,0.8085786120308852,0.8062407787520566,0.0026598706494433146,0.006608485016724777,2.8545304348260743,0.8155801242360212,0.813691985659814,0.0037215066424277185,0.0007213367991599179,2.8515660628332165,0.8147331608094904,0.814527064581159,0.0034346183622206623,0.0005555443151388823,2.8485767759445095,0.8138790788412884,0.8137203518941059,0.0038432118051202257,0.013125737698912853,3.5040313964176644,1.001151827547904,0.9974016167767862,0.003073733893454605,2.8187055281778224,0.805344436622235,1.0085422490862257,0.0028003846317076826,1.0077052956892798,0.738313268734292,,,,,,,,,,,,,,,,1.0,1.0,1.0,1.0,1.0,1.0,1.0,,,,1.0,0.00586995173458945,0.003926798237367246
permuted_within_protein,0.0,S0perm,S1permgrid,a4_LATENT30,latent,4.0,0.008757219704919269,3.2244963830811706,0.8061240957702926,0.8039347908440628,0.002506014589918307,0.006465571505363298,3.2491640518985485,0.8122910129746371,0.8106746200982963,0.0032604446768565035,0.008182416475899902,3.2282515509380456,0.8070628877345114,0.8050172836155364,0.002501599761256062,0.006608485016724777,3.2501679745752585,0.8125419936438146,0.8108898723896334,0.003790188481480135,0.0007213367991599179,3.244143689466374,0.8110359223665935,0.8108555881668035,0.003258231503824427,0.0005555443151388823,3.2478363823404037,0.8119590955851009,0.8118202095063162,0.003927008054655819,0.013125737698912853,4.000244050481465,1.0000610126203662,0.996779578195638,0.002909846147679093,3.2157391633762513,0.8039347908440628,1.00838355216243,0.0026443827952656604,1.0076500841951035,0.738313268734292,,,,,,,,,,,,,,,,1.0,1.0,1.0,1.0,1.0,1.0,1.0,,,,1.0,0.005687812307259033,0.003708630515790464
permuted_within_protein,0.0,S0perm,S1permgrid,x1_KRcount20_hi,basic_count,0.5,0.15705404004424195,0.5472661841564355,1.094532368312871,0.780424288224387,0.015352040992331442,0.0374435922467071,0.2536257224184047,0.5072514448368094,0.4323642603433952,0.01801330949454446,0.03358535126125745,0.38674346163616946,0.7734869232723389,0.706316220749824,0.016544125107981096,0.05578115607237484,0.42367544713805133,0.8473508942761027,0.735788582131353,0.028382488077984155,0.056155759817889984,0.33048316771105446,0.6609663354221089,0.5486548157863289,0.019062059424267398,0.08181074900370927,0.48001759317549186,0.9600351863509837,0.7964136883435652,0.02759192089192602,0.08245799958221031,0.551805584408498,1.103611168816996,0.9386951696525754,0.017285498828313678,0.3902121441121935,0.780424288224387,0.5540117944395423,0.01896894339967608,0.46344124625450284,0.23841215568959118,,,,,,,,,,,,,,,,0.9686302341210101,0.5292218661655976,0.8754226486171413,0.9010670290210308,0.6616221810730878,0.9577764422038701,0.9757829339180214,,,,0.5463610855032246,0.026756271818654812,0.021600079401184375
permuted_within_protein,0.0,S0perm,S1permgrid,x1_KRcount20_hi,basic_count,1.0,0.15705404004424195,0.9473074607456234,0.9473074607456234,0.7902534207013815,0.008127194098124775,0.0374435922467071,0.49926542344908403,0.49926542344908403,0.46182183120237696,0.008330308379497883,0.03358535126125745,0.8028600409139787,0.8028600409139787,0.7692746896527212,0.009118668906373056,0.05578115607237484,0.8727297927904278,0.8727297927904278,0.816948636718053,0.013730381947024728,0.056155759817889984,0.6249282497110218,0.6249282497110218,0.5687724898931318,0.009421091580756989,0.08181074900370927,0.9072759045106352,0.9072759045106352,0.8254651555069259,0.013404029391816471,0.08245799958221031,1.0303871656092758,1.0303871656092758,0.9479291660270655,0.009077798873991459,0.7902534207013815,0.7902534207013815,0.5843971302174075,0.008829143310517366,0.5270363046186857,0.23841215568959118,,,,,,,,,,,,,,,,0.9703582163893176,0.5570010477315558,0.9440897752413026,0.9852521318102457,0.6738007493612488,0.9788287304822941,0.9721430358333178,,,,0.574015902914848,0.012672353661325197,0.01023985634054306
permuted_within_protein,0.0,S0perm,S1permgrid,x1_KRcount20_hi,basic_count,1.5,0.15705404004424195,1.3370729438668627,0.8913819625779085,0.7866792692150805,0.005516238569393199,0.0374435922467071,0.7305176019350532,0.48701173462336883,0.46204933979223073,0.005835827679567457,0.03358535126125745,1.2073425068179104,0.8048950045452736,0.782504770371102,0.006219914666663547,0.05578115607237484,1.2632928200308116,0.8421952133538744,0.8050077759722911,0.009648639894178137,0.056155759817889984,0.9112890720987792,0.6075260480658528,0.5700888748539261,0.006568357803664277,0.08181074900370927,1.3071881894151727,0.8714587929434484,0.8169182936076423,0.009462065589724851,0.08245799958221031,1.495607402748264,0.997071601832176,0.9420996021107024,0.005899094944713425,1.1800189038226208,0.7866792692150805,0.5873414463473107,0.005938538019951444,0.5463558329303787,0.23841215568959118,,,,,,,,,,,,,,,,0.9574787192205199,0.5580135402022243,0.951241239169246,0.9723425970010513,0.6845391333604726,0.9823557034386488,0.9455152899819393,,,,0.5827947180450144,0.008816662696365479,0.007044163855220821
permuted_within_protein,0.0,S0perm,S1permgrid,x2_KR5_ge3,basic_count,0.5,-0.055448840622150455,0.3693778281608469,0.7387556563216938,0.8496533375659947,0.028606102700259175,-0.058932860496848205,0.22129875553207362,0.44259751106414724,0.5604632320578437,0.03318211491577041,-0.0350815464857693,0.2857470540257074,0.5714941080514148,0.6416572010229533,0.02597699118177,-0.07377716225621792,0.29310533532705857,0.5862106706541171,0.733764995166553,0.04204237281537031,-0.029187041052249122,0.315319727002305,0.63063945400461,0.6890135361091082,0.03516676771358843,-0.035998164726116964,0.39955922702261965,0.7991184540452393,0.8711147834974732,0.04380407570682223,0.11861652182839916,0.6352673495684044,1.2705346991368087,1.0333016554800105,0.03387111755253547,0.42482666878299735,0.8496533375659947,0.6596375336597923,0.03063751247118687,0.5991121790767265,1.0628330517934395,,,,,,,,,,,,,,,,1.0545544567311298,0.6860173811574513,0.7952829482345074,0.8985888885080913,0.8308805927385208,1.047612855354994,1.0741273137474558,,,,0.6505281702416237,0.04511858963442666,0.03283637492938573
permuted_within_protein,0.0,S0perm,S1permgrid,x2_KR5_ge3,basic_count,1.0,-0.055448840622150455,0.7220295089258822,0.7220295089258822,0.7774783495480327,0.014398562847976235,-0.058932860496848205,0.44556322342442894,0.44556322342442894,0.5044960839212771,0.01705100996308134,-0.0350815464857693,0.5989293053531735,0.5989293053531735,0.6340108518389428,0.01375382815250273,-0.07377716225621792,0.6347852751727533,0.6347852751727533,0.7085624374289712,0.02263993515163754,-0.029187041052249122,0.580960416436383,0.580960416436383,0.6101474574886321,0.018111794700237906,-0.035998164726116964,0.7506927987186234,0.7506927987186234,0.7866909634447403,0.022957471595047782,0.11861652182839916,1.0998014559137363,1.0998014559137363,0.9811849340853371,0.017183234896109578,0.7774783495480327,0.7774783495480327,0.6488876303945351,0.017051919445483024,0.6170983566686425,1.0628330517934395,,,,,,,,,,,,,,,,0.9546716088608012,0.6084702548361727,0.7780876852758378,0.8545367733302086,0.7228159261956342,0.9328506623124775,1.0062482880797856,,,,0.6373607942130521,0.022228366513725853,0.01780671868245426
permuted_within_protein,0.0,S0perm,S1permgrid,x2_KR5_ge3,basic_count,1.5,-0.055448840622150455,1.0854119708248877,0.7236079805499251,0.7605738742980255,0.009641863867220614,-0.058932860496848205,0.6677772010784875,0.44518480071899164,0.48447337438355714,0.01096726949976634,-0.0350815464857693,0.9824041589869972,0.6549361059913315,0.678323803648511,0.009888148388038432,-0.07377716225621792,1.0342559186596454,0.6895039457730969,0.7386887206105756,0.01525348652445304,-0.029187041052249122,0.8528544425224878,0.5685696283483251,0.5880276557164913,0.011672204472196109,-0.035998164726116964,1.1302200346103226,0.7534800230735484,0.7774787995576263,0.014943166995550887,0.11861652182839916,1.6225499899535043,1.0816999933023361,1.0026223120834035,0.01156630063617387,1.1408608114470382,0.7605738742980255,0.6369839811165006,0.011007934024430545,0.6152292576716216,1.0628330517934395,,,,,,,,,,,,,,,,0.925705465407861,0.5850948794668791,0.8245950695413613,0.8922379763429689,0.706079279198874,0.9349291587965036,1.0062574318341624,,,,0.6320529599650677,0.014362556207424743,0.01169737119339768
steep_vis,0.25,S0steepvis,S1steepvis,a1_SFE006_KR,basic,1.0,0.38866154386405233,1.2373447039278305,1.2373447039278305,0.8486831600637781,0.009692737265025808,0.09439054735983284,0.914894742601708,0.914894742601708,0.8205041952418751,0.012895764193798327,0.12832473913129758,0.9331103804441248,0.9331103804441248,0.8047856413128271,0.009590449922408937,0.09669209121130992,0.9346219883436947,0.9346219883436947,0.8379298971323847,0.013257375785376035,0.09542894036999146,0.9959853299751285,0.9959853299751285,0.900556389605137,0.013369804553144654,0.0970796463580762,1.0132329824844015,1.0132329824844015,0.9161533361263253,0.013818751576992928,0.08692976212980935,1.0645984839975802,1.0645984839975802,0.9776687218677709,0.011514539484562143,0.8486831600637781,0.8486831600637781,0.9667968375621059,0.011032266223297782,0.7394016717390584,0.2428605269803826,0.3415937327938377,1.2133849147455675,1.2133849147455675,0.8717911819517299,0.010220060801058427,-0.14196580801410158,0.74329565637759,0.74329565637759,0.8852614643916916,0.010402447507406943,-0.154304525564997,0.7061567853954568,0.7061567853954568,0.8604613109604538,0.009835363055635262,1.012343118172976,0.9204369839853233,0.9362767848661221,0.9372690328237501,1.0167325885547198,1.0360305275428494,0.9734693581441314,1.0194474433983285,1.0246002966145047,1.0183556828122098,0.9092144426748116,0.01902847831588734,0.013380759802776396
steep_vis,0.25,S0steepvis,S1steepvis,a1b_SNO021_K,basic,1.0,0.12141858757308036,0.9244741683082677,0.9244741683082677,0.8030555807351873,0.008401793667317674,0.09043094305654732,0.9107955528176279,0.9107955528176279,0.8203646097610806,0.011530525321119266,0.09820111840384897,0.9013977326470384,0.9013977326470384,0.8031966142431894,0.008582639816138247,0.09297621792539265,0.9353790269150706,0.9353790269150706,0.8424028089896779,0.012075097750607566,0.06932392719703948,0.924106694236168,0.924106694236168,0.8547827670391285,0.012214564708100445,0.07045759585209976,0.9357466738706128,0.9357466738706128,0.8652890780185131,0.012508708174475903,0.04575332142296998,1.0263688019425385,1.0263688019425385,0.9806154805195686,0.010409619933885476,0.8030555807351873,0.8030555807351873,1.0215539614456661,0.009686159285038532,0.9852038964856413,0.7447866497550719,0.03234413710609681,0.8637999997709678,0.8637999997709678,0.8314558626648709,0.009121000891348343,-0.15786574911595277,0.6779715718312473,0.6779715718312473,0.8358373209472001,0.009238962538135423,-0.11227709096462105,0.6971235062335639,0.6971235062335639,0.8094005971981849,0.008404068233370615,0.9579167219561369,0.9202803977793103,0.9344281321573105,0.9422722219744634,0.9650539437788268,0.9785107630203239,0.9764034596339397,0.9722804853274905,0.9673968668143144,0.95792534461349,0.9607102336620971,0.017890373825651642,0.012755221489596423
steep_vis,0.25,S0steepvis,S1steepvis,a2_SNO016_KRH,basic,1.0,-1.2007114601616664,-0.430492980186862,-0.430492980186862,0.7702184799748044,0.012302681203807632,-0.14547390832146756,0.6141509001363719,0.6141509001363719,0.7596248084578394,0.018014988596290825,-0.2510497737494173,0.5140733241369998,0.5140733241369998,0.7651230978864171,0.013368164992151989,-0.15449009407535855,0.6611972699981085,0.6611972699981085,0.815687364073467,0.019315863955899733,-0.17272982524815475,0.6092058668330903,0.6092058668330903,0.781935692081245,0.018299023596611962,-0.1838959917370323,0.6583362794404297,0.6583362794404297,0.842232271177462,0.019661186835840082,-0.07430511180554901,0.8997545752993454,0.8997545752993454,0.9740596871048944,0.016438277827174892,0.7702184799748044,0.7702184799748044,0.9862458876378667,0.017547652616817913,-1.4266223339339712,0.12115642529295143,-1.3051104926003927,-0.5114637393105509,-0.5114637393105509,0.7936467532898418,0.013506011851788048,-1.5417980832706837,-0.7441405877001241,-0.7441405877001241,0.7976574955705595,0.013546323559354138,-1.4721597928698786,-0.6987231990509477,-0.6987231990509477,0.7734365938189309,0.012320612118581202,0.9187473186501632,0.8521428308495734,0.8901339155943561,0.9123895798778332,0.8828092382329098,0.9524370100653995,0.9698758252064863,0.9280676042069799,0.923207593950758,0.9153619582631372,0.9275051078261147,0.02322455918193919,0.018618133246309652
steep_vis,0.25,S0steepvis,S1steepvis,a2b_PERS009_AKRV,basic,1.0,-0.1467744190684018,0.6813727507928214,0.6813727507928214,0.8281471698612233,0.007765946901917093,0.060887920685611635,0.8108436673421625,0.8108436673421625,0.7499557466565508,0.010418918285354262,0.07391983534040343,0.8472648704010737,0.8472648704010737,0.7733450350606702,0.007486565190771375,0.06689588066044178,0.8946586287520931,0.8946586287520931,0.8277627480916514,0.011489725417462094,0.07821165424366042,0.8950740461308577,0.8950740461308577,0.8168623918871973,0.010974412582882592,0.08588233479531812,0.9747238230969376,0.9747238230969376,0.8888414883016195,0.012024609576923195,-0.023925320159254696,0.9514358174244795,0.9514358174244795,0.9753611375837342,0.00927792962917636,0.8281471698612233,0.8281471698612233,0.90558269586579,0.009026938704506056,1.1900148140627773,-0.4148401408915529,-0.2911881680418048,0.5596280055726953,0.5596280055726953,0.8508161736145001,0.008440608806024583,-0.5007220333854427,0.35904711230648495,0.35904711230648495,0.8597691456919276,0.008497194703835058,-0.37944659101465994,0.4563840123397957,0.4563840123397957,0.8358306033544556,0.00781093823809932,0.9878469700994574,0.841296131790683,0.899699206657854,0.9258965373672745,0.9222416539186726,1.0051449683310687,0.9711716855873648,0.9949198741049843,0.9950955250280473,0.9892052483385709,0.8516462136903457,0.01625624642501091,0.011606593533185371
steep_vis,0.25,S0steepvis,S1steepvis,a3_SNO006_DE3,acidic,1.0,0.12429201625968216,0.9178540159724916,0.9178540159724916,0.7935619997128095,0.009969597339115212,0.07755611785074518,0.8914866962793065,0.8914866962793065,0.8139305784285613,0.015476700241662221,0.11515298018041903,0.9229466257322337,0.9229466257322337,0.8077936455518147,0.010483825075196452,0.07941955282299147,0.9134395506310882,0.9134395506310882,0.8340199978080967,0.015961795743448942,0.08975612114868159,0.9196523310851492,0.9196523310851492,0.8298962099364676,0.014779504966211741,0.09153792263280519,0.943661705003194,0.943661705003194,0.8521237823703889,0.01526025991780225,-0.0015140992686311094,0.9577825115000124,0.9577825115000124,0.9592966107686435,0.012627501277198179,0.7935619997128095,0.7935619997128095,1.0256672808465164,0.014537379497941986,0.9712728612237447,0.6239831019291529,0.14901866220994658,0.9595030748588121,0.9595030748588121,0.8104844126488655,0.010634242063791864,0.18376252136664506,1.0018091339753588,1.0018091339753588,0.8180466126087137,0.010912588560618672,0.15511778890688,0.9553545211926497,0.9553545211926497,0.8002367322857697,0.01020658192516937,0.9465923999157425,0.9130627376760303,0.9397762565181619,0.9328956030527692,0.9369568985351662,0.9636228095984057,0.955176160459283,0.9477570770322729,0.946805927556475,0.9470799134578871,0.9645785638647673,0.021255481293327085,0.016348434023456117
steep_vis,0.25,S0steepvis,S1steepvis,a3b_SFE002_E,acidic,1.0,0.1252277592873624,0.9300793484835171,0.9300793484835171,0.8048515891961547,0.007784372811890942,0.10942310260533333,0.9022500184494413,0.9022500184494413,0.7928269158441079,0.010807034687509943,0.11874821636642185,0.9214780153774523,0.9214780153774523,0.8027297990110305,0.008089509687945758,0.11496697487216899,0.9490799558662659,0.9490799558662659,0.8341129809940969,0.011487327736286702,0.10620588927728722,0.9370564223948901,0.9370564223948901,0.8308505331176028,0.010984376330991617,0.11263977776270938,0.9941072673728479,0.9941072673728479,0.8814674896101385,0.011982133855273008,0.03277275879344263,0.9939792462712249,0.9939792462712249,0.9612064874777823,0.009806640004704128,0.8048515891961547,0.8048515891961547,0.9850597631744052,0.009765431744572235,0.9700785421378819,0.8737927056112068,0.14084962497181575,0.9650202407097486,0.9650202407097486,0.8241706157379328,0.008403991668450742,0.15394904887452698,0.9864241454899337,0.9864241454899337,0.8324750966154068,0.008644962191147488,0.14130706410077984,0.955073460827819,0.955073460827819,0.8137663967270391,0.007980776529289538,0.9600590724718513,0.8893887678743865,0.9338850455982868,0.9329996096780365,0.9380343340955298,0.9968060937636984,0.9570778337076895,0.9637613278641567,0.9635054333946894,0.9630922669417756,0.9263896289053225,0.01701896014586834,0.012588308481388713
steep_vis,0.25,S0steepvis,S1steepvis,a4_LATENT30,latent,1.0,-0.006389783683113014,0.8319457024072523,0.8319457024072523,0.8383354860903653,0.009146908690215155,-0.008509712554825112,0.8829192603328597,0.8829192603328597,0.8914289728876849,0.01197190976539299,-0.007603908649197331,0.8519556300697971,0.8519556300697971,0.8595595387189945,0.009375378061224732,-0.008395574386349261,0.8856165691792157,0.8856165691792157,0.894012143565565,0.012265884007894077,-0.003684356640139572,0.8820513812939355,0.8820513812939355,0.885735737934075,0.011876121837147148,-0.0036887455884162153,0.8806030892276518,0.8806030892276518,0.8842918348160681,0.012055571516584263,-0.0012429749560399338,1.003070836966757,1.003070836966757,1.0043138119227968,0.010583090552540721,0.8383354860903653,0.8383354860903653,1.063332028380338,0.009882174330875775,1.0612702941767886,1.3317684880811644,-0.0053683403738938144,0.8497921562237666,0.8497921562237666,0.8551604965976604,0.0096891519283778,-0.004294916632056549,0.8597117280241885,0.8597117280241885,0.864006644656245,0.009731704562502249,-0.005247701885543218,0.8397039446592793,0.8397039446592793,0.8449516465448226,0.009187175915929846,1.0,1.0,1.0,1.0,1.0,1.0,1.0,1.0,1.0,1.0,1.0,0.018992917745179524,0.013143124246663768
steep_nocomp,3.0,S0steepnc,S1steepnc,a1_SFE006_KR,basic,1.0,0.4987968176183867,1.1924772869698321,1.1924772869698321,0.6936804693514455,0.009023669424807961,0.12063757118143503,0.811527215031374,0.811527215031374,0.690889643849939,0.011555562159690527,0.19317289383210529,0.8756491370293498,0.8756491370293498,0.6824762431972444,0.00904848529389283,0.12439474383615753,0.8370745399950872,0.8370745399950872,0.7126797961589296,0.011950530746878716,0.1902547210721226,0.9309290300313546,0.9309290300313546,0.740674308959232,0.011874723689347624,0.19154068636689034,0.94125672664727,0.94125672664727,0.7497160402803796,0.01223473256905565,0.23234635400785003,1.045345039923423,1.045345039923423,0.8129986859155729,0.010815629704161315,0.6936804693514455,0.6936804693514455,0.9959767852421797,0.011705732079406596,0.6805389284130696,0.2418571388595565,0.46812834985727547,1.1975847295005873,1.1975847295005873,0.7294563796433118,0.009778676283846618,0.01694158641934985,0.7655413520965755,0.7655413520965755,0.7485997656772256,0.010177864048832912,-0.017082112902203486,0.6895136397489117,0.6895136397489117,0.7065957526511152,0.00921042646698408,1.070066836201528,1.0227620149875634,1.004849653875462,1.0560052425749376,1.0786614428184016,1.0953123145922439,1.0234873600960035,1.0529082348998469,1.0652783232997085,1.0760525378885815,0.9557926480724465,0.02540811057430513,0.015805542236565513
steep_nocomp,3.0,S0steepnc,S1steepnc,a1b_SNO021_K,basic,1.0,0.24680402278250357,0.8708664697163335,0.8708664697163335,0.62406244693383,0.007207649740271998,0.15159000049494165,0.8138302164143556,0.8138302164143556,0.662240215919414,0.01070106435133205,0.19383342757483318,0.8408642026896196,0.8408642026896196,0.6470307751147863,0.007472604193256224,0.15429464444109928,0.8306815333469915,0.8306815333469915,0.6763868889058922,0.011042324835900605,0.1930191467172368,0.8637166187358167,0.8637166187358167,0.6706974720185799,0.010117821682637139,0.19752784090297618,0.8886514654956496,0.8886514654956496,0.6911236245926734,0.010646004136276128,0.16107801923125106,0.9546978921696837,0.9546978921696837,0.7936198729384326,0.009583574443605384,0.62406244693383,0.62406244693383,1.0611761998709595,0.01204759612614346,0.9345063160824687,0.6142120326317799,0.1738710559020326,0.8705276105761958,0.8705276105761958,0.6966565546741632,0.008143877884586703,-0.004968125612903962,0.6956129315410997,0.6956129315410997,0.7005810571540037,0.008352998308172844,0.0195810300067995,0.649607769873808,0.649607769873808,0.6300267398670085,0.007253571703825536,0.9626745420798921,0.9803506879409112,0.9526612199348863,1.0022286369603919,0.9767525268681031,1.0097105787397584,0.9990912934363986,1.0055644775799408,0.9969463632217366,0.9594479868127661,1.0183614971502508,0.02398395217820501,0.016553216112917667
steep_nocomp,3.0,S0steepnc,S1steepnc,a2_SNO016_KRH,basic,1.0,-1.187860189389071,-0.6000349729723586,-0.6000349729723586,0.5878252164167124,0.011294228734655751,-0.27444427959887313,0.33776062880244423,0.33776062880244423,0.6122049084013174,0.0168522526771635,-0.24145252365008202,0.3669173526614948,0.3669173526614948,0.6083698763115768,0.01273154274469078,-0.28141013845880064,0.3486470714183594,0.3486470714183594,0.63005720987716,0.01727128392496403,-0.25477614266361576,0.3590564516980107,0.3590564516980107,0.6138325943616265,0.016812740345187944,-0.2667780863227318,0.37940090763902035,0.37940090763902035,0.6461789939617522,0.017710103120721552,-0.10786173165034169,0.6382104762548014,0.6382104762548014,0.7460722079051432,0.01620978477043575,0.5878252164167124,0.5878252164167124,1.041474389501729,0.020327846740986092,-0.5629015707689485,0.23104089357521335,-1.3728290714163396,-0.7324213552290536,-0.7324213552290536,0.640407716187286,0.012846145897877278,-1.5974544022590735,-0.9526334873978968,-0.9526334873978968,0.6448209148611768,0.013049362535331514,-1.4573988086179779,-0.8662355955610266,-0.8662355955610266,0.5911632130569513,0.011348744535916859,0.9067752334999473,0.9062806647566501,0.8957385194480186,0.9335801580715011,0.8939388660765859,0.9440478414366625,0.9392333440857842,0.9243740638702902,0.9175981272055002,0.9002639392178586,0.9994545850779489,0.02999164580766511,0.02270963426629581
steep_nocomp,3.0,S0steepnc,S1steepnc,a2b_PERS009_AKRV,basic,1.0,0.06970147437204048,0.7265428923672304,0.7265428923672304,0.6568414179951899,0.006985970435423353,0.1197127981301104,0.7202658358475567,0.7202658358475567,0.6005530377174463,0.009457326829768147,0.1884396858055116,0.8117013184193419,0.8117013184193419,0.6232616326138303,0.007053307452451151,0.12459031001826773,0.7513947665034597,0.7513947665034597,0.626804456485192,0.01005085138926692,0.20137256764827943,0.8668233277281314,0.8668233277281314,0.665450760079852,0.009885958568842262,0.20886485446913405,0.8946620021871721,0.8946620021871721,0.685797147718038,0.010455646142012415,0.29301540164568934,1.0831017881878429,1.0831017881878429,0.7900863865421535,0.008943595799577457,0.6568414179951899,0.6568414179951899,0.9143044595915603,0.010640779137704979,0.9913603772253257,1.7175074015095881,-0.09755543567485106,0.6084770221393841,0.6084770221393841,0.7060324578142352,0.00803505682153068,-0.2975992004599582,0.41583520857022493,0.41583520857022493,0.7134344090301832,0.008159584998584529,-0.16621986844460873,0.4994987105528816,0.4994987105528816,0.6657185789974903,0.007141592273378205,1.0132391628344088,0.8890317584441987,0.9176645224628845,0.9287604274530179,0.9691116166847418,1.001928758156065,0.9946429730069626,1.0190977962283188,1.0152370410488272,1.0138019705922712,0.8774155116125244,0.02151016364021618,0.014437972344768051
steep_nocomp,3.0,S0steepnc,S1steepnc,a3_SNO006_DE3,acidic,1.0,0.15904314654276708,0.7909797761775288,0.7909797761775288,0.6319366296347617,0.009756874528227696,0.13429831526499408,0.7968887249492056,0.7968887249492056,0.6625904096842115,0.015688199527475192,0.14442686683031578,0.803106380467444,0.803106380467444,0.6586795136371282,0.010736533758725296,0.13495921787507914,0.8125345374461012,0.8125345374461012,0.677575319571022,0.015849511969949666,0.14562007733463422,0.8180115606130207,0.8180115606130207,0.6723914832783865,0.015080939798071003,0.1476026250577932,0.8335666620825869,0.8335666620825869,0.6859640370247937,0.015299853772488142,0.025213019322084546,0.7960784350000903,0.7960784350000903,0.7708654156780058,0.013435399950215334,0.6319366296347617,0.6319366296347617,1.0485076803779623,0.017898428943282797,1.0074704170064022,0.8444143503466272,0.2195907731411085,0.8927700232462166,0.8927700232462166,0.673179250105108,0.010876488865826631,0.2425487150382587,0.9257498407968618,0.9257498407968618,0.6832011257586031,0.011285277661060925,0.18648974670554402,0.8289012427734567,0.8289012427734567,0.6424114960679126,0.010056751848873292,0.9748212034646889,0.9808690990702552,0.9698123383641881,1.0039895806823522,0.9792195553684182,1.0021725783533693,0.9704456144268878,0.9716769854641034,0.9722142366237446,0.9783083440836854,1.0062041075676966,0.02939358701013959,0.020785437356001357
steep_nocomp,3.0,S0steepnc,S1steepnc,a3b_SFE002_E,acidic,1.0,0.10250629555324198,0.7520452812824061,0.7520452812824061,0.6495389857291641,0.007402474890364965,0.1474148958782412,0.7983313048546274,0.7983313048546274,0.6509164089763863,0.01088928057455409,0.1401720545384025,0.7966421630494147,0.7966421630494147,0.6564701085110122,0.007988866215665488,0.15113165660309305,0.8237847367085819,0.8237847367085819,0.6726530801054889,0.01146307170475226,0.10513719525080162,0.7734453043730337,0.7734453043730337,0.668308109122232,0.010326906157680178,0.10893457023211627,0.8031726008802121,0.8031726008802121,0.6942380306480959,0.010895425520203793,-0.04366426982773901,0.7277583968357262,0.7277583968357262,0.7714226666634652,0.009739825814254463,0.6495389857291641,0.6495389857291641,1.002120616741235,0.012071746988825833,1.0615468572494642,1.4381057776268347,0.12309326402164135,0.8090749700546563,0.8090749700546563,0.685981706033015,0.00829545920058638,0.11621022924988754,0.8127697528259847,0.8127697528259847,0.6965595235760972,0.008763125252760056,0.09143950476197805,0.7510267073469443,0.7510267073469443,0.6595872025849663,0.007666946893747317,1.0019744798330437,0.9635874324637503,0.9665593020887456,0.9966961079210546,0.9732728414003934,1.0142606311887752,0.9711471399642586,0.9901562415918337,0.9912236088964128,1.0044646895165041,0.9616885977218804,0.023940345901066792,0.01610465402990021
steep_nocomp,3.0,S0steepnc,S1steepnc,a4_LATENT30,latent,1.0,0.0022696235382671484,0.6505286349228635,0.6505286349228635,0.6482590113845964,0.009303965082842668,0.012725672975570155,0.6882392662901793,0.6882392662901793,0.6755135933146091,0.012408327469079298,-5.737565030988323e-05,0.6791250677780166,0.6791250677780166,0.6791824434283265,0.009685302119026011,0.012780746720380569,0.6876635668294441,0.6876635668294441,0.6748828201090635,0.012441149891099014,0.0031468850942285224,0.6898074808636914,0.6898074808636914,0.6866605957694628,0.011818322150293574,0.0031036394148613055,0.6875805966190532,0.6875805966190532,0.6844769572041919,0.011839208358082009,0.00020889493571508543,0.7945505913874557,0.7945505913874557,0.7943416964517406,0.010946671098652886,0.6482590113845964,0.6482590113845964,1.0420427351588997,0.0121220116175193,1.0579692104895388,5.606953206559609,0.003086884269422199,0.6958883606608554,0.6958883606608554,0.6928014763914332,0.010020424207785598,0.0037570232593017398,0.7064839532116841,0.7064839532116841,0.7027269299523824,0.010199185358760899,0.002178190911001425,0.6588336308373731,0.6588336308373731,0.6566554399263717,0.009413262922638398,1.0,1.0,1.0,1.0,1.0,1.0,1.0,1.0,1.0,1.0,1.0,0.02597730847581311,0.016451449306564076
real,0.0,S0art1,S1art1,a1_SFE006_KR,basic,0.5,0.3518544646328271,0.7762006561875708,1.5524013123751417,0.8486923831094875,0.016567352502270996,0.08057984218307865,0.4862889796635764,0.9725779593271529,0.8114182749609955,0.021622510529641273,0.12317525157477448,0.5192551901356169,1.0385103802712339,0.7921598771216849,0.016109501615349592,0.08287088374929698,0.5026518641294055,1.005303728258811,0.8395619607602172,0.022416044517967682,0.09137490677718453,0.5355043714044908,1.0710087428089816,0.8882589292546126,0.02157747461180491,0.09316965570137885,0.546498670300471,1.092997340600942,0.9066580291981842,0.02233305198246067,0.04612106034853395,0.5374559430143634,1.0749118860287268,0.9826697653316588,0.020376371910437244,0.42434619155474373,0.8486923831094875,0.9560805435628809,0.017995083308362265,0.6264990576690049,0.22901469295598292,0.30215215614209134,0.7377248594970292,1.4754497189940583,0.8711454067098756,0.017628846789218142,-0.17577313298391584,0.264213349353943,0.528426698707886,0.8799729646757176,0.017881253799850796,-0.18830543768501543,0.24087176277008865,0.4817435255401773,0.8583544009102082,0.016698586782176623,1.016441934816552,0.90828881611611,0.9279181762493539,0.9367986410694724,0.9886524382784445,1.0104230018254494,0.9714670338676913,1.0261961118057163,1.033905361822949,1.0210936364490415,0.893596362963949,0.0333518012748461,0.022442873075912813
real,0.0,S0art1,S1art1,a1_SFE006_KR,basic,1.0,0.3518544646328271,1.2009632930575105,1.2009632930575105,0.8491088284246834,0.009635998106545982,0.08057984218307865,0.8918892637341352,0.8918892637341352,0.8113094215510566,0.012445571057136074,0.12317525157477448,0.9236652119501483,0.9236652119501483,0.8004899603753738,0.00945863129152713,0.08287088374929698,0.920623806869934,0.920623806869934,0.837752923120637,0.012963046970871969,0.09137490677718453,0.9745580076541424,0.9745580076541424,0.8831831008769578,0.012206172592023898,0.09316965570137885,0.995626674504978,0.995626674504978,0.9024570188035992,0.012418584887836653,0.04612106034853395,1.0284081108699408,1.0284081108699408,0.9822870505214069,0.011257192042880762,0.8491088284246834,0.8491088284246834,0.9554834367418432,0.009208711450793423,0.7426448992154379,0.22901469295598292,0.30215215614209134,1.177915341705238,1.177915341705238,0.8757631855631466,0.010140128309959692,-0.17577313298391584,0.7086862209461268,0.7086862209461268,0.8844593539300426,0.010238996561185454,-0.18830543768501543,0.6717598828817608,0.6717598828817608,0.8600653205667762,0.009827505846196499,1.0279919443409988,0.9253145284167463,0.946782313239448,0.953577578928855,0.9901616147557755,1.009491360730045,0.9790314958211627,1.0359182131208102,1.0378528398961482,1.0335877077431581,0.9001184625137557,0.018327544194897377,0.011498277912032765
real,0.0,S0art1,S1art1,a1_SFE006_KR,basic,1.5,0.3518544646328271,1.657636543763439,1.105091029175626,0.8705213860870747,0.006524901037950879,0.08057984218307865,1.338485475578403,0.892323650385602,0.8386037555968829,0.008177687251084507,0.12317525157477448,1.3615898459874052,0.9077265639916035,0.8256097296084205,0.0064584333851570195,0.08287088374929698,1.3873338541194775,0.9248892360796517,0.869641980246787,0.008753822576577478,0.09137490677718453,1.446987509089145,0.9646583393927634,0.9037417348746404,0.008289168095988491,0.09316965570137885,1.4773685971323391,0.9849123980882261,0.9227992942873069,0.00868462608384943,0.04612106034853395,1.5345412319837743,1.023027487989183,0.9922801144234935,0.007579885029517382,1.305782079130612,0.8705213860870747,0.9633350415046562,0.005984036899773573,0.807466196745128,0.22901469295598292,0.30215215614209134,1.6393931666323749,1.0929287777549166,0.8914940069935223,0.006985275651459126,-0.17577313298391584,1.1746141958914211,0.7830761305942807,0.9002582192502246,0.007113988780895845,-0.18830543768501543,1.1325300449792968,0.7550200299861979,0.8805569884428749,0.006674657914879868,1.0477170193003664,0.9449980128019232,0.9739857159214315,0.9775807492017007,1.0284781695412093,1.0501792558463907,0.9778696024101903,1.0487264369462963,1.051158992138941,1.0520514468899054,0.9019592078717631,0.012040906444314574,0.00749548913572099
real,0.0,S0art1,S1art1,a1b_SNO021_K,basic,0.5,0.10568441660869815,0.5237305128674765,1.047461025734953,0.8360921925175567,0.01445049452271452,0.07177495570293829,0.49226025156999015,0.9845205031399803,0.8409705917341037,0.0209582411983803,0.08765212183821086,0.5024515876830852,1.0049031753661704,0.8295989316897486,0.014609007050385321,0.07360010061313965,0.5056081920886614,1.0112163841773227,0.8640161829510434,0.02156209691693264,0.056459148230636816,0.4847773910357594,0.9695547820715188,0.8566364856102452,0.021434362717876555,0.05734128164365881,0.4945664381253,0.9891328762506,0.8744503129632824,0.02198982165056048,0.02920172698283466,0.5328000331063365,1.065600066212673,1.0071966122470037,0.017799753731132923,0.41804609625877837,0.8360921925175567,1.0058347623147366,0.018026909003521274,0.9399113465335759,0.6791441728697681,0.010888947571723356,0.44326136161972274,0.8865227232394455,0.8647448280959987,0.01581335163552721,-0.17823800220529817,0.25462636477163747,0.5092527295432749,0.8657287339538713,0.016194028919059918,-0.1272575353918768,0.2933375307528294,0.5866750615056588,0.8411901322894124,0.014526405153255654,1.0013512348654166,0.9413692132967442,0.9717734386005942,0.9640851109043294,0.9534559375919144,0.9745291848934007,0.9957142673367452,1.0186563270163158,1.017169408436259,1.0006751176595865,0.9400989188606392,0.033405854559356137,0.022983974177663947
real,0.0,S0art1,S1art1,a1b_SNO021_K,basic,1.0,0.10568441660869815,0.9221382762803512,0.9221382762803512,0.8164538596716531,0.007113550642101565,0.07177495570293829,0.9000240427344758,0.9000240427344758,0.8282490870315375,0.009980641423652592,0.08765212183821086,0.89777022526876,0.89777022526876,0.8101181034305491,0.007103247527456297,0.07360010061313965,0.9291325640387389,0.9291325640387389,0.8555324634255992,0.010562644294013426,0.056459148230636816,0.9165784875660585,0.9165784875660585,0.8601193393354217,0.010482965411254479,0.05734128164365881,0.9372363567252563,0.9372363567252563,0.8798950750815975,0.010741760726577669,0.02920172698283466,1.0182768550299826,1.0182768550299826,0.9890751280471479,0.008924790984002784,0.8164538596716531,0.8164538596716531,1.0144469001158596,0.008587506308701033,0.9760185276821194,0.6791441728697681,0.010888947571723356,0.8622422440621682,0.8622422440621682,0.8513532964904449,0.007633634358183991,-0.17823800220529817,0.6739843843803925,0.6739843843803925,0.8522223865856907,0.0076899082070991725,-0.1272575353918768,0.6939831579041279,0.6939831579041279,0.8212406932960047,0.007145111854739574,0.9884575010552054,0.9446345537477011,0.9581700332674475,0.9738152534633936,0.9643041777785126,0.9842534969935175,0.9857970758929437,1.0070443701829959,1.0000249533354941,0.9869300219311843,0.9556653196918207,0.01642146185563246,0.011386193440067222
real,0.0,S0art1,S1art1,a1b_SNO021_K,basic,1.5,0.10568441660869815,1.3190659530054392,0.8793773020036261,0.8089210242644941,0.004520552891069521,0.07177495570293829,1.3042004639791929,0.8694669759861285,0.821617005517503,0.006780256966951573,0.08765212183821086,1.29024885942695,0.8601659062846333,0.8017311583924926,0.004570021395009143,0.07360010061313965,1.3385601180145563,0.8923734120097042,0.8433066782676111,0.0068483782159004915,0.056459148230636816,1.3262556016439122,0.8841704010959415,0.8465309689421835,0.006853315141025366,0.05734128164365881,1.3527500970408668,0.9018333980272445,0.8636058769314721,0.007176025546315187,0.02920172698283466,1.518641483570561,1.0124276557137073,0.992959837725151,0.005778215890963035,1.213381536396741,0.8089210242644941,1.0156949576932466,0.005866369968480607,0.9887302913153236,0.6791441728697681,0.010888947571723356,1.2784392866030154,0.8522928577353436,0.8450335593541948,0.004808413205405835,-0.17823800220529817,1.0942941055486173,0.7295294036990781,0.8483547385026103,0.00491324328166124,-0.1272575353918768,1.095459619069602,0.730306412713068,0.8151447696409858,0.0045488905227151245,0.9735778327070543,0.925856141612053,0.9458157629195971,0.9479767456875765,0.9633710470595573,0.9828149878256123,0.9785394543452227,0.9940717793384006,0.9905554793416858,0.9738997538842108,0.9509831782402951,0.010771804073257844,0.007597904485557609
real,0.0,S0art1,S1art1,a2_SNO016_KRH,basic,0.5,-1.0505259540877243,-0.6456582145440809,-1.2913164290881618,0.8097354790872868,0.023465708884294383,-0.16036054764855062,0.1911460396651005,0.382292079330201,0.7030131746273023,0.0324948339342431,-0.2641672121210307,0.12075870326842439,0.24151740653684878,0.7698518307789102,0.023549912389951005,-0.17444001366408712,0.20825869115921697,0.41651738231843394,0.7653974096466082,0.03529548089307392,-0.17845522136001835,0.19933013649818354,0.3986602729963671,0.7555707157164038,0.030883704192359564,-0.19429339381667896,0.21824621522650223,0.43649243045300445,0.8250792180863624,0.03370385474224799,0.09120000095694429,0.5884159118816311,1.1768318237632622,0.9944318218493736,0.03044815607834729,0.4048677395436434,0.8097354790872868,0.8682010271054453,0.0298295869117924,-0.29604833541856906,0.15264786845538486,-1.1641246267033152,-0.7468998628891669,-1.4937997257783338,0.8344495276282966,0.02554382544058376,-1.3997552368515644,-0.9816927612225365,-1.963385522445073,0.836124951258056,0.0254852491768827,-1.3208982737720767,-0.9156762336731407,-1.8313524673462813,0.8104440801978721,0.023430190993952646,0.969784946151579,0.7869418569934906,0.901787034953373,0.8540444740800043,0.8409674316605616,0.9195076792292821,0.9830949993964689,0.9829689213243569,0.9823870788783002,0.9640997845532245,0.8114601697173492,0.04145250744461755,0.030973811265564925
real,0.0,S0art1,S1art1,a2_SNO016_KRH,basic,1.0,-1.0505259540877243,-0.2912807306803793,-0.2912807306803793,0.759245223407345,0.011044556994896825,-0.16036054764855062,0.5157577515858083,0.5157577515858083,0.6761182992343588,0.016285318783975315,-0.2641672121210307,0.46135550383101903,0.46135550383101903,0.7255227159520498,0.011585988033478503,-0.17444001366408712,0.563505355318663,0.563505355318663,0.7379453689827501,0.017641399258313147,-0.17845522136001835,0.5553863336762658,0.5553863336762658,0.7338415550362841,0.016111784095044095,-0.19429339381667896,0.613685706588395,0.613685706588395,0.807979100405074,0.017687034816963237,0.09120000095694429,1.0671167499780054,1.0671167499780054,0.9759167490210612,0.014995762010552366,0.759245223407345,0.759245223407345,0.8905137344164924,0.01637614472711618,-1.7706552382682201,0.15264786845538486,-1.1641246267033152,-0.38550810963409843,-0.38550810963409843,0.7786165170692168,0.011815894271138055,-1.3997552368515644,-0.6209005158985847,-0.6209005158985847,0.7788547209529797,0.011940132502640413,-1.3208982737720767,-0.5615528948471566,-0.5615528948471566,0.75934537892492,0.011032474941320428,0.9191966298244224,0.7711263650974405,0.8581145414924816,0.8399709973139655,0.8227305735222021,0.9038080534745828,0.9726823071563984,0.9210058659294185,0.9139329924159617,0.9125470249994012,0.8389133946724053,0.020936481656616702,0.01695495581599222
real,0.0,S0art1,S1art1,a2_SNO016_KRH,basic,1.5,-1.0505259540877243,0.050091164809688456,0.03339410987312564,0.7337447459316085,0.007386206659656057,-0.16036054764855062,0.8482229482245589,0.5654819654830393,0.6723889972487397,0.010846790923994612,-0.2641672121210307,0.7780933462660247,0.5187288975106831,0.694840372258037,0.007706915897128055,-0.17444001366408712,0.9322560144219298,0.6215040096146199,0.7377973520573446,0.011994793946635699,-0.17845522136001835,0.8865281810181799,0.5910187873454532,0.7099889349187988,0.009780062788381718,-0.19429339381667896,0.9859993253087532,0.6573328835391689,0.7868618127502881,0.010944166363230062,0.09120000095694429,1.5500339029913655,1.033355935327577,0.9725559346896141,0.010215435822383018,1.1006171188974128,0.7337447459316085,0.9163799822444142,0.01196087834767302,16.933584025191177,0.15264786845538486,-1.1641246267033152,-0.02742795552267806,-0.018285303681785374,0.7577977807870915,0.007822803012083752,-1.3997552368515644,-0.26087192493447176,-0.17391461662298116,0.7592555412780618,0.007863206608692117,-1.3208982737720767,-0.21889477743441488,-0.14592985162294325,0.7346689975584413,0.007427208972929083,0.8830993361234596,0.7576954693908821,0.8197149005812245,0.8293717467256718,0.8079831792664609,0.895477443560726,0.958431869542348,0.89145026252143,0.8865215251358055,0.8777507782128698,0.8579957411325176,0.013711802007757384,0.01215923913445038
real,0.0,S0art1,S1art1,a2b_PERS009_AKRV,basic,0.5,-0.1332490216883716,0.2833593405712669,0.5667186811425338,0.833216724519277,0.013968031362363107,0.05630560464808791,0.4240780682719833,0.8481561365439666,0.7355449272477907,0.018780220397912654,0.06557717394886671,0.44946587339248006,0.8989317467849601,0.7677773988872267,0.013706332036815209,0.06202405180201957,0.46902998444518107,0.9380599688903621,0.814011865286323,0.020872233579026934,0.06668048561037014,0.46991910322618535,0.9398382064523707,0.8064772352316304,0.019183176134868144,0.07319391552408007,0.5168473055144331,1.0336946110288663,0.8873067799807062,0.021232054224919247,-0.0005368892301138062,0.48166409933964227,0.9633281986792845,0.9644019771395121,0.017018957605190756,0.4166083622596385,0.833216724519277,0.8827774402538093,0.016383399230945384,1.4966087492193492,-0.4225592348420341,-0.2783154519401384,0.15512769276969254,0.3102553855393851,0.8668862894196618,0.01528566837310638,-0.48566409738503535,-0.04977361397268141,-0.09954722794536282,0.8717809668247078,0.015299706437001388,-0.36563249714790447,0.05415922682106171,0.10831845364212342,0.8395834479379324,0.013952684283431622,0.9979074119752358,0.8233573876583206,0.8993570923202286,0.9082893757170187,0.8976275484186692,0.9888570456504533,0.9534075039661497,1.0211789360629788,1.0242803496439414,0.9987638148628176,0.8250839484482687,0.02957344103512281,0.020560172863591103
real,0.0,S0art1,S1art1,a2b_PERS009_AKRV,basic,1.0,-0.1332490216883716,0.6985783509046692,0.6985783509046692,0.8318273725930408,0.0063868919205185065,0.05630560464808791,0.7976094134518584,0.7976094134518584,0.7413038088037706,0.008833980076421527,0.06557717394886671,0.8305864210807878,0.8305864210807878,0.7650092471319211,0.006236568033772496,0.06202405180201957,0.8833800355128588,0.8833800355128588,0.8213559837108393,0.009958034788950918,0.06668048561037014,0.8779324269892865,0.8779324269892865,0.8112519413789164,0.008838359642729178,0.07319391552408007,0.965586826288268,0.965586826288268,0.8923929107641879,0.010152615074668397,-0.0005368892301138062,0.9713448576143685,0.9713448576143685,0.9718817468444824,0.0077817631053217215,0.8318273725930408,0.8318273725930408,0.8911750601484983,0.008325825701448103,1.1417608524783833,-0.4225592348420341,-0.2783154519401384,0.5809343056998858,0.5809343056998858,0.8592497576400242,0.00706573332344675,-0.48566409738503535,0.37933040706020177,0.37933040706020177,0.8649945044452372,0.007187092685045714,-0.36563249714790447,0.4729109189438955,0.4729109189438955,0.8385434160917999,0.006420400777225216,1.0070697765496541,0.8454717349952924,0.9048173749855452,0.9349136586336029,0.9095175524213462,0.9982336166961983,0.9686606780262162,1.0163848951775352,1.015012164147521,1.0077236537223557,0.8395364002402923,0.014619622968715556,0.01053864956184135
real,0.0,S0art1,S1art1,a2b_PERS009_AKRV,basic,1.5,-0.1332490216883716,1.1225374759254343,0.7483583172836229,0.8371909984092039,0.004646643167703003,0.05630560464808791,1.1653612776443878,0.7769075184295918,0.7393704486642,0.006337288777593094,0.06557717394886671,1.2216608100456718,0.8144405400304479,0.7707224240645368,0.004441832199235231,0.06202405180201957,1.2934445266597385,0.8622963511064924,0.8209469832384793,0.00726245034084293,0.06668048561037014,1.2895467658013502,0.8596978438675668,0.8152441867939867,0.006175817691316945,0.07319391552408007,1.410493613479354,0.9403290756529027,0.8915331319701826,0.006710081645168754,-0.0005368892301138062,1.4687520231976867,0.9791680154651244,0.9795259416185337,0.005675756537026084,1.2557864976138058,0.8371909984092039,0.8831562332479942,0.005684471575595864,1.038149106499673,-0.4225592348420341,-0.2783154519401384,1.020555544417004,0.6803703629446693,0.8659139975714284,0.004828283384911563,-0.48566409738503535,0.8213938711174612,0.5475959140783074,0.8713719790016644,0.004861558610096568,-0.36563249714790447,0.8988458090853776,0.5992305393902517,0.8429855374888547,0.004656028335553392,1.007602192728499,0.8331749053697326,0.9092342362961693,0.9228417960013882,0.9277659939864297,1.0145972227015463,0.9653006536742752,1.018634891823346,1.0174308566583803,1.007162700497889,0.8268887378198011,0.009883724946792094,0.007011638104687655
real,0.0,S0art1,S1art1,a3_SNO006_DE3,acidic,0.5,0.10871452289797415,0.5314469906020696,1.0628939812041391,0.8454649354081909,0.018002734986837264,0.046738418518928855,0.4807859781167685,0.961571956233537,0.8680951191956793,0.025720166567388982,0.08902149807354291,0.5169422718277479,1.0338845436554958,0.8558415475084099,0.018592060033950246,0.0478129843291296,0.4952739855499723,0.9905479710999446,0.8949220024416854,0.026743708471736787,0.0678973820180662,0.5004831706367573,1.0009663412735146,0.8651715772373822,0.027059755517835456,0.06952716919162713,0.513239462839892,1.026478925679784,0.8874245872965296,0.02787207876096502,-0.02496092598665052,0.4740227101774879,0.9480454203549759,0.9979672723282769,0.02428985243346027,0.42273246770409545,0.8454649354081909,1.0267665551103695,0.022661873745170737,0.9046734417897299,0.4299188118848821,0.13593733819818832,0.5668776731987559,1.1337553463975119,0.8618806700011352,0.019683112260298334,0.16795365962250042,0.6022100665763677,1.2044201331527353,0.8685128139077345,0.020121978622386003,0.1357892247422446,0.5628473480578372,1.1256946961156744,0.8541162466311851,0.018314772922112758,1.012576561153122,0.9717319814226749,1.0025134456544025,0.9985703913876847,0.9629556891510459,0.9889883357486577,0.9865901446744628,1.0152823921049827,1.0204405034671202,1.016051951615818,0.9596627244818572,0.03783573837713582,0.0265195455243108
real,0.0,S0art1,S1art1,a3_SNO006_DE3,acidic,1.0,0.10871452289797415,0.9152241139647035,0.9152241139647035,0.8065095910667294,0.009166204435712958,0.046738418518928855,0.8685909427967644,0.8685909427967644,0.8218525242778355,0.013087457253326554,0.08902149807354291,0.9060946112071556,0.9060946112071556,0.8170731131336127,0.009404361411418165,0.0478129843291296,0.8964359040608645,0.8964359040608645,0.8486229197317349,0.01371672768370555,0.0678973820180662,0.9049479542127886,0.9049479542127886,0.8370505721947225,0.013946207654532817,0.06952716919162713,0.9298381242752517,0.9298381242752517,0.8603109550836245,0.014282731576990351,-0.02496092598665052,0.9542010698046519,0.9542010698046519,0.9791619957913025,0.011893623046892055,0.8065095910667294,0.8065095910667294,1.0190238695001914,0.012395927165631867,0.9490472656299159,0.4299188118848821,0.13593733819818832,0.9606627888504985,0.9606627888504985,0.8247254506523102,0.009876284454385565,0.16795365962250042,1.004434497167867,1.004434497167867,0.8364808375453665,0.010027725091561508,0.1357892247422446,0.9532914599907403,0.9532914599907403,0.8175022352484956,0.009269328635129824,0.9764182574670892,0.9373391467294832,0.9663960954309024,0.9659504215239777,0.9384411288821072,0.9623466365740998,0.9759167983350123,0.9755469620541541,0.98155331718481,0.9824373116783485,0.9599770790450185,0.018993001074995998,0.01418262858000238
real,0.0,S0art1,S1art1,a3_SNO006_DE3,acidic,1.5,0.10871452289797415,1.3002793845901113,0.8668529230600742,0.7943765744614247,0.005845754343975248,0.046738418518928855,1.2632776787506943,0.8421851191671296,0.8110261734878437,0.008927060368563318,0.08902149807354291,1.2968383849501692,0.8645589233001129,0.8052112579177509,0.006032253917398985,0.0478129843291296,1.3024992458805138,0.8683328305870092,0.8364575077009229,0.009453484265668109,0.0678973820180662,1.3161092768115303,0.8774061845410203,0.8321412631956427,0.009439157257143326,0.06952716919162713,1.3566769780395362,0.9044513186930242,0.8580998725652728,0.010110137714682596,-0.02496092598665052,1.451658276207374,0.9677721841382493,0.9844128014626831,0.00794609040060064,1.191564861692137,0.7943765744614247,1.020959327807101,0.00841610448324019,0.9715432650260151,0.4299188118848821,0.13593733819818832,1.3523935730288925,0.901595715352595,0.8109708232204694,0.006416041520509753,0.16795365962250042,1.4013078352153725,0.934205223476915,0.8222361170619147,0.006572887025295033,0.1357892247422446,1.3440356295073497,0.8960237530048998,0.8054976031767368,0.005919980778484181,0.9560728433540284,0.9139216431613233,0.9499212949961077,0.940277465471029,0.946995242274475,0.9765489540263039,0.9701165434853988,0.9540014124958525,0.9600588693662436,0.9623737361814289,0.9559121457264352,0.012544901728788091,0.00948359576773261
real,0.0,S0art1,S1art1,a3b_SFE002_E,acidic,0.5,0.11163106389082517,0.5231120121873988,1.0462240243747976,0.8229618965931472,0.015010094964774285,0.07969236604575171,0.493664513327808,0.987329026655616,0.8279442945641126,0.020513180192093628,0.10106112371496044,0.5078157416588697,1.0156314833177393,0.8135092358878184,0.015112071660785266,0.08379447114361047,0.5221002161317292,1.0442004322634584,0.8766114899762374,0.02175804422115965,0.08756054750934154,0.49773746134017827,0.9954749226803565,0.8203538276616734,0.020916911581991236,0.09269778060516778,0.5290556165327959,1.0581112330655917,0.8727156718552562,0.022287627409133766,0.01845682697299697,0.5053631424632206,1.0107262849264411,0.9738126309804471,0.018681805317247436,0.4114809482965736,0.8229618965931472,1.0060542268014974,0.0168909485405033,0.9437070872518187,0.7138905898423632,0.12184069100080573,0.548864683575158,1.097729367150316,0.8540479851487046,0.0159560814385884,0.13802319564966636,0.5672124016442543,1.1344248032885087,0.858378411989176,0.01623852863361033,0.12790930088287436,0.543622985945833,1.087245971891666,0.8314273701259174,0.0151621799525856,0.9856256508260945,0.9267877817465654,0.952926332585604,0.9781391855962918,0.9130725121439095,0.9725960180112725,0.9627108735172859,1.0060556078291853,1.008533305288222,0.9890613899164312,0.9403040403522224,0.03279388181284486,0.0222198022904482
real,0.0,S0art1,S1art1,a3b_SFE002_E,acidic,1.0,0.11163106389082517,0.9399485551450273,0.9399485551450273,0.8283174912542022,0.007475907150313761,0.07969236604575171,0.8943512290738947,0.8943512290738947,0.814658863028143,0.01045152403865375,0.10106112371496044,0.9240827381843709,0.9240827381843709,0.8230216144694105,0.00753564390280922,0.08379447114361047,0.9409186667112173,0.9409186667112173,0.8571241955676068,0.011025242744034632,0.08756054750934154,0.927397183203746,0.927397183203746,0.8398366356944045,0.010475318958284359,0.09269778060516778,0.9890043686329605,0.9890043686329605,0.8963065880277927,0.01157716308819671,0.01845682697299697,1.003698454661793,1.003698454661793,0.9852416276887961,0.009393005355928392,0.8283174912542022,0.8283174912542022,0.9835103950233167,0.008321972730428409,0.9514895513998666,0.7138905898423632,0.12184069100080573,0.9782339273906528,0.9782339273906528,0.8563932363898471,0.007903010654598244,0.13802319564966636,1.0001569777615718,1.0001569777615718,0.8621337821119054,0.008061798896038317,0.12790930088287436,0.9631313629517684,0.9631313629517684,0.835222062068894,0.007560791588729085,1.0028204628914592,0.929134633026039,0.9734317062865009,0.9756270526709987,0.9415646636631939,1.002611468830954,0.9819762807515684,1.013005988141928,1.0116553012406955,1.0037322002721962,0.9265214137603854,0.016661930128784516,0.011036518343012862
real,0.0,S0art1,S1art1,a3b_SFE002_E,acidic,1.5,0.11163106389082517,1.3419814341177618,0.8946542894118412,0.8202335801512911,0.004822671667457801,0.07969236604575171,1.2902894003390792,0.8601929335593862,0.807064689528885,0.006599076777863218,0.10106112371496044,1.3212019104476003,0.8808012736317336,0.8134271911550933,0.004881113519398598,0.08379447114361047,1.3646574991223173,0.9097716660815448,0.8539086853191379,0.007088736707878666,0.08756054750934154,1.3278129500052014,0.8852086333368009,0.8268349349972399,0.007082528199821893,0.09269778060516778,1.412394840547335,0.94159656036489,0.8797980399614448,0.007758330100944202,0.01845682697299697,1.4859708085781673,0.9906472057187782,0.9783426544034469,0.006078626357050153,1.2303503702269367,0.8202335801512911,0.9839449506322611,0.005711177356860327,0.9614808130243131,0.7138905898423632,0.12184069100080573,1.396189232558201,0.9307928217054674,0.8495656943715969,0.005186160199192121,0.13802319564966636,1.4228161089418054,0.9485440726278703,0.8565286088614261,0.005208700960075637,0.12790930088287436,1.3697070279656167,0.9131380186437444,0.8278651513884948,0.004868046371059872,0.9871930724057126,0.9094575629041367,0.9596137699381495,0.9598946593024783,0.9409565229126483,1.001242259960116,0.9641345508957001,0.9994032451376925,1.000099449221131,0.9890975164346206,0.9212560220746476,0.010532299318150227,0.00737949930196268
real,0.0,S0art1,S1art1,a4_LATENT30,latent,0.5,-0.006284875383122596,0.4111971046685268,0.8223942093370536,0.8349639601032989,0.01702706003516582,-0.006023514300794616,0.44065063854777947,0.8813012770955589,0.8933483056971482,0.022568454390690048,-0.008593807990805412,0.41825410672706115,0.8365082134541223,0.8536958294357331,0.017347473257902847,-0.006189160602794972,0.44191245054053063,0.8838249010810613,0.8962032222866512,0.022727802075814128,-0.009177142872507744,0.4400499539631362,0.8800999079262724,0.8984541936712879,0.021982308631388784,-0.009118203777521693,0.4395345028414876,0.8790690056829752,0.8973054132380186,0.021921778317719163,-0.008777043196477142,0.4969888402938592,0.9939776805877184,1.0115317669806727,0.020086117428704014,0.41748198005164944,0.8349639601032989,1.0699243900139428,0.017791566378170406,1.0716287482203837,0.9584142777071064,-0.006423798200691786,0.4180298694208849,0.8360597388417698,0.8489073352431533,0.018531768284648233,-0.006139678034659843,0.41941811340776836,0.8388362268155367,0.8511155828848564,0.01885674255137469,-0.006721937144218231,0.4135893694149061,0.8271787388298122,0.8406226131182486,0.017215857865856946,1.0,1.0,1.0,1.0,1.0,1.0,1.0,1.0,1.0,1.0,1.0,0.035726954512109936,0.023516684639315368
real,0.0,S0art1,S1art1,a4_LATENT30,latent,1.0,-0.006284875383122596,0.819702947866806,0.819702947866806,0.8259878232499286,0.008240092169250278,-0.006023514300794616,0.8707696156409156,0.8707696156409156,0.8767931299417102,0.010985891616809962,-0.008593807990805412,0.836890892326916,0.836890892326916,0.8454847003177215,0.008261775192558357,-0.006189160602794972,0.8723475642871477,0.8723475642871477,0.8785367248899426,0.011233119680718917,-0.009177142872507744,0.8827813896694713,0.8827813896694713,0.891958532541979,0.011622054396664585,-0.009118203777521693,0.8848538042156515,0.8848538042156515,0.8939720079931732,0.01175682936797129,-0.008777043196477142,0.9945482376695012,0.9945482376695012,1.0033252808659783,0.009603161781260685,0.8259878232499286,0.8259878232499286,1.0615085419684316,0.008899817360317043,1.062298992466729,0.9584142777071064,-0.006423798200691786,0.8389742018256036,0.8389742018256036,0.8453980000262954,0.008706877262136441,-0.006139678034659843,0.8460614432905419,0.8460614432905419,0.8522011213252018,0.008873426323383166,-0.006721937144218231,0.8253944997324658,0.8253944997324658,0.832116436876684,0.008265052490859733,1.0,1.0,1.0,1.0,1.0,1.0,1.0,1.0,1.0,1.0,1.0,0.017719569632447287,0.01185693936128324
real,0.0,S0art1,S1art1,a4_LATENT30,latent,1.5,-0.006284875383122596,1.2400269197641718,0.8266846131761145,0.8308745300981962,0.0054898497511279626,-0.006023514300794616,1.325096357227431,0.883397571484954,0.8874132476854837,0.007277808772293542,-0.008593807990805412,1.2628977284544065,0.8419318189696043,0.847661024296808,0.0055402854494985285,-0.006189160602794972,1.3281895814452802,0.8854597209635201,0.8895858280320502,0.007658876701571338,-0.009177142872507744,1.3088990618141523,0.8725993745427681,0.8787174697911068,0.007121791651521597,-0.009118203777521693,1.308941483390234,0.8726276555934893,0.8787064581118371,0.007258511571990725,-0.008777043196477142,1.5133279163673314,1.0088852775782209,1.0147366397092057,0.00641530522818224,1.2463117951472944,0.8308745300981962,1.0680472388299176,0.005895927926285047,1.0686028957173266,0.9584142777071064,-0.006423798200691786,1.2686856711325023,0.8457904474216682,0.8500729795554628,0.0058209523291584625,-0.006139678034659843,1.2785254763084657,0.8523503175389772,0.8564434362287504,0.005939409171426344,-0.006721937144218231,1.2487637014801964,0.832509134320131,0.8369904257496098,0.005597480792120576,1.0,1.0,1.0,1.0,1.0,1.0,1.0,1.0,1.0,1.0,1.0,0.011598176945160084,0.007806865588886562
real,0.0,S0art1,S1art1,a1c_KRH_p5p8,basic,0.5,0.17470175592372,0.6085561274864508,1.2171122549729017,0.8677087431254616,0.013195329355130096,0.06691119480049205,0.4883291112365771,0.9766582224731541,0.84283583287217,0.019744236423731926,0.07895700050526465,0.4983459601553125,0.996691920310625,0.8387779193000957,0.013271492011088846,0.06932147153622982,0.5039015428764416,1.0078030857528832,0.8691601426804236,0.02055888780131213,0.0628890723252573,0.5060265774631444,1.0120531549262888,0.8862750102757742,0.018889299025568865,0.06523174616876834,0.5236961183339811,1.0473922366679622,0.9169287443304255,0.0197508976215418,0.036484386950604665,0.5507370007356184,1.1014740014712368,1.0285052275700275,0.016427968205687277,0.4338543715627308,0.8677087431254616,0.9713349549023788,0.015925434565338573,0.8024389028067908,0.38300241715777306,0.155245933003709,0.6023756974401148,1.2047513948802295,0.8942595288728115,0.014344678175941619,-0.05767437645611086,0.3899046107061169,0.7798092214122339,0.8951579743244555,0.014464642278516293,-0.07747365822816862,0.35655475341339476,0.7131095068267895,0.8680568232831267,0.013243772058472682,1.039217001675272,0.9434571348007881,0.9825254972306733,0.9698248355576903,0.9864442912267494,1.0218691772086765,1.0167799580234824,1.0534241980800743,1.051746663232645,1.0326355843118618,0.907853829642785,0.03250457152877073,0.02120041225791965
real,0.0,S0art1,S1art1,a1c_KRH_p5p8,basic,1.0,0.17470175592372,1.0168954829406982,1.0168954829406982,0.8421937270169781,0.006841541081181854,0.06691119480049205,0.9033934026743108,0.9033934026743108,0.8364822078738188,0.009252505237590011,0.07895700050526465,0.8960542001551335,0.8960542001551335,0.8170971996498688,0.006965028469760915,0.06932147153622982,0.9382979323568015,0.9382979323568015,0.8689764608205717,0.009764634874346818,0.0628890723252573,0.9422022527651586,0.9422022527651586,0.8793131804399013,0.009368642164429458,0.06523174616876834,0.9790399433387685,0.9790399433387685,0.9138081971700002,0.010117883132965083,0.036484386950604665,1.041746829359525,1.041746829359525,1.0052624424089203,0.008392172704893383,0.8421937270169781,0.8421937270169781,0.9932182834424695,0.007591248983326313,0.8883837305106739,0.38300241715777306,0.155245933003709,1.0230755505379103,1.0230755505379103,0.8678296175342013,0.007166811845038397,-0.05767437645611086,0.8131616506321108,0.8131616506321108,0.8708360270882216,0.007199121701419989,-0.07747365822816862,0.7678907647602478,0.7678907647602478,0.8453644229884164,0.006907566551796411,1.0196200274518405,0.9540245917864669,0.9664245838426349,0.9891179687786318,0.9858229372322501,1.0221888258239271,1.0019307412858869,1.026533795333332,1.021866793291755,1.0159208321391393,0.9356667838024869,0.015945114419496788,0.01061518857045568
real,0.0,S0art1,S1art1,a1c_KRH_p5p8,basic,1.5,0.17470175592372,1.4363807915706996,0.9575871943804665,0.8411193570979864,0.004764926708777008,0.06691119480049205,1.317479160044437,0.8783194400296247,0.8337119768292967,0.00607488256043942,0.07895700050526465,1.3019458602482632,0.8679639068321755,0.8153259064953323,0.004748691400591054,0.06932147153622982,1.3694617971556005,0.912974531437067,0.8667602170795804,0.006587344331258047,0.0628890723252573,1.3535135781824372,0.9023423854549582,0.8604163372381199,0.006342649076106439,0.06523174616876834,1.4069352968573015,0.9379568645715343,0.8944690337923554,0.006852777434920846,0.036484386950604665,1.54030994150227,1.0268732943348466,1.0025503697011102,0.005825730709909466,1.2616790356469796,0.8411193570979864,0.9911934255154387,0.004888526320796656,0.9172213717810567,0.38300241715777306,0.155245933003709,1.45766505090946,0.9717767006063066,0.8682794119371673,0.005317522899959684,-0.05767437645611086,1.2511833400252776,0.8341222266835184,0.8725718109875924,0.0053648186252640865,-0.07747365822816862,1.189312129383677,0.7928747529224514,0.844523858407897,0.004811368088026246,1.0123301733639367,0.9394856105695418,0.961853716433052,0.9743413055455651,0.9791729046227595,1.017938386061699,0.9879907066215844,1.0214174933441895,1.018831803802317,1.0090006198715358,0.9280426833941587,0.010306659845344181,0.006869886004123345
steep,2.0,S0art1steep,S1art1steep,a1_SFE006_KR,basic,0.5,0.5258560242378723,0.8680148461250041,1.7360296922500082,0.6843176437742637,0.01598002325435958,0.1198371796708092,0.4492945991200446,0.8985891982400892,0.6589148388984708,0.021923911831094593,0.17724991036795865,0.5157174962839096,1.0314349925678192,0.6769351718319019,0.016461368930329772,0.1237099979103328,0.4636770508293462,0.9273541016586924,0.6799341058380268,0.022779199635345155,0.2338658820685459,0.5997901471955392,1.1995802943910785,0.7318485302539868,0.02278210396759136,0.23750318120627478,0.60652699096309,1.21305398192618,0.7380476195136305,0.02338790024527979,0.2726519323771573,0.676170874377897,1.352341748755794,0.8070378840014795,0.01969486048527987,0.34215882188713187,0.6843176437742637,0.9628786352260522,0.02268598646959977,0.5176116527566177,0.22788971533508678,0.482097484164739,0.8444996953281373,1.6889993906562746,0.7248044223267965,0.017397747259637927,0.03201207074816041,0.39845978563409373,0.7969195712681875,0.7328954297718666,0.018278359287027948,0.010693266639607069,0.3590061421123734,0.7180122842247468,0.6966257509455327,0.016472803395023577,0.9920359267179026,0.9044462347094503,0.9457955190528117,0.9370944838167528,0.9657889077003544,0.9762092355318798,0.9877024728524618,1.00415628956236,1.001501495772068,0.9976420050775685,0.9117071371616167,0.040264156856873415,0.028152138445057772
steep,2.0,S0art1steep,S1art1steep,a1_SFE006_KR,basic,1.0,0.5258560242378723,1.2349491412012663,1.2349491412012663,0.709093116963394,0.008629566680068273,0.1198371796708092,0.8205331928353798,0.8205331928353798,0.7006960131645706,0.011690167287193602,0.17724991036795865,0.8779977041241469,0.8779977041241469,0.7007477937561882,0.00873252672006729,0.1237099979103328,0.8445036629396105,0.8445036629396105,0.7207936650292778,0.012103394634128363,0.2338658820685459,0.9807004618196554,0.9807004618196554,0.7468345797511096,0.011782252116849582,0.23750318120627478,0.9920152049953255,0.9920152049953255,0.7545120237890507,0.01209185946845643,0.2726519323771573,1.0960143376995979,1.0960143376995979,0.8233624053224406,0.009881585965622641,0.709093116963394,0.709093116963394,0.9881579674122589,0.01130731684627442,0.6644267083235723,0.22788971533508678,0.482097484164739,1.2302499846212596,1.2302499846212596,0.7481525004565206,0.009315392859368226,0.03201207074816041,0.7925510169179725,0.7925510169179725,0.7605389461698121,0.009637345217798248,0.010693266639607069,0.7300849836639398,0.7300849836639398,0.7193917170243327,0.008722679575354626,1.037024669462112,0.9744172664381903,0.9851603064387655,1.0047569918629733,1.028765936136021,1.03761125056639,0.9887733632564868,1.0402126316677032,1.0397238431937665,1.0359207465976115,0.9396278556648079,0.021496624446429337,0.014112379430952128
steep,2.0,S0art1steep,S1art1steep,a1_SFE006_KR,basic,1.5,0.5258560242378723,1.6267571282472375,1.084504752164825,0.7339340693395768,0.006206527016322377,0.1198371796708092,1.2043020043157313,0.8028680028771542,0.7229765497632815,0.008176994393405778,0.17724991036795865,1.2645105370402498,0.8430070246934999,0.7248404177815275,0.006446870407638497,0.1237099979103328,1.2367541974913356,0.8245027983275571,0.7420294663873351,0.008502603097114122,0.2338658820685459,1.403804953036507,0.9358699686910047,0.7799593806453075,0.008235168266342767,0.23750318120627478,1.424799064055564,0.9498660427037092,0.7915305885661926,0.008583886945035408,0.2726519323771573,1.5291398100125422,1.0194265400083615,0.8376585850902566,0.007137924717883066,1.1009011040093653,0.7339340693395768,0.9850701581599075,0.007296128742137441,0.7403084230608635,0.22788971533508678,0.482097484164739,1.6325608088733545,1.0883738725822363,0.7669755498057437,0.006659721727819937,0.03201207074816041,1.1995537612533165,0.799702507502211,0.7783611270034374,0.006798827455995971,0.010693266639607069,1.1270574855716466,0.7513716570477644,0.7442428126213597,0.006302031034064392,1.0892711274973925,1.0106479745497485,1.0348937924456703,1.0364251215004052,1.0736816606482975,1.089100420268409,1.0221901713659942,1.0776594414939111,1.0789772184783575,1.0911746236283157,0.9278204012179398,0.015184402868117312,0.009252229458046643
steep,2.0,S0art1steep,S1art1steep,a1b_SNO021_K,basic,0.5,0.27103948201424793,0.5981875440030043,1.1963750880060087,0.6542961239775128,0.01393557355132024,0.17002833874086376,0.500133120735491,1.000266241470982,0.6602095639892545,0.019795539891064903,0.20572456222342445,0.5385547193517123,1.0771094387034246,0.6656603142565757,0.0143401622785899,0.17353931979343673,0.5080527682884182,1.0161055365768363,0.6690268969899629,0.020157649078635636,0.22965579312739473,0.5715403198758091,1.1430806397516182,0.6837690534968288,0.020046713127509476,0.2353021269416763,0.5845982149733657,1.1691964299467315,0.6985921760633789,0.02063533959570751,0.22571629446029381,0.6271264362931487,1.2542528725862974,0.8028202836657097,0.018192965347728095,0.3271480619887564,0.6542961239775128,1.0090378649590546,0.022292626498196078,0.8360808006610367,0.6273194498354515,0.21572730614343005,0.570256173507831,1.140512347015662,0.7090577347288018,0.014914915248042919,0.03693054787962691,0.39401427351975327,0.7880285470395065,0.7141674512802527,0.015001749903265837,0.04423408536601817,0.37418082080690096,0.7483616416138019,0.6598934708817656,0.013776300869858734,0.9485145788701567,0.9062234131310211,0.9300425928991235,0.9220620194093961,0.9023404980629324,0.9240218599889252,0.9825407148188878,0.9823405625824676,0.9759097159488853,0.9450374817963834,0.9554132675646254,0.03816698015328022,0.0284462705621004
steep,2.0,S0art1steep,S1art1steep,a1b_SNO021_K,basic,1.0,0.27103948201424793,0.9171119994986527,0.9171119994986527,0.6460725174844049,0.006582610527685855,0.17002833874086376,0.8419468464422484,0.8419468464422484,0.6719185077013846,0.009644319771922732,0.20572456222342445,0.8711845828570679,0.8711845828570679,0.6654600206336434,0.006882450235192144,0.17353931979343673,0.8547455490260752,0.8547455490260752,0.6812062292326385,0.010077362142552426,0.22965579312739473,0.9034793606255814,0.9034793606255814,0.6738235674981867,0.009648864627032863,0.2353021269416763,0.9270041062232078,0.9270041062232078,0.6917019792815315,0.010044276883224049,0.22571629446029381,1.0259631859196858,1.0259631859196858,0.800246891459392,0.008547157543999158,0.6460725174844049,0.6460725174844049,1.0400047819981812,0.01073242056558623,0.9180414681113168,0.6273194498354515,0.21572730614343005,0.9219928626436327,0.9219928626436327,0.7062655565002026,0.007505689945484237,0.03693054787962691,0.7494105572417699,0.7494105572417699,0.712480009362143,0.007511221885137517,0.04423408536601817,0.6990379331680069,0.6990379331680069,0.6548038478019887,0.0065937710101349,0.9448591769752109,0.9343980602753006,0.9355502845554239,0.9495737198166184,0.928193139421589,0.9512343516240894,0.9610140142286212,0.9819740664303591,0.9740230362474259,0.9429145135223752,0.98892838535643,0.01902054538364646,0.01402499631265179
steep,2.0,S0art1steep,S1art1steep,a1b_SNO021_K,basic,1.5,0.27103948201424793,1.2223323304687042,0.8148882203124694,0.6341952323029708,0.004475485581997778,0.17002833874086376,1.176292273609651,0.7841948490731007,0.6708426232458583,0.0063241156757128355,0.20572456222342445,1.1826138558869494,0.7884092372579663,0.6512595291090166,0.004715575765959196,0.17353931979343673,1.1995775930012933,0.7997183953341955,0.6840255154719044,0.006787465481878234,0.22965579312739473,1.240083896121078,0.8267225974140521,0.6736187353291222,0.006704294433874367,0.2353021269416763,1.271837552093465,0.8478917013956434,0.6910236167678591,0.007036869298201013,0.22571629446029381,1.4146809523017743,0.9431206348678495,0.7926431052276537,0.005830551586563378,0.9512928484544563,0.6341952323029708,1.057785661380343,0.007105969284532447,0.9623342558227197,0.6273194498354515,0.21572730614343005,1.25916223529003,0.8394414901933533,0.6956232860977334,0.0050686880499678745,0.03693054787962691,1.0890951276610543,0.7260634184407029,0.7014430531876182,0.005171702056800586,0.04423408536601817,1.0047660818928315,0.669844054595221,0.6403546643512089,0.004518946045654028,0.9412433413341156,0.9377700267692696,0.9298383856805784,0.9554084576100682,0.9272945493566445,0.9508086261082438,0.9672580284931094,0.9774040413362713,0.9723520974936876,0.9388585929382117,0.9963098654595283,0.012812964954074893,0.009436588819862587
steep,2.0,S0art1steep,S1art1steep,a2_SNO016_KRH,basic,0.5,-1.6680301697315931,-1.3370468708554666,-2.674093741710933,0.6619665977522531,0.02640471551929009,-0.7509844419905182,-0.4291918737622587,-0.8583837475245174,0.6435851364565189,0.03439684659858887,-0.7785962311887034,-0.445175360272264,-0.890350720544528,0.6668417418328787,0.028883234221192468,-0.7705775270017087,-0.4414132559546958,-0.8828265119093917,0.6583285420940257,0.03547087484238527,-0.696609790078179,-0.36910637104286353,-0.7382127420857271,0.655006838070631,0.0352000809068748,-0.7245210647354919,-0.38396647239117826,-0.7679329447823565,0.6811091846886274,0.03651019459076123,-0.6175295659888554,-0.23125332535198698,-0.46250665070397395,0.772552481273737,0.03218022011078284,0.33098329887612654,0.6619665977522531,0.9722320410755626,0.03556381656659604,0.32099987152107395,0.45022233747208595,-1.852040030689402,-1.5066025868741337,-3.0132051737482675,0.6908748876305366,0.02983449425522833,-2.0714635995909996,-1.7286448689740121,-3.4572897379480243,0.6856374612339748,0.030039689793582222,-1.9328748006573857,-1.6012541482517495,-3.202508296503499,0.6632413048112724,0.026320249314805894,0.959634247679982,0.8834042261912964,0.9316932515651948,0.9073174003752615,0.864384244178171,0.9008972577362904,0.9454971213730239,0.9571497390810604,0.9369234887942098,0.9498319352738303,0.92056346293082,0.053961602720346426,0.03836048479831015
steep,2.0,S0art1steep,S1art1steep,a2_SNO016_KRH,basic,1.0,-1.6680301697315931,-1.011637455387408,-1.011637455387408,0.6563927143441852,0.012693044978854066,-0.7509844419905182,-0.10098469784238695,-0.10098469784238695,0.6499997441481312,0.01699315359265656,-0.7785962311887034,-0.11014643126900751,-0.11014643126900751,0.6684497999196959,0.013853442469983608,-0.7705775270017087,-0.1041136014399921,-0.1041136014399921,0.6664639255617166,0.01755098049936062,-0.696609790078179,-0.031204145451207248,-0.031204145451207248,0.6654056446269718,0.017012662960084746,-0.7245210647354919,-0.03246335375316663,-0.03246335375316663,0.6920577109823253,0.01775093302414748,-0.6175295659888554,0.16365266506518214,0.16365266506518214,0.7811822310540376,0.016297687681923415,0.6563927143441852,0.6563927143441852,0.990260449184843,0.018588225681557255,0.09982301199367388,0.45022233747208595,-1.852040030689402,-1.1573033077997559,-1.1573033077997559,0.6947367228896462,0.014218248168194378,-2.0714635995909996,-1.375877934662002,-1.375877934662002,0.6955856649289975,0.014145134164741334,-1.9328748006573857,-1.2749642751510137,-1.2749642751510137,0.657910525506372,0.012642312021411669,0.9599521153795899,0.9039169083006998,0.9397535255843303,0.9290235493473423,0.9165974359850766,0.9517235568365829,0.9381193225758454,0.965944662875899,0.9509269767875765,0.947388115053784,0.9416270809958762,0.026993948489759625,0.01990796179754081
steep,2.0,S0art1steep,S1art1steep,a2_SNO016_KRH,basic,1.5,-1.6680301697315931,-0.7213437676818155,-0.48089584512121036,0.6311242680331851,0.007964493770339687,-0.7509844419905182,0.19397803870254374,0.1293186924683625,0.6299749871287079,0.010673904972250165,-0.7785962311887034,0.1826948844297495,0.12179658961983299,0.6408607437456352,0.00873942591890352,-0.7705775270017087,0.20047344721645038,0.1336489648109669,0.6473673161454393,0.010993442286720076,-0.696609790078179,0.2771994701408867,0.18479964676059113,0.6492061734793771,0.011291353699754023,-0.7245210647354919,0.29133434139315023,0.19422289426210015,0.6772369374190949,0.011782390335166378,-0.6175295659888554,0.540093725616865,0.36006248374457667,0.7717488610704804,0.010372034458235356,0.9466864020497776,0.6311242680331851,0.998178994276264,0.01238363991989234,-0.2689120602316029,0.45022233747208595,-1.852040030689402,-0.8474631797238539,-0.5649754531492359,0.6697179006436987,0.008981346909890603,-2.0714635995909996,-1.068976338556031,-0.7126508923706872,0.6683248406899791,0.008967248369210548,-1.9328748006573857,-0.9835198265691981,-0.6556798843794654,0.6329033160587917,0.007914762972647612,0.9366855576688011,0.8806412116231108,0.9149914784751609,0.9042063417751085,0.8936885429440704,0.9318389507858489,0.9417608970892897,0.9410049889451616,0.9264430771662631,0.9279337683640059,0.9401673853228057,0.017276987246335054,0.013245891323821672
steep,2.0,S0art1steep,S1art1steep,a2b_PERS009_AKRV,basic,0.5,0.029654875740214522,0.37793044801990794,0.7558608960398159,0.6965511445593868,0.014060623186623758,0.13421415625805375,0.4514424316318399,0.9028848632636798,0.6344565507475723,0.018865440377317483,0.1827813795945667,0.5120297982489754,1.0240595964979509,0.6584968373088175,0.013886019623386148,0.14131544081094852,0.47340396743566937,0.9468079348713387,0.6641770532494418,0.01981478605537968,0.20265406889837104,0.550406773155561,1.100813546311122,0.6955054085143799,0.018361512921728346,0.21099560729026076,0.5705778608196614,1.1411557216393229,0.7191645070588013,0.019154519832056054,0.24780662942879444,0.6585673761018837,1.3171347522037673,0.8215214933461784,0.018012632553337578,0.3482755722796934,0.6965511445593868,0.9108542218373737,0.019218449386261112,1.1945119373077335,4.525871476711265,-0.12350613229992305,0.2483252952160958,0.4966505904321916,0.7436628550320377,0.015717275511628628,-0.3236219208418659,0.05127709228430216,0.10255418456860432,0.7497980262523362,0.016058230286028378,-0.20149207298945285,0.15129689974615507,0.30259379949231013,0.7055779454712159,0.01408953137205048,1.0097704866825397,0.8708740561522037,0.9200339765944143,0.9153778984370939,0.9178284590606139,0.9512327051744766,1.0054284025134812,1.0302830807751737,1.02459889134853,1.0104624976940484,0.8624475241035605,0.03652417672842081,0.02504906259380511
steep,2.0,S0art1steep,S1art1steep,a2b_PERS009_AKRV,basic,1.0,0.029654875740214522,0.7151424213753103,0.7151424213753103,0.6854875456350957,0.006997819537718963,0.13421415625805375,0.7638865330197061,0.7638865330197061,0.6296723767616523,0.008886613918905856,0.1827813795945667,0.831318478886002,0.831318478886002,0.6485370992914352,0.0067247015481315025,0.14131544081094852,0.806417889356455,0.806417889356455,0.6651024485455065,0.009505738782865638,0.20265406889837104,0.9032270772507137,0.9032270772507137,0.7005730083523427,0.00941576903541848,0.21099560729026076,0.9347598919251331,0.9347598919251331,0.7237642846348723,0.010010747365419199,0.24780662942879444,1.0579098933366902,1.0579098933366902,0.8101032639078958,0.008520258404950127,0.6854875456350957,0.6854875456350957,0.9185759548384919,0.010000194606173109,1.068160005877787,4.525871476711265,-0.12350613229992305,0.604704125416379,0.604704125416379,0.728210257716302,0.007776562874541666,-0.3236219208418659,0.41259494844964534,0.41259494844964534,0.7362168692915112,0.00791606805216814,-0.20149207298945285,0.49178789091786973,0.49178789091786973,0.6932799639073226,0.007098751828250046,1.0025023208190682,0.8756488185863581,0.911758856992072,0.9271257058760872,0.9650405408509816,0.9953267023154053,0.9728505013847224,1.0124854332830142,1.0064734181186055,0.9983199428299047,0.8734631336024563,0.017676889721683492,0.012752391257110383
steep,2.0,S0art1steep,S1art1steep,a2b_PERS009_AKRV,basic,1.5,0.029654875740214522,1.0603858421120544,0.7069238947413696,0.6871539775812266,0.004512195519140783,0.13421415625805375,1.0818150354544216,0.7212100236362811,0.6317339194642452,0.006089932209623272,0.1827813795945667,1.1651760247142402,0.7767840164761601,0.6549297634131156,0.0044426082193828155,0.14131544081094852,1.1413920333898475,0.7609280222598983,0.6667177283859327,0.0065809091909467534,0.20265406889837104,1.2556430999948658,0.8370953999965772,0.7019926873976631,0.005810090691228862,0.21099560729026076,1.300713665536506,0.8671424436910039,0.7264787054974967,0.006345070242050963,0.24780662942879444,1.4592821406761578,0.9728547604507719,0.8076503408315756,0.005626456936652903,1.03073096637184,0.6871539775812266,0.9193484140016778,0.006309128504781094,1.0202088640675218,4.525871476711265,-0.12350613229992305,0.9664830670239212,0.6443220446826141,0.7266594662158962,0.00507972316586273,-0.3236219208418659,0.7793350276702953,0.5195566851135301,0.7353046323414407,0.00525293705487925,-0.20149207298945285,0.842355988016702,0.5615706586778013,0.6958987073374366,0.004641285994791587,1.0198422708428676,0.8831000208374108,0.9350785773213238,0.9312339117920755,0.9663537526075894,0.9995927825184834,0.9855712756880269,1.021012253541621,1.019291585118581,1.0202947172412717,0.865918236657867,0.012196479733267828,0.00829099999163848
steep,2.0,S0art1steep,S1art1steep,a3_SNO006_DE3,acidic,0.5,0.49896766712034624,0.8117047734322043,1.6234095468644085,0.625474212623716,0.01683347103161878,0.43259915671815663,0.767989348983076,1.535978697966152,0.6707803845298388,0.025281807862781506,0.49772698946555577,0.8201576669883985,1.640315333976797,0.6448613550456855,0.01803792983840651,0.4408673948053588,0.7853772871827516,1.5707545743655031,0.6890197847547855,0.025897507256916297,0.45558357385231546,0.7988769934073844,1.5977539868147688,0.6865868391101378,0.02485367236182071,0.4642131721110551,0.8142329936503282,1.6284659873006564,0.7000396430785462,0.02590524256139281,0.3978025245072416,0.7808869138628777,1.5617738277257553,0.7661687787112722,0.02200089244734216,0.312737106311858,0.625474212623716,1.0724349157674689,0.03137235117396352,0.9461436893314272,0.8669883546057862,0.5522314449151349,0.8828582168867881,1.7657164337735762,0.6612535439433065,0.018637087095550207,0.5939918815762659,0.9307246265163058,1.8614492530326117,0.6734654898800798,0.01938882966941619,0.541217713341018,0.8606282366779996,1.7212564733559992,0.6388210466739632,0.017066865323711263,0.90673226944153,0.9207332378781824,0.900982849453695,0.9496164907605448,0.9060590080784776,0.9259364121546313,0.9376843545477066,0.9161118291945097,0.9202904917495767,0.9148595340102401,1.015441127341013,0.04411191353364179,0.03596067280222976
steep,2.0,S0art1steep,S1art1steep,a3_SNO006_DE3,acidic,1.0,0.49896766712034624,1.1097095134367079,1.1097095134367079,0.6107418463163616,0.008034964376938744,0.43259915671815663,1.0702168427462013,1.0702168427462013,0.6376176860280447,0.012693166995092904,0.49772698946555577,1.1313318615106946,1.1313318615106946,0.6336048720451388,0.008526249880241778,0.4408673948053588,1.0977703962494545,1.0977703962494545,0.6569030014440957,0.013153775853193836,0.45558357385231546,1.1032152694706365,1.1032152694706365,0.647631695618321,0.01221088097810755,0.4642131721110551,1.1279243927368194,1.1279243927368194,0.6637112206257643,0.01267668902706863,0.3978025245072416,1.1645905355922144,1.1645905355922144,0.7667880110849727,0.011219234636571885,0.6107418463163616,0.6107418463163616,1.0440052370306414,0.016452485781959902,0.964411703952866,0.8669883546057862,0.5522314449151349,1.1990883541549913,1.1990883541549913,0.6468569092398564,0.00908833677365933,0.5939918815762659,1.2560713148755485,1.2560713148755485,0.6620794332992825,0.009319355588268644,0.541217713341018,1.1653011448961919,1.1653011448961919,0.6240834315551739,0.008269410306954546,0.893189266897934,0.8866978989163553,0.8907660865533357,0.915696010799316,0.8921137902267183,0.9127412260311263,0.920833348382389,0.8993737606467197,0.9051210018320094,0.8986772561546852,0.992732371265361,0.021803383683662497,0.01838517660085821
steep,2.0,S0art1steep,S1art1steep,a3_SNO006_DE3,acidic,1.5,0.49896766712034624,1.3930103104345215,0.928673540289681,0.5960284288761168,0.005287228837954632,0.43259915671815663,1.3606601972299308,0.9071067981532872,0.6187073603411828,0.008163997207921202,0.49772698946555577,1.4263398916509136,0.950893261100609,0.6190752681235718,0.005648038884304038,0.4408673948053588,1.3933426716188035,0.9288951144125357,0.6349835178756299,0.008432038258796086,0.45558357385231546,1.4002024131632465,0.9334682754421643,0.629745892873954,0.00805102508222366,0.4642131721110551,1.4322452511233614,0.9548301674155742,0.6453547193415375,0.008277276916549023,0.3978025245072416,1.53281230925127,1.02187487283418,0.7566731898293523,0.007066457118931593,0.8940426433141753,0.5960284288761168,1.038050083463015,0.011071825944257572,0.9767768314690365,0.8669883546057862,0.5522314449151349,1.5084978958041058,1.005665263869404,0.6375109672593139,0.005861312119290273,0.5939918815762659,1.572691316780041,1.0484608778533606,0.65246629013585,0.006123745193069901,0.541217713341018,1.454794904976685,0.9698632699844567,0.6090514610904447,0.005451533777497592,0.88459793033807,0.8648902108547963,0.8838871789167094,0.8869093472380695,0.8668997807141379,0.8879708582459823,0.9233641382621052,0.8957517786543792,0.9044596890288477,0.8929632742906363,0.9777212688303015,0.014262239225043253,0.01230316644716369
steep,2.0,S0art1steep,S1art1steep,a3b_SFE002_E,acidic,0.5,0.5057267830877007,0.846379357490411,1.692758714980822,0.6813051488054207,0.0133094008266804,0.48605196732863665,0.8287609719027472,1.6575219438054944,0.6854180091482212,0.018169513014225317,0.52049375250824,0.8619968795475381,1.7239937590950762,0.6830062540785962,0.014118804133270537,0.5022836646693889,0.8537459905118987,1.7074919810237974,0.7029246516850196,0.019268406708738372,0.4494547602717057,0.798232887850701,1.596465775701402,0.6975562551579906,0.018377896349437952,0.4691796796106155,0.8349320372252487,1.6698640744504973,0.7315047152292663,0.019730183911241487,0.4396065547129437,0.8428256998445047,1.6856513996890095,0.8064382902631221,0.01699021824467289,0.34065257440271035,0.6813051488054207,1.006036737503029,0.020045335441787097,0.9791838193692437,0.9610959584957316,0.5284643080672629,0.8866341237920489,1.7732682475840977,0.716339631449572,0.014883766611819903,0.5237770789012457,0.8861058135950818,1.7722116271901636,0.7246574693876722,0.015310860891350244,0.4994346109535085,0.842948191524078,1.685896383048156,0.6870271611411389,0.013644261420240967,0.9876687979943664,0.9408252796560216,0.954277871017455,0.9687803685343601,0.9205348728305592,0.9675549923357475,0.9869686532513966,0.9924290252999426,0.9902443241323841,0.9838958058229831,0.9525716328859748,0.0373673142260847,0.026865011324327576
steep,2.0,S0art1steep,S1art1steep,a3b_SFE002_E,acidic,1.0,0.5057267830877007,1.1637659521266288,1.1637659521266288,0.6580391690389281,0.006770294357698832,0.48605196732863665,1.1390248592123131,1.1390248592123131,0.6529728918836765,0.009411972155306203,0.52049375250824,1.1787426964998078,1.1787426964998078,0.6582489439915677,0.007090481674095046,0.5022836646693889,1.1701956412076828,1.1701956412076828,0.6679119765382939,0.009712456410838063,0.4494547602717057,1.1236629063362427,1.1236629063362427,0.6742081460645369,0.009229037154242989,0.4691796796106155,1.1725346962837002,1.1725346962837002,0.7033550166730846,0.00984095835893395,0.4396065547129437,1.216566058038593,1.216566058038593,0.7769595033256493,0.008663213883971937,0.6580391690389281,0.6580391690389281,0.9923009489501194,0.01018969523000272,0.9787404908443106,0.9610959584957316,0.5284643080672629,1.228190182359915,1.228190182359915,0.6997258742926522,0.007374765748504328,0.5237770789012457,1.2299837542620713,1.2299837542620713,0.7062066753608256,0.007575289868973899,0.4994346109535085,1.1628273636811204,1.1628273636811204,0.6633927527276119,0.00685454720605119,0.9623599996119343,0.9080514922497402,0.9254124481786854,0.9310420733908784,0.9287228970674668,0.9672597061837496,0.9330482619212364,0.9728814549170173,0.9654468351595838,0.9552824969067412,0.943567368361015,0.018523094923928323,0.013346824991710894
steep,2.0,S0art1steep,S1art1steep,a3b_SFE002_E,acidic,1.5,0.5057267830877007,1.5003301313047035,1.000220087536469,0.6630688988113352,0.0042659351641251885,0.48605196732863665,1.4711319439869084,0.9807546293246056,0.6567199844388478,0.006321772025922433,0.52049375250824,1.5168169495723933,1.011211299714929,0.6642154647094355,0.004490649666718915,0.5022836646693889,1.5198211250784457,1.0132140833856305,0.6783583069393712,0.007066774441954107,0.4494547602717057,1.4676094053765933,0.9784062702510622,0.6787697634032585,0.006240749388881033,0.4691796796106155,1.5319179073042273,1.0212786048694849,0.7084921517957411,0.00692356437283594,0.4396065547129437,1.624266034866064,1.0828440232440426,0.7897729867687469,0.005474470596613617,0.9946033482170028,0.6630688988113352,0.9904249552589951,0.0070394942922724964,0.98053882495021,0.9610959584957316,0.5284643080672629,1.5850023550282524,1.0566682366855016,0.704358697973993,0.0047076417094135325,0.5237770789012457,1.5906789183848395,1.0604526122565596,0.7112678929890626,0.004814760860109956,0.4994346109535085,1.503907480442079,1.002604986961386,0.6696485796590469,0.0042838526349888465,0.9840963067249318,0.9180280084281821,0.9483362743182407,0.9474928187332249,0.9343853857693162,0.9748443224100157,0.9637556386990209,0.9896779646525666,0.9859714548243511,0.9818079858897459,0.9328639912117701,0.012670065360957725,0.009097159740693776
steep,2.0,S0art1steep,S1art1steep,a4_LATENT30,latent,0.5,-0.005944612418004878,0.33896106354793104,0.6779221270958621,0.6898113519318718,0.01711590005879097,-0.00797094186188529,0.356293297189397,0.712586594378794,0.7285284781025646,0.021547429329279486,-0.008530425481476199,0.34933507408751835,0.6986701481750367,0.7157309991379891,0.01756411268816708,-0.008111201990545496,0.35467724548205043,0.7093544909641009,0.7255768949451918,0.021634462363922802,-0.014258707640535823,0.3646276744761296,0.7292553489522592,0.7577727642333308,0.022936065427704558,-0.01392568310479834,0.36409144306565383,0.7281828861313077,0.7560342523409044,0.023184611784656087,-0.006888220495805192,0.40165479027077355,0.8033095805415471,0.8170860215331575,0.019349549725349448,0.3449056759659359,0.6898113519318718,1.0561271223824635,0.021079719782437032,1.051133405884582,1.340868218379237,-0.006365874943896112,0.35453632218454445,0.7090726443690889,0.7218043942568811,0.018649508053225662,-0.007154457482452132,0.3587438626228363,0.7174877252456726,0.7317966402105769,0.01919498720544575,-0.008232684882499865,0.3409034518278669,0.6818069036557338,0.6982722734207335,0.0172320035170106,1.0,1.0,1.0,1.0,1.0,1.0,1.0,1.0,1.0,1.0,1.0,0.04182769474037336,0.028226929292467416
steep,2.0,S0art1steep,S1art1steep,a4_LATENT30,latent,1.0,-0.005944612418004878,0.6778319050019609,0.6778319050019609,0.6837765174199658,0.00798758180139348,-0.00797094186188529,0.7111214195920951,0.7111214195920951,0.7190923614539804,0.010379464043654127,-0.008530425481476199,0.7027728915282256,0.7027728915282256,0.7113033170097018,0.008216804106012431,-0.008111201990545496,0.709269887035584,0.709269887035584,0.7173810890261295,0.010449489591694566,-0.014258707640535823,0.71169318629189,0.71169318629189,0.7259518939324259,0.010842084861250191,-0.01392568310479834,0.7132368485053717,0.7132368485053717,0.7271625316101701,0.010973442605935952,-0.006888220495805192,0.8258227281595353,0.8258227281595353,0.8327109486553405,0.009426566121944535,0.6837765174199658,0.6837765174199658,1.0516482258958946,0.010230523110061448,1.0491117552072706,1.340868218379237,-0.006365874943896112,0.7128644801586543,0.7128644801586543,0.7192303551025504,0.008643819287001777,-0.007154457482452132,0.7243272250320417,0.7243272250320417,0.7314816825144939,0.008849632971282806,-0.008232684882499865,0.6862139891387611,0.6862139891387611,0.6944466740212609,0.008054056688666596,1.0,1.0,1.0,1.0,1.0,1.0,1.0,1.0,1.0,1.0,1.0,0.020412925526033347,0.013757589444982829
steep,2.0,S0art1steep,S1art1steep,a4_LATENT30,latent,1.5,-0.005944612418004878,1.0047322303058932,0.6698214868705955,0.673784561815932,0.005385385634648215,-0.00797094186188529,1.0650681894222396,0.7100454596148263,0.7153594208560832,0.007074942172694624,-0.008530425481476199,1.0420707421058444,0.6947138280705629,0.700400778391547,0.005561739023936548,-0.008111201990545496,1.0658151015032158,0.7105434010021439,0.7159508689958409,0.0071936520768979715,-0.014258707640535823,1.0753930148835713,0.7169286765890476,0.726434481682738,0.007086277297590514,-0.01392568310479834,1.0762363081619757,0.7174908721079838,0.7267746608445159,0.007189842345631844,-0.006888220495805192,1.2223232440952594,0.8148821627301729,0.8194743097273763,0.006635053110122042,1.0106768427238981,0.673784561815932,1.0617034901009037,0.007088930652640004,1.0600517802618683,1.340868218379237,-0.006365874943896112,1.0611915373623326,0.7074610249082217,0.7117049415374859,0.005716328557027569,-0.007154457482452132,1.0749274164534017,0.7166182776356012,0.7213879159572358,0.005893958371703319,-0.008232684882499865,1.0148521585131105,0.676568105675407,0.6820565622637402,0.005476035142206588,1.0,1.0,1.0,1.0,1.0,1.0,1.0,1.0,1.0,1.0,1.0,0.013986646267489392,0.00944261930488055
steep,2.0,S0art1steep,S1art1steep,a1c_KRH_p5p8,basic,0.5,0.12875223121818555,0.4609208434021534,0.9218416868043068,0.6643372243679357,0.012814460977326728,-0.059125483819485646,0.2647792374338649,0.5295584748677298,0.647809442506701,0.01813150069920395,-0.05535620013810814,0.2748099976618368,0.5496199953236736,0.6603323955998899,0.01303569249479883,-0.060529690833453435,0.2713447494886292,0.5426894989772584,0.6637488806441653,0.01865536300794283,0.02849364839768949,0.37804873692476076,0.7560974738495215,0.6991101770541426,0.017787416105284153,0.02926910395105522,0.38674513615322864,0.7734902723064573,0.7149520644043469,0.018290886183517225,0.041079615770175854,0.4419503331469376,0.8839006662938752,0.8017414347535234,0.016428935843199138,0.33216861218396787,0.6643372243679357,0.9751213973039677,0.01983474456449007,0.5744570705014636,-0.45921910059399806,0.13336109922861078,0.49120659751743717,0.9824131950348743,0.7156909965776528,0.014042550776040604,-0.06535870129883461,0.29530112984551976,0.5906022596910395,0.7213196622887088,0.014259599080552013,-0.11129017662789015,0.22336593187925494,0.4467318637585099,0.6693122170142902,0.012921695540553408,0.9630708780123816,0.8892026351446214,0.9225985690087196,0.914787785096579,0.9225855164660879,0.9456609435229225,0.9812203533345952,0.9915303955921156,0.9856832112281175,0.9585261258268609,0.9232992663839945,0.036208773274933964,0.026312048215767426
steep,2.0,S0art1steep,S1art1steep,a1c_KRH_p5p8,basic,1.0,0.12875223121818555,0.7971945072084524,0.7971945072084524,0.6684422759902668,0.006508762238370413,-0.059125483819485646,0.6191025224287732,0.6191025224287732,0.6782280062482589,0.00925463433716553,-0.05535620013810814,0.6072606859489821,0.6072606859489821,0.6626168860870902,0.006635679379574884,-0.060529690833453435,0.6359120196361281,0.6359120196361281,0.6964417104695815,0.009600954424735342,0.02849364839768949,0.7290101115307346,0.7290101115307346,0.700516463133045,0.009110598391573493,0.02926910395105522,0.7461415612561489,0.7461415612561489,0.7168724573050937,0.009471314134908796,0.041079615770175854,0.846223318155597,0.846223318155597,0.8051437023854212,0.008182164987284813,0.6684422759902668,0.6684422759902668,1.0146396040607917,0.009863242924037797,0.7766015907418798,-0.45921910059399806,0.13336109922861078,0.8510272299839956,0.8510272299839956,0.7176661307553849,0.007142776092531651,-0.06535870129883461,0.6605723945602978,0.6605723945602978,0.7259310958591324,0.00728125513880536,-0.11129017662789015,0.5621699255696315,0.5621699255696315,0.6734601021975217,0.0065311551296855595,0.9775741912173903,0.9431723136050352,0.9315532069676156,0.9708113597126264,0.9649626497127805,0.9858490036851998,0.9668945793081803,0.9978251413666454,0.9924118583034354,0.9697794335996824,0.964808934276882,0.018734222135386003,0.01326856653175881
steep,2.0,S0art1steep,S1art1steep,a1c_KRH_p5p8,basic,1.5,0.12875223121818555,1.1527163576360449,0.7684775717573632,0.6826427509452396,0.0044025376255665384,-0.059125483819485646,0.9746111242009066,0.649740749467271,0.6891577386802615,0.006249981605164254,-0.05535620013810814,0.9628880535121166,0.6419253690080777,0.6788295024334832,0.004586978997669391,-0.060529690833453435,1.000391489760311,0.6669276598402073,0.7072807870625096,0.006443084741093743,0.02849364839768949,1.1011106377144286,0.7340737584762858,0.7150779928778261,0.006248451721278969,0.02926910395105522,1.1279030651419313,0.7519353767612875,0.7324226407939173,0.006579625324133094,0.041079615770175854,1.2713558386782455,0.8475705591188304,0.8201841486053798,0.005462842229398448,1.0239641264178594,0.6826427509452396,1.0095437734100314,0.006501592953327378,0.8454908423435658,-0.45921910059399806,0.13336109922861078,1.2322410199435776,0.8214940132957184,0.7325866138099779,0.004867853570803699,-0.06535870129883461,1.0455266991177206,0.6970177994118137,0.7405902669443701,0.004975347593859627,-0.11129017662789015,0.9194513591370201,0.6129675727580134,0.6871610238432736,0.0044358707926022,1.013146916138051,0.9633727027115047,0.9692015248646614,0.9878901160557406,0.9843668092701143,1.0077712945341797,1.0008662124847325,1.0293403502684437,1.0266186202490708,1.0074839270845686,0.9508716725741242,0.01292716094485256,0.008820932733008503
steep,4.0,S0art1steep4,S1art1steep4,a1_SFE006_KR,basic,1.0,0.610650803889756,1.1423386008826681,1.1423386008826681,0.5316877969929121,0.008440797057216391,0.13247990510424126,0.6626630997680374,0.6626630997680374,0.5301831946637962,0.011713456980869449,0.20237992947994243,0.7336411892733082,0.7336411892733082,0.5312612597933658,0.008875045846015922,0.13556155906137565,0.6782090655505668,0.6782090655505668,0.5426475064891911,0.012089553047704822,0.33193879329009773,0.9099050922837761,0.9099050922837761,0.5779662989936785,0.011561212691235587,0.3351801434566953,0.9131924108449124,0.9131924108449124,0.5780122673882171,0.011802735740416135,0.38711195448736063,1.0095921136262276,1.0095921136262276,0.6224801591388669,0.010522260381841123,0.5316877969929121,0.5316877969929121,0.997170139435914,0.01629616495054215,0.5800934147336065,0.21694871153917053,0.5810063685991845,1.1481737024172818,1.1481737024172818,0.5671673338180973,0.009209592619336366,0.13911640154932128,0.7192996823012981,0.7192996823012981,0.5801832807519769,0.009404262345059582,0.1072650110796533,0.6512431419253477,0.6512431419253477,0.5439781308456944,0.008617481824658551,,,,,,,,,,,,,
steep,4.0,S0art1steep4,S1art1steep4,a1c_KRH_p5p8,basic,1.0,0.11950259313412208,0.6096527392364705,0.6096527392364705,0.49015014610234836,0.006355162836993055,-0.12440618688416767,0.3718484611499751,0.3718484611499751,0.49625464803414276,0.009399124943064835,-0.11501260919305874,0.38189533983455953,0.38189533983455953,0.49690794902761826,0.006858402720233421,-0.12724396909039407,0.3803276481006048,0.3803276481006048,0.5075716171909989,0.00967973753356023,0.015862140975939586,0.5316728139949504,0.5316728139949504,0.5158106730190107,0.009718269615591814,0.016294233319807026,0.5435971934929219,0.5435971934929219,0.5273029601731148,0.00998738932701295,0.04642639076123174,0.657791705689355,0.657791705689355,0.6113653149281232,0.008298409505016556,0.49015014610234836,0.49015014610234836,1.0124543509378445,0.01355954239501511,0.6099348649128984,-1.0410333669039475,0.13243810517644156,0.668313540016197,0.668313540016197,0.5358754348397554,0.006924946878516607,-0.06430763748183767,0.4799347361872433,0.4799347361872433,0.544242373669081,0.007088178077888704,-0.11689731079860603,0.3783010843750648,0.3783010843750648,0.49519839517367087,0.00636806239645575,,,,,,,,,,,,,
