uid,doi,pmid,pmcid,year,journal,title,modification,study_type,screen_included,fulltext_retrieved,in_classified_sample,fulltext_stage_verdict,background_class,background_class_label,background_class_original,equal_size_random_background,discusses_detectability_bias,abundance_normalisation,reports_identified_fraction,kr_basic_as_biological_motif,evidence_quote_background,evidence_quote_detectability,evidence_quote_identified_fraction,evidence_quote_kr,evidence_quote_equal_size_bg,ambiguity,verification,note,sources,queries,recoding_note
1,10.1093/bioinformatics/btaf078,39977366,PMC11908646,2025,,Sul-BertGRU: an ensemble deep learning method integrating information entropy-enhanced BERT and directional multi-GRU for S-sulfhydration sites prediction.,persulfidation,computational-predictor,1,1,1,included after full text,a,"a: all residues of that type (proteome / all proteins), unrestricted",,0,0,0,0,0,"Subsequently, confidence learning is employed to eliminate potential S-sulfhydration samples from the nonsulfhydration samples and select reliable negative samples.",,,,,"negative source implied by 'nonsulfhydration samples', not stated explicitly",,,EuropePMC;OpenAlex,EPMC-1_cys_redox_sitefeatures;OA-1_cys_redox_sitefeatures,
3,10.3389/fgene.2025.1616880,41040660,PMC12483914,2025,,BioSemAF-BiLSTM: a protein sequence feature extraction framework based on semantic and evolutionary information.,S-sulfenylation,computational-predictor,1,1,1,included after full text,a,"a: all residues of that type (proteome / all proteins), unrestricted",,0,0,0,0,0,"A peptide segment with a central cysteine that is a sulfenylation site is defined as a positive sample, while all",,,,,,,,EuropePMC;OpenAlex,EPMC-1_cys_redox_sitefeatures;OA-1_cys_redox_sitefeatures,
9,10.1093/database/baag021,42117294,PMC13161762,2026,,"CysDBase: a comprehensive database of cysteine post-translational modifications across protein sequence, structure, microenvironment, class, cellular localization, biological pathway, and taxonomy.",multi-PTM,database-resource,1,1,1,included after full text,a,"a: all residues of that type (proteome / all proteins), unrestricted",,0,0,0,0,0,"Two inputs are required: a) foreground input: protein FASTA sequence from a specific organism, here, the 15-amino acid stretch, and",,,,,,,,EuropePMC;OpenAlex,EPMC-1_cys_redox_sitefeatures;EPMC-2_palmitoylation_sitefeatures;OA-1_cys_redox_sitefeatures;OA-2_palmitoylation_sitefeatures,
36,10.1186/s12859-023-05164-9,36755242,PMC9909867,2023,,pLMSNOSite: an ensemble-based approach for predicting protein S-nitrosylation sites by integrating supervised word embedding and embedding from pre-trained protein language model.,S-nitrosylation,computational-predictor,1,1,1,included after full text,a,"a: all residues of that type (proteome / all proteins), unrestricted",,1,0,0,0,0,The remaining cysteine residues from the same protein sequences (ones that have the experimental SNO sites) are considered as the,,,,This imbalance in the training dataset was resolved by randomly undersampling the negative sites.,,,,EuropePMC;OpenAlex,EPMC-1_cys_redox_sitefeatures;OA-1_cys_redox_sitefeatures,
43,10.1016/j.heliyon.2023.e23187,38148797,PMC10750070,2024,,SNO-DCA: A model for predicting <i>S</i>-nitrosylation sites based on densely connected convolutional networks and attention mechanism.,S-nitrosylation,computational-predictor,1,1,1,included after full text,a,"a: all residues of that type (proteome / all proteins), unrestricted",,0,0,0,0,0,"Of these, the experimentally validated SNO sites were positive samples and all other samples were negative sites.",,,,,,,,EuropePMC;OpenAlex,EPMC-1_cys_redox_sitefeatures;OA-1_cys_redox_sitefeatures,
52,10.3389/fcell.2021.617366,33732693,PMC7959776,2021,,pCysMod: Prediction of Multiple Cysteine Modifications Based on Deep Learning Framework.,multi-PTM,computational-predictor,1,1,1,included after full text,a,"a: all residues of that type (proteome / all proteins), unrestricted",,1,0,0,0,0,"For each modification, the golden positive dataset was the modification sites from the benchmark dataset, whereas all cysteine sites that",,,,"In addition, due to the high imbalance between positive and negative samples, we randomly selected the same number of negative",,,,EuropePMC;OpenAlex,EPMC-1_cys_redox_sitefeatures;EPMC-2_palmitoylation_sitefeatures;OA-1_cys_redox_sitefeatures;OA-2_palmitoylation_sitefeatures,
62,10.3390/antiox10071134,34356367,PMC8301081,2021,,The Interplay between S-Glutathionylation and Phosphorylation of Cardiac Troponin I and Myosin Binding Protein C in End-Stage Human Failing Hearts.,multi-PTM,experimental-proteomics,1,1,1,excluded at full text (not a site-level feature/motif analysis),,,,0,0,0,0,0,,,,,,,,,EuropePMC,EPMC-1_cys_redox_sitefeatures,
95,10.1016/j.redox.2022.102583,36567215,PMC9868663,2023,,Redox proteomics and structural analyses provide insightful implications for additional non-catalytic thiol-disulfide motifs in PDIs.,cysteine-oxidation-general,experimental-proteomics,1,1,1,excluded at full text (no site-level analysis located),,,,0,0,0,0,0,,,,,,no site-level feature or motif comparison located in retrieved full text,,,EuropePMC,EPMC-1_cys_redox_sitefeatures,
102,10.1371/journal.pone.0055512,23418443,PMC3572087,2013,,Prediction of S-glutathionylation sites based on protein sequences.,S-glutathionylation,computational-predictor,1,1,1,included after full text,a,"a: all residues of that type (proteome / all proteins), unrestricted",,0,0,0,0,0,"To construct a supervised classifier for prediction of new S-glutathionylation sites, we randomly selected some cysteines except for known S-glutathionylation",,,,,,,,EuropePMC;OpenAlex,EPMC-1_cys_redox_sitefeatures;OA-1_cys_redox_sitefeatures,
113,10.1371/journal.pone.0251132,34010296,PMC8133447,2021,,Helicase-like transcription factor-deletion from the tumor microenvironment in a cell line-derived xenograft model of colorectal cancer reprogrammed the human transcriptome-S-nitroso-proteome to promote inflammation and redirect metastasis.,S-nitrosylation,experimental-proteomics,1,1,1,excluded at full text (no site-level analysis located),,,,0,0,0,0,0,,,,,,no site-level feature or motif comparison located in retrieved full text,,,EuropePMC;OpenAlex,EPMC-1_cys_redox_sitefeatures;OA-1_cys_redox_sitefeatures,
128,10.1016/j.redox.2023.102792,37390786,PMC10331594,2023,,Click chemistry-based thiol redox proteomics reveals significant cysteine reduction induced by chronic ethanol consumption.,cysteine-oxidation-general,experimental-proteomics,1,1,1,included after full text,e,e: other or not stated,,0,0,1,0,0,A total of 586 peptide sequences containing cysteines that were reduced were uploaded to pLogo for sequence motif generation [36].,,,,,pLogo background not specified; abundance controlled for quantitation only,,,EuropePMC,EPMC-1_cys_redox_sitefeatures,
138,10.1126/sciadv.aaz8534,32937467,PMC7458453,2020,,Cystathione β-synthase regulates HIF-1α stability through persulfidation of PHD2.,persulfidation,experimental-proteomics,1,1,1,excluded at full text (not a site-level feature/motif analysis),,,,0,0,0,0,0,,,,,,,,,EuropePMC,EPMC-1_cys_redox_sitefeatures,
154,10.1126/sciadv.aax8358,31911946,PMC6938701,2020,,Control of protein function through oxidation and reduction of persulfidated states.,persulfidation,experimental-proteomics,1,1,1,excluded at full text (not a site-level feature/motif analysis),,,,0,0,0,0,0,,,,,,,,,EuropePMC,EPMC-1_cys_redox_sitefeatures,
165,10.1371/journal.pone.0110232,25333472,PMC4204854,2014,,Computational prediction of candidate proteins for S-nitrosylation in Arabidopsis thaliana.,S-nitrosylation,computational-predictor,1,1,1,excluded at full text (no site-level analysis located),,,,0,0,0,0,0,,,,,,no site-level feature or motif comparison located in retrieved full text,,,EuropePMC;OpenAlex,EPMC-1_cys_redox_sitefeatures;OA-1_cys_redox_sitefeatures,
196,10.1074/mcp.m113.032235,24105792,PMC3879630,2014,,Protein microarray characterization of the S-nitrosoproteome.,S-nitrosylation,experimental-proteomics,1,1,1,included after full text,a,"a: all residues of that type (proteome / all proteins), unrestricted",,0,0,0,0,0,"Similarly, we also constructed a background set for all cysteine sites in human proteome and used it to construct background",,,,,,,,EuropePMC;OpenAlex,EPMC-1_cys_redox_sitefeatures;OA-1_cys_redox_sitefeatures,
208,10.1371/journal.pone.0055844,23409062,PMC3567014,2013,,iSNO-PseAAC: predict cysteine S-nitrosylation sites in proteins by incorporating position specific amino acid propensity into pseudo amino acid composition.,S-nitrosylation,computational-predictor,1,1,1,included after full text,a,"a: all residues of that type (proteome / all proteins), unrestricted",,0,0,0,0,0,"Meanwhile, to construct a corresponding negative dataset, a total of 810 experimentally verified non-SNO sites were randomly collected from the",,,,,,,,EuropePMC;OpenAlex,EPMC-1_cys_redox_sitefeatures;OA-1_cys_redox_sitefeatures,
211,10.1371/journal.pone.0011290,20585580,PMC2892008,2010,,GPS-SNO: computational prediction of protein S-nitrosylation sites with a modified GPS algorithm.,S-nitrosylation,computational-predictor,1,1,1,included after full text,a,"a: all residues of that type (proteome / all proteins), unrestricted",,0,0,0,0,1,"Finally, the non-redundant data set for training contained 504 positive sites and 2,581 negative sites from 327 unique substrates.",,,"Previously, experimental studies suggested an “acid-base” motif such as K/R/H/D/E-C-/D/E for S-nitrosylation recognition [2], [3], [6].",,basic-residue 'acid-base' motif cited from prior work and adopted,,,EuropePMC;OpenAlex,EPMC-1_cys_redox_sitefeatures;OA-1_cys_redox_sitefeatures,
218,10.3390/molecules23040954,29671802,PMC6017196,2018,,Computational Prediction and Analysis of Associations between Small Molecules and Binding-Associated S-Nitrosylation Sites.,S-nitrosylation,computational-predictor,1,1,1,included after full text,a,"a: all residues of that type (proteome / all proteins), unrestricted",,1,0,0,0,0,"We yielded 478 negative samples, of which 147, along with the 147 positive samples, composed the training set (see Supplementary",,,,"In total, 147 of the randomly yielded negative samples in the section “Experimental data” served as negative training samples, and",,,,EuropePMC;OpenAlex,EPMC-1_cys_redox_sitefeatures;OA-1_cys_redox_sitefeatures,
287,10.1371/journal.pone.0014400,21203591,PMC3006389,2010,,Redox-sensitivity and site-specificity of S- and N- denitrosation in proteins.,S-nitrosylation,experimental-proteomics,1,1,1,excluded at full text (no site-level analysis located),,,,0,0,0,0,0,,,,,,no site-level feature or motif comparison located in retrieved full text,,,EuropePMC,EPMC-1_cys_redox_sitefeatures,
326,10.1038/s41467-026-70643-5,41826357,PMC13153240,2026,,Structural basis and regulation of GSDME pore formation.,palmitoylation,experimental-proteomics,1,1,1,excluded at full text (not a site-level feature/motif analysis),,,,0,0,0,0,0,,,,,,,,,EuropePMC;OpenAlex,EPMC-2_palmitoylation_sitefeatures;OA-2_palmitoylation_sitefeatures,
340,10.1038/s41467-025-64884-z,41224739,PMC12612047,2025,,A composite motif in calcimembrin/C16orf74 dictates multimeric dephosphorylation by calcineurin.,phosphorylation,experimental-proteomics,1,1,1,excluded at full text (not a site-level feature/motif analysis),,,,0,0,0,0,0,,,,,,,,,EuropePMC;OpenAlex,EPMC-2_palmitoylation_sitefeatures;OA-2_palmitoylation_sitefeatures,
392,10.1038/s41587-023-02030-0,38191663,PMC11471619,2024,,A palmitoyl transferase chemical-genetic system to map ZDHHC-specific S-acylation.,palmitoylation,experimental-proteomics,1,1,1,excluded at full text (no site-level analysis located),,,,0,0,0,0,0,,,,,,no site-level feature or motif comparison located in retrieved full text,,,EuropePMC;OpenAlex,EPMC-2_palmitoylation_sitefeatures;OA-2_palmitoylation_sitefeatures,
410,10.3390/pharmaceutics16030363,38543257,PMC10975742,2024,,Pulsed Electric Fields Induce STING Palmitoylation and Polymerization Independently of Plasmid DNA Electrotransfer.,palmitoylation,experimental-proteomics,1,1,1,excluded at full text (not a site-level feature/motif analysis),,,,0,0,0,0,0,,,,,,,,,EuropePMC;OpenAlex,EPMC-2_palmitoylation_sitefeatures;OA-2_palmitoylation_sitefeatures,
413,10.1002/jex2.120,38938677,PMC11080751,2024,,Proteome encoded determinants of protein sorting into extracellular vesicles.,multi-PTM,computational-predictor,1,1,1,excluded at full text (not a site-level feature/motif analysis),,,,0,0,0,0,0,,,,,,,,,EuropePMC,EPMC-2_palmitoylation_sitefeatures,
428,10.1016/j.celrep.2023.111999,36662618,PMC9988375,2023,,Palmitoylation and PDE6δ regulate membrane-compartment-specific substrate ubiquitylation and degradation.,palmitoylation,experimental-proteomics,1,1,1,excluded at full text (not a site-level feature/motif analysis),,,,0,0,0,0,0,,,,,,,,,EuropePMC;OpenAlex,EPMC-2_palmitoylation_sitefeatures;OA-2_palmitoylation_sitefeatures,
431,10.1093/plcell/koad096,36972404,PMC10291038,2023,,Protein S-acylation controls the subcellular localization and biological activity of PHYTOCHROME KINASE SUBSTRATE.,palmitoylation,experimental-proteomics,1,1,1,excluded at full text (not a site-level feature/motif analysis),,,,0,0,0,0,0,,,,,,,,,EuropePMC;OpenAlex,EPMC-2_palmitoylation_sitefeatures;OA-2_palmitoylation_sitefeatures,
441,10.1371/journal.pone.0261543,35960718,PMC9374236,2022,,The S-palmitoylome and DHHC-PAT interactome of Drosophila melanogaster S2R+ cells indicate a high degree of conservation to mammalian palmitoylomes.,palmitoylation,experimental-proteomics,1,1,1,included after full text,c,c: experimentally detected but unmodified,,0,0,0,0,0,"We thus applied CSS-Palm [38] to three groups within the acyl-RAC dataset: non-palmitoylated, S-palmitoylated (NC) and S-palmitoylated (HC), and in",,,,,comparison uses CSS-Palm site predictions on detected-but-unmodified proteins from same acyl-RAC run,,,EuropePMC;OpenAlex,EPMC-2_palmitoylation_sitefeatures;OA-2_palmitoylation_sitefeatures,
480,10.1038/s41467-017-01461-z,29097667,PMC5668376,2017,,Stochastic palmitoylation of accessible cysteines in membrane proteins revealed by native mass spectrometry.,palmitoylation,experimental-proteomics,1,1,1,included after full text,c,c: experimentally detected but unmodified,,0,0,0,0,0,palmitoylation is a stochastic process that depends on the accessibility of cysteines rather than a defined substrate motif,,,,,"native MS (no protease): all cysteines of the analysed proteins are observable, so the background is the detected set",,,EuropePMC;OpenAlex,EPMC-2_palmitoylation_sitefeatures;OA-2_palmitoylation_sitefeatures,
523,10.1021/acs.jpcb.0c03435,32813532,PMC7476027,2020,,Structural Modifications Controlling Membrane Raft Partitioning and Curvature in Human and Viral Proteins.,multi-PTM,experimental-proteomics,1,1,1,excluded at full text (not a site-level feature/motif analysis),,,,0,0,0,0,0,,,,,,,,,EuropePMC;OpenAlex,EPMC-2_palmitoylation_sitefeatures;OA-2_palmitoylation_sitefeatures,
607,,,PMC7120480,2007,,Predicting Palmitoylation Sites Using a Regularised Bio-basis Function Neural Network,palmitoylation,computational-predictor,1,1,1,full text retrieved but body empty,,,,0,0,0,0,0,,,,,,full-text XML retrieved but contained no body text,,,EuropePMC,EPMC-2_palmitoylation_sitefeatures,
713,10.3390/pathogens15070718,42515045,PMC13415618,2026,,Acetylome Analysis in &lt;i&gt;Vibrio vulnificus&lt;/i&gt; MO6-24/O Reveals Extensive Lysine Acetylation in Carbon Metabolism and Protein Synthesis Pathways: A Pilot Study.,acetylation,experimental-proteomics,1,1,1,included after full text,a,"a: all residues of that type (proteome / all proteins), unrestricted",,0,0,0,0,0,"Sequence motifs around acetylation sites were examined by Motif-X (version 1.2) using ±10 amino acids around each site, with the",,,,,,,,EuropePMC;OpenAlex,EPMC-3_serthr_lys_sitefeatures;OA-3_serthr_lys_sitefeatures,
736,10.1016/j.mcpro.2023.100700,38104799,PMC10828473,2024,,LAFEM: A Scoring Model to Evaluate Functional Landscape of Lysine Acetylome.,acetylation,computational-predictor,1,1,1,included after full text,e,e: other or not stated,,0,0,0,0,0,"In this study, the acetylation sites annotated with and without low-throughput experimental evidence were labeled as positive and negative samples,",,,,,"negatives are annotated sites lacking low-throughput evidence, not unmodified residues",,,EuropePMC;OpenAlex,EPMC-3_serthr_lys_sitefeatures;OA-3_serthr_lys_sitefeatures,
741,10.1002/mco2.70344,40895187,PMC12394890,2025,,Global Lactylome Reveals Lactylation-Dependent Mechanisms Underlying CXC Motif Chemokine Ligand 12 Expression in Pulmonary Endothelium During Acute Respiratory Distress Syndrome.,other,experimental-proteomics,1,1,1,included after full text,e,e: other or not stated,,0,0,0,0,0,"Given the specific region of enzyme‐substrate binding, we next analyzed the key amino acids flanking the identified Klac sites using",,,,,,,,EuropePMC;OpenAlex,EPMC-3_serthr_lys_sitefeatures;OA-3_serthr_lys_sitefeatures,
754,10.1016/j.jbc.2025.108194,39826692,PMC11875207,2025,,Profiling Tel1 signaling reveals a non-canonical motif targeting DNA repair and telomere control machineries.,phosphorylation,experimental-proteomics,1,1,1,excluded at full text (no site-level analysis located),,,,0,0,0,0,0,,,,,,no site-level feature or motif comparison located in retrieved full text,,,EuropePMC;OpenAlex,EPMC-3_serthr_lys_sitefeatures;OA-3_serthr_lys_sitefeatures,
769,10.1128/spectrum.01016-21,35972276,PMC9603093,2022,,Lysine Acetylome Profiling Reveals Diverse Functions of Acetylation in Deinococcus radiodurans.,acetylation,experimental-proteomics,1,1,1,included after full text,e,e: other or not stated,,0,0,0,0,0,Soft MoMO (motif-x algorithm) was utilized to analyze the model of sequences constituted with amino acids in specific positions of,,,,,,,,EuropePMC,EPMC-3_serthr_lys_sitefeatures,
791,10.1016/j.jbc.2026.111447,41997449,PMC13196387,2026,,Phosphorylation of RBM39 by CDK13 stabilizes RAD50 mRNA to drive cisplatin resistance in endometrial cancer.,phosphorylation,both,1,1,1,excluded at full text (not a site-level feature/motif analysis),,,,0,0,0,0,0,,,,,,,,,EuropePMC,EPMC-3_serthr_lys_sitefeatures,
792,10.3390/plants15020334,41600141,PMC12845079,2026,,OmicIntegrator: A Simple and Versatile Tool for Meta-Analysis.,phosphorylation,experimental-proteomics,1,1,1,excluded at full text (not a site-level feature/motif analysis),,,,0,0,0,0,0,,,,,,,,,EuropePMC,EPMC-3_serthr_lys_sitefeatures,
800,10.3390/proteomes14010005,41718087,PMC12921946,2026,,Integrated Phosphoproteomics Identifies TGFβ-Dependent Phosphorylation Events Linking Kinase Signaling to Autophagy in Palatogenesis.,phosphorylation,experimental-proteomics,1,1,1,included after full text,e,e: other or not stated,,0,0,0,0,0,"Furthermore, phosphorylation motif analysis was conducted using the MoMo tool (Modification Motifs, MEME Suite software version 5.5.0, University of Nevada,",,,,,,,,EuropePMC;OpenAlex,EPMC-3_serthr_lys_sitefeatures;OA-3_serthr_lys_sitefeatures,
802,10.1186/s12935-020-01266-z,32489318,PMC7247262,2020,,Identification of lysine acetylome in cervical cancer by label-free quantitative proteomics.,acetylation,experimental-proteomics,1,1,1,included after full text,e,e: other or not stated,,0,0,0,0,0,"Motif-X analysis showed that kxxxkxxxk, GkL, AxxEk, kLxE, and kkxxxk are the most enriched motifs with over four-fold increases when",,,,,'background matches' referenced but background set never defined,,,EuropePMC;OpenAlex,EPMC-3_serthr_lys_sitefeatures;OA-3_serthr_lys_sitefeatures,
810,10.1002/advs.202303535,37904651,PMC10724390,2023,,SUCLG2 Regulates Mitochondrial Dysfunction through Succinylation in Lung Adenocarcinoma.,other-lysine-acyl,experimental-proteomics,1,1,1,excluded at full text (not a site-level feature/motif analysis),,,,0,0,0,0,0,,,,,,,,,EuropePMC;OpenAlex,EPMC-3_serthr_lys_sitefeatures;OA-3_serthr_lys_sitefeatures,
826,10.3389/fcimb.2023.1126350,36844408,PMC9945341,2023,,Systematic analysis of lysine crotonylation in human macrophages responding to MRSA infection.,other-lysine-acyl,experimental-proteomics,1,1,1,included after full text,a,"a: all residues of that type (proteome / all proteins), unrestricted",,0,0,0,0,0,MoMo (motif-x algorithm) software was applied to mark the sequence patterns surrounding the Kcro and the sequences constituted with amino,,,,,,explicit background statement found on full-text re-grep (two-pass verification),,EuropePMC;OpenAlex,EPMC-3_serthr_lys_sitefeatures;OA-3_serthr_lys_sitefeatures,
828,10.3390/cancers15010078,36612075,PMC9817674,2022,,Motif-Targeting Phosphoproteome Analysis of Cancer Cells for Profiling Kinase Inhibitors.,phosphorylation,experimental-proteomics,1,1,1,included after full text,e,e: other or not stated,,0,0,0,1,0,"Sequencing-grade modified trypsin was purchased from Promega (Madison, WI, USA).",,We analyzed the phospho-enriched samples and found that over 98% of identified peptides were phosphorylated (Supplementary Figure S1).,,,"identified-fraction reported at peptide level as enrichment purity, not per residue",,,EuropePMC;OpenAlex,EPMC-3_serthr_lys_sitefeatures;OA-3_serthr_lys_sitefeatures,
836,10.1186/s12967-022-03645-8,36184622,PMC9528151,2022,,Comprehensive characterization of ubiquitinome of human colorectal cancer and identification of potential survival-related ubiquitination.,ubiquitination,experimental-proteomics,1,1,1,included after full text,e,e: other or not stated,,0,0,1,0,0,"Subsequently, we searched for the motifs frequently modified by the ubiquitin in normal and cancerous colonic tissues using Motif-X (Fig.",Another article published in 2021 demonstrated that there was no simple relationship between the peptide ubiquitination and protein abundance [36].,,,,abundance-vs-ubiquitination relationship raised in discussion only,,,EuropePMC,EPMC-3_serthr_lys_sitefeatures,
857,10.18632/aging.203992,35366242,PMC9037262,2022,,Mechanisms of action of triptolide against colorectal cancer: insights from proteomic and phosphoproteomic analyses.,phosphorylation,experimental-proteomics,1,1,1,included after full text,e,e: other or not stated,,0,0,0,0,0,we identified 57 motifs using motif analysis of phosphosites,,,,,motif analysis performed; background set never defined,no background statement anywhere in full text (both regex passes returned none),,EuropePMC;OpenAlex,EPMC-3_serthr_lys_sitefeatures;OA-3_serthr_lys_sitefeatures,
859,10.1002/ctm2.890,35758323,PMC9235066,2022,,Phosphoproteome reveals molecular mechanisms of aberrant rhythm in neurotransmitter-mediated islet hormone secretion in diabetic mice.,phosphorylation,experimental-proteomics,1,1,1,included after full text,e,e: other or not stated,,0,0,0,0,0,Motif analysis in this study was performed by using Motif-X algorithm analysis software,,,,,motif analysis performed; background set never defined,no background statement anywhere in full text (both regex passes returned none),,EuropePMC;OpenAlex,EPMC-3_serthr_lys_sitefeatures;OA-3_serthr_lys_sitefeatures,
861,10.3390/ijms21228631,33207747,PMC7696906,2020,,Large-Scale Phosphoproteomic Study of <i>Arabidopsis</i> Membrane Proteins Reveals Early Signaling Events in Response to Cold.,phosphorylation,experimental-proteomics,1,1,1,included after full text,e,e: other or not stated,,0,0,1,0,0,Phosphorylation motifs were predicted using the motif-x [189] algorithm in rmotifx (https://github.com/omarwagih/rmotifx) [190] in the R package.,,,,,,,,EuropePMC;OpenAlex,EPMC-3_serthr_lys_sitefeatures;OA-3_serthr_lys_sitefeatures,
877,10.3389/fnmol.2021.594332,33776647,PMC7991600,2021,,Proteomic Profiling of Lysine Acetylation Indicates Mitochondrial Dysfunction in the Hippocampus of Gut Microbiota-Absent Mice.,acetylation,experimental-proteomics,1,1,1,included after full text,a,"a: all residues of that type (proteome / all proteins), unrestricted",,0,0,0,0,0,Soft motif-x was used to analyze the conserved sequences of amino acids in specific positions of modify-21-mers (10 amino acids,,,,,motif-x background phrase truncated in extract; verified separately,explicit background statement found on full-text re-grep (two-pass verification),,EuropePMC,EPMC-3_serthr_lys_sitefeatures,
885,10.3390/ijms18071376,28654018,PMC5535869,2017,,A Quantitative Acetylomic Analysis of Early Seed Development in Rice (Oryza sativa L.).,acetylation,experimental-proteomics,1,1,1,included after full text,e,e: other or not stated,,0,0,0,0,0,"To search for the acetylation conserved motifs in rice, the context amino acid sequence around the acetylsites were extracted for",,,,,,,,EuropePMC;OpenAlex,EPMC-3_serthr_lys_sitefeatures;OA-3_serthr_lys_sitefeatures,
892,10.1186/s12935-021-02286-z,34717622,PMC8557500,2021,,Quantitative phosphoproteomic analysis reveals chemoresistance-related proteins and signaling pathways induced by rhIL-6 in human osteosarcoma cells.,phosphorylation,experimental-proteomics,1,1,1,included after full text,e,e: other or not stated,,0,0,0,0,0,A motif analysis of the differentially expressed phosphorylated peptides between the IL-6 group and the Lob group was performed using,,,,,,,,EuropePMC,EPMC-3_serthr_lys_sitefeatures,
902,10.3892/mmr.2020.10931,32016442,PMC7002971,2020,,Quantitative analysis of protein crotonylation identifies its association with immunoglobulin A nephropathy.,other-lysine-acyl,experimental-proteomics,1,1,1,included after full text,a,"a: all residues of that type (proteome / all proteins), unrestricted",,0,0,0,0,0,The software Motif-x (http://motif-x.med.harvard.edu/) was used to model sequences containing modified amino acids at specific positions of 21-mers (10 amino,,,,,,explicit background statement found on full-text re-grep (two-pass verification),,EuropePMC;OpenAlex,EPMC-3_serthr_lys_sitefeatures;OA-3_serthr_lys_sitefeatures,
913,10.3390/plants13010031,38202338,PMC10780934,2023,,In Vivo Phosphorylation of the Cytosolic Glucose-6-Phosphate Dehydrogenase Isozyme G6PD6 in Phosphate-Resupplied <i>Arabidopsis thaliana</i> Suspension Cells and Seedlings.,phosphorylation,experimental-proteomics,1,1,1,excluded at full text (not a site-level feature/motif analysis),,,,0,0,0,0,0,,,,,,,,,EuropePMC,EPMC-3_serthr_lys_sitefeatures,
924,10.1371/journal.pone.0200283,30312302,PMC6193575,2018,,GPSuc: Global Prediction of Generic and Species-specific Succinylation Sites by aggregating multiple sequence features.,other-lysine-acyl,computational-predictor,1,1,1,included after full text,a,"a: all residues of that type (proteome / all proteins), unrestricted",,0,0,0,0,0,"To classify the succinylated proteins, experimentally identified lysine succinylated residues were adopted as positive samples (i.e., succinylation sites), while the",,,,,,,,EuropePMC,EPMC-3_serthr_lys_sitefeatures,
944,10.1074/mcp.ra119.001367,31138643,PMC6683004,2019,,The Systemin Signaling Cascade As Derived from Time Course Analyses of the Systemin-responsive Phosphoproteome.,phosphorylation,experimental-proteomics,1,1,1,excluded at full text (no site-level analysis located),,,,0,0,0,0,0,,,,,,no site-level feature or motif comparison located in retrieved full text,,,EuropePMC;OpenAlex,EPMC-3_serthr_lys_sitefeatures;OA-3_serthr_lys_sitefeatures,
956,10.15252/embj.2021108271,34605059,PMC8634139,2021,,CDKL5 kinase controls transcription-coupled responses to DNA damage.,phosphorylation,both,1,1,1,excluded at full text (no site-level analysis located),,,,0,0,0,0,0,,,,,,no site-level feature or motif comparison located in retrieved full text,,,EuropePMC,EPMC-3_serthr_lys_sitefeatures,
982,10.1038/s41467-018-08004-0,30631047,PMC6328551,2019,,Global phosphoproteomic analysis reveals ARMC10 as an AMPK substrate that regulates mitochondrial dynamics.,phosphorylation,experimental-proteomics,1,1,1,included after full text,e,e: other or not stated,,0,0,0,0,0,The phosphosites in these two groups were further analyzed by using WebLogo to create the sequence logos. c Bioinformatic analysis,,,,,WebLogo frequency logo with no background set,,,EuropePMC,EPMC-3_serthr_lys_sitefeatures,
989,10.15252/msb.20209819,33289969,PMC7722784,2020,,Phosphoproteomics identifies microglial Siglec-F inflammatory response during neurodegeneration.,phosphorylation,experimental-proteomics,1,1,1,included after full text,a,"a: all residues of that type (proteome / all proteins), unrestricted",,0,0,0,0,0,"Foreground and background N‐mers were extracted from protein‐aligned sequences, using “A” to pad N‐and C‐terminal peptides.",,,,,background = all N-mers from aligned proteins; no detectability restriction,,,EuropePMC;OpenAlex,EPMC-3_serthr_lys_sitefeatures;OA-3_serthr_lys_sitefeatures,
994,10.1186/1471-2164-15-466,24923550,PMC4070576,2014,,Quantitative phosphoproteomic profiling of fiber differentiation and initiation in a fiberless mutant of cotton.,phosphorylation,experimental-proteomics,1,1,1,included after full text,a,"a: all residues of that type (proteome / all proteins), unrestricted",,0,0,0,0,0,"Motif-X default settings of width = 13, occurrence = 20, and significance = 0.000001 were used for pSer and pThr.",,,,,,explicit background statement found on full-text re-grep (two-pass verification),,EuropePMC;OpenAlex,EPMC-3_serthr_lys_sitefeatures;OA-3_serthr_lys_sitefeatures,
1002,10.1016/j.mcpro.2021.100065,33640490,PMC8050774,2021,,Stable Isotope Labeling of Amino Acids in Flies (SILAF) Reveals Differential Phosphorylation of Mitochondrial Proteins Upon Loss of OXPHOS Subunits.,phosphorylation,experimental-proteomics,1,1,1,excluded at full text (not a site-level feature/motif analysis),,,,0,0,0,0,0,,,,,,,,,EuropePMC;OpenAlex,EPMC-3_serthr_lys_sitefeatures;OA-3_serthr_lys_sitefeatures,
1005,10.15252/embj.201899559,30266825,PMC6293279,2018,,Phosphoproteomic screening identifies physiological substrates of the CDKL5 kinase.,phosphorylation,experimental-proteomics,1,1,1,included after full text,e,e: other or not stated,,0,0,0,0,0,in phospho-motif analysis SP motifs in general were highly enriched in the phosphopeptides,,,,,motif analysis performed; background set never defined,no background statement anywhere in full text (both regex passes returned none),,EuropePMC,EPMC-3_serthr_lys_sitefeatures,
1022,10.3389/fcell.2019.00338,31921850,PMC6927922,2019,,Multiple Layers of Phospho-Regulation Coordinate Metabolism and the Cell Cycle in Budding Yeast.,phosphorylation,experimental-proteomics,1,1,1,included after full text,a,"a: all residues of that type (proteome / all proteins), unrestricted",,0,0,0,0,0,"Motif enrichment was performed using the MoMo function (Cheng et al., 2019) on the MEME suite (accessed in May 2019)1",,,,,,explicit background statement found on full-text re-grep (two-pass verification),,EuropePMC;OpenAlex,EPMC-3_serthr_lys_sitefeatures;OA-3_serthr_lys_sitefeatures,
1023,10.1186/s12864-015-1753-4,26187819,PMC4506601,2015,,Integrating Phosphoproteomics and Bioinformatics to Study Brassinosteroid-Regulated Phosphorylation Dynamics in Arabidopsis.,phosphorylation,experimental-proteomics,1,1,1,included after full text,a,"a: all residues of that type (proteome / all proteins), unrestricted",,0,0,0,0,0,The Arabidopsis International Protein Index (IPI) database provided by Motif-X was used as a background.,,,,,,,,EuropePMC;OpenAlex,EPMC-3_serthr_lys_sitefeatures;OA-3_serthr_lys_sitefeatures,
1053,10.1371/journal.pone.0136247,26302492,PMC4547751,2015,,Identification of the Acetylation and Ubiquitin-Modified Proteome during the Progression of Skeletal Muscle Atrophy.,multi-PTM,experimental-proteomics,1,1,1,excluded at full text (no site-level analysis located),,,,0,0,0,0,0,,,,,,no site-level feature or motif comparison located in retrieved full text,,,EuropePMC;OpenAlex,EPMC-3_serthr_lys_sitefeatures;OA-3_serthr_lys_sitefeatures,
1067,10.1038/s41598-017-07199-4,28761071,PMC5537252,2017,,PhosphoPredict: A bioinformatics tool for prediction of human kinase-specific phosphorylation substrates and sites by integrating heterogeneous feature selection.,phosphorylation,computational-predictor,1,1,1,included after full text,a,"a: all residues of that type (proteome / all proteins), unrestricted",,0,0,0,0,0,"We constructed the background set by extracting all S/T/Y (serine, threonine, or tyrosine) residues from the background protein set.",,,,,,,,EuropePMC,EPMC-3_serthr_lys_sitefeatures,
1077,10.1038/srep44021,28290473,PMC5349541,2017,,"Phosphoproteomics Reveals HMGA1, a CK2 Substrate, as a Drug-Resistant Target in Non-Small Cell Lung Cancer.",phosphorylation,experimental-proteomics,1,1,1,included after full text,e,e: other or not stated,,0,0,0,0,0,"To identify the key kinase responsible for regulating the drug resistance mechanism, we extracted phosphorylation motifs from the phosphopeptides in",,,,,,,,EuropePMC;OpenAlex,EPMC-3_serthr_lys_sitefeatures;OA-3_serthr_lys_sitefeatures,
1111,10.3390/ijms150712007,25003641,PMC4139827,2014,,Radiosensitization of human leukemic HL-60 cells by ATR kinase inhibitor (VE-821): phosphoproteomic analysis.,phosphorylation,experimental-proteomics,1,1,1,included after full text,e,"e: other, or no statement found",c,0,0,0,0,0,"To analyze and visualize sequence motifs surrounding phosphorylation sites identified and quantified in our study, we employed the iceLogo tool",,,,,"foreground = regulated sites; background = all identified phosphosites (contrast is regulation, not modification)",,,EuropePMC,EPMC-3_serthr_lys_sitefeatures,"Re-coded to e: foreground is regulated sites and background is all identified phosphosites, a contrast between two subsets of sites rather than against unassigned residues; both blinded re-coding passes read e."
1114,10.1371/journal.ppat.1005346,26714015,PMC4699913,2015,,Phosphoproteomic Profiling Reveals Epstein-Barr Virus Protein Kinase Integration of DNA Damage Response and Mitotic Signaling.,phosphorylation,experimental-proteomics,1,1,1,included after full text,a,"a: all residues of that type (proteome / all proteins), unrestricted",,0,0,0,0,0,Motif-X was used to further extract the individual phospho-serine and phospho-threonine motifs that were statistically enriched in the phosphopeptides that,,,,,,explicit background statement found on full-text re-grep (two-pass verification),,EuropePMC,EPMC-3_serthr_lys_sitefeatures,
1135,10.1186/s12918-015-0246-z,26818456,PMC4895383,2016,,UbiSite: incorporating two-layered machine learning method with substrate motifs to predict ubiquitin-conjugation site on lysines.,ubiquitination,computational-predictor,1,1,1,included after full text,e,e: other or not stated,,0,0,0,0,0,"To construct positive data of training dataset, herein, a window of length 2n + 1 was used to extract sequence",,,,,negative-set source not stated in extracted text,,,EuropePMC,EPMC-3_serthr_lys_sitefeatures,
1156,10.1098/rsob.120103,22870394,PMC3411107,2012,,Evolution of signal multiplexing by 14-3-3-binding 2R-ohnologue protein families in the vertebrates.,phosphorylation,experimental-proteomics,1,1,1,excluded at full text (not a site-level feature/motif analysis),,,,0,0,0,0,0,,,,,,,,,EuropePMC;OpenAlex,EPMC-3_serthr_lys_sitefeatures;OA-3_serthr_lys_sitefeatures,
1253,10.1038/s41467-019-10182-4,31097712,PMC6522481,2019,Nature Communications,Proteome-wide detection of S-nitrosylation targets and motifs using bioorthogonal cleavable-linker-based enrichment and switch technique,S-nitrosylation,experimental-proteomics,1,1,1,included after full text,e,e: other or not stated,,0,0,0,1,0,"Moreover, at the positions ±3 and ±4 both Asp or Glu containing versions of the motifs were individually found by",,"In contrast, using Cys-BOOST with the same samples, we identified 25,019 Cys peptides and only 581 background peptides, which corresponds",,,"'background peptides' here means non-target peptides; enrichment specificity reported, motif-x background unstated",,,OpenAlex,OA-1_cys_redox_sitefeatures,
1277,10.3390/ijms26199673,41096938,PMC12524660,2025,International Journal of Molecular Sciences,Implication of S-d-Lactoylglutathione in the Spontaneous Cysteine S-Glutathionylation and Lysine N-Lactoylation of Arabidopsis thaliana NAD-Dependent Glyceraldehyde-3-Phosphate Dehydrogenase,multi-PTM,experimental-proteomics,1,1,1,excluded at full text (not a site-level feature/motif analysis),,,,0,0,0,0,0,,,,,,,,,OpenAlex,OA-1_cys_redox_sitefeatures,
1380,10.1128/mbio.02704-24,39470248,PMC11633104,2024,mBio,S-palmitoylation of MAP kinase is essential for fungal virulence,palmitoylation,both,1,1,1,included after full text,e,e: other or not stated,,0,0,0,0,0,The sequence logo representations of significant motifs were identified and generated by Motif-X software (version 5.0.2).,,,,,,,,OpenAlex,OA-2_palmitoylation_sitefeatures,
1389,10.1371/journal.pone.0070100,23922919,PMC3724820,2013,PLoS ONE,Yeast One-Hybrid Gγ Recruitment System for Identification of Protein Lipidation Motifs,palmitoylation,experimental-proteomics,1,1,1,excluded at full text (no site-level analysis located),,,,0,0,0,0,0,,,,,,no site-level feature or motif comparison located in retrieved full text,,,OpenAlex,OA-2_palmitoylation_sitefeatures,
1537,10.1016/j.celrep.2012.07.006,22902405,PMC4103158,2012,Cell Reports,Proteomic Analysis of Lysine Acetylation Sites in Rat Tissues Reveals Organ Specificity and Subcellular Patterns,acetylation,experimental-proteomics,1,1,1,included after full text,e,"e: other, or no statement found",b,0,1,1,0,0,"To test if the tendency toward multiacetylated proteins in the mitochondria is biased by protein abundance, we estimated the relative","To test if the tendency toward multiacetylated proteins in the mitochondria is biased by protein abundance, we estimated the relative",,,,"abundance control applied to sites-per-protein, not to a sequence-level background",,,OpenAlex,OA-3_serthr_lys_sitefeatures,"Re-coded to e: the abundance control was applied to sites-per-protein, not to a sequence-level background; both blinded re-coding passes read e."
1552,10.1016/j.xplc.2021.100266,35059632,PMC8760137,2021,Plant Communications,Advances in proteome-wide analysis of plant lysine acetylation,acetylation,experimental-proteomics,1,1,1,excluded at full text (not a site-level feature/motif analysis),,,,0,0,0,0,0,,,,,,,,,OpenAlex,OA-3_serthr_lys_sitefeatures,
1553,10.1093/bioinformatics/btq260,20505001,PMC2887055,2010,Bioinformatics,Predicting post-translational lysine acetylation using support vector machines,acetylation,computational-predictor,1,1,1,included after full text,a,"a: all residues of that type (proteome / all proteins), unrestricted",c,1,0,0,0,0,"To create a negative set of the same size, we randomly selected 3417 lysines from identified human peptides that have",,,,"To create a negative set of the same size, we randomly selected 3417 lysines from identified human peptides that have","negatives drawn from identified peptides in an external database (MAPU), not the same experiment",,,OpenAlex,OA-3_serthr_lys_sitefeatures,"Re-coded to a: negatives were randomly drawn from identified human lysines held in an external database (MAPU), an unrestricted lysine pool rather than same-experiment detections; re-coding pass 2 read a and pass 1 read e, both rejecting c."
1558,10.3389/fmicb.2020.594743,33193272,PMC7649125,2020,Frontiers in Microbiology,Systematic Analysis of Lysine Lactylation in the Plant Fungal Pathogen Botrytis cinerea,other,experimental-proteomics,1,1,1,included after full text,e,e: other or not stated,,0,0,0,0,0,Soft MoMo (motif-x algorithm) was used to analyze the sequences model of lactylated proteins composed of amino acids in distinct,,,,,,,,OpenAlex,OA-3_serthr_lys_sitefeatures,
1568,10.1038/s41598-018-26676-y,29844531,PMC5974297,2018,Scientific Reports,A qualitative proteome-wide lysine crotonylation profiling of papaya (Carica papaya L.),other-lysine-acyl,experimental-proteomics,1,1,1,included after full text,a,"a: all residues of that type (proteome / all proteins), unrestricted",,0,0,0,0,0,Motif-X software was used to analyse the sequence model with amino acids in specific positions in all protein sequences.,,,,,,,,OpenAlex,OA-3_serthr_lys_sitefeatures,
1593,10.3389/fmicb.2021.672559,34084157,PMC8166574,2021,Frontiers in Microbiology,Comprehensive Proteomic Analysis of Lysine Acetylation in Nicotiana benthamiana After Sensing CWMV Infection,acetylation,experimental-proteomics,1,1,1,included after full text,a,"a: all residues of that type (proteome / all proteins), unrestricted",,0,0,0,0,0,The Kac amino acids positions motif of modifier-21-mers in all protein sequences was analyzed and displayed using motif-x software.,,,,,,,,OpenAlex,OA-3_serthr_lys_sitefeatures,
1596,10.1038/s41598-019-52552-4,31700141,PMC6838336,2019,Scientific Reports,Characterization and Identification of Lysine Succinylation Sites based on Deep Learning Method,other-lysine-acyl,computational-predictor,1,1,1,included after full text,a,"a: all residues of that type (proteome / all proteins), unrestricted",,0,0,0,0,1,"Given a specific number of succinylated proteins, the negative dataset was generated from non-succinylated sites which are those fragmented sequences",,,"This investigation demonstrates that the detected motif signatures are consistent with the observation in two-sample logo, which having positively charged",,,,,OpenAlex,OA-3_serthr_lys_sitefeatures,
1608,10.1186/s12864-017-3978-x,28797234,PMC5553593,2017,BMC Genomics,"Succinyl-proteome profiling of Dendrobium officinale, an important traditional Chinese orchid herb, revealed involvement of succinylation in the glycolysis pathway",other-lysine-acyl,experimental-proteomics,1,1,1,included after full text,a,"a: all residues of that type (proteome / all proteins), unrestricted",,0,0,0,0,0,"The software ‘motif-x’ (http://motif-x.med.harvard.edu/) was used to analyze the models of specific amino acid sequence sites, 10 amino acids upstream",,,,,,explicit background statement found on full-text re-grep (two-pass verification),,OpenAlex,OA-3_serthr_lys_sitefeatures,
1609,10.1371/journal.pone.0240947,33705403,PMC7951917,2021,PLoS ONE,A comprehensive examination of the lysine acetylation targets in paper mulberry based on proteomics analyses,acetylation,experimental-proteomics,1,1,1,included after full text,e,e: other or not stated,,0,0,0,0,1,Motif analysis of the modified sites showed a predominance of 12 motifs,,,acetylation preferentially occurs at alkaline and positively amino acids in nearby regions in paper mulberry,,motif analysis performed; background set never defined,no background statement anywhere in full text (both regex passes returned none),,OpenAlex,OA-3_serthr_lys_sitefeatures,
1614,10.1371/journal.pone.0243787,33326466,PMC7743978,2020,PLoS ONE,First proteomic analysis of the role of lysine acetylation in extensive functions in Solenopsis invicta,acetylation,experimental-proteomics,1,1,1,included after full text,e,e: other or not stated,,0,0,0,0,0,Software MoMo (motif-x algorithm) was used to evaluate the motifs of amino acid sequences in appraised proteins.,,,,,"peptide length noted to match tryptic properties, but only as QC",,,OpenAlex,OA-3_serthr_lys_sitefeatures,
1620,10.3390/ijms20235911,31775301,PMC6929033,2019,International Journal of Molecular Sciences,Global Proteomic Analysis Reveals Widespread Lysine Succinylation in Rice Seedlings,other-lysine-acyl,experimental-proteomics,1,1,1,included after full text,a,"a: all residues of that type (proteome / all proteins), unrestricted",,0,0,0,0,0,Soft motif-x (http://motif-x.med.harvard.edu/motif-x.html) was used to analyze the sequence models constituted of amino acids in specific positions of modifier-21-mers (10,,,,,,explicit background statement found on full-text re-grep (two-pass verification),,OpenAlex,OA-3_serthr_lys_sitefeatures,
1628,10.1002/pmic.201500086,25930153,PMC4716292,2015,PROTEOMICS,Label‐free quantitative analysis of the casein kinase 2‐responsive phosphoproteome of the marine minimal model species Ostreococcus tauri,phosphorylation,experimental-proteomics,1,1,1,included after full text,e,e: other or not stated,,0,0,0,0,0,Those motifs that were not confidently within one of these groups were omitted from the analyses as described in the,,,,,,,,OpenAlex,OA-3_serthr_lys_sitefeatures,
1630,10.3390/ijms20051241,30871024,PMC6429050,2019,International Journal of Molecular Sciences,Proteome and Phosphoproteome Analysis in TNF Long Term-Exposed Primary Human Monocytes,phosphorylation,experimental-proteomics,1,1,1,excluded at full text (no site-level analysis located),,,,0,0,0,0,0,,,,,,no site-level feature or motif comparison located in retrieved full text,,,OpenAlex,OA-3_serthr_lys_sitefeatures,
1636,10.3389/fimmu.2022.966457,36003392,PMC9395174,2022,Frontiers in Immunology,Post-translational changes in Phialophora verrucosa via lysine lactylation during prolonged presence in a patient with a CARD9-related immune disorder,other-lysine-acyl,experimental-proteomics,1,1,1,included after full text,e,e: other or not stated,,0,0,0,0,0,MoMo (23) based on the motif-x algorithm was used to analyze motif characteristics of the modification sites.,,,,,,,,OpenAlex,OA-3_serthr_lys_sitefeatures,
1639,10.1186/s12953-021-00182-y,34758830,PMC8580364,2021,Proteome Science,"First comprehensive proteome analysis of lysine crotonylation in Streptococcus agalactiae, a pathogen causing meningoencephalitis in teleosts",other-lysine-acyl,experimental-proteomics,1,1,1,included after full text,a,"a: all residues of that type (proteome / all proteins), unrestricted",,0,0,0,0,0,Soft MoMo (motif-x algorithm) was used to analysis the model of sequences constituted with amino acids in specific positions of,,,,,,explicit background statement found on full-text re-grep (two-pass verification),,OpenAlex,OA-3_serthr_lys_sitefeatures,
1646,10.1038/s41598-022-11798-1,35538155,PMC9090770,2022,Scientific Reports,Acetylome analysis of acetylation providing new insight into sclerotial generation in medicinal fungus Polyporus umbellatus,acetylation,experimental-proteomics,1,1,1,included after full text,e,e: other or not stated,,0,0,0,0,0,Potential motifs of P. umbellatus acetylome were analyzed and generated using Momo Motif-X model online tool25.,,,,,"reports >90% of peptide termini are K/R as digestion QC, not as a motif confounder",,,OpenAlex,OA-3_serthr_lys_sitefeatures,
1651,10.1093/nar/gkm902,17981841,PMC2238868,2007,Nucleic Acids Research,NetworKIN: a resource for exploring cellular phosphorylation networks,phosphorylation,database-resource,1,1,1,excluded at full text (no site-level analysis located),,,,0,0,0,0,0,,,,,,no site-level feature or motif comparison located in retrieved full text,,,OpenAlex,OA-3_serthr_lys_sitefeatures,
1674,10.1186/s12864-019-5716-z,31060518,PMC6501322,2019,BMC Genomics,Ammonium triggered the response mechanism of lysine crotonylome in tea plants,other-lysine-acyl,experimental-proteomics,1,1,1,included after full text,e,e: other or not stated,,0,0,0,0,0,Soft motif-x (http://motif-x.med.harvard.edu/) was used to analyze the model of sequences with amino acids in specific positions of modify-21-mers (10,,,,,,,,OpenAlex,OA-3_serthr_lys_sitefeatures,
1686,10.3389/fpls.2015.00298,25999967,PMC4419667,2015,Frontiers in Plant Science,"Phosphoproteomic analysis of the response of maize leaves to drought, heat and their combination stress",phosphorylation,experimental-proteomics,1,1,1,included after full text,e,e: other or not stated,,0,0,1,0,0,Motif-X online software (http://motif-x.med.harvard.edu/motif-x.html) was used to find phosphorylation site motifs in the identified maize proteins and to predict the,,,,,'motifs in the identified maize proteins' — background set not defined,,,OpenAlex,OA-3_serthr_lys_sitefeatures,
1710,10.3389/fonc.2020.01684,33014840,PMC7511592,2020,Frontiers in Oncology,Proteomic Analysis of Protein Ubiquitination Events in Human Primary and Metastatic Colon Adenocarcinoma Tissues,ubiquitination,experimental-proteomics,1,1,1,included after full text,a,"a: all residues of that type (proteome / all proteins), unrestricted",,0,0,0,0,0,"To investigate the regulation of ubiquitination in human metastatic colon adenocarcinoma, ubiquitination motif analysis was carried out using Motif-X software.",,,,,,explicit background statement found on full-text re-grep (two-pass verification),,OpenAlex,OA-3_serthr_lys_sitefeatures,
1712,10.1038/s41598-017-14477-8,29074956,PMC5658373,2017,Scientific Reports,Involvement of the Vitamin D Receptor in Energy Metabolism Revealed by Profiling of Lysine Succinylome of White Adipose Tissue,other-lysine-acyl,experimental-proteomics,1,1,1,included after full text,a,"a: all residues of that type (proteome / all proteins), unrestricted",,0,0,0,0,0,"To further assess the nature of the succinylated lysines in WAT of VDR−/− mice, we used Motif-X software, which was",,,,,,explicit background statement found on full-text re-grep (two-pass verification),,OpenAlex,OA-3_serthr_lys_sitefeatures,
1723,10.3390/ijms221910546,34638888,PMC8508931,2021,International Journal of Molecular Sciences,Comparative Phosphoproteomic Analysis Reveals the Response of Starch Metabolism to High-Temperature Stress in Rice Endosperm,phosphorylation,experimental-proteomics,1,1,1,included after full text,e,e: other or not stated,,0,0,1,0,0,"A total of 13 amino acid (AA) sequences centered by the phosphosite were extracted, and the enriched phosphorylation motifs induced",,,,,,,,OpenAlex,OA-3_serthr_lys_sitefeatures,
1725,10.1093/gigascience/giy047,29688323,PMC5967524,2018,GigaScience,SILAC-based phosphoproteomics reveals new PP2A-Cdc55-regulated processes in budding yeast,phosphorylation,experimental-proteomics,1,1,1,included after full text,a,"a: all residues of that type (proteome / all proteins), unrestricted",,0,0,1,0,0,"The Phosphorylation Motifs Enrichment Analysis was performed with the motif-X web tool [83, 84].",,,,,motif-x background = SGD proteome; a non-enriched sample was separately used as background for site identification,explicit background statement found on full-text re-grep (two-pass verification),,OpenAlex,OA-3_serthr_lys_sitefeatures,
1726,10.3389/fcell.2021.626821,33834021,PMC8021862,2021,Frontiers in Cell and Developmental Biology,ActiveDriverDB: Interpreting Genetic Variation in Human and Cancer Genomes Using Post-translational Modification Sites and Signaling Networks (2021 Update),multi-PTM,database-resource,1,1,1,included after full text,e,e: other or not stated,,0,0,0,0,0,We analyzed human genetic variation datasets of three classes using flanking sequences of seven amino acids on both sides of,,,,,mutation-enrichment reference region not defined in extracted text,,,OpenAlex,OA-3_serthr_lys_sitefeatures;OA-4_background_control_explicit,
1729,10.1093/jxb/erw293,27531888,PMC5014169,2016,Journal of Experimental Botany,Abundant protein phosphorylation potentially regulates Arabidopsis anther development,phosphorylation,experimental-proteomics,1,1,1,included after full text,e,e: other or not stated,,0,0,0,0,0,Phosphorylation motifs of phosphoSer and phosphoThr predicted by Motif-X.,,,,,,,,OpenAlex,OA-3_serthr_lys_sitefeatures,
1736,10.1038/s44318-024-00032-5,38321267,PMC10987528,2024,The EMBO Journal,Qualitative rather than quantitative phosphoregulation shapes the end of meiosis I in budding yeast,phosphorylation,experimental-proteomics,1,1,1,included after full text,e,e: other or not stated,,0,0,0,0,1,IceLogo motif analysis is another way to reveal kinase consensus motifs enriched around the phosphosite.,,,IceLogo motif analysis highlighted differences in the phosphorylation dynamic of precise kinase consensus motifs between mitotic exit and meiosis I,,,,,OpenAlex,OA-3_serthr_lys_sitefeatures,
1742,10.7554/elife.68648,35133275,PMC8824463,2021,eLife,Phosphoproteomics of ATR signaling in mouse testes,phosphorylation,experimental-proteomics,1,1,1,included after full text,e,e: other or not stated,,0,0,1,0,1,"While these data suggest the action of ATR-regulated kinases on the regulation of piRNA-related proteins, we do not exclude that",,,"While these data suggest the action of ATR-regulated kinases on the regulation of piRNA-related proteins, we do not exclude that",,S/T-P-X-K motif claim appears in section heading,,,OpenAlex,OA-3_serthr_lys_sitefeatures,
1757,10.1007/s13167-019-00197-8,32140187,PMC7028901,2020,The EPMA Journal,Label-free quantitative identification of abnormally ubiquitinated proteins as useful biomarkers for human lung squamous cell carcinomas,ubiquitination,experimental-proteomics,1,1,1,included after full text,a,"a: all residues of that type (proteome / all proteins), unrestricted",,0,0,0,0,0,"The Motif-X parameters were set as width 15, occurrences 20, background IPI human proteome, and significance threshold 0.0001.",,,,,,,,OpenAlex,OA-3_serthr_lys_sitefeatures,
1789,10.1021/acs.jproteome.5c00278,40728433,PMC12418505,2025,Journal of Proteome Research,Applying a Conservation-Based Approach for Predicting Novel Phosphorylation Sites in Eukaryotes and Evaluating Their Functional Relevance,phosphorylation,computational-predictor,1,1,1,included after full text,e,e: other or not stated,,0,0,0,0,0,"Furthermore, it has been proposed that a significant portion of phosphosites may be “decoy” sites or has no regulatory function",,,,,conservation analysis; comparison set not defined in extracted text,,,OpenAlex,OA-3_serthr_lys_sitefeatures,
1823,10.1002/advs.75991,42267516,PMC13336813,2026,Advanced Science,RNF138‐Mediated Ubiquitination and Degradation of NS5 Restricts Tick‐Borne Encephalitis Virus Infection,ubiquitination,experimental-proteomics,1,1,1,excluded at full text (not a site-level feature/motif analysis),,,,0,0,0,0,0,,,,,,,,,OpenAlex,OA-3_serthr_lys_sitefeatures,
1826,10.1111/cas.70510,42625456,PMC13494489,2026,Cancer Science,TRIM59 Drives Bladder Cancer Progression Through E3 Ligase‐Dependent K48 ‐Linked Degradation of PTRF,ubiquitination,experimental-proteomics,1,1,1,excluded at full text (not a site-level feature/motif analysis),,,,0,0,0,0,0,,,,,,,,,OpenAlex,OA-3_serthr_lys_sitefeatures,
1845,10.1093/lifemedi/lnag001,42040202,PMC13109097,2026,Life Medicine,SIRT5 mitigates metabolic abnormality in murine models of metabolic dysfunction-associated steatotic liver disease,other-lysine-acyl,experimental-proteomics,1,1,1,excluded at full text (not a site-level feature/motif analysis),,,,0,0,0,0,0,,,,,,,,,OpenAlex,OA-3_serthr_lys_sitefeatures,
1867,10.7717/peerj.7046,31198645,PMC6555389,2019,PeerJ,PTMphinder : an R package for PTM site localization and motif extraction from proteomic datasets,multi-PTM,database-resource,1,1,1,included after full text,a,"a: all residues of that type (proteome / all proteins), unrestricted",,0,0,0,0,0,"The output can be directly input into a motif enrichment tool, such as motif-x, as a list of background sequences",,,,,"tool paper; recommends proteome-derived background, warns small/other-species background distorts enrichment",,,OpenAlex,OA-4_background_control_explicit,
1893,10.1371/journal.pone.0105018,25121969,PMC4133382,2014,PLoS ONE,iNitro-Tyr: Prediction of Nitrotyrosine Sites in Proteins with General Pseudo Amino Acid Composition,other,computational-predictor,1,1,1,included after full text,e,e: other or not stated,,0,0,0,0,0,"Thus, for the peptide sequence of Eq. 7, its attribute to the positive set or negative set can be formulated",,,,,negative-set source not stated in extracted text,,,OpenAlex,OA-4_background_control_explicit,
1902,10.1186/s40478-019-0823-2,31796124,PMC6892178,2019,Acta Neuropathologica Communications,A post-translational modification signature defines changes in soluble tau correlating with oligomerization in early stage Alzheimer’s disease brain,phosphorylation,experimental-proteomics,1,1,1,excluded at full text (not a site-level feature/motif analysis),,,,0,0,0,0,0,,,,,,,,,OpenAlex,OA-4_background_control_explicit,
1989,10.1021/acs.jproteome.4c00587,39327902,PMC11536466,2024,Journal of Proteome Research,Pilot Study for Deciphering Post-Translational Modifications and Proteoforms of Tau Protein by Capillary Electrophoresis-Mass Spectrometry,multi-PTM,experimental-proteomics,1,1,1,excluded at full text (not a site-level feature/motif analysis),,,,0,0,0,0,0,,,,,,,,,OpenAlex,OA-4_background_control_explicit,
1991,10.1021/acs.analchem.9b03604,31951383,PMC7075662,2020,Analytical Chemistry,ExteNDing Proteome Coverage with Legumain as a Highly Specific Digestion Protease,other-lysine-acyl,experimental-proteomics,1,1,1,excluded at full text (not a site-level feature/motif analysis),,,,0,0,0,0,0,,,,,,,,protease-bias paper (legumain vs trypsin) — relevant context but no PTM site-feature comparison,OpenAlex,OA-4_background_control_explicit,
2038,10.1039/d4sc06745b,39817196,PMC11730115,2025,Chemical Science,Chemical proteomic profiling of lysine crotonylation using minimalist bioorthogonal probes in mammalian cells,other-lysine-acyl,experimental-proteomics,1,1,1,included after full text,e,e: other or not stated,,0,0,0,0,0,We next performed a series of bioinformatics analyses of the identified crotonylated proteins.,,,,,'bioinformatics analyses' described without background specification,,,OpenAlex,OA-4_background_control_explicit,
2047,10.1371/journal.pone.0150225,26919439,PMC4769148,2016,PLoS ONE,The Functional Significance of Posttranslational Modifications on Polo-Like Kinase 1 Revealed by Chemical Genetic Complementation,multi-PTM,experimental-proteomics,1,1,1,excluded at full text (not a site-level feature/motif analysis),,,,0,0,0,0,0,,,,,,,,,OpenAlex,OA-4_background_control_explicit,
2078,10.1021/acsomega.1c01161,34179622,PMC8223210,2021,ACS Omega,Co-occurrence of Protein Crotonylation and 2-Hydroxyisobutyrylation in the Proteome of End-Stage Renal Disease,other-lysine-acyl,experimental-proteomics,1,1,1,excluded at full text (no site-level analysis located),,,,0,0,0,0,0,,,,,,no site-level feature or motif comparison located in retrieved full text,,,OpenAlex,OA-4_background_control_explicit,
2103,10.4251/wjgo.v16.i6.2769,38994173,PMC11236237,2024,World Journal of Gastrointestinal Oncology,N-glycosylation of Wnt3 regulates the progression of hepatocellular carcinoma by affecting Wnt/β-catenin signal pathway,other-lysine-acyl,experimental-proteomics,1,1,1,excluded at full text (not a site-level feature/motif analysis),,,,0,0,0,0,0,,,,,,,,,OpenAlex,OA-4_background_control_explicit,
2109,10.1371/journal.pone.0116606,25775238,PMC4361631,2015,PLoS ONE,Multiple Proteases to Localize Oxidation Sites,cysteine-oxidation-general,experimental-proteomics,1,1,1,excluded at full text (not a site-level feature/motif analysis),,,,0,0,0,0,0,,,,,,,,multi-protease oxidation-site localisation — addresses protease coverage but no site-feature comparison,OpenAlex,OA-4_background_control_explicit,
2113,10.1016/j.mcpro.2025.101494,41443437,PMC12834927,2025,Molecular & Cellular Proteomics,PIPI-C: A Combinatorial Optimization Framework for Identifying Post-translational Modification Hot-spots in Mass Spectrometry Data,multi-PTM,computational-predictor,1,1,1,included after full text,a,"a: all residues of that type (proteome / all proteins), unrestricted",,0,0,0,0,0,"Background peptides were extracted from all peptide sequences of length 13 in the Uniprot Human protein database, which were centered",,,,,,,,OpenAlex,OA-4_background_control_explicit,
2126,10.1016/j.jpha.2025.101316,40678479,PMC12268063,2025,Journal of Pharmaceutical Analysis,SITA: Predicting site-specific immunogenicity for therapeutic antibodies,other,computational-predictor,1,1,1,excluded at full text (not a site-level feature/motif analysis),,,,0,0,0,0,0,,,,,,,,,OpenAlex,OA-4_background_control_explicit,
2130,10.1186/s10020-025-01278-3,40461998,PMC12131583,2025,Molecular Medicine,PARP3 promotes macrophage inflammation via mono ADP ribosylation of Ppia Glu140,other,experimental-proteomics,1,1,1,excluded at full text (not a site-level feature/motif analysis),,,,0,0,0,0,0,,,,,,,,,OpenAlex,OA-4_background_control_explicit,
2168,10.21037/tcr-2025-aw-2533,41969495,PMC13066971,2026,Translational Cancer Research,Targeting LRPPRC lactylation disrupts metabolic-immune crosstalk and restores antitumor immunity in hepatocellular carcinoma,acetylation,experimental-proteomics,1,1,1,excluded at full text (not a site-level feature/motif analysis),,,,0,0,0,0,0,,,,,,,,,OpenAlex,OA-4_background_control_explicit,
2187,10.3389/fpls.2024.1343066,39091319,PMC11291313,2024,Frontiers in Plant Science,E. coli-expressed SECRET AGENT O-GlcNAc modifies threonine 829 of GIGANTEA,other,experimental-proteomics,1,1,1,excluded at full text (not a site-level feature/motif analysis),,,,0,0,0,0,0,,,,,,,,,OpenAlex,OA-4_background_control_explicit,
2206,10.1021/acs.jproteome.5c00902,41568995,PMC12887991,2026,Journal of Proteome Research,The Escherichia coli PeptideAtlas Build: Characterizing the Observed Escherichia coli Pan-Proteome and Its Post-Translational Modifications,multi-PTM,database-resource,1,1,1,excluded at full text (no site-level analysis located),,,,0,0,0,0,0,,,,,,no site-level feature or motif comparison located in retrieved full text,,,OpenAlex,OA-4_background_control_explicit,
0,10.21203/rs.3.rs-9071469/v1,,,2026,,Proteome-wide Identification of Cysteine S-sulfenylation in Response to Low Temperature and Low-humidity Stress in Dendrobium huoshanense,S-sulfenylation,experimental-proteomics,1,0,0,,,,,,,,,,,,,,,,,,EuropePMC,EPMC-1_cys_redox_sitefeatures,
7,10.20944/preprints202509.0264.v1,,,2025,,Implication of S-Lactoylglutathione in the Spontaneous Cysteine S-Glutathionylation and Lysine N-Lactoylation of Arabidopsis thaliana NAD-Dependent Glyceraldehyde 3P Dehydrogenase,S-glutathionylation,experimental-proteomics,1,0,0,,,,,,,,,,,,,,,,,,EuropePMC,EPMC-1_cys_redox_sitefeatures,
12,10.1093/bib/bbaa400,33406221,,2021,Brief Bioinform,iCysMod: an integrative database for protein cysteine modifications in eukaryotes.,cysteine-oxidation-general,database-resource,1,0,0,,,,,,,,,,,,,,,,,,EuropePMC,EPMC-1_cys_redox_sitefeatures;EPMC-2_palmitoylation_sitefeatures,
13,10.1016/j.compbiomed.2023.107145,37336062,,2023,Comput Biol Med,BiGRUD-SA: Protein S-sulfenylation sites prediction based on BiGRU and self-attention.,S-sulfenylation,computational-predictor,1,0,0,,,,,,,,,,,,,,,,,,EuropePMC;OpenAlex,EPMC-1_cys_redox_sitefeatures;OA-1_cys_redox_sitefeatures,
16,10.1111/pbi.70664,42043289,PMC13387890,2026,,PbrIDD2-PbrAPX14 Module Functions in the Ethylene-Mediated Ripening and Senescence Process of Pear Fruit.,S-sulfenylation,experimental-proteomics,1,1,0,,,,,,,,,,,,,,,,,,EuropePMC;OpenAlex,EPMC-1_cys_redox_sitefeatures;OA-1_cys_redox_sitefeatures,
17,10.64898/2026.07.30.741409,,,2026,,Assessing the physiological S-nitrosoproteome reveals nitric oxide–mediated regulatory networks in rice,S-nitrosylation,experimental-proteomics,1,0,0,,,,,,,,,,,,,,,,,,EuropePMC,EPMC-1_cys_redox_sitefeatures,
18,10.1016/j.phrs.2023.106788,37146925,,2023,Pharmacol Res,S-sulfhydration of SIRT3 combats BMSC senescence and ameliorates osteoporosis via stabilizing heterochromatic and mitochondrial homeostasis.,persulfidation,experimental-proteomics,1,0,0,,,,,,,,,,,,,,,,,,EuropePMC;OpenAlex,EPMC-1_cys_redox_sitefeatures;OA-1_cys_redox_sitefeatures,
19,10.1021/acs.jafc.6c04976,42453027,,2026,J Agric Food Chem,"ZjPDI1, a Novel S-Nitrosylated Protein, Enhances Postharvest Disease Resistance in Jujube Fruit via the NO-Mediated Redox Signaling and ZjERO1 Interaction.",S-nitrosylation,experimental-proteomics,1,0,0,,,,,,,,,,,,,,,,,,EuropePMC;OpenAlex,EPMC-1_cys_redox_sitefeatures;OA-1_cys_redox_sitefeatures,
25,,,,2024,,SNO-DCA: A model for predicting S-nitrosylation sites based on densely connected convolutional networks and attention mechanism,S-nitrosylation,computational-predictor,1,0,0,,,,,,,,,,,,,,,,,,EuropePMC,EPMC-1_cys_redox_sitefeatures,
29,10.1007/978-1-0716-4196-5_16,39576587,,2025,Methods Mol Biol,LMPTMSite: A Platform for PTM Site Prediction in Proteins Leveraging Transformer-Based Protein Language Models.,multi-PTM,computational-predictor,1,0,0,,,,,,,,,,,,,,,,,,EuropePMC,EPMC-1_cys_redox_sitefeatures,
30,10.1186/s12864-015-2299-1,26819243,PMC4895302,2016,,SOHSite: incorporating evolutionary information and physicochemical properties to identify protein S-sulfenylation sites.,S-sulfenylation,computational-predictor,1,1,0,,,,,,,,,,,,,,,,,,EuropePMC;OpenAlex,EPMC-1_cys_redox_sitefeatures;OA-1_cys_redox_sitefeatures,
31,10.1007/s12539-023-00595-7,38206557,,2024,Interdiscip Sci,PPSNO: A Feature-Rich SNO Sites Predictor by Stacking Ensemble Strategy from Protein Sequence-Derived Information.,S-nitrosylation,computational-predictor,1,0,0,,,,,,,,,,,,,,,,,,EuropePMC;OpenAlex,EPMC-1_cys_redox_sitefeatures;OA-1_cys_redox_sitefeatures,
34,10.1093/bib/bbaa128,32613242,,2021,Brief Bioinform,Using deep neural networks and biological subwords to detect protein S-sulfenylation sites.,S-sulfenylation,computational-predictor,1,0,0,,,,,,,,,,,,,,,,,,EuropePMC,EPMC-1_cys_redox_sitefeatures,
37,10.1039/c8mo00089a,29942948,,2018,Mol Omics,PredCSO: an ensemble method for the prediction of S-sulfenylation sites in proteins.,S-sulfenylation,computational-predictor,1,0,0,,,,,,,,,,,,,,,,,,EuropePMC;OpenAlex,EPMC-1_cys_redox_sitefeatures;OA-1_cys_redox_sitefeatures,
38,10.1039/c7mb00491e,28990628,,2017,Mol Biosyst,Computational identification of protein S-sulfenylation sites by incorporating the multiple sequence features information.,S-sulfenylation,computational-predictor,1,0,0,,,,,,,,,,,,,,,,,,EuropePMC;OpenAlex,EPMC-1_cys_redox_sitefeatures;OA-1_cys_redox_sitefeatures,
40,10.1016/j.bbapap.2020.140422,32234550,,2020,Biochim Biophys Acta Proteins Proteom,Deep learning based prediction of species-specific protein S-glutathionylation sites.,S-glutathionylation,computational-predictor,1,0,0,,,,,,,,,,,,,,,,,,EuropePMC;OpenAlex,EPMC-1_cys_redox_sitefeatures;OA-1_cys_redox_sitefeatures,
45,10.1101/2024.02.06.579117,,,2024,,"S-nitrosylation of EZH2 at C329 and C700 interplay with PRC2 complex assembly, methyltransferase activity, and EZH2 stability to regulate endothelial functions",S-nitrosylation,experimental-proteomics,1,0,0,,,,,,,,,,,,,,,,,,EuropePMC,EPMC-1_cys_redox_sitefeatures,
46,10.1002/prot.26629,37941304,,2024,Proteins,Location of S-nitrosylated cysteines in protein three-dimensional structures.,S-nitrosylation,other,1,0,0,,,,,,,,,,,,,,,,,,EuropePMC;OpenAlex,EPMC-1_cys_redox_sitefeatures;OA-1_cys_redox_sitefeatures,
47,10.1186/s12859-020-03571-w,32921310,PMC7489215,2020,,A novel approach for predicting protein S-glutathionylation.,S-glutathionylation,computational-predictor,1,1,0,,,,,,,,,,,,,,,,,,EuropePMC;OpenAlex,EPMC-1_cys_redox_sitefeatures;OA-1_cys_redox_sitefeatures,
51,10.2174/0929866527666201202103411,33267753,,2021,Protein Pept Lett,DeepSSPred: A Deep Learning Based Sulfenylation Site Predictor Via a Novel nSegmented Optimize Federated Feature Encoder.,S-sulfenylation,computational-predictor,1,0,0,,,,,,,,,,,,,,,,,,EuropePMC;OpenAlex,EPMC-1_cys_redox_sitefeatures;OA-1_cys_redox_sitefeatures,
54,10.1016/j.jtbi.2018.08.022,30125576,,2018,J Theor Biol,Prediction of S-sulfenylation sites using mRMR feature selection and fuzzy support vector machine algorithm.,S-sulfenylation,computational-predictor,1,0,0,,,,,,,,,,,,,,,,,,EuropePMC;OpenAlex,EPMC-1_cys_redox_sitefeatures;OA-1_cys_redox_sitefeatures,
55,10.1016/j.redox.2023.102832,37536083,PMC10412846,2023,,Cysteinyl and methionyl redox switches: Structural prerequisites and consequences.,cysteine-oxidation-general,other,1,1,0,,,,,,,,,,,,,,,,,,EuropePMC;OpenAlex,EPMC-1_cys_redox_sitefeatures;OA-1_cys_redox_sitefeatures,
57,10.2174/0929866525666180905110619,30182830,,2018,Protein Pept Lett,A Comprehensive Review of In silico Analysis for Protein S-sulfenylation Sites.,S-sulfenylation,computational-predictor,1,0,0,,,,,,,,,,,,,,,,,,EuropePMC;OpenAlex,EPMC-1_cys_redox_sitefeatures;OA-1_cys_redox_sitefeatures,
58,10.1016/j.freeradbiomed.2019.07.007,31299423,,2019,Free Radic Biol Med,S-Glutathionylation of mouse selenoprotein W prevents oxidative stress-induced cell death by blocking the formation of an intramolecular disulfide bond.,S-glutathionylation,experimental-proteomics,1,0,0,,,,,,,,,,,,,,,,,,EuropePMC;OpenAlex,EPMC-1_cys_redox_sitefeatures;OA-1_cys_redox_sitefeatures,
59,10.3390/ijms25010053,38203223,PMC10778717,2023,,Glutathione Non-Covalent Binding Sites on Hemoglobin and Major Glutathionylation Target betaCys93 Are Conservative among Both Hypoxia-Sensitive and Hypoxia-Tolerant Mammal Species.,S-glutathionylation,experimental-proteomics,1,1,0,,,,,,,,,,,,,,,,,,EuropePMC,EPMC-1_cys_redox_sitefeatures,
61,10.1101/2025.05.26.656092,,,2025,,Syk activation during FcγR-mediated phagocytosis involves both Syk palmitoylation and desulfenylation,multi-PTM,experimental-proteomics,1,0,0,,,,,,,,,,,,,,,,,,EuropePMC,EPMC-1_cys_redox_sitefeatures;EPMC-2_palmitoylation_sitefeatures,
63,10.1016/j.molcel.2022.06.033,35931084,PMC9391322,2022,,S-nitrosylation is required for β<sub>2</sub>AR desensitization and experimental asthma.,S-nitrosylation,experimental-proteomics,1,0,0,,,,,,,,,,,,,,,,,,EuropePMC,EPMC-1_cys_redox_sitefeatures,
65,10.20944/preprints202312.0918.v1,,,2023,,Glutathione Non-covalent Binding Sites on Hemoglobin and Major Glutathionylation Target betaCys94 Are Conservative among Both Hypoxia-Sensitive and Hypoxia-Tolerant Mammal Species,S-glutathionylation,experimental-proteomics,1,0,0,,,,,,,,,,,,,,,,,,EuropePMC,EPMC-1_cys_redox_sitefeatures,
66,10.1371/journal.pone.0154237,27104833,PMC4841585,2016,,iSulf-Cys: Prediction of S-sulfenylation Sites in Proteins with Physicochemical Properties of Amino Acids.,S-sulfenylation,computational-predictor,1,1,0,,,,,,,,,,,,,,,,,,EuropePMC;OpenAlex,EPMC-1_cys_redox_sitefeatures;OA-1_cys_redox_sitefeatures,
67,10.3390/molecules28217329,37959749,PMC10649196,2023,,Global Proteome-Wide Analysis of Cysteine S-Nitrosylation in <i>Toxoplasma gondii</i>.,S-nitrosylation,experimental-proteomics,1,1,0,,,,,,,,,,,,,,,,,,EuropePMC;OpenAlex,EPMC-1_cys_redox_sitefeatures;OA-1_cys_redox_sitefeatures,
69,10.3390/antiox12040789,37107163,PMC10135009,2023,,Proteome Dynamics of Persulfidation in Leaf Tissue under Light/Dark Conditions and Carbon Deprivation.,persulfidation,experimental-proteomics,1,1,0,,,,,,,,,,,,,,,,,,EuropePMC;OpenAlex,EPMC-1_cys_redox_sitefeatures;OA-1_cys_redox_sitefeatures,
71,10.1016/j.redox.2020.101649,32750668,PMC7397701,2020,,Stochiometric quantification of the thiol redox proteome of macrophages reveals subcellular compartmentalization and susceptibility to oxidative perturbations.,cysteine-oxidation-general,experimental-proteomics,1,1,0,,,,,,,,,,,,,,,,,,EuropePMC;OpenAlex,EPMC-1_cys_redox_sitefeatures;OA-1_cys_redox_sitefeatures,
72,10.1038/s41598-018-29126-x,30050050,PMC6062547,2018,,SVM-SulfoSite: A support vector machine based predictor for sulfenylation sites.,S-sulfenylation,computational-predictor,1,1,0,,,,,,,,,,,,,,,,,,EuropePMC;OpenAlex,EPMC-1_cys_redox_sitefeatures;OA-1_cys_redox_sitefeatures,
73,10.1186/s13068-025-02657-y,40691609,PMC12278674,2025,,Nitrogen limitation causes a seismic shift in redox state and phosphorylation of proteins implicated in carbon flux and lipidome remodeling in Rhodotorula toruloides.,multi-PTM,experimental-proteomics,1,1,0,,,,,,,,,,,,,,,,,,EuropePMC,EPMC-1_cys_redox_sitefeatures,
74,10.1155/2022/8296043,36439692,PMC9683961,2022,,Mechanisms of NO-Mediated Protein S-Nitrosylation in the Lens-Induced Myopia.,S-nitrosylation,experimental-proteomics,1,1,0,,,,,,,,,,,,,,,,,,EuropePMC;OpenAlex,EPMC-1_cys_redox_sitefeatures;OA-1_cys_redox_sitefeatures,
75,10.1016/j.jtbi.2017.03.031,28411111,,2017,J Theor Biol,S-SulfPred: A sensitive predictor to capture S-sulfenylation sites based on a resampling one-sided selection undersampling-synthetic minority oversampling technique.,S-sulfenylation,computational-predictor,1,0,0,,,,,,,,,,,,,,,,,,EuropePMC,EPMC-1_cys_redox_sitefeatures,
76,10.1016/j.chroma.2023.464162,37336129,,2023,J Chromatogr A,An improved sulfur-nitroso-proteome strategy for global profiling of sulfur-nitrosylated proteins and sulfur-nitrosylation sites in mice.,S-nitrosylation,experimental-proteomics,1,0,0,,,,,,,,,,,,,,,,,,EuropePMC;OpenAlex,EPMC-1_cys_redox_sitefeatures;OA-1_cys_redox_sitefeatures,
77,10.3934/mbe.2021450,34814339,,2021,Math Biosci Eng,Predicting S-nitrosylation proteins and sites by fusing multiple features.,S-nitrosylation,computational-predictor,1,0,0,,,,,,,,,,,,,,,,,,EuropePMC,EPMC-1_cys_redox_sitefeatures,
82,10.1093/plphys/kiad100,36797801,,2023,Plant Physiol,Persulfidation of transcription factor MYB10 inhibits anthocyanin synthesis in red-skinned pear.,persulfidation,experimental-proteomics,1,0,0,,,,,,,,,,,,,,,,,,EuropePMC;OpenAlex,EPMC-1_cys_redox_sitefeatures;OA-1_cys_redox_sitefeatures,
85,10.1038/s41598-017-15997-z,29180682,PMC5703995,2017,,Features of reactive cysteines discovered through computation: from kinase inhibition to enrichment around protein degrons.,cysteine-oxidation-general,computational-predictor,1,1,0,,,,,,,,,,,,,,,,,,EuropePMC;OpenAlex,EPMC-1_cys_redox_sitefeatures;EPMC-2_palmitoylation_sitefeatures;OA-1_cys_redox_sitefeatures;OA-2_palmitoylation_sitefeatures,
89,10.1101/2024.04.30.591985,,,2024,,Glutathione supersulphide regulates T-cell receptor signalling,persulfidation,experimental-proteomics,1,0,0,,,,,,,,,,,,,,,,,,EuropePMC,EPMC-1_cys_redox_sitefeatures,
90,10.1039/c9mo00098d,31710075,,2019,Mol Omics,Prediction of S-nitrosylation sites by integrating support vector machines and random forest.,S-nitrosylation,computational-predictor,1,0,0,,,,,,,,,,,,,,,,,,EuropePMC;OpenAlex,EPMC-1_cys_redox_sitefeatures;OA-1_cys_redox_sitefeatures,
91,10.1074/jbc.m115.712539,27048650,PMC4882430,2016,,Cysteine S-Glutathionylation Promotes Stability and Activation of the Hippo Downstream Effector Transcriptional Co-activator with PDZ-binding Motif (TAZ).,S-glutathionylation,experimental-proteomics,1,0,0,,,,,,,,,,,,,,,,,,EuropePMC;OpenAlex,EPMC-1_cys_redox_sitefeatures;OA-1_cys_redox_sitefeatures,
93,10.1109/jbhi.2021.3123503,34762593,,2022,IEEE J Biomed Health Inform,Mul-SNO: A Novel Prediction Tool for S-Nitrosylation Sites Based on Deep Learning Methods.,S-nitrosylation,computational-predictor,1,0,0,,,,,,,,,,,,,,,,,,EuropePMC;OpenAlex,EPMC-1_cys_redox_sitefeatures;OA-1_cys_redox_sitefeatures,
94,10.1111/nph.18989,37243525,,2023,New Phytol,"Essential role of the CD docking motif of MPK4 in plant immunity, growth, and development.",S-sulfenylation,experimental-proteomics,1,0,0,,,,,,,,,,,,,,,,,,EuropePMC,EPMC-1_cys_redox_sitefeatures,
98,10.1039/c4mb00680a,25599514,,2015,Mol Biosyst,PGluS: prediction of protein S-glutathionylation sites with multiple features and analysis.,S-glutathionylation,computational-predictor,1,0,0,,,,,,,,,,,,,,,,,,EuropePMC;OpenAlex,EPMC-1_cys_redox_sitefeatures;OA-1_cys_redox_sitefeatures,
104,10.1093/bioinformatics/btu301,24790154,,2014,Bioinformatics,dbGSH: a database of S-glutathionylation.,S-glutathionylation,database-resource,1,0,0,,,,,,,,,,,,,,,,,,EuropePMC;OpenAlex,EPMC-1_cys_redox_sitefeatures;OA-1_cys_redox_sitefeatures,
106,10.1080/10715762.2016.1216551,27454891,,2016,Free Radic Res,Prediction of glutathionylation sites in proteins using minimal sequence information and their experimental validation.,S-glutathionylation,computational-predictor,1,0,0,,,,,,,,,,,,,,,,,,EuropePMC;OpenAlex,EPMC-1_cys_redox_sitefeatures;OA-1_cys_redox_sitefeatures,
110,10.3390/antiox10040508,33805243,PMC8064375,2021,,Label-Free Quantitative Proteomic Analysis of Nitrogen Starvation in Arabidopsis Root Reveals New Aspects of H<sub>2</sub>S Signaling by Protein Persulfidation.,persulfidation,experimental-proteomics,1,1,0,,,,,,,,,,,,,,,,,,EuropePMC;OpenAlex,EPMC-1_cys_redox_sitefeatures;OA-1_cys_redox_sitefeatures,
112,10.1039/c6mb00314a,27364688,,2016,Mol Biosyst,SOHPRED: a new bioinformatics tool for the characterization and prediction of human S-sulfenylation sites.,S-sulfenylation,computational-predictor,1,0,0,,,,,,,,,,,,,,,,,,EuropePMC;OpenAlex,EPMC-1_cys_redox_sitefeatures;OA-1_cys_redox_sitefeatures,
117,10.1016/j.exger.2007.11.004,18166286,,2008,Exp Gerontol,S-glutathionylation of metallothioneins by nitrosative/oxidative stress.,S-glutathionylation,experimental-proteomics,1,0,0,,,,,,,,,,,,,,,,,,EuropePMC;OpenAlex,EPMC-1_cys_redox_sitefeatures;OA-1_cys_redox_sitefeatures,
122,10.1093/bioinformatics/btv558,26411868,,2016,Bioinformatics,MDD-SOH: exploiting maximal dependence decomposition to identify S-sulfenylation sites with substrate motifs.,S-sulfenylation,computational-predictor,1,0,0,,,,,,,,,,,,,,,,,,EuropePMC;OpenAlex,EPMC-1_cys_redox_sitefeatures;OA-1_cys_redox_sitefeatures,
123,10.1016/j.foodchem.2018.09.038,30372958,,2019,Food Chem,"A bioinformatics study on characteristics, metabolic pathways, and cellular functions of the identified S-nitrosylated proteins in postmortem pork muscle.",S-nitrosylation,experimental-proteomics,1,0,0,,,,,,,,,,,,,,,,,,EuropePMC;OpenAlex,EPMC-1_cys_redox_sitefeatures;OA-1_cys_redox_sitefeatures,
126,10.1007/978-1-4939-7695-9_19,29600464,,2018,Methods Mol Biol,Bioinformatic Prediction of S-Nitrosylation Sites in Large Protein Datasets.,S-nitrosylation,computational-predictor,1,0,0,,,,,,,,,,,,,,,,,,EuropePMC,EPMC-1_cys_redox_sitefeatures,
127,10.1111/ics.12756,34860415,,2022,Int J Cosmet Sci,Redox proteomics analysis of hair shaft proteins upon hydrothermal and alkaline insult.,cysteine-oxidation-general,experimental-proteomics,1,0,0,,,,,,,,,,,,,,,,,,EuropePMC,EPMC-1_cys_redox_sitefeatures,
130,10.1093/nar/gkv1240,26578568,PMC4702878,2016,,dbPTM 2016: 10-year anniversary of a resource for post-translational modification of proteins.,multi-PTM,database-resource,1,1,0,,,,,,,,,,,,,,,,,,EuropePMC;OpenAlex,EPMC-1_cys_redox_sitefeatures;OA-1_cys_redox_sitefeatures,
136,10.1002/humu.23129,27667481,,2017,Hum Mutat,Investigating the Molecular Mechanisms Behind Uncharacterized Cysteine Losses from Prediction of Their Oxidation State.,cysteine-oxidation-general,computational-predictor,1,0,0,,,,,,,,,,,,,,,,,,EuropePMC;OpenAlex,EPMC-1_cys_redox_sitefeatures;OA-1_cys_redox_sitefeatures,
139,10.1039/c4mb00322e,25030274,,2014,Mol Biosyst,"Features of S-nitrosylation based on statistical analysis and molecular dynamics simulation: cysteine acidity, surrounding basicity, steric hindrance and local flexibility.",S-nitrosylation,both,1,0,0,,,,,,,,,,,,,,,,,,EuropePMC;OpenAlex,EPMC-1_cys_redox_sitefeatures;OA-1_cys_redox_sitefeatures,
141,10.1155/2014/438341,25184139,PMC4145740,2014,,Prediction of S-nitrosylation modification sites based on kernel sparse representation classification and mRMR algorithm.,S-nitrosylation,computational-predictor,1,1,0,,,,,,,,,,,,,,,,,,EuropePMC;OpenAlex,EPMC-1_cys_redox_sitefeatures;OA-1_cys_redox_sitefeatures,
145,10.1002/prot.25424,29139156,,2018,Proteins,Characterization of cysteine thiol modifications based on protein microenvironments and local secondary structures.,cysteine-oxidation-general,other,1,0,0,,,,,,,,,,,,,,,,,,EuropePMC,EPMC-1_cys_redox_sitefeatures,
148,10.1016/j.jprot.2011.12.003,22178444,,2012,J Proteomics,Predict and analyze S-nitrosylation modification sites with the mRMR and IFS approaches.,S-nitrosylation,computational-predictor,1,0,0,,,,,,,,,,,,,,,,,,EuropePMC;OpenAlex,EPMC-1_cys_redox_sitefeatures;OA-1_cys_redox_sitefeatures;OA-4_background_control_explicit,
151,10.7554/elife.60346,32662770,PMC7392609,2020,,Peroxiredoxin promotes longevity and H<sub>2</sub>O<sub>2</sub>-resistance in yeast through redox-modulation of protein kinase A.,cysteine-oxidation-general,experimental-proteomics,1,1,0,,,,,,,,,,,,,,,,,,EuropePMC,EPMC-1_cys_redox_sitefeatures,
152,10.1002/mas.21382,24115015,PMC4038156,2014,,The succinated proteome.,S-glutathionylation,experimental-proteomics,1,0,0,,,,,,,,,,,,,,,,,,EuropePMC,EPMC-1_cys_redox_sitefeatures,
160,10.1016/j.cell.2014.09.032,25417112,PMC4243042,2014,,Target-selective protein S-nitrosylation by sequence motif recognition.,S-nitrosylation,experimental-proteomics,1,0,0,,,,,,,,,,,,,,,,,,EuropePMC;OpenAlex,EPMC-1_cys_redox_sitefeatures;OA-1_cys_redox_sitefeatures,
161,10.3390/ijms150711204,24968264,PMC4139777,2014,,PSNO: predicting cysteine S-nitrosylation sites by incorporating various sequence-derived features into the general form of Chou's PseAAC.,S-nitrosylation,computational-predictor,1,1,0,,,,,,,,,,,,,,,,,,EuropePMC;OpenAlex,EPMC-1_cys_redox_sitefeatures;OA-1_cys_redox_sitefeatures,
166,10.1093/jxb/erx294,28992305,PMC5853657,2017,,Persulfidation proteome reveals the regulation of protein function by hydrogen sulfide in diverse biological processes in Arabidopsis.,persulfidation,experimental-proteomics,1,1,0,,,,,,,,,,,,,,,,,,EuropePMC;OpenAlex,EPMC-1_cys_redox_sitefeatures;OA-1_cys_redox_sitefeatures,
167,10.1371/journal.pone.0021849,21789187,PMC3137596,2011,,SNOSite: exploiting maximal dependence decomposition to identify cysteine S-nitrosylation with substrate site specificity.,S-nitrosylation,computational-predictor,1,1,0,,,,,,,,,,,,,,,,,,EuropePMC;OpenAlex,EPMC-1_cys_redox_sitefeatures;OA-1_cys_redox_sitefeatures,
168,10.1021/acs.biochem.5b01373,27064847,PMC4974627,2016,,S-Nitrosation of Conserved Cysteines Modulates Activity and Stability of S-Nitrosoglutathione Reductase (GSNOR).,S-nitrosylation,experimental-proteomics,1,0,0,,,,,,,,,,,,,,,,,,EuropePMC;OpenAlex,EPMC-1_cys_redox_sitefeatures;OA-1_cys_redox_sitefeatures,
172,10.1038/s41598-019-39743-9,30816267,PMC6395632,2019,,Identification of S-nitrosylation sites based on multiple features combination.,S-nitrosylation,computational-predictor,1,1,0,,,,,,,,,,,,,,,,,,EuropePMC;OpenAlex,EPMC-1_cys_redox_sitefeatures;OA-1_cys_redox_sitefeatures,
173,10.1126/scisignal.aax2713,32636306,,2020,Sci Signal,Aurora A regulation by reversible cysteine oxidation reveals evolutionarily conserved redox control of Ser/Thr protein kinase activity.,cysteine-oxidation-general,both,1,0,0,,,,,,,,,,,,,,,,,,EuropePMC,EPMC-1_cys_redox_sitefeatures,
176,10.3389/fchem.2014.00114,25750911,PMC4285867,2014,,Protein S-nitrosylation: specificity and identification strategies in plants.,S-nitrosylation,other,1,1,0,,,,,,,,,,,,,,,,,,EuropePMC;OpenAlex,EPMC-1_cys_redox_sitefeatures;OA-1_cys_redox_sitefeatures,
179,10.1016/j.plaphy.2015.07.032,26255539,,2015,Plant Physiol Biochem,Nitric oxide modulates Lycopersicon esculentum C-repeat binding factor 1 (LeCBF1) transcriptionally as well as post-translationally by nitrosylation.,S-nitrosylation,experimental-proteomics,1,0,0,,,,,,,,,,,,,,,,,,EuropePMC;OpenAlex,EPMC-1_cys_redox_sitefeatures;OA-1_cys_redox_sitefeatures,
182,10.1016/j.freeradbiomed.2018.03.047,29605447,PMC6146653,2018,,Redox regulation of cell proliferation: Bioinformatics and redox proteomics approaches to identify redox-sensitive cell cycle regulators.,cysteine-oxidation-general,computational-predictor,1,1,0,,,,,,,,,,,,,,,,,,EuropePMC,EPMC-1_cys_redox_sitefeatures,
184,10.1093/bioinformatics/bts436,22782549,,2012,Bioinformatics,dbSNO: a database of cysteine S-nitrosylation.,S-nitrosylation,database-resource,1,0,0,,,,,,,,,,,,,,,,,,EuropePMC;OpenAlex,EPMC-1_cys_redox_sitefeatures;OA-1_cys_redox_sitefeatures,
186,10.3390/ijms150610410,24918295,PMC4100159,2014,,Prediction of protein S-nitrosylation sites based on adapted normal distribution bi-profile Bayes and Chou's pseudo amino acid composition.,S-nitrosylation,computational-predictor,1,1,0,,,,,,,,,,,,,,,,,,EuropePMC;OpenAlex,EPMC-1_cys_redox_sitefeatures;OA-1_cys_redox_sitefeatures,
187,10.1016/j.bbrc.2005.04.130,15910747,,2005,Biochem Biophys Res Commun,Determination of site-specificity of S-glutathionylated cellular proteins.,S-glutathionylation,experimental-proteomics,1,0,0,,,,,,,,,,,,,,,,,,EuropePMC,EPMC-1_cys_redox_sitefeatures,
190,10.1021/bi800303h,18419134,,2008,Biochemistry,Regulatory control of human cytosolic branched-chain aminotransferase by oxidation and S-glutathionylation and its interactions with redox sensitive neuronal proteins.,S-glutathionylation,experimental-proteomics,1,0,0,,,,,,,,,,,,,,,,,,EuropePMC;OpenAlex,EPMC-1_cys_redox_sitefeatures;OA-1_cys_redox_sitefeatures,
192,10.1089/ars.2005.7.849,15998239,PMC1578687,2005,,Molecular determinants of S-glutathionylation of carbonic anhydrase 3.,S-glutathionylation,experimental-proteomics,1,0,0,,,,,,,,,,,,,,,,,,EuropePMC,EPMC-1_cys_redox_sitefeatures,
193,10.1007/s00894-015-2892-x,26733486,,2016,J Mol Model,Theoretical studies of the role of C-terminal cysteines in the process of S-nitrosylation of human Src kinases.,S-nitrosylation,computational-predictor,1,0,0,,,,,,,,,,,,,,,,,,EuropePMC;OpenAlex,EPMC-1_cys_redox_sitefeatures;OA-1_cys_redox_sitefeatures,
198,10.1038/s41598-017-11388-6,28887543,PMC5591240,2017,,The Oxidative State of Cysteine Thiol 144 Regulates the SIRT6 Glucose Homeostat.,S-sulfenylation,experimental-proteomics,1,1,0,,,,,,,,,,,,,,,,,,EuropePMC,EPMC-1_cys_redox_sitefeatures,
202,10.7717/peerj.171,24109555,PMC3792191,2013,,iSNO-AAPair: incorporating amino acid pairwise coupling into PseAAC for predicting cysteine S-nitrosylation sites in proteins.,S-nitrosylation,computational-predictor,1,1,0,,,,,,,,,,,,,,,,,,EuropePMC,EPMC-1_cys_redox_sitefeatures,
210,10.1042/bj20120257,22835150,,2012,Biochem J,"Nitric oxide inhibits the ATPase activity of the chaperone-like AAA+ ATPase CDC48, a target for S-nitrosylation in cryptogein signalling in tobacco cells.",S-nitrosylation,experimental-proteomics,1,0,0,,,,,,,,,,,,,,,,,,EuropePMC;OpenAlex,EPMC-1_cys_redox_sitefeatures;OA-1_cys_redox_sitefeatures,
217,10.1016/j.bbadis.2018.08.021,30251679,PMC6590075,2018,,Reactive cysteine residues in the oxidative dimerization and Cu<sup>2+</sup> induced aggregation of human γD-crystallin: Implications for age-related cataract.,cysteine-oxidation-general,experimental-proteomics,1,0,0,,,,,,,,,,,,,,,,,,EuropePMC,EPMC-1_cys_redox_sitefeatures,
220,10.1016/j.neuroscience.2013.10.026,24157928,,2014,Neuroscience,Differential S-nitrosylation of proteins in Alzheimer's disease.,S-nitrosylation,experimental-proteomics,1,0,0,,,,,,,,,,,,,,,,,,EuropePMC;OpenAlex,EPMC-1_cys_redox_sitefeatures;OA-1_cys_redox_sitefeatures,
221,10.1021/pr100680a,20925432,,2010,J Proteome Res,S-alkylating labeling strategy for site-specific identification of the s-nitrosoproteome.,S-nitrosylation,experimental-proteomics,1,0,0,,,,,,,,,,,,,,,,,,EuropePMC;OpenAlex,EPMC-1_cys_redox_sitefeatures;OA-1_cys_redox_sitefeatures,
222,10.1021/ac100569d,20687582,,2010,Anal Chem,Site-specific proteomics approach for study protein S-nitrosylation.,S-nitrosylation,experimental-proteomics,1,0,0,,,,,,,,,,,,,,,,,,EuropePMC;OpenAlex,EPMC-1_cys_redox_sitefeatures;OA-1_cys_redox_sitefeatures,
224,10.2174/092986611795222731,21271979,,2011,Protein Pept Lett,An efficient support vector machine approach for identifying protein S-nitrosylation sites.,S-nitrosylation,computational-predictor,1,0,0,,,,,,,,,,,,,,,,,,EuropePMC,EPMC-1_cys_redox_sitefeatures,
227,10.1073/pnas.1008036107,20837516,PMC2947911,2010,,Structural profiling of endogenous S-nitrosocysteine residues reveals unique features that accommodate diverse mechanisms for protein S-nitrosylation.,S-nitrosylation,experimental-proteomics,1,0,0,,,,,,,,,,,,,,,,,,EuropePMC;OpenAlex,EPMC-1_cys_redox_sitefeatures;EPMC-4_background_control_explicit;OA-1_cys_redox_sitefeatures,
228,10.3390/genes5020254,24705329,PMC4094932,2014,,Single-nucleotide variations in cardiac arrhythmias: prospects for genomics and proteomics based biomarker discovery and diagnostics.,S-nitrosylation,computational-predictor,1,1,0,,,,,,,,,,,,,,,,,,EuropePMC,EPMC-1_cys_redox_sitefeatures,
233,10.1038/nm.2405,21857653,PMC3277400,2011,,Host S-nitrosylation inhibits clostridial small molecule-activated glucosylating toxins.,S-nitrosylation,other,1,0,0,,,,,,,,,,,,,,,,,,EuropePMC;OpenAlex,EPMC-1_cys_redox_sitefeatures;OA-1_cys_redox_sitefeatures,
235,10.1016/j.jmb.2009.10.042,19854201,PMC3061812,2010,,Structural analysis of cysteine S-nitrosylation: a modified acid-based motif and the emerging role of trans-nitrosylation.,S-nitrosylation,both,1,0,0,,,,,,,,,,,,,,,,,,EuropePMC;OpenAlex,EPMC-1_cys_redox_sitefeatures;OA-1_cys_redox_sitefeatures,
237,10.1089/ars.2012.4522,22257022,PMC3430479,2012,,Redox active thiol sensors of oxidative and nitrosative stress.,cysteine-oxidation-general,other,1,0,0,,,,,,,,,,,,,,,,,,EuropePMC,EPMC-1_cys_redox_sitefeatures,
238,10.1110/ps.073252408,18287280,PMC2248312,2008,,Prediction of reversibly oxidized protein cysteine thiols using protein structure properties.,cysteine-oxidation-general,computational-predictor,1,0,0,,,,,,,,,,,,,,,,,,EuropePMC;OpenAlex,EPMC-1_cys_redox_sitefeatures;OA-1_cys_redox_sitefeatures,
243,10.1074/mcp.m110.004721,21036925,PMC3047159,2011,,Site-mapping of in vitro S-nitrosation in cardiac mitochondria: implications for cardioprotection.,S-nitrosylation,experimental-proteomics,1,0,0,,,,,,,,,,,,,,,,,,EuropePMC,EPMC-1_cys_redox_sitefeatures,
245,10.1074/jbc.m807158200,19124472,,2009,J Biol Chem,Redox- and calmodulin-dependent S-nitrosylation of the KCNQ1 channel.,S-nitrosylation,experimental-proteomics,1,0,0,,,,,,,,,,,,,,,,,,EuropePMC;OpenAlex,EPMC-1_cys_redox_sitefeatures;OA-1_cys_redox_sitefeatures,
246,,,,2015,,The regulation of human M2 pyruvate kinase,cysteine-oxidation-general,experimental-proteomics,1,0,0,,,,,,,,,,,,,,,,,,EuropePMC,EPMC-1_cys_redox_sitefeatures,
247,10.1089/ars.2016.6787,27324931,PMC5326983,2017,,Tyrosine-Nitrated Proteins: Proteomic and Bioanalytical Aspects.,other,experimental-proteomics,1,0,0,,,,,,,,,,,,,,,,,,EuropePMC,EPMC-1_cys_redox_sitefeatures,
249,10.1093/cvr/cvp154,19447776,,2009,Cardiovasc Res,Shear flow increases S-nitrosylation of proteins in endothelial cells.,S-nitrosylation,experimental-proteomics,1,0,0,,,,,,,,,,,,,,,,,,EuropePMC;OpenAlex,EPMC-1_cys_redox_sitefeatures;OA-1_cys_redox_sitefeatures,
250,10.1161/circresaha.118.312789,29563102,PMC6047766,2018,,Protein <i>S</i>-Nitrosylation Controls Glycogen Synthase Kinase 3β Function Independent of Its Phosphorylation State.,S-nitrosylation,both,1,0,0,,,,,,,,,,,,,,,,,,EuropePMC;OpenAlex,EPMC-1_cys_redox_sitefeatures;OA-1_cys_redox_sitefeatures,
253,10.1371/journal.pone.0001085,17987106,PMC2064872,2007,,Nitric oxide destabilizes Pias3 and regulates sumoylation.,S-nitrosylation,experimental-proteomics,1,1,0,,,,,,,,,,,,,,,,,,EuropePMC;OpenAlex,EPMC-1_cys_redox_sitefeatures;OA-1_cys_redox_sitefeatures,
254,10.1073/pnas.0508412103,16418269,PMC1347989,2006,,"SNOSID, a proteomic method for identification of cysteine S-nitrosylation sites in complex protein mixtures.",S-nitrosylation,experimental-proteomics,1,0,0,,,,,,,,,,,,,,,,,,EuropePMC;OpenAlex,EPMC-1_cys_redox_sitefeatures;OA-1_cys_redox_sitefeatures,
255,,,,2008,,Redox regulation through S-thiolation and S-nitrosylation of the BCAT proteins with insights in to the role these systems play in neuronal cells,S-nitrosylation,experimental-proteomics,1,0,0,,,,,,,,,,,,,,,,,,EuropePMC,EPMC-1_cys_redox_sitefeatures,
256,10.1074/mcp.m114.041160,25118246,PMC4256482,2014,,Proteome-wide light/dark modulation of thiol oxidation in cyanobacteria revealed by quantitative site-specific redox proteomics.,cysteine-oxidation-general,experimental-proteomics,1,0,0,,,,,,,,,,,,,,,,,,EuropePMC,EPMC-1_cys_redox_sitefeatures,
260,10.1016/j.bbrc.2011.11.036,22115780,,2011,Biochem Biophys Res Commun,Proteomics investigation of endogenous S-nitrosylation in Arabidopsis.,S-nitrosylation,experimental-proteomics,1,0,0,,,,,,,,,,,,,,,,,,EuropePMC;OpenAlex,EPMC-1_cys_redox_sitefeatures;OA-1_cys_redox_sitefeatures,
265,10.1016/j.jprot.2011.06.001,21704743,PMC3253718,2011,,Distinction of thioredoxin transnitrosylation and denitrosylation target proteins by the ICAT quantitative approach.,S-nitrosylation,experimental-proteomics,1,0,0,,,,,,,,,,,,,,,,,,EuropePMC;OpenAlex,EPMC-1_cys_redox_sitefeatures;OA-1_cys_redox_sitefeatures,
269,10.1073/pnas.0600729103,16648260,PMC1464354,2006,,Identification of S-nitrosylation motifs by site-specific mapping of the S-nitrosocysteine proteome in human vascular smooth muscle cells.,S-nitrosylation,experimental-proteomics,1,0,0,,,,,,,,,,,,,,,,,,EuropePMC;OpenAlex,EPMC-1_cys_redox_sitefeatures;OA-1_cys_redox_sitefeatures,
272,10.1016/j.ymeth.2007.03.002,17532511,,2007,Methods,Mass spectrometry-based analyses for identifying and characterizing S-nitrosylation of protein tyrosine phosphatases.,S-nitrosylation,experimental-proteomics,1,0,0,,,,,,,,,,,,,,,,,,EuropePMC,EPMC-1_cys_redox_sitefeatures,
277,10.1074/jbc.m111.296236,21976664,PMC3308895,2011,,Using quantitative redox proteomics to dissect the yeast redoxome.,cysteine-oxidation-general,experimental-proteomics,1,0,0,,,,,,,,,,,,,,,,,,EuropePMC,EPMC-1_cys_redox_sitefeatures,
278,10.1371/journal.pone.0009075,20140087,PMC2816712,2010,,Comprehensive identification and modified-site mapping of S-nitrosylated targets in prostate epithelial cells.,S-nitrosylation,experimental-proteomics,1,1,0,,,,,,,,,,,,,,,,,,EuropePMC;OpenAlex,EPMC-1_cys_redox_sitefeatures;OA-1_cys_redox_sitefeatures,
279,10.1021/ac400166e,23438843,,2013,Anal Chem,Large-scale capture of peptides containing reversibly oxidized cysteines by thiol-disulfide exchange applied to the myocardial redox proteome.,cysteine-oxidation-general,experimental-proteomics,1,0,0,,,,,,,,,,,,,,,,,,EuropePMC,EPMC-1_cys_redox_sitefeatures,
285,10.1074/mcp.m115.054551,27281782,PMC5054350,2016,,Simultaneous Enrichment of Cysteine-containing Peptides and Phosphopeptides Using a Cysteine-specific Phosphonate Adaptable Tag (CysPAT) in Combination with titanium dioxide (TiO2) Chromatography.,cysteine-oxidation-general,experimental-proteomics,1,1,0,,,,,,,,,,,,,,,,,,EuropePMC,EPMC-1_cys_redox_sitefeatures,
286,10.1038/nchembio821,16998480,,2006,Nat Chem Biol,Nitric oxide activates TRP channels by cysteine S-nitrosylation.,S-nitrosylation,experimental-proteomics,1,0,0,,,,,,,,,,,,,,,,,,EuropePMC;OpenAlex,EPMC-1_cys_redox_sitefeatures;OA-1_cys_redox_sitefeatures,
288,10.1016/j.freeradbiomed.2014.09.027,25289457,PMC4708892,2015,,Redox regulation of Rac1 by thiol oxidation.,S-glutathionylation,experimental-proteomics,1,0,0,,,,,,,,,,,,,,,,,,EuropePMC,EPMC-1_cys_redox_sitefeatures,
291,10.1039/c0mb00279h,21258675,,2011,Mol Biosyst,GPS-YNO2: computational prediction of tyrosine nitration sites in proteins.,other,computational-predictor,1,0,0,,,,,,,,,,,,,,,,,,EuropePMC;OpenAlex,EPMC-1_cys_redox_sitefeatures;OA-1_cys_redox_sitefeatures,
294,10.1093/nar/gki412,15980459,PMC1160173,2005,,DiANNA: a web server for disulfide connectivity prediction.,cysteine-oxidation-general,computational-predictor,1,1,0,,,,,,,,,,,,,,,,,,EuropePMC;OpenAlex,EPMC-1_cys_redox_sitefeatures;OA-1_cys_redox_sitefeatures,
305,10.1152/ajpcell.00325.2004,15561762,,2005,Am J Physiol Cell Physiol,Nitric oxide-induced persistent inhibition and nitrosylation of active site cysteine residues of mitochondrial cytochrome-c oxidase in lung endothelial cells.,S-nitrosylation,experimental-proteomics,1,0,0,,,,,,,,,,,,,,,,,,EuropePMC,EPMC-1_cys_redox_sitefeatures,
307,10.1021/ac060525v,16841939,PMC3098383,2006,,Detailed map of oxidative post-translational modifications of human p21ras using Fourier transform mass spectrometry.,multi-PTM,experimental-proteomics,1,0,0,,,,,,,,,,,,,,,,,,EuropePMC,EPMC-1_cys_redox_sitefeatures,
311,10.64898/2026.03.05.709753,,,2026,,Deep-Palm: An integrated deep learning framework for structure-aware prediction of protein S-palmitoylation,palmitoylation,computational-predictor,1,0,0,,,,,,,,,,,,,,,,,,EuropePMC,EPMC-2_palmitoylation_sitefeatures,
312,10.64898/2026.06.30.735287,,,2026,,SAPPTree: Identification of an S-Acylation Motif Drives a Novel S-Acylation Prediction Program,palmitoylation,computational-predictor,1,0,0,,,,,,,,,,,,,,,,,,EuropePMC,EPMC-2_palmitoylation_sitefeatures,
324,10.64898/2026.08.30.747671,,,2026,,PalmLab: A Comprehensive Computational Platform for Systematic Annotation and Functional Interrogation of Protein Palmitoylation,palmitoylation,database-resource,1,0,0,,,,,,,,,,,,,,,,,,EuropePMC,EPMC-2_palmitoylation_sitefeatures,
325,10.3390/ijms262010190,41155484,PMC12562545,2025,,Palmitoylation Code and Endosomal Sorting Regulate ABHD17A Plasma Membrane Targeting and Activity.,palmitoylation,experimental-proteomics,1,1,0,,,,,,,,,,,,,,,,,,EuropePMC;OpenAlex,EPMC-2_palmitoylation_sitefeatures;OA-2_palmitoylation_sitefeatures,
342,10.1080/27694127.2025.2547975,40873768,PMC12380206,2025,,"Sequestering sequestosome 1 via S-acylation in autophagy, Huntington disease, and beyond.",palmitoylation,experimental-proteomics,1,1,0,,,,,,,,,,,,,,,,,,EuropePMC,EPMC-2_palmitoylation_sitefeatures,
350,10.1002/pro.70482,41575059,PMC12828983,2026,,Role of the transmembrane domain in severe acute respiratory syndrome (SARS) coronavirus 2 spike for palmitoylation and membrane fusion.,palmitoylation,experimental-proteomics,1,1,0,,,,,,,,,,,,,,,,,,EuropePMC;OpenAlex,EPMC-2_palmitoylation_sitefeatures;OA-2_palmitoylation_sitefeatures,
354,10.1093/jimmun/vkag192,42497422,PMC13399432,2026,,Phylogenetic analysis of amino acid sequences indicates a central role of transmembrane domain structural elements in MHC class II function.,palmitoylation,experimental-proteomics,1,1,0,,,,,,,,,,,,,,,,,,EuropePMC;OpenAlex,EPMC-2_palmitoylation_sitefeatures;OA-2_palmitoylation_sitefeatures,
361,10.1093/bib/bbaa038,32248222,,2021,Brief Bioinform,GPS-Palm: a deep learning-based graphic presentation system for the prediction of S-palmitoylation sites in proteins.,palmitoylation,computational-predictor,1,0,0,,,,,,,,,,,,,,,,,,EuropePMC;OpenAlex,EPMC-2_palmitoylation_sitefeatures;OA-2_palmitoylation_sitefeatures,
363,10.1101/2022.06.01.494444,,,2022,,Ankyrin-B is lipid-modified by S-palmitoylation to promote dendritic membrane scaffolding of voltage-gated sodium channel Nav1.2 in neurons,palmitoylation,experimental-proteomics,1,0,0,,,,,,,,,,,,,,,,,,EuropePMC,EPMC-2_palmitoylation_sitefeatures,
366,10.1111/jnc.16181,39032066,,2024,J Neurochem,Role of palmitoylation on the neuronal glycine transporter GlyT2.,palmitoylation,experimental-proteomics,1,0,0,,,,,,,,,,,,,,,,,,EuropePMC;OpenAlex,EPMC-2_palmitoylation_sitefeatures;OA-2_palmitoylation_sitefeatures,
368,10.1021/acschembio.6c00517,42397757,PMC13386470,2026,,Lipid Metabolic Labeling to Study Site- and Lipid-Specific Long-Chain &lt;i&gt;S&lt;/i&gt;-Acylation Dynamics.,palmitoylation,experimental-proteomics,1,1,0,,,,,,,,,,,,,,,,,,EuropePMC,EPMC-2_palmitoylation_sitefeatures,
374,10.1016/j.jbc.2023.105609,38159851,PMC10840359,2024,,Palmitoylation of CYSTM (CYSPD) proteins in yeast.,palmitoylation,experimental-proteomics,1,1,0,,,,,,,,,,,,,,,,,,EuropePMC;OpenAlex,EPMC-2_palmitoylation_sitefeatures;OA-2_palmitoylation_sitefeatures,
380,10.3390/ijms22189901,34576064,PMC8467992,2021,,RFCM-PALM: In-Silico Prediction of S-Palmitoylation Sites in the Synaptic Proteins for Male/Female Mouse Data.,palmitoylation,computational-predictor,1,1,0,,,,,,,,,,,,,,,,,,EuropePMC;OpenAlex,EPMC-2_palmitoylation_sitefeatures;OA-2_palmitoylation_sitefeatures,
383,10.1242/jcs.258566,34350967,,2022,J Cell Sci,S-palmitoylation determines TMEM55B-dependent positioning of lysosomes.,palmitoylation,experimental-proteomics,1,0,0,,,,,,,,,,,,,,,,,,EuropePMC;OpenAlex,EPMC-2_palmitoylation_sitefeatures;OA-2_palmitoylation_sitefeatures,
390,10.1101/2024.05.12.593783,,,2024,,A novel motif in calcimembrin/C16orf74 dictates multimeric dephosphorylation by calcineurin,phosphorylation,experimental-proteomics,1,0,0,,,,,,,,,,,,,,,,,,EuropePMC,EPMC-2_palmitoylation_sitefeatures,
399,10.1016/j.ab.2018.12.019,30593778,,2019,Anal Biochem,SPalmitoylC-PseAAC: A sequence-based model developed via Chou's 5-steps rule and general PseAAC for identifying S-palmitoylation sites in proteins.,palmitoylation,computational-predictor,1,0,0,,,,,,,,,,,,,,,,,,EuropePMC,EPMC-2_palmitoylation_sitefeatures,
403,10.1371/journal.pone.0179529,28662047,PMC5491019,2017,,MDD-Palm: Identification of protein S-palmitoylation sites with substrate motifs based on maximal dependence decomposition.,palmitoylation,computational-predictor,1,1,0,,,,,,,,,,,,,,,,,,EuropePMC;OpenAlex,EPMC-2_palmitoylation_sitefeatures;OA-2_palmitoylation_sitefeatures,
404,10.1101/2023.01.17.524453,,,2023,,A predicted amphipathic helix contributes to the efficient S-acylation of the  <i>Arabidopsis thaliana</i>  Calcineurin B-like protein 2,palmitoylation,both,1,0,0,,,,,,,,,,,,,,,,,,EuropePMC,EPMC-2_palmitoylation_sitefeatures,
416,10.2174/1381612826666201112142826,33183190,,2021,Curr Pharm Des,Machine Learning Methods in Prediction of Protein Palmitoylation Sites: A Brief Review.,palmitoylation,computational-predictor,1,0,0,,,,,,,,,,,,,,,,,,EuropePMC;OpenAlex,EPMC-2_palmitoylation_sitefeatures;OA-2_palmitoylation_sitefeatures,
423,10.1002/advs.202302130,37544908,PMC10558657,2023,,Palmitoyltransferase ZDHHC3 Aggravates Nonalcoholic Steatohepatitis by Targeting S-Palmitoylated IRHOM2.,palmitoylation,experimental-proteomics,1,1,0,,,,,,,,,,,,,,,,,,EuropePMC;OpenAlex,EPMC-2_palmitoylation_sitefeatures;OA-2_palmitoylation_sitefeatures,
425,10.1101/2022.07.08.499325,,,2022,,Control of PHYTOCHROME KINASE SUBSTRATE subcellular localization and biological activity by protein S-acylation,palmitoylation,experimental-proteomics,1,0,0,,,,,,,,,,,,,,,,,,EuropePMC,EPMC-2_palmitoylation_sitefeatures,
426,10.1038/s41477-023-01615-6,38278951,PMC10881395,2024,,D6PK plasma membrane polarity requires a repeated CXX(X)P motif and PDK1-dependent phosphorylation.,palmitoylation,experimental-proteomics,1,1,0,,,,,,,,,,,,,,,,,,EuropePMC;OpenAlex,EPMC-2_palmitoylation_sitefeatures;OA-2_palmitoylation_sitefeatures,
427,10.2174/0929866526666190603082521,31161979,,2019,Protein Pept Lett,Differential S-Acylation of Enveloped Viruses.,palmitoylation,both,1,0,0,,,,,,,,,,,,,,,,,,EuropePMC,EPMC-2_palmitoylation_sitefeatures,
430,10.26508/lsa.202201546,36265895,PMC9585964,2023,,An inducible amphipathic α-helix mediates subcellular targeting and membrane binding of RPE65.,palmitoylation,experimental-proteomics,1,1,0,,,,,,,,,,,,,,,,,,EuropePMC;OpenAlex,EPMC-2_palmitoylation_sitefeatures;OA-2_palmitoylation_sitefeatures,
433,10.48730/k3fq-wb50,,,2021,,Investigating the mechanisms and outcomes of Sprouty-2 S-acylation,palmitoylation,experimental-proteomics,1,0,0,,,,,,,,,,,,,,,,,,EuropePMC,EPMC-2_palmitoylation_sitefeatures,
434,10.1080/07391102.2016.1217275,27498722,,2017,J Biomol Struct Dyn,Physicochemical sequence characteristics that influence S-palmitoylation propensity.,palmitoylation,computational-predictor,1,0,0,,,,,,,,,,,,,,,,,,EuropePMC;OpenAlex,EPMC-2_palmitoylation_sitefeatures;OA-2_palmitoylation_sitefeatures,
449,10.1038/s41467-021-26326-4,34663815,PMC8523714,2021,,Palmitoylation targets the calcineurin phosphatase to the phosphatidylinositol 4-kinase complex at the plasma membrane.,palmitoylation,experimental-proteomics,1,1,0,,,,,,,,,,,,,,,,,,EuropePMC;OpenAlex,EPMC-2_palmitoylation_sitefeatures;OA-2_palmitoylation_sitefeatures,
451,10.1021/acs.jcim.5b00276,26274591,,2015,J Chem Inf Model,In Silico Identification of Protein S-Palmitoylation Sites and Their Involvement in Human Inherited Disease.,palmitoylation,computational-predictor,1,0,0,,,,,,,,,,,,,,,,,,EuropePMC;OpenAlex,EPMC-2_palmitoylation_sitefeatures;OA-2_palmitoylation_sitefeatures,
452,10.15252/embj.2020106501,33270927,PMC7744865,2021,,Opposing activities of IFITM proteins in SARS-CoV-2 infection.,palmitoylation,experimental-proteomics,1,1,0,,,,,,,,,,,,,,,,,,EuropePMC;OpenAlex,EPMC-2_palmitoylation_sitefeatures;OA-2_palmitoylation_sitefeatures,
453,10.3390/molecules25081942,32331396,PMC7221588,2020,,Palmitoylation of Metazoan Carotenoid Oxygenases.,palmitoylation,experimental-proteomics,1,1,0,,,,,,,,,,,,,,,,,,EuropePMC;OpenAlex,EPMC-2_palmitoylation_sitefeatures;OA-2_palmitoylation_sitefeatures,
458,10.1242/jcs.259365,34569608,PMC8592054,2022,,"A palmitoylation code controls PI4KIIIα complex formation and PI(4,5)P2 homeostasis at the plasma membrane.",palmitoylation,experimental-proteomics,1,0,0,,,,,,,,,,,,,,,,,,EuropePMC;OpenAlex,EPMC-2_palmitoylation_sitefeatures;OA-2_palmitoylation_sitefeatures,
459,10.1101/2021.06.14.447954,,,2021,,"A palmitoylation code controls PI4KIIIα complex formation and PI(4,5)P  <sub>2</sub>  homeostasis at the plasma membrane",palmitoylation,experimental-proteomics,1,0,0,,,,,,,,,,,,,,,,,,EuropePMC,EPMC-2_palmitoylation_sitefeatures,
461,10.1101/2021.12.06.471463,,,2021,,The S-palmitoylome and DHHC-PAT interactome of  <i>Drosophila melanogaster</i>  S2R+ cells indicate a high degree of conservation to mammalian palmitoylomes,palmitoylation,experimental-proteomics,1,0,0,,,,,,,,,,,,,,,,,,EuropePMC,EPMC-2_palmitoylation_sitefeatures,
465,10.1093/cvr/cvaa053,32129829,PMC7797215,2021,,Cysteine 202 of cyclophilin D is a site of multiple post-translational modifications and plays a role in cardioprotection.,multi-PTM,experimental-proteomics,1,0,0,,,,,,,,,,,,,,,,,,EuropePMC;OpenAlex,EPMC-2_palmitoylation_sitefeatures;OA-2_palmitoylation_sitefeatures,
467,10.1002/pro.4187,34538002,PMC8521293,2021,,Zinc-chelating postsynaptic density-95 N-terminus impairs its palmitoyl modification.,palmitoylation,experimental-proteomics,1,0,0,,,,,,,,,,,,,,,,,,EuropePMC;OpenAlex,EPMC-2_palmitoylation_sitefeatures;OA-2_palmitoylation_sitefeatures,
468,10.1101/2024.01.10.575062,,,2024,,Systematic analysis of the effects of splicing on the diversity of post-translational modifications in protein isoforms using PTM-POSE,multi-PTM,computational-predictor,1,0,0,,,,,,,,,,,,,,,,,,EuropePMC,EPMC-2_palmitoylation_sitefeatures;EPMC-3_serthr_lys_sitefeatures,
469,10.1101/2020.12.15.422936,,,2020,,Palmitoylation of KChIP3 controls baseline mucin secretion,palmitoylation,experimental-proteomics,1,0,0,,,,,,,,,,,,,,,,,,EuropePMC,EPMC-2_palmitoylation_sitefeatures,
473,10.1093/bioinformatics/btz003,30649192,,2019,Bioinformatics,Identifying residues that determine palmitoylation using association rule mining.,palmitoylation,computational-predictor,1,0,0,,,,,,,,,,,,,,,,,,EuropePMC;OpenAlex,EPMC-2_palmitoylation_sitefeatures;OA-2_palmitoylation_sitefeatures,
475,10.1089/cmb.2017.0069,29963911,,2018,J Comput Biol,Prediction of Rare Palmitoylation Events in Proteins.,palmitoylation,computational-predictor,1,0,0,,,,,,,,,,,,,,,,,,EuropePMC;OpenAlex,EPMC-2_palmitoylation_sitefeatures;OA-2_palmitoylation_sitefeatures,
477,10.1038/s41589-018-0077-5,29892081,,2018,Nat Chem Biol,Structural and genomic decoding of human and plant myristoylomes reveals a definitive recognition pattern.,multi-PTM,experimental-proteomics,1,0,0,,,,,,,,,,,,,,,,,,EuropePMC;OpenAlex,EPMC-2_palmitoylation_sitefeatures;OA-2_palmitoylation_sitefeatures,
483,10.2174/092986611794475084,21054270,,2011,Protein Pept Lett,Improved prediction of palmitoylation sites using PWMs and SVM.,palmitoylation,computational-predictor,1,0,0,,,,,,,,,,,,,,,,,,EuropePMC;OpenAlex,EPMC-2_palmitoylation_sitefeatures;OA-2_palmitoylation_sitefeatures,
486,10.1111/nph.12077,23252521,,2013,New Phytol,A proteomic approach identifies many novel palmitoylated proteins in Arabidopsis.,palmitoylation,experimental-proteomics,1,0,0,,,,,,,,,,,,,,,,,,EuropePMC;OpenAlex,EPMC-2_palmitoylation_sitefeatures;OA-2_palmitoylation_sitefeatures,
499,10.1074/jbc.m115.657668,26198635,PMC4571948,2015,,Identification of a Novel Sequence Motif Recognized by the Ankyrin Repeat Domain of zDHHC17/13 S-Acyltransferases.,palmitoylation,other,1,1,0,,,,,,,,,,,,,,,,,,EuropePMC;OpenAlex,EPMC-2_palmitoylation_sitefeatures;OA-2_palmitoylation_sitefeatures,
508,10.1142/s0219720016500256,27411307,,2017,J Bioinform Comput Biol,A machine-learning approach for predicting palmitoylation sites from integrated sequence-based features.,palmitoylation,computational-predictor,1,0,0,,,,,,,,,,,,,,,,,,EuropePMC;OpenAlex,EPMC-2_palmitoylation_sitefeatures;OA-2_palmitoylation_sitefeatures,
516,10.1371/journal.pone.0089246,24586628,PMC3929663,2014,,PalmPred: an SVM based palmitoylation prediction method using sequence profile information.,palmitoylation,computational-predictor,1,1,0,,,,,,,,,,,,,,,,,,EuropePMC;OpenAlex,EPMC-2_palmitoylation_sitefeatures;OA-2_palmitoylation_sitefeatures,
535,10.2147/ott.s193480,31239713,PMC6556480,2019,,Androgen upregulates the palmitoylation of eIF3L in human prostate LNCaP cells.,palmitoylation,experimental-proteomics,1,1,0,,,,,,,,,,,,,,,,,,EuropePMC,EPMC-2_palmitoylation_sitefeatures,
546,10.1093/protein/gzp055,19783671,,2009,Protein Eng Des Sel,Prediction of palmitoylation sites using the composition of k-spaced amino acid pairs.,palmitoylation,computational-predictor,1,0,0,,,,,,,,,,,,,,,,,,EuropePMC;OpenAlex,EPMC-2_palmitoylation_sitefeatures;OA-2_palmitoylation_sitefeatures,
549,10.1074/jbc.m114.586180,25349209,PMC4263894,2014,,Site-specific S-acylation of influenza virus hemagglutinin: the location of the acylation site relative to the membrane border is the decisive factor for attachment of stearate.,palmitoylation,experimental-proteomics,1,0,0,,,,,,,,,,,,,,,,,,EuropePMC;OpenAlex,EPMC-2_palmitoylation_sitefeatures;OA-2_palmitoylation_sitefeatures,
555,10.1074/mcp.m800448-mcp200,19801377,PMC2808267,2010,,Proteome scale characterization of human S-acylated proteins in lipid raft-enriched and non-raft membranes.,palmitoylation,experimental-proteomics,1,0,0,,,,,,,,,,,,,,,,,,EuropePMC;OpenAlex,EPMC-2_palmitoylation_sitefeatures;OA-2_palmitoylation_sitefeatures,
557,10.1016/j.biochi.2010.10.022,21075167,,2011,Biochimie,Prediction and analysis of protein palmitoylation sites.,palmitoylation,computational-predictor,1,0,0,,,,,,,,,,,,,,,,,,EuropePMC;OpenAlex,EPMC-2_palmitoylation_sitefeatures;OA-2_palmitoylation_sitefeatures,
571,10.17638/00012253,,,2013,,A systematic study of palmitoylation using the model organism Caenorhabditis elegans,palmitoylation,experimental-proteomics,1,0,0,,,,,,,,,,,,,,,,,,EuropePMC;OpenAlex,EPMC-2_palmitoylation_sitefeatures;OA-2_palmitoylation_sitefeatures,
574,10.1016/j.jmgm.2012.12.006,23419766,,2013,J Mol Graph Model,The prediction of palmitoylation site locations using a multiple feature extraction method.,palmitoylation,computational-predictor,1,0,0,,,,,,,,,,,,,,,,,,EuropePMC;OpenAlex,EPMC-2_palmitoylation_sitefeatures;OA-2_palmitoylation_sitefeatures,
585,10.1093/bioinformatics/btl013,16434441,,2006,Bioinformatics,CSS-Palm: palmitoylation site prediction with a clustering and scoring strategy (CSS).,palmitoylation,computational-predictor,1,0,0,,,,,,,,,,,,,,,,,,EuropePMC;OpenAlex,EPMC-2_palmitoylation_sitefeatures;OA-2_palmitoylation_sitefeatures,
587,10.1038/emboj.2011.446,22157745,PMC3273400,2012,,A palmitoylation switch mechanism regulates Rac1 function and membrane organization.,palmitoylation,experimental-proteomics,1,0,0,,,,,,,,,,,,,,,,,,EuropePMC;OpenAlex,EPMC-2_palmitoylation_sitefeatures;OA-2_palmitoylation_sitefeatures,
590,10.1242/jcs.079095,21429935,PMC3065388,2011,,Differential palmitoylation regulates intracellular patterning of SNAP25.,palmitoylation,experimental-proteomics,1,0,0,,,,,,,,,,,,,,,,,,EuropePMC;OpenAlex,EPMC-2_palmitoylation_sitefeatures;OA-2_palmitoylation_sitefeatures,
591,10.1083/jcb.201003021,21041449,PMC3003310,2010,,Palmitoylation-dependent association with CD63 targets the Ca2+ sensor synaptotagmin VII to lysosomes.,palmitoylation,experimental-proteomics,1,1,0,,,,,,,,,,,,,,,,,,EuropePMC;OpenAlex,EPMC-2_palmitoylation_sitefeatures;OA-2_palmitoylation_sitefeatures,
594,10.1002/pmic.200701191,18655050,,2008,Proteomics,Extent of N-terminal modifications in cytosolic proteins from eukaryotes.,other-lysine-acyl,computational-predictor,1,0,0,,,,,,,,,,,,,,,,,,EuropePMC;OpenAlex,EPMC-2_palmitoylation_sitefeatures;OA-2_palmitoylation_sitefeatures,
596,10.1038/srep28249,27306108,PMC4910163,2016,,GPS-Lipid: a robust tool for the prediction of multiple lipid modification sites.,multi-PTM,computational-predictor,1,1,0,,,,,,,,,,,,,,,,,,EuropePMC;OpenAlex,EPMC-2_palmitoylation_sitefeatures;OA-2_palmitoylation_sitefeatures,
597,10.1016/j.mcp.2016.09.002,27618775,,2017,Mol Cell Probes,Prediction of post translation modifications at the contact site between Anaplasma phagocytophilum and human host during autophagosome induction using a bioinformatic approach.,multi-PTM,computational-predictor,1,0,0,,,,,,,,,,,,,,,,,,EuropePMC;OpenAlex,EPMC-2_palmitoylation_sitefeatures;OA-2_palmitoylation_sitefeatures,
598,10.1074/jbc.m112.431676,23687301,PMC3707685,2013,,In silico screening for palmitoyl substrates reveals a role for DHHC1/3/10 (zDHHC1/3/11)-mediated neurochondrin palmitoylation in its targeting to Rab5-positive endosomes.,palmitoylation,both,1,0,0,,,,,,,,,,,,,,,,,,EuropePMC;OpenAlex,EPMC-2_palmitoylation_sitefeatures;OA-2_palmitoylation_sitefeatures,
608,10.1074/jbc.m110.137802,20507996,PMC2911306,2010,,Multiple palmitoyltransferases are required for palmitoylation-dependent regulation of large conductance calcium- and voltage-activated potassium channels.,palmitoylation,experimental-proteomics,1,1,0,,,,,,,,,,,,,,,,,,EuropePMC;OpenAlex,EPMC-2_palmitoylation_sitefeatures;OA-2_palmitoylation_sitefeatures,
609,10.1074/jbc.m111.306183,22081607,PMC3249106,2012,,DHHC5 protein palmitoylates flotillin-2 and is rapidly degraded on induction of neuronal differentiation in cultured cells.,palmitoylation,experimental-proteomics,1,0,0,,,,,,,,,,,,,,,,,,EuropePMC;OpenAlex,EPMC-2_palmitoylation_sitefeatures;OA-2_palmitoylation_sitefeatures,
613,10.1074/jbc.m116.737270,27489103,PMC5034038,2016,,The CaVβ Subunit Protects the I-II Loop of the Voltage-gated Calcium Channel CaV2.2 from Proteasomal Degradation but Not Oligoubiquitination.,ubiquitination,experimental-proteomics,1,1,0,,,,,,,,,,,,,,,,,,EuropePMC;OpenAlex,EPMC-2_palmitoylation_sitefeatures;OA-2_palmitoylation_sitefeatures,
614,10.1093/protein/gzn039,18753194,PMC2569006,2008,,CSS-Palm 2.0: an updated software for palmitoylation sites prediction.,palmitoylation,computational-predictor,1,0,0,,,,,,,,,,,,,,,,,,EuropePMC;OpenAlex,EPMC-2_palmitoylation_sitefeatures;OA-2_palmitoylation_sitefeatures,
617,10.1016/j.bbrc.2007.09.045,17904529,PMC2170890,2007,,Palmitoylation of POTE family proteins for plasma membrane targeting.,palmitoylation,experimental-proteomics,1,0,0,,,,,,,,,,,,,,,,,,EuropePMC;OpenAlex,EPMC-2_palmitoylation_sitefeatures;OA-2_palmitoylation_sitefeatures,
620,10.1186/1471-2105-7-458,17044919,PMC1624852,2006,,NBA-Palm: prediction of palmitoylation site implemented in Naïve Bayes algorithm.,palmitoylation,computational-predictor,1,1,0,,,,,,,,,,,,,,,,,,EuropePMC;OpenAlex,EPMC-2_palmitoylation_sitefeatures;OA-2_palmitoylation_sitefeatures,
623,10.1074/jbc.m111.220103,21343309,PMC3077596,2011,,"Interacting regions of CD81 and two of its partners, EWI-2 and EWI-2wint, and their effect on hepatitis C virus infection.",palmitoylation,experimental-proteomics,1,0,0,,,,,,,,,,,,,,,,,,EuropePMC;OpenAlex,EPMC-2_palmitoylation_sitefeatures;OA-2_palmitoylation_sitefeatures,
631,10.1016/j.cell.2006.03.042,16751107,PMC2246083,2006,,Global analysis of protein palmitoylation in yeast.,palmitoylation,experimental-proteomics,1,0,0,,,,,,,,,,,,,,,,,,EuropePMC,EPMC-2_palmitoylation_sitefeatures,
643,10.1007/s11033-011-0870-7,21617949,,2012,Mol Biol Rep,"Role of post translational modifications and novel crosstalk between phosphorylation and O-beta-GlcNAc modifications in human claudin-1, -3 and -4.",multi-PTM,computational-predictor,1,0,0,,,,,,,,,,,,,,,,,,EuropePMC,EPMC-2_palmitoylation_sitefeatures,
652,10.1111/j.1365-313x.2006.02749.x,16805728,,2006,Plant J,Association of Arabidopsis type-II ROPs with the plasma membrane requires a conserved C-terminal sequence motif and a proximal polybasic domain.,palmitoylation,experimental-proteomics,1,0,0,,,,,,,,,,,,,,,,,,EuropePMC;OpenAlex,EPMC-2_palmitoylation_sitefeatures;OA-2_palmitoylation_sitefeatures,
654,10.1073/pnas.0501999102,15837928,PMC1087951,2005,,"The human Kv1.1 channel is palmitoylated, modulating voltage sensing: Identification of a palmitoylation consensus sequence.",palmitoylation,experimental-proteomics,1,0,0,,,,,,,,,,,,,,,,,,EuropePMC;OpenAlex,EPMC-2_palmitoylation_sitefeatures;OA-2_palmitoylation_sitefeatures,
668,10.1074/jbc.m611877200,17535799,,2007,J Biol Chem,A conserved mechanism for steroid receptor translocation to the plasma membrane.,palmitoylation,experimental-proteomics,1,0,0,,,,,,,,,,,,,,,,,,EuropePMC;OpenAlex,EPMC-2_palmitoylation_sitefeatures;OA-2_palmitoylation_sitefeatures,
671,10.1111/j.1600-0854.2012.01394.x,22759070,,2012,Traffic,Dissection of minimal sequence requirements for rhoptry membrane targeting in the malaria parasite.,palmitoylation,experimental-proteomics,1,0,0,,,,,,,,,,,,,,,,,,EuropePMC;OpenAlex,EPMC-2_palmitoylation_sitefeatures;OA-2_palmitoylation_sitefeatures,
686,10.1038/nprot.2006.209,17406417,,2006,Nat Protoc,A general user interface for prediction servers of proteins' post-translational modification sites.,multi-PTM,computational-predictor,1,0,0,,,,,,,,,,,,,,,,,,EuropePMC;OpenAlex,EPMC-2_palmitoylation_sitefeatures;OA-2_palmitoylation_sitefeatures,
714,10.1016/j.jmgm.2026.109567,42727443,,2026,J Mol Graph Model,BLOSSOM-Kcr: A structure-informed deep learning framework for lysine crotonylation site prediction.,other-lysine-acyl,computational-predictor,1,0,0,,,,,,,,,,,,,,,,,,EuropePMC;OpenAlex,EPMC-3_serthr_lys_sitefeatures;OA-3_serthr_lys_sitefeatures,
715,10.1080/07853890.2026.2635200,41729159,PMC12931306,2026,,Dynamic lysine acetylation and succinylation of platelet proteins regulates platelet storage lesion: mechanistic insights from multi-omics.,multi-PTM,experimental-proteomics,1,1,0,,,,,,,,,,,,,,,,,,EuropePMC;OpenAlex,EPMC-3_serthr_lys_sitefeatures;OA-3_serthr_lys_sitefeatures,
716,10.1016/j.celrep.2026.117620,42400911,PMC13470084,2026,,Structural proteomics reveals that misfolded nascent proteins expose buried lysines for ubiquitination and rapid proteasomal degradation.,ubiquitination,experimental-proteomics,1,1,0,,,,,,,,,,,,,,,,,,EuropePMC,EPMC-3_serthr_lys_sitefeatures,
717,10.1186/s12864-026-13200-0,42477537,,2026,BMC Genomics,Global profiling of the protein lactylome in porcine liver.,other-lysine-acyl,experimental-proteomics,1,0,0,,,,,,,,,,,,,,,,,,EuropePMC;OpenAlex,EPMC-3_serthr_lys_sitefeatures;OA-3_serthr_lys_sitefeatures,
718,10.3389/fcell.2026.1788597,41948081,PMC13050938,2026,,Time-of-day effects on post-exercise phosphoproteomic profiling in mouse hippocampus.,phosphorylation,experimental-proteomics,1,1,0,,,,,,,,,,,,,,,,,,EuropePMC;OpenAlex,EPMC-3_serthr_lys_sitefeatures;OA-3_serthr_lys_sitefeatures,
721,10.3390/genes15040499,38674433,PMC11050401,2024,,Proteomic Analysis of Lysine Acetylation and Succinylation to Investigate the Pathogenicity of Virulent <i>Pseudomonas syringae</i> pv. <i>tomato</i> DC3000 and Avirulent Line <i>Pseudomonas syringae</i> pv. <i>tomato</i> DC3000 <i>avrRpm1</i> on <i>Arabidopsis thaliana</i>.,acetylation,experimental-proteomics,1,1,0,,,,,,,,,,,,,,,,,,EuropePMC;OpenAlex,EPMC-3_serthr_lys_sitefeatures;OA-3_serthr_lys_sitefeatures;OA-4_background_control_explicit,
722,10.1016/bs.mie.2025.06.014,40992849,,2025,Methods Enzymol,DEGRONOPEDIA: A practical guide to identifying and targeting protein degrons.,ubiquitination,computational-predictor,1,0,0,,,,,,,,,,,,,,,,,,EuropePMC,EPMC-3_serthr_lys_sitefeatures,
723,10.3389/fmed.2026.1797466,41924730,PMC13037487,2026,,Lactylation omics of rabbit rotator cuff tear reveals differentially modified proteins and metabolic relating therapy targets.,other-lysine-acyl,experimental-proteomics,1,1,0,,,,,,,,,,,,,,,,,,EuropePMC;OpenAlex,EPMC-3_serthr_lys_sitefeatures;OA-3_serthr_lys_sitefeatures,
724,10.1038/s42003-025-07548-4,39838083,PMC11751189,2025,,A computational tool to infer enzyme activity using post-translational modification profiling data.,multi-PTM,computational-predictor,1,1,0,,,,,,,,,,,,,,,,,,EuropePMC;OpenAlex,EPMC-3_serthr_lys_sitefeatures;OA-3_serthr_lys_sitefeatures,
725,10.3389/fsysb.2026.1788470,42630458,PMC13494154,2026,,Functional phosphoproteomic analysis of SMG1 in nonsense-mediated mRNA decay and DNA damage repair in cancer.,phosphorylation,experimental-proteomics,1,1,0,,,,,,,,,,,,,,,,,,EuropePMC,EPMC-3_serthr_lys_sitefeatures,
728,10.3389/fbinf.2026.1722876,41909809,PMC13021626,2026,,A system-wide investigation into the phosphoregulatory network of TNIK and its cellular implications.,phosphorylation,experimental-proteomics,1,1,0,,,,,,,,,,,,,,,,,,EuropePMC,EPMC-3_serthr_lys_sitefeatures,
730,10.64898/2026.02.06.704339,,,2026,,Systems level phosphoproteomics reveals CAMKK2 driven kinase signaling underlying malignant phenotypes in gastric cancer,phosphorylation,experimental-proteomics,1,0,0,,,,,,,,,,,,,,,,,,EuropePMC,EPMC-3_serthr_lys_sitefeatures,
731,10.64898/2026.07.31.742097,,,2026,,Tumor-specific Kinase Motif Enrichment Analysis Identifies Personalized Therapeutic Cancer Targets,phosphorylation,computational-predictor,1,0,0,,,,,,,,,,,,,,,,,,EuropePMC,EPMC-3_serthr_lys_sitefeatures,
732,10.64898/2026.01.10.698208,,,2026,,Lysine acetylation of PABPC1 C-terminal domain facilitates competitive recruitment of translation termination factor eRF3a,acetylation,both,1,0,0,,,,,,,,,,,,,,,,,,EuropePMC,EPMC-3_serthr_lys_sitefeatures,
734,10.1101/2025.10.21.683777,,,2025,,Structural proteomics of the human ubiquitinome,ubiquitination,experimental-proteomics,1,0,0,,,,,,,,,,,,,,,,,,EuropePMC,EPMC-3_serthr_lys_sitefeatures,
735,10.2174/0109298665444488260123052552,41764619,,2026,Protein Pept Lett,Proteome-Wide Acetylome Profiling Suggests Extensive Aspirin-Driven Remodeling of Networks Relevant to THP-1 Macrophage Differentiation,acetylation,experimental-proteomics,1,0,0,,,,,,,,,,,,,,,,,,EuropePMC;OpenAlex,EPMC-3_serthr_lys_sitefeatures;OA-3_serthr_lys_sitefeatures,
737,10.22541/au.176222447.78799278/v1,,,2025,,AGAE-Layzer: An in-silico tool for predicting lysine lactylation sites,other,computational-predictor,1,0,0,,,,,,,,,,,,,,,,,,EuropePMC,EPMC-3_serthr_lys_sitefeatures,
740,10.3390/v18080825,42655645,PMC13517553,2026,,Exploring the Potential Human Kinase-Viral Substrate Network of West Nile Virus.,phosphorylation,computational-predictor,1,1,0,,,,,,,,,,,,,,,,,,EuropePMC,EPMC-3_serthr_lys_sitefeatures,
742,10.1101/2025.11.18.689017,,,2025,,Chemical proteomics decrypts the kinases that shape the dynamic human phosphoproteome,phosphorylation,both,1,0,0,,,,,,,,,,,,,,,,,,EuropePMC,EPMC-3_serthr_lys_sitefeatures,
744,10.64898/2026.07.14.738447,,,2026,,A Multi-Omics Framework Reveals Phosphorylation-Dependent Control of Protein Interactions,phosphorylation,experimental-proteomics,1,0,0,,,,,,,,,,,,,,,,,,EuropePMC,EPMC-3_serthr_lys_sitefeatures,
747,10.1021/acs.jafc.6c00321,41785405,,2026,J Agric Food Chem,Phosphoproteomic Insights into the Metabolic Reprogramming of Cell Growth and Lipid Accumulation in &lt;i&gt;Mucor circinelloides&lt;/i&gt;.,phosphorylation,experimental-proteomics,1,0,0,,,,,,,,,,,,,,,,,,EuropePMC,EPMC-3_serthr_lys_sitefeatures,
748,10.1186/s13321-025-01034-z,40457468,PMC12131719,2025,,RLSuccSite: succinylation sites prediction based on reinforcement learning dynamic with balanced reward mechanism and three-peaks enhanced method for physicochemical property scores.,other,computational-predictor,1,1,0,,,,,,,,,,,,,,,,,,EuropePMC;OpenAlex,EPMC-3_serthr_lys_sitefeatures;OA-3_serthr_lys_sitefeatures,
749,10.1016/j.freeradbiomed.2026.02.072,41771361,,2026,Free Radic Biol Med,OXCT1-induced succinylation at K81 shields HADH from HSPA8-Mediated degradation in alveolar epithelial cells to attenuate lung ischemia-reperfusion injury.,other,experimental-proteomics,1,0,0,,,,,,,,,,,,,,,,,,EuropePMC;OpenAlex,EPMC-3_serthr_lys_sitefeatures;OA-3_serthr_lys_sitefeatures,
751,10.1002/advs.202506209,40755420,PMC12520477,2025,,Endothelial-Derived CCL7 Promotes Macrophage Polarization and Aggravates Septic Acute Lung Injury via CCR1-Mediated STAT1 Succinylation.,other,experimental-proteomics,1,1,0,,,,,,,,,,,,,,,,,,EuropePMC;OpenAlex,EPMC-3_serthr_lys_sitefeatures;OA-3_serthr_lys_sitefeatures,
752,10.1016/j.jprot.2023.104970,37467888,,2023,J Proteomics,Analysis of post-translational modification dynamics unveiled novel insights into Rice responses to MSP1.,multi-PTM,experimental-proteomics,1,0,0,,,,,,,,,,,,,,,,,,EuropePMC;OpenAlex,EPMC-3_serthr_lys_sitefeatures;OA-3_serthr_lys_sitefeatures,
755,10.1109/tcbbio.2025.3643930,41396754,,2026,IEEE Trans Comput Biol Bioinform,DeepNhKcr: Explainable Deep Learning Framework for the Prediction of Crotonylation Sites of Non-Histone Lysine in Plants Based on Pre-Trained Protein Language Model.,other-lysine-acyl,computational-predictor,1,0,0,,,,,,,,,,,,,,,,,,EuropePMC,EPMC-3_serthr_lys_sitefeatures,
756,10.1093/bib/bbad539,38385873,PMC10939394,2024,,Lactylation prediction models based on protein sequence and structural feature fusion.,other-lysine-acyl,computational-predictor,1,1,0,,,,,,,,,,,,,,,,,,EuropePMC,EPMC-3_serthr_lys_sitefeatures,
760,10.1016/j.heliyon.2024.e35326,39170456,PMC11336636,2024,,Acetyl-proteome profiling revealed the role of lysine acetylation in erythromycin resistance of <i>Staphylococcus aureus</i>.,acetylation,experimental-proteomics,1,1,0,,,,,,,,,,,,,,,,,,EuropePMC;OpenAlex,EPMC-3_serthr_lys_sitefeatures;OA-3_serthr_lys_sitefeatures,
761,10.1016/j.protis.2026.126163,42127631,,2026,Protist,Daily changes in the phosphoproteome of the dinoflagellate Lingulodinium polyedra.,phosphorylation,experimental-proteomics,1,0,0,,,,,,,,,,,,,,,,,,EuropePMC;OpenAlex,EPMC-3_serthr_lys_sitefeatures;OA-3_serthr_lys_sitefeatures,
762,10.64898/2026.08.04.742789,,,2026,,"Scop3P-Toolkit: executable structure-aware workflows linking PTMs, peptides, and mutations to protein function",multi-PTM,database-resource,1,0,0,,,,,,,,,,,,,,,,,,EuropePMC,EPMC-3_serthr_lys_sitefeatures,
763,10.1002/prca.70029,41208143,,2026,Proteomics Clin Appl,Global Profiling of Lysine Ubiquitylation in the Human Hypothalamus.,ubiquitination,experimental-proteomics,1,0,0,,,,,,,,,,,,,,,,,,EuropePMC,EPMC-3_serthr_lys_sitefeatures,
766,10.1021/acs.jafc.5c05262,40782076,,2025,J Agric Food Chem,Global Profiling of Lysine Succinylation Reveals the Regulation of Carbon Fixation and Oil Production in &lt;i&gt;Nannochloropsis oceanica&lt;/i&gt;.,other-lysine-acyl,experimental-proteomics,1,0,0,,,,,,,,,,,,,,,,,,EuropePMC;OpenAlex,EPMC-3_serthr_lys_sitefeatures;OA-3_serthr_lys_sitefeatures,
767,10.3390/ijms27052137,41828364,PMC12984926,2026,,Dissecting the Phospho-Regulatory Landscape of Protein Kinase N1 (PKN1) and Its Downstream Signaling: Functional Insights into the Activity-Dependent and Disease-Relevant Phosphosites.,phosphorylation,computational-predictor,1,1,0,,,,,,,,,,,,,,,,,,EuropePMC,EPMC-3_serthr_lys_sitefeatures,
768,10.1016/j.ijbiomac.2024.137668,39566793,,2024,Int J Biol Macromol,DeepKlapred: A deep learning framework for identifying protein lysine lactylation sites via multi-view feature fusion.,other-lysine-acyl,computational-predictor,1,0,0,,,,,,,,,,,,,,,,,,EuropePMC;OpenAlex,EPMC-3_serthr_lys_sitefeatures;OA-3_serthr_lys_sitefeatures,
771,10.1016/j.csbj.2025.07.025,40727425,PMC12303043,2025,,Ubigo-X: Protein ubiquitination site prediction using ensemble learning with image-based feature representation and weighted voting.,ubiquitination,computational-predictor,1,1,0,,,,,,,,,,,,,,,,,,EuropePMC,EPMC-3_serthr_lys_sitefeatures,
773,10.21873/cgp.20547,41151862,PMC12577605,2025,,Global Profiling of Lysine Lactylation in Prostate Cancer Cells.,other-lysine-acyl,experimental-proteomics,1,1,0,,,,,,,,,,,,,,,,,,EuropePMC;OpenAlex,EPMC-3_serthr_lys_sitefeatures;OA-3_serthr_lys_sitefeatures,
777,10.22541/au.172521894.43774429/v1,,,2024,,"Modification omics reveals level changes, subcellular localization, motifs and functional enrichment of lactylation after rotator cuff tears",acetylation,experimental-proteomics,1,0,0,,,,,,,,,,,,,,,,,,EuropePMC,EPMC-3_serthr_lys_sitefeatures,
778,10.64898/2026.04.13.718172,,,2026,,Deep quantitative phosphoproteomics identifies non-canonical pH-sensitive yeast phosphorylation networks,phosphorylation,experimental-proteomics,1,0,0,,,,,,,,,,,,,,,,,,EuropePMC,EPMC-3_serthr_lys_sitefeatures,
779,10.1016/j.ymeth.2024.10.006,39447942,,2024,Methods,Enhancing Arabidopsis thaliana ubiquitination site prediction through knowledge distillation and natural language processing.,ubiquitination,computational-predictor,1,0,0,,,,,,,,,,,,,,,,,,EuropePMC,EPMC-3_serthr_lys_sitefeatures,
780,10.1016/j.placenta.2025.01.003,39799845,,2025,Placenta,The overview of lactylation in the placenta of preeclampsia.,acetylation,experimental-proteomics,1,0,0,,,,,,,,,,,,,,,,,,EuropePMC;OpenAlex,EPMC-3_serthr_lys_sitefeatures;OA-3_serthr_lys_sitefeatures,
782,10.1186/s12864-024-10916-9,39465380,PMC11514971,2024,,Comparative study of lysine acetylation in Vesicomyidae clam Archivesica marissinica and the manila clam Ruditapes philippinarum: adaptation mechanisms in cold seep environments.,acetylation,experimental-proteomics,1,1,0,,,,,,,,,,,,,,,,,,EuropePMC;OpenAlex,EPMC-3_serthr_lys_sitefeatures;OA-3_serthr_lys_sitefeatures,
786,10.3390/ijms26062439,40141083,PMC11942004,2025,,Phosphoproteomic Analysis of Maize Seedlings Provides Insights into the Mechanisms of Heat-Stress Tolerance.,phosphorylation,experimental-proteomics,1,1,0,,,,,,,,,,,,,,,,,,EuropePMC,EPMC-3_serthr_lys_sitefeatures,
787,10.1177/10445498261433751,41851027,,2026,DNA Cell Biol,An Assembly of the Global Phosphoproteomic Network of an Underexplored Kinase CDK17: Possible Implications in Cell Cycle Regulation.,phosphorylation,computational-predictor,1,0,0,,,,,,,,,,,,,,,,,,EuropePMC,EPMC-3_serthr_lys_sitefeatures,
789,10.1093/lambio/ovaf004,39825643,,2025,Lett Appl Microbiol,Lysine succinylome analysis of MRSA reveals critical roles in energy metabolism and virulence.,other-lysine-acyl,experimental-proteomics,1,0,0,,,,,,,,,,,,,,,,,,EuropePMC;OpenAlex,EPMC-3_serthr_lys_sitefeatures;OA-3_serthr_lys_sitefeatures,
790,10.1021/acs.jproteome.5c00440,40770611,,2025,J Proteome Res,Quantitative Phosphoproteomic Analysis of Testes from &lt;i&gt;Iqcn&lt;/i&gt;-Deficient Mice Highlights the Significance of Calmodulin Signaling in Spermiogenesis.,phosphorylation,experimental-proteomics,1,0,0,,,,,,,,,,,,,,,,,,EuropePMC,EPMC-3_serthr_lys_sitefeatures,
793,10.22541/au.171309704.48917699/v1,,,2024,,Global profiling of lysine ubiquitylation in human hypothalamus,ubiquitination,experimental-proteomics,1,0,0,,,,,,,,,,,,,,,,,,EuropePMC,EPMC-3_serthr_lys_sitefeatures,
794,10.64898/2025.12.07.692871,,,2025,,SPARK: deciphering tumor-specific signaling networks through an integrative predictive model,phosphorylation,computational-predictor,1,0,0,,,,,,,,,,,,,,,,,,EuropePMC,EPMC-3_serthr_lys_sitefeatures,
796,10.1101/2025.03.10.642497,,,2025,,Quantitative phosphoproteomic analysis of testes from  <i>Iqcn</i>  -deficient mice highlights the significance of calmodulin signaling in spermiogenesis,phosphorylation,experimental-proteomics,1,0,0,,,,,,,,,,,,,,,,,,EuropePMC,EPMC-3_serthr_lys_sitefeatures,
797,10.1016/j.plaphy.2025.110284,40714486,,2025,Plant Physiol Biochem,Quantitative proteomic and phosphoproteomic analyses reveal salt tolerance mechanisms of the halophyte Hordeum brevisubulatum.,phosphorylation,experimental-proteomics,1,0,0,,,,,,,,,,,,,,,,,,EuropePMC,EPMC-3_serthr_lys_sitefeatures,
799,10.1021/acs.jafc.5c08224,41208765,,2025,J Agric Food Chem,Phosphoproteomic Insights into the Dynamic Responses of Maize (&lt;i&gt;Zea mays&lt;/i&gt; L.) to &lt;i&gt;Setosphaeria turcica&lt;/i&gt; Infection.,phosphorylation,experimental-proteomics,1,0,0,,,,,,,,,,,,,,,,,,EuropePMC,EPMC-3_serthr_lys_sitefeatures,
803,10.1021/acs.analchem.1c00962,33885279,,2021,Anal Chem,"Exploring the Microbiome-Wide Lysine Acetylation, Succinylation, and Propionylation in Human Gut Microbiota.",other-lysine-acyl,experimental-proteomics,1,0,0,,,,,,,,,,,,,,,,,,EuropePMC;OpenAlex,EPMC-3_serthr_lys_sitefeatures;OA-3_serthr_lys_sitefeatures,
804,10.1007/s44154-026-00290-9,41712060,PMC12920992,2026,,Integrated proteomic and phosphoproteomic analysis reveals the MAPK cascade as a key regulator of ethylene-induced latex production in Hevea brasiliensis.,phosphorylation,experimental-proteomics,1,1,0,,,,,,,,,,,,,,,,,,EuropePMC,EPMC-3_serthr_lys_sitefeatures,
805,10.1021/acs.jproteome.4c00907,39907647,PMC11894665,2025,,Searching for Sulfotyrosines (sY) in a HA(pY)STACK.,other,computational-predictor,1,1,0,,,,,,,,,,,,,,,,,,EuropePMC;OpenAlex,EPMC-3_serthr_lys_sitefeatures;OA-3_serthr_lys_sitefeatures,
807,10.21203/rs.3.rs-8369801/v1,,,2026,,Multi-omics reveals protein kinase A regulation of lignocellulolytic response in Trichoderma reesei,phosphorylation,experimental-proteomics,1,0,0,,,,,,,,,,,,,,,,,,EuropePMC,EPMC-3_serthr_lys_sitefeatures,
811,10.1101/2024.08.28.609894,,,2024,,Structural and systems characterization of phosphorylation on metabolic enzymes identifies sex-specific metabolic reprogramming in obesity,phosphorylation,experimental-proteomics,1,0,0,,,,,,,,,,,,,,,,,,EuropePMC,EPMC-3_serthr_lys_sitefeatures,
812,10.3390/biom15111582,41301500,PMC12650399,2025,,"Comprehensive Analysis of the Putative Substratome of FAM20C, the Master Serine Kinase of the Secretory Pathway.",phosphorylation,both,1,1,0,,,,,,,,,,,,,,,,,,EuropePMC,EPMC-3_serthr_lys_sitefeatures,
813,10.1016/j.crmeth.2024.100859,39255793,PMC11440062,2024,,PTMoreR-enabled cross-species PTM mapping and comparative phosphoproteomics across mammals.,phosphorylation,computational-predictor,1,1,0,,,,,,,,,,,,,,,,,,EuropePMC;OpenAlex,EPMC-3_serthr_lys_sitefeatures;OA-3_serthr_lys_sitefeatures,
814,10.1101/2023.09.22.559006,,,2023,,Rewiring of the phosphoproteome executes two meiotic divisions,phosphorylation,experimental-proteomics,1,0,0,,,,,,,,,,,,,,,,,,EuropePMC,EPMC-3_serthr_lys_sitefeatures,
815,10.3389/fvets.2023.1099255,37180076,PMC10172577,2023,,Holistic analysis of lysine acetylation in aquaculture pathogenic bacteria <i>Vibrio alginolyticus</i> under bile salt stress.,acetylation,experimental-proteomics,1,1,0,,,,,,,,,,,,,,,,,,EuropePMC;OpenAlex,EPMC-3_serthr_lys_sitefeatures;OA-3_serthr_lys_sitefeatures,
817,10.1038/s41598-021-01956-2,34789861,PMC8599485,2021,,Tandem Mass Tag labelling quantitative acetylome analysis of differentially modified proteins during mycoparasitism of Clonostachys chloroleuca 67-1.,acetylation,experimental-proteomics,1,1,0,,,,,,,,,,,,,,,,,,EuropePMC;OpenAlex,EPMC-3_serthr_lys_sitefeatures;OA-3_serthr_lys_sitefeatures,
819,10.22541/au.168667024.49248955/v1,,,2023,,Global landscape of lysine succinylome in Saccharopolyspora erythraea,other-lysine-acyl,experimental-proteomics,1,0,0,,,,,,,,,,,,,,,,,,EuropePMC,EPMC-3_serthr_lys_sitefeatures,
823,10.1038/s44318-024-00059-8,38413836,PMC10987667,2024,,Rewiring of the phosphoproteome executes two meiotic divisions in budding yeast.,phosphorylation,experimental-proteomics,1,1,0,,,,,,,,,,,,,,,,,,EuropePMC;OpenAlex,EPMC-3_serthr_lys_sitefeatures;OA-3_serthr_lys_sitefeatures,
825,10.1038/s41598-021-97338-9,34504199,PMC8429545,2021,,Global analysis of lysine acetylation in soybean leaves.,acetylation,experimental-proteomics,1,1,0,,,,,,,,,,,,,,,,,,EuropePMC;OpenAlex,EPMC-3_serthr_lys_sitefeatures;OA-3_serthr_lys_sitefeatures,
827,10.1101/2025.05.13.652823,,,2025,,An ATM-PPM1D Circuit Controls the Processing and Restart of DNA Replication Forks,phosphorylation,experimental-proteomics,1,0,0,,,,,,,,,,,,,,,,,,EuropePMC,EPMC-3_serthr_lys_sitefeatures,
829,10.1021/acs.jafc.4c05869,39536316,,2024,J Agric Food Chem,"Global Profiling of Protein Phosphorylation, Acetylation, and β-Hydroxybutyrylation in <i>Nannochloropsis oceanica</i>.",multi-PTM,experimental-proteomics,1,0,0,,,,,,,,,,,,,,,,,,EuropePMC;OpenAlex,EPMC-3_serthr_lys_sitefeatures;OA-3_serthr_lys_sitefeatures,
830,10.1038/s43587-024-00609-z,38632351,,2024,Nat Aging,Aging-induced MCPH1 translocation activates necroptosis and impairs hematopoietic stem cell function.,acetylation,experimental-proteomics,1,0,0,,,,,,,,,,,,,,,,,,EuropePMC;OpenAlex,EPMC-3_serthr_lys_sitefeatures;OA-3_serthr_lys_sitefeatures,
831,10.1007/s10126-020-09947-6,31997089,,2020,Mar Biotechnol (NY),Acetylome Analysis Reveals Population Differentiation of the Pacific Oyster Crassostrea gigas in Response to Heat Stress.,acetylation,experimental-proteomics,1,0,0,,,,,,,,,,,,,,,,,,EuropePMC;OpenAlex,EPMC-3_serthr_lys_sitefeatures;OA-3_serthr_lys_sitefeatures,
834,10.1016/j.jprot.2021.104149,33588108,,2021,J Proteomics,Global analysis of protein succinylation modification of Nostoc flagelliforme in response to dehydration.,other-lysine-acyl,experimental-proteomics,1,0,0,,,,,,,,,,,,,,,,,,EuropePMC;OpenAlex,EPMC-3_serthr_lys_sitefeatures;OA-3_serthr_lys_sitefeatures,
835,10.1007/s00018-024-05389-8,39136782,PMC11335273,2024,,Novel CDKL5 targets identified in human iPSC-derived neurons,phosphorylation,experimental-proteomics,1,1,0,,,,,,,,,,,,,,,,,,EuropePMC,EPMC-3_serthr_lys_sitefeatures,
838,10.1186/s12967-024-05651-4,39342359,PMC11439252,2024,,Potential functions and mechanisms of lysine crotonylation modification (Kcr) in tumorigenesis and lymphatic metastasis of papillary thyroid cancer (PTC).,other-lysine-acyl,experimental-proteomics,1,1,0,,,,,,,,,,,,,,,,,,EuropePMC;OpenAlex,EPMC-3_serthr_lys_sitefeatures;OA-3_serthr_lys_sitefeatures,
839,10.1016/j.jprot.2022.104767,36336260,,2023,J Proteomics,Global landscape of lysine acylomes in Bacillus subtilis.,multi-PTM,experimental-proteomics,1,0,0,,,,,,,,,,,,,,,,,,EuropePMC;OpenAlex,EPMC-3_serthr_lys_sitefeatures;OA-3_serthr_lys_sitefeatures,
840,10.1002/pmic.202000144,33570763,,2021,Proteomics,Global analysis of lysine acetylome reveals the potential role of CCL18 in non-small cell lung cancer.,acetylation,experimental-proteomics,1,0,0,,,,,,,,,,,,,,,,,,EuropePMC;OpenAlex,EPMC-3_serthr_lys_sitefeatures;OA-3_serthr_lys_sitefeatures,
841,10.1101/2021.06.09.447799,,,2021,,Motif-based phosphoproteome clustering improves modeling and interpretation,phosphorylation,computational-predictor,1,0,0,,,,,,,,,,,,,,,,,,EuropePMC,EPMC-3_serthr_lys_sitefeatures,
842,10.3389/fphar.2025.1537131,40290427,PMC12022441,2025,,Social hierarchy modulates drug reinforcement and protein phosphorylation in the nucleus accumbens.,phosphorylation,experimental-proteomics,1,1,0,,,,,,,,,,,,,,,,,,EuropePMC;OpenAlex,EPMC-3_serthr_lys_sitefeatures;OA-3_serthr_lys_sitefeatures,
844,10.1002/advs.202413990,39836493,PMC11905054,2025,,Targeting TTK Inhibits Tumorigenesis of T-Cell Lymphoma Through Dephosphorylating p38α and Activating AMPK/mTOR Pathway.,phosphorylation,experimental-proteomics,1,1,0,,,,,,,,,,,,,,,,,,EuropePMC,EPMC-3_serthr_lys_sitefeatures,
846,10.1186/s12870-022-03964-4,36564751,PMC9789614,2022,,A comprehensive dynamic immune acetylproteomics profiling induced by Puccinia polysora in maize.,acetylation,experimental-proteomics,1,1,0,,,,,,,,,,,,,,,,,,EuropePMC;OpenAlex,EPMC-3_serthr_lys_sitefeatures;OA-3_serthr_lys_sitefeatures,
847,10.1038/srep31576,27515067,PMC4981852,2016,,First Comprehensive Proteome Analyses of Lysine Acetylation and Succinylation in Seedling Leaves of Brachypodium distachyon L.,multi-PTM,experimental-proteomics,1,1,0,,,,,,,,,,,,,,,,,,EuropePMC;OpenAlex,EPMC-3_serthr_lys_sitefeatures;OA-3_serthr_lys_sitefeatures,
849,10.1016/j.jprot.2018.01.014,29386122,,2018,J Proteomics,Comprehensive analysis of the lysine acetylome and its potential regulatory roles in the virulence of Streptococcus pneumoniae.,acetylation,experimental-proteomics,1,0,0,,,,,,,,,,,,,,,,,,EuropePMC;OpenAlex,EPMC-3_serthr_lys_sitefeatures;OA-3_serthr_lys_sitefeatures,
850,10.1016/j.bbrc.2024.150669,39260336,,2024,Biochem Biophys Res Commun,Phosphoproteomic analysis reveals CDK5-Mediated phosphorylation of MTDH inhibits protein synthesis in microglia.,phosphorylation,both,1,0,0,,,,,,,,,,,,,,,,,,EuropePMC,EPMC-3_serthr_lys_sitefeatures,
854,10.1109/tcbb.2020.3006144,32750881,,2022,IEEE/ACM Trans Comput Biol Bioinform,SSKM_Succ: A Novel Succinylation Sites Prediction Method Incorporating K-Means Clustering With a New Semi-Supervised Learning Algorithm.,other-lysine-acyl,computational-predictor,1,0,0,,,,,,,,,,,,,,,,,,EuropePMC,EPMC-3_serthr_lys_sitefeatures,
855,10.1016/j.jbc.2023.104617,36933807,PMC10139944,2023,,Evolutionary conservation of sequence motifs at sites of protein modification.,multi-PTM,experimental-proteomics,1,1,0,,,,,,,,,,,,,,,,,,EuropePMC;OpenAlex,EPMC-3_serthr_lys_sitefeatures;OA-3_serthr_lys_sitefeatures,
862,10.3390/ijms26083471,40331947,PMC12026917,2025,,Type One Protein Phosphatase 4aD Negatively Regulates Cotton (&lt;i&gt;Gossypium hirsutum&lt;/i&gt;) Salt Tolerance by Inhibiting the Phosphorylation of Kinases That Respond to Abscisic Acid.,phosphorylation,experimental-proteomics,1,1,0,,,,,,,,,,,,,,,,,,EuropePMC;OpenAlex,EPMC-3_serthr_lys_sitefeatures;OA-3_serthr_lys_sitefeatures,
863,10.1002/pmic.202300350,38491406,,2024,Proteomics,Characterization of diverse lysine acylations in Bacillus thuringiensis: Substrate profiling and functional exploration.,other-lysine-acyl,experimental-proteomics,1,0,0,,,,,,,,,,,,,,,,,,EuropePMC;OpenAlex,EPMC-3_serthr_lys_sitefeatures;OA-3_serthr_lys_sitefeatures,
864,10.2478/jtim-2022-0061,39360157,PMC11444469,2024,,Comprehensive succinylome analyses reveal that hyperthermia upregulates lysine succinylation of annexin A2 by downregulating sirtuin7 in human keratinocytes.,other-lysine-acyl,experimental-proteomics,1,1,0,,,,,,,,,,,,,,,,,,EuropePMC;OpenAlex,EPMC-3_serthr_lys_sitefeatures;OA-3_serthr_lys_sitefeatures,
865,10.1016/j.crmeth.2022.100167,35360705,PMC8967184,2022,,Dual data and motif clustering improves the modeling and interpretation of phosphoproteomic data.,phosphorylation,computational-predictor,1,1,0,,,,,,,,,,,,,,,,,,EuropePMC,EPMC-3_serthr_lys_sitefeatures,
866,10.1074/mcp.ra119.001426,31492684,PMC6885699,2019,,Comprehensive Analysis of the Lysine Succinylome and Protein Co-modifications in Developing Rice Seeds.,other-lysine-acyl,experimental-proteomics,1,0,0,,,,,,,,,,,,,,,,,,EuropePMC;OpenAlex,EPMC-3_serthr_lys_sitefeatures;OA-3_serthr_lys_sitefeatures,
867,10.1016/j.jprot.2019.103465,31344497,,2019,J Proteomics,A comprehensive atlas of lysine acetylome in onion thrips (Thrips tabaci Lind.) revealed by proteomics analysis.,acetylation,experimental-proteomics,1,0,0,,,,,,,,,,,,,,,,,,EuropePMC;OpenAlex,EPMC-3_serthr_lys_sitefeatures;OA-3_serthr_lys_sitefeatures,
870,10.3389/fmicb.2020.632367,33597936,PMC7882547,2020,,Comprehensive Succinylome Profiling Reveals the Pivotal Role of Lysine Succinylation in Energy Metabolism and Quorum Sensing of <i>Staphylococcus epidermidis</i>.,other-lysine-acyl,experimental-proteomics,1,1,0,,,,,,,,,,,,,,,,,,EuropePMC;OpenAlex,EPMC-3_serthr_lys_sitefeatures;OA-3_serthr_lys_sitefeatures,
873,10.1016/j.csbj.2022.11.056,36544479,PMC9735261,2023,,CapsNh-Kcr: Capsule network-based prediction of lysine crotonylation sites in human non-histone proteins.,other-lysine-acyl,computational-predictor,1,1,0,,,,,,,,,,,,,,,,,,EuropePMC;OpenAlex,EPMC-3_serthr_lys_sitefeatures;OA-3_serthr_lys_sitefeatures,
874,10.1021/acs.analchem.1c03374,34787389,,2021,Anal Chem,Integrated Strategy for Unbiased Profiling of the Histidine Phosphoproteome.,phosphorylation,experimental-proteomics,1,0,0,,,,,,,,,,,,,,,,,,EuropePMC;OpenAlex,EPMC-3_serthr_lys_sitefeatures;OA-3_serthr_lys_sitefeatures,
875,10.1016/j.celrep.2023.113048,37659078,,2023,Cell Rep,Deciphering the functional landscape of phosphosites with deep neural network.,phosphorylation,computational-predictor,1,0,0,,,,,,,,,,,,,,,,,,EuropePMC;OpenAlex,EPMC-3_serthr_lys_sitefeatures;OA-3_serthr_lys_sitefeatures,
876,10.1016/j.jbc.2023.105371,37865316,PMC10783575,2023,,Using CRISPR-Cas9/phosphoproteomics to identify substrates of calcium/calmodulin-dependent kinase 2δ.,phosphorylation,experimental-proteomics,1,1,0,,,,,,,,,,,,,,,,,,EuropePMC,EPMC-3_serthr_lys_sitefeatures,
880,10.1007/s10126-023-10205-8,37039930,,2023,Mar Biotechnol (NY),Proteomics and Phosphoproteomic Analysis to Identify Spleen of Takifugu rubripes Infected Cryptocaryon irritans.,phosphorylation,experimental-proteomics,1,0,0,,,,,,,,,,,,,,,,,,EuropePMC,EPMC-3_serthr_lys_sitefeatures,
881,10.1038/s41586-024-07407-y,38720073,PMC11136658,2024,,The intrinsic substrate specificity of the human tyrosine kinome.,phosphorylation,computational-predictor,1,1,0,,,,,,,,,,,,,,,,,,EuropePMC,EPMC-3_serthr_lys_sitefeatures,
882,10.3724/sp.j.1123.2024.01016,38966977,PMC11224937,2024,,[A highly sensitive approach for the analysis of tyrosine phosphoproteome in primary T cells].,phosphorylation,experimental-proteomics,1,1,0,,,,,,,,,,,,,,,,,,EuropePMC;OpenAlex,EPMC-3_serthr_lys_sitefeatures;OA-3_serthr_lys_sitefeatures,
884,10.1021/acschembio.8b00213,29799716,,2018,ACS Chem Biol,Characterization of the Lysine Acylomes and the Substrates Regulated by Protein Acyltransferase in Mycobacterium smegmatis.,acetylation,experimental-proteomics,1,0,0,,,,,,,,,,,,,,,,,,EuropePMC;OpenAlex,EPMC-3_serthr_lys_sitefeatures;OA-3_serthr_lys_sitefeatures,
887,10.1007/s00726-023-03287-0,37311859,,2023,Amino Acids,Mining proteomics data to extract post-translational modifications associated with gastric cancer.,multi-PTM,experimental-proteomics,1,0,0,,,,,,,,,,,,,,,,,,EuropePMC;OpenAlex,EPMC-3_serthr_lys_sitefeatures;OA-3_serthr_lys_sitefeatures,
889,10.3168/jds.2022-21983,36175223,,2022,J Dairy Sci,Regulatory role of phosphoproteins in the development of bovine small intestine during early life.,phosphorylation,experimental-proteomics,1,0,0,,,,,,,,,,,,,,,,,,EuropePMC;OpenAlex,EPMC-3_serthr_lys_sitefeatures;OA-3_serthr_lys_sitefeatures,
890,10.17179/excli2019-1508,32636726,PMC7332788,2020,,Proteomics profiling asthma induced-lysine acetylation.,acetylation,experimental-proteomics,1,1,0,,,,,,,,,,,,,,,,,,EuropePMC;OpenAlex,EPMC-3_serthr_lys_sitefeatures;OA-3_serthr_lys_sitefeatures,
893,10.3390/genes14030749,36981020,PMC10047965,2023,,Proteome and Ubiquitylome Analyses of Maize Endoplasmic Reticulum under Heat Stress.,ubiquitination,experimental-proteomics,1,1,0,,,,,,,,,,,,,,,,,,EuropePMC;OpenAlex,EPMC-3_serthr_lys_sitefeatures;OA-3_serthr_lys_sitefeatures,
894,10.21203/rs.3.rs-2901339/v1,,,2023,,Lactylome analyses suggest systematic lysine- lactylated substrates in oral squamous cell carcinoma under normoxia and hypoxia,other,experimental-proteomics,1,0,0,,,,,,,,,,,,,,,,,,EuropePMC,EPMC-3_serthr_lys_sitefeatures,
895,10.1038/srep44360,28295016,PMC5353618,2017,,"Global Insight into Lysine Acetylation Events and Their Links to Biological Aspects in Beauveria bassiana, a Fungal Insect Pathogen.",acetylation,experimental-proteomics,1,1,0,,,,,,,,,,,,,,,,,,EuropePMC;OpenAlex,EPMC-3_serthr_lys_sitefeatures;OA-3_serthr_lys_sitefeatures,
896,10.1038/s41598-022-06793-5,35264593,PMC8907344,2022,,Quantitative proteomic analysis of the lysine acetylome reveals diverse SIRT2 substrates.,acetylation,experimental-proteomics,1,1,0,,,,,,,,,,,,,,,,,,EuropePMC;OpenAlex,EPMC-3_serthr_lys_sitefeatures;OA-3_serthr_lys_sitefeatures,
897,10.1093/bib/bbz107,32978618,,2020,Brief Bioinform,Deep learning based prediction of reversible HAT/HDAC-specific lysine acetylation.,acetylation,computational-predictor,1,0,0,,,,,,,,,,,,,,,,,,EuropePMC,EPMC-3_serthr_lys_sitefeatures,
899,10.1111/gtc.13063,37658684,PMC11447832,2023,,Validity of the cell-extracted proteome as a substrate pool for exploring phosphorylation motifs of kinases.,phosphorylation,experimental-proteomics,1,1,0,,,,,,,,,,,,,,,,,,EuropePMC;OpenAlex,EPMC-3_serthr_lys_sitefeatures;OA-3_serthr_lys_sitefeatures,
900,10.1093/jxb/erad006,36629026,,2023,J Exp Bot,Analysis of the chloroplast crotonylome of wheat seedling leaves reveals the roles of crotonylated proteins involved in salt-stress responses.,other-lysine-acyl,experimental-proteomics,1,0,0,,,,,,,,,,,,,,,,,,EuropePMC;OpenAlex,EPMC-3_serthr_lys_sitefeatures;OA-3_serthr_lys_sitefeatures,
901,10.1016/j.celrep.2019.01.006,30699355,,2019,Cell Rep,Integrated Phosphoproteome and Transcriptome Analysis Reveals Chlamydia-Induced Epithelial-to-Mesenchymal Transition in Host Cells.,phosphorylation,experimental-proteomics,1,0,0,,,,,,,,,,,,,,,,,,EuropePMC;OpenAlex,EPMC-3_serthr_lys_sitefeatures;OA-3_serthr_lys_sitefeatures,
903,10.1093/bib/bbab492,34882222,,2022,Brief Bioinform,DeepCap-Kcr: accurate identification and investigation of protein lysine crotonylation sites based on capsule network.,other-lysine-acyl,computational-predictor,1,0,0,,,,,,,,,,,,,,,,,,EuropePMC;OpenAlex,EPMC-3_serthr_lys_sitefeatures;OA-3_serthr_lys_sitefeatures,
905,10.1016/j.micpath.2021.105240,34655729,,2021,Microb Pathog,Global phosphoproteome analysis reveals significant differences between sporulated oocysts of virulent and avirulent strains of Toxoplasma gondii.,phosphorylation,experimental-proteomics,1,0,0,,,,,,,,,,,,,,,,,,EuropePMC;OpenAlex,EPMC-3_serthr_lys_sitefeatures;OA-3_serthr_lys_sitefeatures,
907,10.1021/acs.jproteome.6b00116,27323652,,2016,J Proteome Res,Identification of Lysine Acetylation in Mycobacterium abscessus Using LC-MS/MS after Immunoprecipitation.,acetylation,experimental-proteomics,1,0,0,,,,,,,,,,,,,,,,,,EuropePMC;OpenAlex,EPMC-3_serthr_lys_sitefeatures;OA-3_serthr_lys_sitefeatures,
908,10.1016/j.celrep.2023.112539,37243593,PMC10569185,2023,,PhosY-secretome profiling combined with kinase-substrate interaction screening defines active c-Src-driven extracellular signaling.,phosphorylation,both,1,0,0,,,,,,,,,,,,,,,,,,EuropePMC,EPMC-3_serthr_lys_sitefeatures,
909,10.3390/ijms21176409,32899194,PMC7504583,2020,,Short-Term Mild Temperature-Stress-Induced Alterations in the <i>C. elegans</i> Phosphoproteome.,phosphorylation,experimental-proteomics,1,1,0,,,,,,,,,,,,,,,,,,EuropePMC;OpenAlex,EPMC-3_serthr_lys_sitefeatures;OA-3_serthr_lys_sitefeatures,
911,10.1093/treephys/tpx162,29301031,,2018,Tree Physiol,Protein acetylation as a mechanism for Kandelia candel's adaption to daily flooding.,acetylation,experimental-proteomics,1,0,0,,,,,,,,,,,,,,,,,,EuropePMC;OpenAlex,EPMC-3_serthr_lys_sitefeatures;OA-3_serthr_lys_sitefeatures,
915,10.1111/pce.13969,33278033,PMC7986931,2021,,Diurnal dynamics of the Arabidopsis rosette proteome and phosphoproteome.,phosphorylation,experimental-proteomics,1,1,0,,,,,,,,,,,,,,,,,,EuropePMC;OpenAlex,EPMC-3_serthr_lys_sitefeatures;OA-3_serthr_lys_sitefeatures,
916,10.1016/j.dnarep.2022.103305,35255311,,2022,DNA Repair (Amst),Low and high doses of ionizing radiation evoke discrete global (phospho)proteome responses.,phosphorylation,experimental-proteomics,1,0,0,,,,,,,,,,,,,,,,,,EuropePMC;OpenAlex,EPMC-3_serthr_lys_sitefeatures;OA-3_serthr_lys_sitefeatures,
918,10.1007/s13167-023-00328-2,37605648,PMC10439878,2023,,Ubiquitinomics revealed disease- and stage-specific patterns relevant for the 3PM approach in human sigmoid colon cancers.,ubiquitination,experimental-proteomics,1,0,0,,,,,,,,,,,,,,,,,,EuropePMC,EPMC-3_serthr_lys_sitefeatures,
919,10.3389/fmolb.2022.850661,35517865,PMC9062000,2022,,The Okur-Chung Neurodevelopmental Syndrome Mutation CK2<sup>K198R</sup> Leads to a Rewiring of Kinase Specificity.,phosphorylation,computational-predictor,1,1,0,,,,,,,,,,,,,,,,,,EuropePMC;OpenAlex,EPMC-3_serthr_lys_sitefeatures;OA-3_serthr_lys_sitefeatures,
920,10.1021/acs.jproteome.0c00652,32964716,,2020,J Proteome Res,Label-Free Quantitative Phosphoproteomics Reveals Signaling Dynamics Involved in Embryogenic Competence Acquisition in Sugarcane.,phosphorylation,experimental-proteomics,1,0,0,,,,,,,,,,,,,,,,,,EuropePMC,EPMC-3_serthr_lys_sitefeatures,
921,10.1093/bioinformatics/bty444,29868863,,2018,Bioinformatics,ProAcePred: prokaryote lysine acetylation sites prediction based on elastic net feature optimization.,acetylation,computational-predictor,1,0,0,,,,,,,,,,,,,,,,,,EuropePMC;OpenAlex,EPMC-3_serthr_lys_sitefeatures;OA-3_serthr_lys_sitefeatures,
922,10.1016/j.plaphy.2019.09.036,31561202,,2019,Plant Physiol Biochem,Unbiased phosphoproteome profiling uncovers novel phosphoproteins and phosphorylation motifs in bermudagrass stolons.,phosphorylation,experimental-proteomics,1,0,0,,,,,,,,,,,,,,,,,,EuropePMC;OpenAlex,EPMC-3_serthr_lys_sitefeatures;OA-3_serthr_lys_sitefeatures,
923,10.12122/j.issn.1673-4254.2023.01.04,36856207,PMC9978736,2023,,[Phosphoproteomic analysis of human umbilical venous endothelial cells with DENV-2 infection].,phosphorylation,experimental-proteomics,1,0,0,,,,,,,,,,,,,,,,,,EuropePMC,EPMC-3_serthr_lys_sitefeatures,
926,10.1128/msystems.00005-16,27376153,PMC4927096,2016,,Temporal Regulation of the &lt;i&gt;Bacillus subtilis&lt;/i&gt; Acetylome and Evidence for a Role of MreB Acetylation in Cell Wall Growth.,acetylation,experimental-proteomics,1,1,0,,,,,,,,,,,,,,,,,,EuropePMC;OpenAlex,EPMC-3_serthr_lys_sitefeatures;OA-3_serthr_lys_sitefeatures,
928,10.1021/acs.jproteome.2c00309,35980772,PMC9833422,2022,,IQGAP1 and RNA Splicing in the Context of Head and Neck via Phosphoproteomics.,phosphorylation,experimental-proteomics,1,0,0,,,,,,,,,,,,,,,,,,EuropePMC;OpenAlex,EPMC-3_serthr_lys_sitefeatures;OA-3_serthr_lys_sitefeatures,
930,10.1158/1078-0432.ccr-23-0163,37992313,PMC10831334,2024,,Development of Resistance to Type II JAK2 Inhibitors in MPN Depends on AXL Kinase and Is Targetable.,phosphorylation,experimental-proteomics,1,1,0,,,,,,,,,,,,,,,,,,EuropePMC,EPMC-3_serthr_lys_sitefeatures,
931,10.1016/j.celrep.2021.108796,33657380,PMC7967290,2021,,Mapping of the contraction-induced phosphoproteome identifies TRIM28 as a significant regulator of skeletal muscle size and function.,phosphorylation,experimental-proteomics,1,1,0,,,,,,,,,,,,,,,,,,EuropePMC;OpenAlex,EPMC-3_serthr_lys_sitefeatures;OA-3_serthr_lys_sitefeatures,
932,10.1016/j.biocel.2014.11.010,25456444,,2015,Int J Biochem Cell Biol,Proteome-wide lysine acetylation profiling of the human pathogen Mycobacterium tuberculosis.,acetylation,experimental-proteomics,1,0,0,,,,,,,,,,,,,,,,,,EuropePMC;OpenAlex,EPMC-3_serthr_lys_sitefeatures;OA-3_serthr_lys_sitefeatures,
933,10.1111/ppl.12574,28382632,,2017,Physiol Plant,A phosphoproteomic landscape of rice (Oryza sativa) tissues,phosphorylation,experimental-proteomics,1,0,0,,,,,,,,,,,,,,,,,,EuropePMC,EPMC-3_serthr_lys_sitefeatures,
934,10.1111/ppl.12080,23786612,,2014,Physiol Plant,Phosphoproteomic analysis of chromoplasts from sweet orange during fruit ripening,phosphorylation,experimental-proteomics,1,0,0,,,,,,,,,,,,,,,,,,EuropePMC;OpenAlex,EPMC-3_serthr_lys_sitefeatures;OA-3_serthr_lys_sitefeatures,
935,10.1105/tpc.15.00878,26744219,,2016,Plant Cell,"It's Time for Some ""Site""-Seeing: Novel Tools to Monitor the Ubiquitin Landscape in Arabidopsis thaliana.",ubiquitination,experimental-proteomics,1,0,0,,,,,,,,,,,,,,,,,,EuropePMC;OpenAlex,EPMC-3_serthr_lys_sitefeatures;OA-3_serthr_lys_sitefeatures,
938,10.18632/aging.202233,33290261,PMC7835054,2020,,Integrated proteome and phosphoproteome analyses of peripheral blood mononuclear cells in primary Sjögren syndrome patients.,phosphorylation,experimental-proteomics,1,1,0,,,,,,,,,,,,,,,,,,EuropePMC;OpenAlex,EPMC-3_serthr_lys_sitefeatures;OA-3_serthr_lys_sitefeatures,
939,10.1007/s11103-022-01288-3,35773617,,2022,Plant Mol Biol,PseAraUbi: predicting arabidopsis ubiquitination sites by incorporating the physico-chemical and structural features.,ubiquitination,computational-predictor,1,0,0,,,,,,,,,,,,,,,,,,EuropePMC,EPMC-3_serthr_lys_sitefeatures,
940,10.1016/j.jbc.2022.102327,35931115,PMC9440445,2022,,Homeodomain-interacting protein kinase HIPK4 regulates phosphorylation of manchette protein RIMBP3 during spermiogenesis.,phosphorylation,experimental-proteomics,1,1,0,,,,,,,,,,,,,,,,,,EuropePMC,EPMC-3_serthr_lys_sitefeatures,
941,10.1007/s12031-021-01949-w,35023002,,2022,J Mol Neurosci,Integrated Proteome and Phosphoproteome Analyses Reveal Early- and Late-Stage Protein Networks of Traumatic Brain Injury.,phosphorylation,experimental-proteomics,1,0,0,,,,,,,,,,,,,,,,,,EuropePMC;OpenAlex,EPMC-3_serthr_lys_sitefeatures;OA-3_serthr_lys_sitefeatures,
942,10.1007/978-1-0716-2317-6_2,35696074,,2022,Methods Mol Biol,PLDMS: Phosphopeptide Library Dephosphorylation Followed by Mass Spectrometry Analysis to Determine the Specificity of Phosphatases for Dephosphorylation Site Sequences.,phosphorylation,experimental-proteomics,1,0,0,,,,,,,,,,,,,,,,,,EuropePMC,EPMC-3_serthr_lys_sitefeatures,
943,10.1021/acs.jproteome.8b00533,30592415,,2019,J Proteome Res,Comprehensive Analysis of Lysine Acetylome Reveals a Site-Specific Pattern in Rapamycin-Induced Autophagy.,acetylation,experimental-proteomics,1,0,0,,,,,,,,,,,,,,,,,,EuropePMC;OpenAlex,EPMC-3_serthr_lys_sitefeatures;OA-3_serthr_lys_sitefeatures,
945,10.1101/2021.04.05.438522,,,2021,,The Okur-Chung Neurodevelopmental Syndrome (OCNDS) mutation CK2  <sup>K198R</sup>  leads to a rewiring of kinase specificity,phosphorylation,computational-predictor,1,0,0,,,,,,,,,,,,,,,,,,EuropePMC,EPMC-3_serthr_lys_sitefeatures,
946,10.1021/acs.jproteome.0c00028,32105074,PMC7205775,2020,,Global Phosphoproteomic Analysis Reveals Significant Metabolic Reprogramming in the Termination of Liver Regeneration in Mice.,phosphorylation,experimental-proteomics,1,0,0,,,,,,,,,,,,,,,,,,EuropePMC,EPMC-3_serthr_lys_sitefeatures,
947,10.1111/mmi.13901,29266439,PMC5796852,2018,,"In Streptomyces lividans, acetyl-CoA synthetase activity is controlled by O-serine and N<sup>ɛ</sup> -lysine acetylation.",acetylation,experimental-proteomics,1,0,0,,,,,,,,,,,,,,,,,,EuropePMC;OpenAlex,EPMC-3_serthr_lys_sitefeatures;OA-3_serthr_lys_sitefeatures,
949,10.1016/j.bbrc.2015.04.154,26056001,,2015,Biochem Biophys Res Commun,Characterization of novel mechanisms for steatosis from global protein hyperacetylation in ethanol-induced mouse hepatocytes.,acetylation,experimental-proteomics,1,0,0,,,,,,,,,,,,,,,,,,EuropePMC;OpenAlex,EPMC-3_serthr_lys_sitefeatures;OA-3_serthr_lys_sitefeatures,
951,10.21203/rs.3.rs-944890/v1,,,2021,,Integrated Proteome and Phosphoproteome Analyses Reveal Early and Late-stage Protein Network of Traumatic Brain Injury,phosphorylation,experimental-proteomics,1,0,0,,,,,,,,,,,,,,,,,,EuropePMC,EPMC-3_serthr_lys_sitefeatures,
953,10.1021/acs.jproteome.6b00905,28171727,PMC5538569,2017,,Multiplexed Phosphoproteomic Profiling Using Titanium Dioxide and Immunoaffinity Enrichments Reveals Complementary Phosphorylation Events.,phosphorylation,experimental-proteomics,1,0,0,,,,,,,,,,,,,,,,,,EuropePMC;OpenAlex,EPMC-3_serthr_lys_sitefeatures;OA-3_serthr_lys_sitefeatures,
954,10.3390/ijms23137059,35806063,PMC9266807,2022,,Dynamics of Protein Phosphorylation during <i>Arabidopsis</i> Seed Germination.,phosphorylation,experimental-proteomics,1,1,0,,,,,,,,,,,,,,,,,,EuropePMC;OpenAlex,EPMC-3_serthr_lys_sitefeatures;OA-3_serthr_lys_sitefeatures,
955,10.3390/ijms18102158,29039783,PMC5666839,2017,,Quantitative Phosphoproteomic Analysis Provides Insight into the Response to Short-Term Drought Stress in Ammopiptanthus mongolicus Roots.,phosphorylation,experimental-proteomics,1,1,0,,,,,,,,,,,,,,,,,,EuropePMC,EPMC-3_serthr_lys_sitefeatures,
957,10.1038/s41467-020-18168-3,32859902,PMC7455705,2020,,Dynamic remodelling of the human host cell proteome and phosphoproteome upon enterovirus infection.,phosphorylation,experimental-proteomics,1,1,0,,,,,,,,,,,,,,,,,,EuropePMC;OpenAlex,EPMC-3_serthr_lys_sitefeatures;OA-3_serthr_lys_sitefeatures,
958,10.1002/pmic.201400004,25074045,,2014,Proteomics,Analysis of phosphoproteome in rice pistil.,phosphorylation,experimental-proteomics,1,0,0,,,,,,,,,,,,,,,,,,EuropePMC;OpenAlex,EPMC-3_serthr_lys_sitefeatures;OA-3_serthr_lys_sitefeatures,
959,10.1093/pcp/pcz167,31424513,,2019,Plant Cell Physiol,"Phosphoproteomic Profiling Reveals the Importance of CK2, MAPKs and CDPKs in Response to Phosphate Starvation in Rice.",phosphorylation,experimental-proteomics,1,0,0,,,,,,,,,,,,,,,,,,EuropePMC,EPMC-3_serthr_lys_sitefeatures,
960,10.1007/s10571-019-00780-7,32016637,PMC11448782,2020,,Quantitative Phosphoproteomic Analysis in Alpha-Synuclein Transgenic Mice Reveals the Involvement of Aberrant p25/Cdk5 Signaling in Early-stage Parkinson's Disease.,phosphorylation,experimental-proteomics,1,0,0,,,,,,,,,,,,,,,,,,EuropePMC,EPMC-3_serthr_lys_sitefeatures,
961,10.1002/pmic.201400508,25886026,,2015,Proteomics,Extensive differential protein phosphorylation as intraerythrocytic Plasmodium falciparum schizonts develop into extracellular invasive merozoites.,phosphorylation,experimental-proteomics,1,0,0,,,,,,,,,,,,,,,,,,EuropePMC;OpenAlex,EPMC-3_serthr_lys_sitefeatures;OA-3_serthr_lys_sitefeatures,
963,10.1080/21541248.2015.1103399,26507377,PMC4905271,2015,,Lysine-acetylation as a fundamental regulator of Ran function: Implications for signaling of proteins of the Ras-superfamily.,acetylation,experimental-proteomics,1,1,0,,,,,,,,,,,,,,,,,,EuropePMC;OpenAlex,EPMC-3_serthr_lys_sitefeatures;OA-3_serthr_lys_sitefeatures,
964,10.1002/prot.25689,30958587,,2019,Proteins,Sequence and structure-based characterization of ubiquitination sites in human and yeast proteins using Chou's sample formulation.,ubiquitination,computational-predictor,1,0,0,,,,,,,,,,,,,,,,,,EuropePMC,EPMC-3_serthr_lys_sitefeatures,
965,10.1074/mcp.ra119.001540,31227600,PMC6692771,2019,,An Integrative Analysis of Tumor Proteomic and Phosphoproteomic Profiles to Examine the Relationships Between Kinase Activity and Phosphorylation.,phosphorylation,experimental-proteomics,1,0,0,,,,,,,,,,,,,,,,,,EuropePMC,EPMC-3_serthr_lys_sitefeatures,
966,10.1016/j.ab.2017.03.021,28363440,,2017,Anal Biochem,SucStruct: Prediction of succinylated lysine residues by using structural properties of amino acids.,other-lysine-acyl,computational-predictor,1,0,0,,,,,,,,,,,,,,,,,,EuropePMC,EPMC-3_serthr_lys_sitefeatures,
969,10.1093/hmg/ddaa159,32691043,PMC7530527,2020,,"Lysine acetylation regulates the RNA binding, subcellular localization and inclusion formation of FUS.",acetylation,experimental-proteomics,1,0,0,,,,,,,,,,,,,,,,,,EuropePMC;OpenAlex,EPMC-3_serthr_lys_sitefeatures;OA-3_serthr_lys_sitefeatures,
970,10.1016/j.jsb.2015.06.001,26049078,,2015,J Struct Biol,Tissue-specific sequence and structural environments of lysine acetylation sites.,acetylation,computational-predictor,1,0,0,,,,,,,,,,,,,,,,,,EuropePMC;OpenAlex,EPMC-3_serthr_lys_sitefeatures;OA-3_serthr_lys_sitefeatures,
971,10.1038/srep35280,27748408,PMC5066223,2016,,Dynamic Phosphoproteome Analysis of Seedling Leaves in Brachypodium distachyon L. Reveals Central Phosphorylated Proteins Involved in the Drought Stress Response.,phosphorylation,experimental-proteomics,1,1,0,,,,,,,,,,,,,,,,,,EuropePMC;OpenAlex,EPMC-3_serthr_lys_sitefeatures;OA-3_serthr_lys_sitefeatures,
972,10.1016/j.jprot.2016.08.007,27530593,,2016,J Proteomics,Phosphoproteomic analysis of the posterior silk gland of Bombyx mori provides novel insight into phosphorylation regulating the silk production.,phosphorylation,experimental-proteomics,1,0,0,,,,,,,,,,,,,,,,,,EuropePMC;OpenAlex,EPMC-3_serthr_lys_sitefeatures;OA-3_serthr_lys_sitefeatures,
973,10.3389/fgene.2021.657140,33897769,PMC8059835,2021,,Proteome and Phosphoproteome Analyses Reveal the Kinase Regulatory Network Involved in Glycogen Synthesis Kinase 3β.,phosphorylation,experimental-proteomics,1,1,0,,,,,,,,,,,,,,,,,,EuropePMC;OpenAlex,EPMC-3_serthr_lys_sitefeatures;OA-3_serthr_lys_sitefeatures,
975,10.1016/j.jgg.2017.03.007,28529077,,2017,J Genet Genomics,PLMD: An updated data resource of protein lysine modifications.,other-lysine-acyl,database-resource,1,0,0,,,,,,,,,,,,,,,,,,EuropePMC;OpenAlex,EPMC-3_serthr_lys_sitefeatures;OA-3_serthr_lys_sitefeatures,
976,10.1021/pr900646k,20028136,,2010,J Proteome Res,Phosphoproteome analysis of rat L6 myotubes using reversed-phase C18 prefractionation and titanium dioxide enrichment.,phosphorylation,experimental-proteomics,1,0,0,,,,,,,,,,,,,,,,,,EuropePMC;OpenAlex,EPMC-3_serthr_lys_sitefeatures;OA-3_serthr_lys_sitefeatures,
977,10.1152/ajpheart.00842.2016,28455290,PMC5538860,2017,,Quantitative cardiac phosphoproteomics profiling during ischemia-reperfusion in an immature swine model.,phosphorylation,experimental-proteomics,1,0,0,,,,,,,,,,,,,,,,,,EuropePMC,EPMC-3_serthr_lys_sitefeatures,
978,10.21037/tcr.2018.11.30,30761266,PMC6370305,2018,,Quantitative ubiquitylome analysis and crosstalk with proteome/acetylome analysis identified novel pathways and targets of perifosine treatment in neuroblastoma.,multi-PTM,experimental-proteomics,1,0,0,,,,,,,,,,,,,,,,,,EuropePMC;OpenAlex,EPMC-3_serthr_lys_sitefeatures;OA-3_serthr_lys_sitefeatures,
979,10.1128/mbio.02962-19,32019798,PMC7002344,2020,,The Aspergillus fumigatus Phosphoproteome Reveals Roles of High-Osmolarity Glycerol Mitogen-Activated Protein Kinases in Promoting Cell Wall Damage and Caspofungin Tolerance.,phosphorylation,experimental-proteomics,1,1,0,,,,,,,,,,,,,,,,,,EuropePMC,EPMC-3_serthr_lys_sitefeatures,
981,10.1126/sciadv.abc3099,33188023,PMC7673765,2020,,The structure-function relationship of oncogenic LMTK3.,phosphorylation,experimental-proteomics,1,1,0,,,,,,,,,,,,,,,,,,EuropePMC;OpenAlex,EPMC-3_serthr_lys_sitefeatures;OA-3_serthr_lys_sitefeatures,
984,10.1021/pr500400t,25145454,,2014,J Proteome Res,Comparative phosphoproteome analysis of the developing grains in bread wheat (Triticum aestivum L.) under well-watered and water-deficit conditions.,phosphorylation,experimental-proteomics,1,0,0,,,,,,,,,,,,,,,,,,EuropePMC;OpenAlex,EPMC-3_serthr_lys_sitefeatures;OA-3_serthr_lys_sitefeatures,
986,10.1002/pmic.201500017,26449285,,2016,Proteomics,Global analysis of phosphoproteome dynamics in embryonic development of zebrafish (Danio rerio).,phosphorylation,experimental-proteomics,1,0,0,,,,,,,,,,,,,,,,,,EuropePMC;OpenAlex,EPMC-3_serthr_lys_sitefeatures;OA-3_serthr_lys_sitefeatures,
988,10.1021/acschembio.0c00872,33755436,,2021,ACS Chem Biol,Chemical Phosphoproteomics Sheds New Light on the Targets and Modes of Action of AKT Inhibitors.,phosphorylation,both,1,0,0,,,,,,,,,,,,,,,,,,EuropePMC;OpenAlex,EPMC-3_serthr_lys_sitefeatures;OA-3_serthr_lys_sitefeatures,
990,10.3390/ijms20020451,30669653,PMC6359383,2019,,Comparative Phosphoproteomic Analysis of Barley Embryos with Different Dormancy during Imbibition.,phosphorylation,experimental-proteomics,1,1,0,,,,,,,,,,,,,,,,,,EuropePMC,EPMC-3_serthr_lys_sitefeatures,
991,10.1021/acs.jproteome.5b00812,26487105,,2015,J Proteome Res,Comprehensive Analysis of in Vivo Phosphoproteome of Mouse Liver Microsomes.,phosphorylation,experimental-proteomics,1,0,0,,,,,,,,,,,,,,,,,,EuropePMC;OpenAlex,EPMC-3_serthr_lys_sitefeatures;OA-3_serthr_lys_sitefeatures,
992,10.1038/ncomms7622,25814448,PMC4389224,2015,,Large-scale determination of absolute phosphorylation stoichiometries in human cells by motif-targeting quantitative proteomics.,phosphorylation,experimental-proteomics,1,1,0,,,,,,,,,,,,,,,,,,EuropePMC;OpenAlex,EPMC-3_serthr_lys_sitefeatures;OA-3_serthr_lys_sitefeatures,
993,10.1002/elps.201400022,24723360,PMC4193948,2014,,Tissue phosphoproteomics with PolyMAC identifies potential therapeutic targets in a transgenic mouse model of HER2 positive breast cancer.,phosphorylation,experimental-proteomics,1,0,0,,,,,,,,,,,,,,,,,,EuropePMC;OpenAlex,EPMC-3_serthr_lys_sitefeatures;OA-3_serthr_lys_sitefeatures,
995,10.1074/mcp.m116.066597,28302921,PMC5417826,2017,,"Deciphering the Acute Cellular Phosphoproteome Response to Irradiation with X-rays, Protons and Carbon Ions.",phosphorylation,experimental-proteomics,1,0,0,,,,,,,,,,,,,,,,,,EuropePMC;OpenAlex,EPMC-3_serthr_lys_sitefeatures;OA-3_serthr_lys_sitefeatures,
997,10.3389/fcvm.2021.753072,34966794,PMC8710605,2021,,Phosphoproteomic Analysis Reveals Downstream PKA Effectors of AKAP Cypher/ZASP in the Pathogenesis of Dilated Cardiomyopathy.,phosphorylation,experimental-proteomics,1,1,0,,,,,,,,,,,,,,,,,,EuropePMC,EPMC-3_serthr_lys_sitefeatures,
998,10.1101/2020.05.13.094508,,,2020,,Parallel global profiling of plant TOR dynamics reveals a conserved role for LARP1 in protein translation,phosphorylation,experimental-proteomics,1,0,0,,,,,,,,,,,,,,,,,,EuropePMC,EPMC-3_serthr_lys_sitefeatures,
999,10.1186/s12864-017-3977-y,28778155,PMC5545033,2017,,The first succinylome profile of Trichophyton rubrum reveals lysine succinylation on proteins involved in various key cellular processes.,other-lysine-acyl,experimental-proteomics,1,1,0,,,,,,,,,,,,,,,,,,EuropePMC,EPMC-3_serthr_lys_sitefeatures,
1000,10.3390/biom10030411,32155916,PMC7175279,2020,,System-Wide Analysis of Protein Acetylation and Ubiquitination Reveals a Diversified Regulation in Human Cancer Cells.,multi-PTM,experimental-proteomics,1,1,0,,,,,,,,,,,,,,,,,,EuropePMC;OpenAlex,EPMC-3_serthr_lys_sitefeatures;OA-3_serthr_lys_sitefeatures,
1001,10.1038/s41598-019-38890-3,30765835,PMC6376026,2019,,Phosphoproteomic analyses of kidneys of Atlantic salmon infected with Aeromonas salmonicida.,phosphorylation,experimental-proteomics,1,1,0,,,,,,,,,,,,,,,,,,EuropePMC,EPMC-3_serthr_lys_sitefeatures,
1006,10.21203/rs.3.rs-28818/v1,,,2020,,The Effects of Storage on Platelet Proteome Assessed by Protein Expression Changes and Lysine Modification Changes Using Tmt Isobaric Labeling,multi-PTM,experimental-proteomics,1,0,0,,,,,,,,,,,,,,,,,,EuropePMC,EPMC-3_serthr_lys_sitefeatures,
1007,10.1038/srep30837,27484197,PMC4971506,2016,,Reversible lysine acetylation is involved in DNA replication initiation by regulating activities of initiator DnaA in Escherichia coli.,acetylation,experimental-proteomics,1,1,0,,,,,,,,,,,,,,,,,,EuropePMC;OpenAlex,EPMC-3_serthr_lys_sitefeatures;OA-3_serthr_lys_sitefeatures,
1008,10.2174/1386207321666171218114056,29256343,,2017,Comb Chem High Throughput Screen,"Computational method for distinguishing lysine acetylation, sumoylation, and ubiquitination using the random forest algorithm with a feature selection procedure.",multi-PTM,computational-predictor,1,0,0,,,,,,,,,,,,,,,,,,EuropePMC;OpenAlex,EPMC-3_serthr_lys_sitefeatures;OA-3_serthr_lys_sitefeatures,
1010,10.1038/nbt.4150,29889213,PMC6590076,2018,,Encoding human serine phosphopeptides in bacteria for proteome-wide identification of phosphorylation-dependent interactions.,phosphorylation,both,1,0,0,,,,,,,,,,,,,,,,,,EuropePMC;OpenAlex,EPMC-3_serthr_lys_sitefeatures;OA-3_serthr_lys_sitefeatures,
1012,10.7554/elife.51620,32213288,PMC7136023,2020,,An atypical DYRK kinase connects quorum-sensing with posttranscriptional gene regulation in &lt;i&gt;Trypanosoma brucei&lt;/i&gt;.,phosphorylation,experimental-proteomics,1,1,0,,,,,,,,,,,,,,,,,,EuropePMC,EPMC-3_serthr_lys_sitefeatures,
1013,10.1186/s12284-020-00389-1,32572646,PMC7310055,2020,,Proteome-Wide Analyses Reveal the Diverse Functions of Lysine 2-Hydroxyisobutyrylation in Oryza sativa.,other-lysine-acyl,experimental-proteomics,1,1,0,,,,,,,,,,,,,,,,,,EuropePMC;OpenAlex,EPMC-3_serthr_lys_sitefeatures;OA-3_serthr_lys_sitefeatures,
1015,10.1016/j.jchromb.2015.02.017,25777480,PMC4489695,2015,,Development of a tandem affinity phosphoproteomic method with motif selectivity and its application in analysis of signal transduction networks.,phosphorylation,experimental-proteomics,1,0,0,,,,,,,,,,,,,,,,,,EuropePMC,EPMC-3_serthr_lys_sitefeatures,
1016,10.1016/j.bbapap.2013.04.006,23603789,,2013,Biochim Biophys Acta,hCKSAAP_UbSite: improved prediction of human ubiquitination sites by exploiting amino acid pattern and properties.,ubiquitination,computational-predictor,1,0,0,,,,,,,,,,,,,,,,,,EuropePMC;OpenAlex,EPMC-3_serthr_lys_sitefeatures;OA-3_serthr_lys_sitefeatures,
1018,10.1101/725291,,,2019,,Widespread arginine phosphorylation in human cells - a novel protein PTM revealed by mass spectrometry,phosphorylation,experimental-proteomics,1,0,0,,,,,,,,,,,,,,,,,,EuropePMC,EPMC-3_serthr_lys_sitefeatures,
1019,10.1002/pmic.201900327,32032466,,2020,Proteomics,Phosphorylation Time-Course Study of the Response during Adenovirus Type 2 Infection.,phosphorylation,experimental-proteomics,1,0,0,,,,,,,,,,,,,,,,,,EuropePMC;OpenAlex,EPMC-3_serthr_lys_sitefeatures;OA-3_serthr_lys_sitefeatures,
1020,10.3389/fpls.2021.741641,34721468,PMC8551806,2021,,AhABI4s Negatively Regulate Salt-Stress Response in Peanut.,phosphorylation,experimental-proteomics,1,1,0,,,,,,,,,,,,,,,,,,EuropePMC,EPMC-3_serthr_lys_sitefeatures,
1021,10.1038/s41438-020-00440-8,33328446,PMC7705721,2020,,Protein phosphorylation associated with drought priming-enhanced heat tolerance in a temperate grass species.,phosphorylation,experimental-proteomics,1,1,0,,,,,,,,,,,,,,,,,,EuropePMC,EPMC-3_serthr_lys_sitefeatures,
1024,10.1182/blood.2020005496,32640021,PMC7702475,2020,,Phosphoproteomic quantitation and causal analysis reveal pathways in GPVI/ITAM-mediated platelet activation programs.,phosphorylation,experimental-proteomics,1,0,0,,,,,,,,,,,,,,,,,,EuropePMC,EPMC-3_serthr_lys_sitefeatures,
1026,,,,2016,,Regulation of PABP1 function by differential post-translational modification,acetylation,other,1,0,0,,,,,,,,,,,,,,,,,,EuropePMC,EPMC-3_serthr_lys_sitefeatures,
1027,10.1111/tpj.14495,31410901,PMC6900162,2019,,Phosphoproteomic analysis reveals plant DNA damage signalling pathways with a functional role for histone H2AX phosphorylation in plant growth under genotoxic stress.,phosphorylation,experimental-proteomics,1,1,0,,,,,,,,,,,,,,,,,,EuropePMC,EPMC-3_serthr_lys_sitefeatures,
1028,10.1021/pr200762y,21999169,,2011,J Proteome Res,Phosphoproteome analysis of Streptomyces development reveals extensive protein phosphorylation accompanying bacterial differentiation.,phosphorylation,experimental-proteomics,1,0,0,,,,,,,,,,,,,,,,,,EuropePMC;OpenAlex,EPMC-3_serthr_lys_sitefeatures;OA-3_serthr_lys_sitefeatures,
1029,,,,2018,,Functional analysis of PP1 regulator Phactr1,phosphorylation,experimental-proteomics,1,0,0,,,,,,,,,,,,,,,,,,EuropePMC,EPMC-3_serthr_lys_sitefeatures,
1030,10.1002/pmic.200800667,19415658,,2009,Proteomics,Phosphoproteomic analysis of distinct tumor cell lines in response to nocodazole treatment.,phosphorylation,experimental-proteomics,1,0,0,,,,,,,,,,,,,,,,,,EuropePMC;OpenAlex,EPMC-3_serthr_lys_sitefeatures;OA-3_serthr_lys_sitefeatures,
1031,10.1093/pcp/pcz163,31435655,,2019,Plant Cell Physiol,Comparative Phosphoproteomic Analysis Reveals a Decay of ABA Signaling in Barley Embryos during After-Ripening.,phosphorylation,experimental-proteomics,1,0,0,,,,,,,,,,,,,,,,,,EuropePMC,EPMC-3_serthr_lys_sitefeatures,
1032,10.1111/jnc.12487,24117848,PMC3951604,2014,,Synaptic activity bidirectionally regulates a novel sequence-specific S-Q phosphoproteome in neurons.,phosphorylation,experimental-proteomics,1,0,0,,,,,,,,,,,,,,,,,,EuropePMC;OpenAlex,EPMC-3_serthr_lys_sitefeatures;OA-3_serthr_lys_sitefeatures,
1033,10.1002/pmic.201400607,25867546,PMC4522931,2015,,Human cytomegalovirus pUL97 kinase induces global changes in the infected cell phosphoproteome.,phosphorylation,experimental-proteomics,1,0,0,,,,,,,,,,,,,,,,,,EuropePMC;OpenAlex,EPMC-3_serthr_lys_sitefeatures;OA-3_serthr_lys_sitefeatures,
1034,10.1111/j.1365-313x.2012.05061.x,22631563,,2012,Plant J,Characterization of the phosphoproteome of mature Arabidopsis pollen.,phosphorylation,experimental-proteomics,1,0,0,,,,,,,,,,,,,,,,,,EuropePMC;OpenAlex,EPMC-3_serthr_lys_sitefeatures;OA-3_serthr_lys_sitefeatures,
1036,10.1016/j.bbapap.2014.09.017,25278378,,2015,Biochim Biophys Acta,Quantitative analysis of a phosphoproteome readily altered by the protein kinase CK2 inhibitor quinalizarin in HEK-293T cells.,phosphorylation,experimental-proteomics,1,0,0,,,,,,,,,,,,,,,,,,EuropePMC;OpenAlex,EPMC-3_serthr_lys_sitefeatures;OA-3_serthr_lys_sitefeatures,
1038,10.1016/j.molcel.2012.01.026,22424773,PMC3565437,2012,,Proteomic investigations reveal a role for RNA processing factor THRAP3 in the DNA damage response.,phosphorylation,experimental-proteomics,1,0,0,,,,,,,,,,,,,,,,,,EuropePMC;OpenAlex,EPMC-3_serthr_lys_sitefeatures;OA-3_serthr_lys_sitefeatures,
1039,10.1016/j.jprot.2016.11.018,27903465,,2017,J Proteomics,Label-free quantitative phosphoproteomic profiling of cellular response induced by an insect cytokine paralytic peptide.,phosphorylation,experimental-proteomics,1,0,0,,,,,,,,,,,,,,,,,,EuropePMC,EPMC-3_serthr_lys_sitefeatures,
1040,10.1186/1471-2164-15-375,24885693,PMC4079959,2014,,Large-scale phosphoproteome analysis in seedling leaves of Brachypodium distachyon L.,phosphorylation,experimental-proteomics,1,1,0,,,,,,,,,,,,,,,,,,EuropePMC;OpenAlex,EPMC-3_serthr_lys_sitefeatures;OA-3_serthr_lys_sitefeatures,
1041,10.1007/s00253-014-6144-2,25487885,,2015,Appl Microbiol Biotechnol,Lysine acetylproteome analysis suggests its roles in primary and secondary metabolism in Saccharopolyspora erythraea.,acetylation,experimental-proteomics,1,0,0,,,,,,,,,,,,,,,,,,EuropePMC;OpenAlex,EPMC-3_serthr_lys_sitefeatures;OA-3_serthr_lys_sitefeatures,
1042,10.1021/pr4002492,23688256,,2013,J Proteome Res,Phosphoproteomic analysis of differentiating Leishmania parasites reveals a unique stage-specific phosphorylation motif.,phosphorylation,experimental-proteomics,1,0,0,,,,,,,,,,,,,,,,,,EuropePMC;OpenAlex,EPMC-3_serthr_lys_sitefeatures;OA-3_serthr_lys_sitefeatures,
1043,10.1104/pp.109.138677,19376835,,2009,Plant Physiol,Large-scale Arabidopsis phosphoproteome profiling reveals novel chloroplast kinase substrates and phosphorylation networks.,phosphorylation,experimental-proteomics,1,0,0,,,,,,,,,,,,,,,,,,EuropePMC;OpenAlex,EPMC-3_serthr_lys_sitefeatures;OA-3_serthr_lys_sitefeatures,
1046,10.1016/j.jprot.2015.02.020,25782750,,2015,J Proteomics,Hsp90 inhibition induces both protein-specific and global changes in the ubiquitinome.,ubiquitination,experimental-proteomics,1,0,0,,,,,,,,,,,,,,,,,,EuropePMC,EPMC-3_serthr_lys_sitefeatures,
1047,10.1073/pnas.1404943111,24782546,PMC4040611,2014,,Quantitative phosphoproteomic analysis reveals system-wide signaling pathways downstream of SDF-1/CXCR4 in breast cancer stem cells.,phosphorylation,experimental-proteomics,1,0,0,,,,,,,,,,,,,,,,,,EuropePMC;OpenAlex,EPMC-3_serthr_lys_sitefeatures;OA-3_serthr_lys_sitefeatures,
1050,10.1074/mcp.m800332-mcp200,18974045,PMC2634583,2009,,Predicting protein post-translational modifications using meta-analysis of proteome scale data sets.,multi-PTM,computational-predictor,1,0,0,,,,,,,,,,,,,,,,,,EuropePMC,EPMC-3_serthr_lys_sitefeatures,
1051,10.1186/1471-2229-11-158,22074553,PMC3234192,2011,,Identification and analysis of phosphorylation status of proteins in dormant terminal buds of poplar.,phosphorylation,experimental-proteomics,1,1,0,,,,,,,,,,,,,,,,,,EuropePMC;OpenAlex,EPMC-3_serthr_lys_sitefeatures;OA-3_serthr_lys_sitefeatures,
1052,10.1126/scisignal.2001570,21406692,,2011,Sci Signal,System-wide temporal characterization of the proteome and phosphoproteome of human embryonic stem cell differentiation.,phosphorylation,both,1,0,0,,,,,,,,,,,,,,,,,,EuropePMC;OpenAlex,EPMC-3_serthr_lys_sitefeatures;OA-3_serthr_lys_sitefeatures,
1054,10.1021/acs.biochem.5b01068,26786805,,2016,Biochemistry,Covalent Surface Modification of Prions: A Mass Spectrometry-Based Means of Detecting Distinctive Structural Features of Prion Strains.,acetylation,experimental-proteomics,1,0,0,,,,,,,,,,,,,,,,,,EuropePMC,EPMC-3_serthr_lys_sitefeatures,
1055,10.1096/fj.201700309r,28877958,PMC5731127,2018,,Proline-dependent and basophilic kinases phosphorylate human TRPC6 at serine 14 to control channel activity through increased membrane expression.,phosphorylation,both,1,0,0,,,,,,,,,,,,,,,,,,EuropePMC,EPMC-3_serthr_lys_sitefeatures,
1056,10.1074/mcp.m111.011080,21964354,PMC3270103,2012,,Characterization and prediction of lysine (K)-acetyl-transferase specific acetylation sites.,acetylation,computational-predictor,1,0,0,,,,,,,,,,,,,,,,,,EuropePMC,EPMC-3_serthr_lys_sitefeatures,
1057,10.1093/bib/bbt060,23975722,,2014,Brief Bioinform,Systematic identification of Class I HDAC substrates.,acetylation,computational-predictor,1,0,0,,,,,,,,,,,,,,,,,,EuropePMC,EPMC-3_serthr_lys_sitefeatures,
1058,10.1074/mcp.m112.020438,23221999,PMC3591651,2013,,Phosphoproteomic analysis of protein kinase C signaling in Saccharomyces cerevisiae reveals Slt2 mitogen-activated protein kinase (MAPK)-dependent phosphorylation of eisosome core components.,phosphorylation,experimental-proteomics,1,0,0,,,,,,,,,,,,,,,,,,EuropePMC;OpenAlex,EPMC-3_serthr_lys_sitefeatures;OA-3_serthr_lys_sitefeatures,
1059,10.1021/pr700696a,18327897,PMC3063950,2008,,Phosphoproteome analysis of Drosophila melanogaster embryos.,phosphorylation,experimental-proteomics,1,0,0,,,,,,,,,,,,,,,,,,EuropePMC;OpenAlex,EPMC-3_serthr_lys_sitefeatures;OA-3_serthr_lys_sitefeatures,
1061,10.1111/ppl.12763,29797451,,2019,Physiol Plant,Quantitative phosphoproteomics of lectin receptor‐like kinase VI.4 dependent abscisic acid response in Arabidopsis thaliana,phosphorylation,experimental-proteomics,1,0,0,,,,,,,,,,,,,,,,,,EuropePMC;OpenAlex,EPMC-3_serthr_lys_sitefeatures;OA-3_serthr_lys_sitefeatures,
1062,10.1002/pmic.201500523,26990019,,2016,Proteomics,MALDI-TOF and nESI Orbitrap MS/MS identify orthogonal parts of the phosphoproteome.,phosphorylation,experimental-proteomics,1,0,0,,,,,,,,,,,,,,,,,,EuropePMC;OpenAlex,EPMC-3_serthr_lys_sitefeatures;OA-3_serthr_lys_sitefeatures,
1063,10.1074/jbc.m117.813527,28916722,PMC5672046,2017,,Phosphoproteomics reveals that glycogen synthase kinase-3 phosphorylates multiple splicing factors and is associated with alternative splicing.,phosphorylation,both,1,0,0,,,,,,,,,,,,,,,,,,EuropePMC;OpenAlex,EPMC-3_serthr_lys_sitefeatures;OA-3_serthr_lys_sitefeatures,
1064,10.1371/journal.pone.0139143,26401955,PMC4581636,2015,,Site-Specific Ser/Thr/Tyr Phosphoproteome of Sinorhizobium meliloti at Stationary Phase.,phosphorylation,experimental-proteomics,1,1,0,,,,,,,,,,,,,,,,,,EuropePMC;OpenAlex,EPMC-3_serthr_lys_sitefeatures;OA-3_serthr_lys_sitefeatures,
1071,10.1039/c3mb70565j,24626860,PMC4343256,2014,,Quantitative phosphoproteomic profiling of PINK1-deficient cells identifies phosphorylation changes in nuclear proteins.,phosphorylation,experimental-proteomics,1,0,0,,,,,,,,,,,,,,,,,,EuropePMC,EPMC-3_serthr_lys_sitefeatures,
1073,10.3389/fcimb.2019.00307,31508380,PMC6716450,2019,,iTRAQ-Based Global Phosphoproteomics Reveals Novel Molecular Differences Between <i>Toxoplasma gondii</i> Strains of Different Genotypes.,phosphorylation,experimental-proteomics,1,1,0,,,,,,,,,,,,,,,,,,EuropePMC;OpenAlex,EPMC-3_serthr_lys_sitefeatures;OA-3_serthr_lys_sitefeatures,
1074,10.1021/pr500843j,25265229,,2014,J Proteome Res,In-depth phosphoproteomic analysis of royal jelly derived from western and eastern honeybee species.,phosphorylation,experimental-proteomics,1,0,0,,,,,,,,,,,,,,,,,,EuropePMC;OpenAlex,EPMC-3_serthr_lys_sitefeatures;OA-3_serthr_lys_sitefeatures,
1075,10.1111/jnc.12483,24117733,,2014,J Neurochem,Phosphoproteomic evaluation of pharmacological inhibition of leucine-rich repeat kinase 2 reveals significant off-target effects of LRRK-2-IN-1.,phosphorylation,experimental-proteomics,1,0,0,,,,,,,,,,,,,,,,,,EuropePMC;OpenAlex,EPMC-3_serthr_lys_sitefeatures;OA-3_serthr_lys_sitefeatures,
1076,10.1186/s12864-018-4535-y,29558883,PMC5859436,2018,,Systematic analysis of the lysine malonylome in common wheat.,other-lysine-acyl,experimental-proteomics,1,1,0,,,,,,,,,,,,,,,,,,EuropePMC,EPMC-3_serthr_lys_sitefeatures,
1079,10.1074/jbc.m116.769208,28096466,PMC5339744,2017,,A Phosphoproteomic Screen Identifies a Guanine Nucleotide Exchange Factor for Rab3A Protein as a Mitogen-activated Protein (MAP) Kinase Phosphatase-5-regulated MAP Kinase Target in Interleukin 6 (IL-6) Secretion and Myogenesis.,phosphorylation,experimental-proteomics,1,0,0,,,,,,,,,,,,,,,,,,EuropePMC,EPMC-3_serthr_lys_sitefeatures,
1080,10.1021/acschembio.5b00679,26422651,,2015,ACS Chem Biol,MAP4K4 Is a Threonine Kinase That Phosphorylates FARP1.,phosphorylation,experimental-proteomics,1,0,0,,,,,,,,,,,,,,,,,,EuropePMC,EPMC-3_serthr_lys_sitefeatures,
1081,10.1101/535070,,,2019,,The systemin signaling cascade as derived from phosphorylation time courses under stimulation by systemin and its inactive Thr17Ala (A17) analog,phosphorylation,experimental-proteomics,1,0,0,,,,,,,,,,,,,,,,,,EuropePMC,EPMC-3_serthr_lys_sitefeatures,
1082,10.1128/mbio.02825-18,31040248,PMC6495382,2019,,Comprehensive Analysis of Aspergillus nidulans PKA Phosphorylome Identifies a Novel Mode of CreA Regulation.,phosphorylation,experimental-proteomics,1,1,0,,,,,,,,,,,,,,,,,,EuropePMC,EPMC-3_serthr_lys_sitefeatures,
1083,10.1128/iai.00523-18,30323024,PMC6300639,2019,,<i>Plasmodium falciparum</i> Cyclic GMP-Dependent Protein Kinase Interacts with a Subunit of the Parasite Proteasome.,phosphorylation,experimental-proteomics,1,0,0,,,,,,,,,,,,,,,,,,EuropePMC;OpenAlex,EPMC-3_serthr_lys_sitefeatures;OA-3_serthr_lys_sitefeatures,
1084,10.1681/asn.2013070760,24511133,PMC4073431,2014,,Phosphoproteomic analysis reveals regulatory mechanisms at the kidney filtration barrier.,phosphorylation,experimental-proteomics,1,0,0,,,,,,,,,,,,,,,,,,EuropePMC,EPMC-3_serthr_lys_sitefeatures,
1085,10.1074/mcp.m112.026898,24173317,PMC3879623,2014,,"Comprehensive quantitative comparison of the membrane proteome, phosphoproteome, and sialiome of human embryonic and neural stem cells.",phosphorylation,experimental-proteomics,1,0,0,,,,,,,,,,,,,,,,,,EuropePMC;OpenAlex,EPMC-3_serthr_lys_sitefeatures;OA-3_serthr_lys_sitefeatures,
1086,10.1126/scisignal.aab3138,26462736,PMC5244978,2015,,Quantitative phosphoproteomics reveals new roles for the protein phosphatase PP6 in mitotic cells.,phosphorylation,experimental-proteomics,1,0,0,,,,,,,,,,,,,,,,,,EuropePMC;OpenAlex,EPMC-3_serthr_lys_sitefeatures;OA-3_serthr_lys_sitefeatures,
1087,10.1021/pr300016e,22471441,,2012,J Proteome Res,PhosphoSiteAnalyzer: a bioinformatic platform for deciphering phospho proteomes using kinase predictions retrieved from NetworKIN.,phosphorylation,computational-predictor,1,0,0,,,,,,,,,,,,,,,,,,EuropePMC,EPMC-3_serthr_lys_sitefeatures,
1089,10.1126/scisignal.aat5018,30377224,PMC8325875,2018,,Modulation of Cl&lt;sup&gt;-&lt;/sup&gt; signaling and ion transport by recruitment of kinases and phosphatases mediated by the regulatory protein IRBIT.,phosphorylation,experimental-proteomics,1,0,0,,,,,,,,,,,,,,,,,,EuropePMC,EPMC-3_serthr_lys_sitefeatures,
1090,10.1094/mpmi-09-10-0222,21446788,,2011,Mol Plant Microbe Interact,Phosphoproteome analysis of Lotus japonicus roots reveals shared and distinct components of symbiosis and defense.,phosphorylation,experimental-proteomics,1,0,0,,,,,,,,,,,,,,,,,,EuropePMC;OpenAlex,EPMC-3_serthr_lys_sitefeatures;OA-3_serthr_lys_sitefeatures,
1091,10.1126/scisignal.aag2435,28270554,PMC6049618,2017,,Identifying protein kinase-specific effectors of the osmostress response in yeast.,phosphorylation,both,1,0,0,,,,,,,,,,,,,,,,,,EuropePMC,EPMC-3_serthr_lys_sitefeatures,
1092,10.1074/jbc.m113.517896,24302725,PMC3900964,2014,,Acetylation at lysine 183 of progesterone receptor by p300 accelerates DNA binding kinetics and transactivation of direct target genes.,acetylation,experimental-proteomics,1,0,0,,,,,,,,,,,,,,,,,,EuropePMC;OpenAlex,EPMC-3_serthr_lys_sitefeatures;OA-3_serthr_lys_sitefeatures,
1094,10.1074/jbc.m112.417360,23076154,PMC3510837,2012,,Structural insights into the substrate specificity of the Rhodopseudomonas palustris protein acetyltransferase RpPat: identification of a loop critical for recognition by RpPat.,acetylation,experimental-proteomics,1,0,0,,,,,,,,,,,,,,,,,,EuropePMC;OpenAlex,EPMC-3_serthr_lys_sitefeatures;OA-3_serthr_lys_sitefeatures,
1095,10.1016/j.cell.2012.02.013,22464331,PMC3326523,2012,,Histone recognition and large-scale structural analysis of the human bromodomain family.,acetylation,experimental-proteomics,1,1,0,,,,,,,,,,,,,,,,,,EuropePMC;OpenAlex,EPMC-3_serthr_lys_sitefeatures;OA-3_serthr_lys_sitefeatures,
1097,10.1016/j.ymeth.2015.06.022,26160508,PMC4696908,2016,,Exploring G protein-coupled receptor signaling networks using SILAC-based phosphoproteomics.,phosphorylation,experimental-proteomics,1,0,0,,,,,,,,,,,,,,,,,,EuropePMC;OpenAlex,EPMC-3_serthr_lys_sitefeatures;OA-3_serthr_lys_sitefeatures,
1098,10.1109/tcbb.2016.2520939,26887002,,2017,IEEE/ACM Trans Comput Biol Bioinform,A New Scheme to Characterize and Identify Protein Ubiquitination Sites.,ubiquitination,computational-predictor,1,0,0,,,,,,,,,,,,,,,,,,EuropePMC;OpenAlex,EPMC-3_serthr_lys_sitefeatures;OA-3_serthr_lys_sitefeatures,
1100,10.1126/science.1199498,21659604,PMC3177140,2011,,The mTOR-regulated phosphoproteome reveals a mechanism of mTORC1-mediated inhibition of growth factor signaling.,phosphorylation,experimental-proteomics,1,0,0,,,,,,,,,,,,,,,,,,EuropePMC;OpenAlex,EPMC-3_serthr_lys_sitefeatures;OA-3_serthr_lys_sitefeatures,
1101,10.1016/j.bbrep.2015.08.011,29124183,PMC5668876,2015,,Predicting CK2 beta-dependent substrates using linear patterns.,phosphorylation,computational-predictor,1,1,0,,,,,,,,,,,,,,,,,,EuropePMC;OpenAlex,EPMC-3_serthr_lys_sitefeatures;OA-3_serthr_lys_sitefeatures,
1102,10.1126/scisignal.aaf5132,27703031,,2016,Sci Signal,Quantitative phosphoproteomic analysis identifies the critical role of JNK1 in neuroinflammation induced by Japanese encephalitis virus.,phosphorylation,experimental-proteomics,1,0,0,,,,,,,,,,,,,,,,,,EuropePMC,EPMC-3_serthr_lys_sitefeatures,
1103,10.1074/mcp.m113.034819,24732914,PMC4083111,2014,,Modulation of the chromatin phosphoproteome by the Haspin protein kinase.,phosphorylation,experimental-proteomics,1,0,0,,,,,,,,,,,,,,,,,,EuropePMC;OpenAlex,EPMC-3_serthr_lys_sitefeatures;OA-3_serthr_lys_sitefeatures,
1104,10.1038/ki.2014.107,24786704,,2014,Kidney Int,Early targets of lithium in rat kidney inner medullary collecting duct include p38 and ERK1/2.,phosphorylation,experimental-proteomics,1,0,0,,,,,,,,,,,,,,,,,,EuropePMC;OpenAlex,EPMC-3_serthr_lys_sitefeatures;OA-3_serthr_lys_sitefeatures,
1105,10.1021/acs.jproteome.5b01052,27933903,,2017,J Proteome Res,Proteomic Identification and Analysis of Arginine-Methylated Proteins of Plasmodium falciparum at Asexual Blood Stages.,other,experimental-proteomics,1,0,0,,,,,,,,,,,,,,,,,,EuropePMC;OpenAlex,EPMC-3_serthr_lys_sitefeatures;OA-3_serthr_lys_sitefeatures,
1106,10.1074/mcp.m110.004457,20860994,PMC3013462,2011,,The Plk1-dependent phosphoproteome of the early mitotic spindle.,phosphorylation,experimental-proteomics,1,0,0,,,,,,,,,,,,,,,,,,EuropePMC,EPMC-3_serthr_lys_sitefeatures,
1108,10.1021/pr300557m,23025827,,2012,J Proteome Res,The Plasmodium falciparum schizont phosphoproteome reveals extensive phosphatidylinositol and cAMP-protein kinase A signaling.,phosphorylation,experimental-proteomics,1,0,0,,,,,,,,,,,,,,,,,,EuropePMC;OpenAlex,EPMC-3_serthr_lys_sitefeatures;OA-3_serthr_lys_sitefeatures,
1109,10.1242/bio.20148367,24876389,PMC4058089,2014,,"Fission yeast arrestin-related trafficking adaptor, Arn1/Any1, is ubiquitinated by Pub1 E3 ligase and regulates endocytosis of Cat1 amino acid transporter.",ubiquitination,experimental-proteomics,1,1,0,,,,,,,,,,,,,,,,,,EuropePMC;OpenAlex,EPMC-3_serthr_lys_sitefeatures;OA-3_serthr_lys_sitefeatures,
1110,10.1038/srep31219,27492266,PMC4974569,2016,,Stress-dependent phosphorylation of myocardin-related transcription factor A (MRTF-A) by the p38(MAPK)/MK2 axis.,phosphorylation,experimental-proteomics,1,1,0,,,,,,,,,,,,,,,,,,EuropePMC,EPMC-3_serthr_lys_sitefeatures,
1113,10.7287/peerj.preprints.2966v1,,,2017,,Understanding evolutionary dynamics of phosphorylation with fungal species as model system,phosphorylation,experimental-proteomics,1,0,0,,,,,,,,,,,,,,,,,,EuropePMC,EPMC-3_serthr_lys_sitefeatures,
1115,10.1093/bioinformatics/btt387,23832245,PMC3777105,2013,,PhosphoChain: a novel algorithm to predict kinase and phosphatase networks from high-throughput expression data.,phosphorylation,computational-predictor,1,0,0,,,,,,,,,,,,,,,,,,EuropePMC,EPMC-3_serthr_lys_sitefeatures,
1118,10.4161/auto.26863,24300666,PMC5396081,2014,,Inducing autophagy: a comparative phosphoproteomic study of the cellular response to ammonia and rapamycin.,phosphorylation,experimental-proteomics,1,1,0,,,,,,,,,,,,,,,,,,EuropePMC,EPMC-3_serthr_lys_sitefeatures,
1119,10.1098/rsob.130097,24004664,PMC3787748,2013,,Ubiquitination site preferences in anaphase promoting complex/cyclosome (APC/C) substrates.,ubiquitination,experimental-proteomics,1,1,0,,,,,,,,,,,,,,,,,,EuropePMC;OpenAlex,EPMC-3_serthr_lys_sitefeatures;OA-3_serthr_lys_sitefeatures,
1122,10.1016/j.jprot.2013.06.029,23851311,,2014,J Proteomics,Phosphoproteome of Cryptococcus neoformans.,phosphorylation,experimental-proteomics,1,0,0,,,,,,,,,,,,,,,,,,EuropePMC;OpenAlex,EPMC-3_serthr_lys_sitefeatures;OA-3_serthr_lys_sitefeatures,
1124,10.1186/s12862-015-0327-z,25887984,PMC4362643,2015,,Evolution of lysine acetylation in the RNA polymerase II C-terminal domain.,acetylation,both,1,1,0,,,,,,,,,,,,,,,,,,EuropePMC;OpenAlex,EPMC-3_serthr_lys_sitefeatures;OA-3_serthr_lys_sitefeatures,
1125,10.1021/pr060559j,17330950,,2007,J Proteome Res,Large-scale phosphorylation analysis of alpha-factor-arrested Saccharomyces cerevisiae.,phosphorylation,experimental-proteomics,1,0,0,,,,,,,,,,,,,,,,,,EuropePMC,EPMC-3_serthr_lys_sitefeatures,
1126,10.1093/jxb/eru405,25316064,,2015,J Exp Bot,Identification and characterization of chloroplast casein kinase II from Oryza sativa (rice).,phosphorylation,experimental-proteomics,1,0,0,,,,,,,,,,,,,,,,,,EuropePMC;OpenAlex,EPMC-3_serthr_lys_sitefeatures;OA-3_serthr_lys_sitefeatures,
1127,10.1021/pr800147u,18452278,PMC2703005,2008,,Motif-specific sampling of phosphoproteomes.,phosphorylation,experimental-proteomics,1,0,0,,,,,,,,,,,,,,,,,,EuropePMC;OpenAlex,EPMC-3_serthr_lys_sitefeatures;OA-3_serthr_lys_sitefeatures,
1129,10.1074/mcp.m110.001750,21149613,PMC3069338,2011,,Large scale phosphoproteome profiles comprehensive features of mouse embryonic stem cells.,phosphorylation,experimental-proteomics,1,0,0,,,,,,,,,,,,,,,,,,EuropePMC;OpenAlex,EPMC-3_serthr_lys_sitefeatures;OA-3_serthr_lys_sitefeatures,
1130,10.1074/mcp.o113.028456,23882029,PMC3820945,2013,,Interrogating cAMP-dependent kinase signaling in Jurkat T cells via a protein kinase A targeted immune-precipitation phosphoproteomics approach.,phosphorylation,experimental-proteomics,1,0,0,,,,,,,,,,,,,,,,,,EuropePMC,EPMC-3_serthr_lys_sitefeatures,
1132,10.1016/j.dib.2015.08.010,26425664,PMC4564385,2015,,Dataset from the global phosphoproteomic mapping of early mitotic exit in human cells.,phosphorylation,experimental-proteomics,1,1,0,,,,,,,,,,,,,,,,,,EuropePMC,EPMC-3_serthr_lys_sitefeatures,
1133,10.1016/j.jprot.2011.10.003,22036931,,2012,J Proteomics,Identification of in vivo protein phosphorylation sites in human pathogen Schistosoma japonicum by a phosphoproteomic approach.,phosphorylation,experimental-proteomics,1,0,0,,,,,,,,,,,,,,,,,,EuropePMC,EPMC-3_serthr_lys_sitefeatures,
1134,10.1007/s00425-009-1037-9,20072825,,2010,Planta,Phosphoproteomic identification and phylogenetic analysis of ribosomal P-proteins in Populus dormant terminal buds.,phosphorylation,experimental-proteomics,1,0,0,,,,,,,,,,,,,,,,,,EuropePMC,EPMC-3_serthr_lys_sitefeatures,
1136,10.1021/pr100058r,20450225,,2010,J Proteome Res,Motif analysis of phosphosites discloses a potential prominent role of the Golgi casein kinase (GCK) in the generation of human plasma phospho-proteome.,phosphorylation,experimental-proteomics,1,0,0,,,,,,,,,,,,,,,,,,EuropePMC;OpenAlex,EPMC-3_serthr_lys_sitefeatures;OA-3_serthr_lys_sitefeatures,
1137,10.1021/pr500495s,25223752,,2014,J Proteome Res,Quantitative phosphoproteomic analysis of signaling downstream of the prostaglandin e2/g-protein coupled receptor in human synovial fibroblasts: potential antifibrotic networks.,phosphorylation,experimental-proteomics,1,0,0,,,,,,,,,,,,,,,,,,EuropePMC,EPMC-3_serthr_lys_sitefeatures,
1139,10.1074/mcp.m111.013375,22027198,PMC3418849,2012,,The induction of serine/threonine protein phosphorylations by a PDGFR/TrkA chimera in stably transfected PC12 cells.,phosphorylation,experimental-proteomics,1,0,0,,,,,,,,,,,,,,,,,,EuropePMC;OpenAlex,EPMC-3_serthr_lys_sitefeatures;OA-3_serthr_lys_sitefeatures,
1140,10.1073/pnas.1405601111,25002506,PMC4115529,2014,,Phosphoproteomic analysis identifies the tumor suppressor PDCD4 as a RSK substrate negatively regulated by 14-3-3.,phosphorylation,experimental-proteomics,1,0,0,,,,,,,,,,,,,,,,,,EuropePMC,EPMC-3_serthr_lys_sitefeatures,
1141,10.1039/c5sc00560d,29142712,PMC5667508,2015,,Integrating proteomics with electrochemistry for identifying kinase biomarkers.,phosphorylation,experimental-proteomics,1,1,0,,,,,,,,,,,,,,,,,,EuropePMC,EPMC-3_serthr_lys_sitefeatures,
1142,10.1073/pnas.0913482107,20368441,PMC2867705,2010,,Extensive phosphorylation with overlapping specificity by Mycobacterium tuberculosis serine/threonine protein kinases.,phosphorylation,experimental-proteomics,1,0,0,,,,,,,,,,,,,,,,,,EuropePMC,EPMC-3_serthr_lys_sitefeatures,
1144,10.1371/journal.pcbi.1002842,23326221,PMC3542066,2013,,Phosphorylation variation during the cell cycle scales with structural propensities of proteins.,phosphorylation,experimental-proteomics,1,1,0,,,,,,,,,,,,,,,,,,EuropePMC;OpenAlex,EPMC-3_serthr_lys_sitefeatures;OA-3_serthr_lys_sitefeatures,
1146,10.1039/b815075c,19081932,PMC2701618,2009,,An integrated comparative phosphoproteomic and bioinformatic approach reveals a novel class of MPM-2 motifs upregulated in EGFRvIII-expressing glioblastoma cells.,phosphorylation,experimental-proteomics,1,0,0,,,,,,,,,,,,,,,,,,EuropePMC,EPMC-3_serthr_lys_sitefeatures,
1147,10.1016/j.bbamcr.2009.01.013,19339213,,2009,Biochim Biophys Acta,Extraordinary pleiotropy of protein kinase CK2 revealed by weblogo phosphoproteome analysis.,phosphorylation,computational-predictor,1,0,0,,,,,,,,,,,,,,,,,,EuropePMC;OpenAlex,EPMC-3_serthr_lys_sitefeatures;OA-3_serthr_lys_sitefeatures,
1148,10.1128/mcb.05258-11,22006019,PMC3233030,2011,,Global phosphoproteome profiling reveals unanticipated networks responsive to cisplatin treatment of embryonic stem cells.,phosphorylation,experimental-proteomics,1,0,0,,,,,,,,,,,,,,,,,,EuropePMC;OpenAlex,EPMC-3_serthr_lys_sitefeatures;OA-3_serthr_lys_sitefeatures,
1150,10.1074/mcp.m115.055723,26699800,PMC4813686,2016,,Reactive Oxygen Species (ROS)-Activated ATM-Dependent Phosphorylation of Cytoplasmic Substrates Identified by Large-Scale Phosphoproteomics Screen.,phosphorylation,experimental-proteomics,1,0,0,,,,,,,,,,,,,,,,,,EuropePMC,EPMC-3_serthr_lys_sitefeatures,
1151,10.1074/mcp.m111.016014,22496350,PMC3418846,2012,,Global detection of protein kinase D-dependent phosphorylation events in nocodazole-treated human cells.,phosphorylation,experimental-proteomics,1,0,0,,,,,,,,,,,,,,,,,,EuropePMC,EPMC-3_serthr_lys_sitefeatures,
1152,10.1074/mcp.m700241-mcp200,17938406,,2008,Mol Cell Proteomics,Motif decomposition of the phosphotyrosine proteome reveals a new N-terminal binding motif for SHIP2.,phosphorylation,experimental-proteomics,1,0,0,,,,,,,,,,,,,,,,,,EuropePMC;OpenAlex,EPMC-3_serthr_lys_sitefeatures;OA-3_serthr_lys_sitefeatures,
1154,10.1152/ajprenal.00497.2013,24259510,PMC3920024,2014,,Global analysis of the effects of the V2 receptor antagonist satavaptan on protein phosphorylation in collecting duct.,phosphorylation,experimental-proteomics,1,0,0,,,,,,,,,,,,,,,,,,EuropePMC,EPMC-3_serthr_lys_sitefeatures,
1155,10.1073/pnas.1309473110,24218548,PMC3845176,2013,,Phosphoproteomic characterization of DNA damage response in melanoma cells following MEK/PI3K dual inhibition.,phosphorylation,experimental-proteomics,1,0,0,,,,,,,,,,,,,,,,,,EuropePMC,EPMC-3_serthr_lys_sitefeatures,
1157,10.1021/bi051071j,16262255,,2005,Biochemistry,Ubiquitination of p21Cip1/WAF1 by SCFSkp2: substrate requirement and ubiquitination site selection.,ubiquitination,experimental-proteomics,1,0,0,,,,,,,,,,,,,,,,,,EuropePMC;OpenAlex,EPMC-3_serthr_lys_sitefeatures;OA-3_serthr_lys_sitefeatures,
1158,10.1371/journal.pone.0067634,23826330,PMC3694890,2013,,A Novel Phosphopeptide Microarray Based Interactome Map in Breast Cancer Cells Reveals Phosphoprotein-GRB2 Cell Signaling Networks.,phosphorylation,experimental-proteomics,1,1,0,,,,,,,,,,,,,,,,,,EuropePMC;OpenAlex,EPMC-3_serthr_lys_sitefeatures;OA-3_serthr_lys_sitefeatures,
1159,10.1042/bj20140334,24660806,PMC4000136,2014,,Parkin is activated by PINK1-dependent phosphorylation of ubiquitin at Ser65.,phosphorylation,experimental-proteomics,1,1,0,,,,,,,,,,,,,,,,,,EuropePMC,EPMC-3_serthr_lys_sitefeatures,
1160,10.1042/bj20110720,21644927,PMC3292260,2011,,Discovery of cellular substrates for protein kinase A using a peptide array screening protocol.,phosphorylation,experimental-proteomics,1,0,0,,,,,,,,,,,,,,,,,,EuropePMC;OpenAlex,EPMC-3_serthr_lys_sitefeatures;OA-3_serthr_lys_sitefeatures,
1162,10.1371/journal.pone.0008903,20126658,PMC2811197,2010,,Biochemical profiling of histone binding selectivity of the yeast bromodomain family.,acetylation,experimental-proteomics,1,1,0,,,,,,,,,,,,,,,,,,EuropePMC,EPMC-3_serthr_lys_sitefeatures,
1164,10.1021/pr100864b,21210654,,2011,J Proteome Res,Quantitative phosphoproteomics studies using stable isotope dimethyl labeling coupled with IMAC-HILIC-nanoLC-MS/MS for estrogen-induced transcriptional regulation.,phosphorylation,experimental-proteomics,1,0,0,,,,,,,,,,,,,,,,,,EuropePMC,EPMC-3_serthr_lys_sitefeatures,
1165,10.1073/pnas.0609836104,17242355,PMC1785252,2007,,Large-scale phosphorylation analysis of mouse liver.,phosphorylation,experimental-proteomics,1,0,0,,,,,,,,,,,,,,,,,,EuropePMC;OpenAlex,EPMC-3_serthr_lys_sitefeatures;OA-3_serthr_lys_sitefeatures,
1168,10.1126/scisignal.2000475,20068231,,2010,Sci Signal,Quantitative phosphoproteomics reveals widespread full phosphorylation site occupancy during mitosis.,phosphorylation,experimental-proteomics,1,0,0,,,,,,,,,,,,,,,,,,EuropePMC;OpenAlex,EPMC-3_serthr_lys_sitefeatures;OA-3_serthr_lys_sitefeatures,
1169,10.1074/mcp.m112.019091,22942356,PMC3518118,2012,,Investigation of receptor interacting protein (RIP3)-dependent protein phosphorylation by quantitative phosphoproteomics.,phosphorylation,experimental-proteomics,1,0,0,,,,,,,,,,,,,,,,,,EuropePMC,EPMC-3_serthr_lys_sitefeatures,
1170,10.1002/pmic.200800420,19253305,,2009,Proteomics,Phosphoproteomic analysis of ethylene-regulated protein phosphorylation in etiolated seedlings of Arabidopsis mutant ein2 using two-dimensional separations coupled with a hybrid quadrupole time-of-flight mass spectrometer.,phosphorylation,experimental-proteomics,1,0,0,,,,,,,,,,,,,,,,,,EuropePMC,EPMC-3_serthr_lys_sitefeatures,
1171,10.1016/j.chembiol.2005.05.012,16039524,,2005,Chem Biol,Phosphoproteomic analysis with a solid-phase capture-release-tag approach.,phosphorylation,experimental-proteomics,1,0,0,,,,,,,,,,,,,,,,,,EuropePMC,EPMC-3_serthr_lys_sitefeatures,
1173,10.1073/pnas.0607084104,17287358,PMC1892997,2007,,Analysis of phosphorylation sites on proteins from Saccharomyces cerevisiae by electron transfer dissociation (ETD) mass spectrometry.,phosphorylation,experimental-proteomics,1,0,0,,,,,,,,,,,,,,,,,,EuropePMC;OpenAlex,EPMC-3_serthr_lys_sitefeatures;OA-3_serthr_lys_sitefeatures,
1175,10.1074/mcp.t500011-mcp200,16020427,,2005,Mol Cell Proteomics,A method of mapping protein sumoylation sites by mass spectrometry using a modified small ubiquitin-like modifier 1 (SUMO-1) and a computational program.,ubiquitination,experimental-proteomics,1,0,0,,,,,,,,,,,,,,,,,,EuropePMC;OpenAlex,EPMC-3_serthr_lys_sitefeatures;OA-3_serthr_lys_sitefeatures,
1176,10.1021/pr050134h,16212419,,2005,J Proteome Res,Phosphoproteome analysis of HeLa cells using stable isotope labeling with amino acids in cell culture (SILAC).,phosphorylation,experimental-proteomics,1,0,0,,,,,,,,,,,,,,,,,,EuropePMC;OpenAlex,EPMC-3_serthr_lys_sitefeatures;OA-3_serthr_lys_sitefeatures,
1178,10.64898/2026.05.08.723918,,,2026,,Task-Specialized Protein Language Models Decode the Sequence Grammar of Post-Translational Modification Sites,multi-PTM,computational-predictor,1,0,0,,,,,,,,,,,,,,,,,,EuropePMC,EPMC-4_background_control_explicit,
1180,10.1101/2025.06.25.661537,,,2025,,Protein Dynamics at Different Timescales Unlock Access to Hidden Post-Translational Modification Sites,phosphorylation,both,1,0,0,,,,,,,,,,,,,,,,,,EuropePMC,EPMC-4_background_control_explicit,
1188,10.3390/ijms242216050,38003238,,2023,Int J Mol Sci,Assessing the Role of Post-Translational Modifications of Mitochondrial RNA Polymerase.,phosphorylation,experimental-proteomics,1,0,0,,,,,,,,,,,,,,,,,,EuropePMC,EPMC-4_background_control_explicit,
1190,10.1016/j.molcel.2022.03.024,35427468,,2022,Mol Cell,Proteome-wide quantitative RNA-interactome capture identifies phosphorylation sites with regulatory potential in RBM20.,phosphorylation,experimental-proteomics,1,0,0,,,,,,,,,,,,,,,,,,EuropePMC,EPMC-4_background_control_explicit,
1192,10.1101/2021.07.12.452044,,,2021,,Proteome-wide quantitative RNA interactome capture (qRIC) identifies phosphorylation sites with regulatory potential in RBM20,phosphorylation,experimental-proteomics,1,0,0,,,,,,,,,,,,,,,,,,EuropePMC,EPMC-4_background_control_explicit,
1193,10.1016/j.biochi.2021.01.011,33485933,,2021,Biochimie,Effects of lysine 2-hydroxyisobutyrylation on bacterial FabI activity and resistance to triclosan.,other-lysine-acyl,both,1,0,0,,,,,,,,,,,,,,,,,,EuropePMC,EPMC-4_background_control_explicit,
1206,10.1371/journal.pone.0184405,28886091,PMC5590929,2017,,A study of the structural properties of sites modified by the O-linked 6-N-acetylglucosamine transferase.,other,experimental-proteomics,1,1,0,,,,,,,,,,,,,,,,,,EuropePMC,EPMC-4_background_control_explicit,
1209,10.1101/115121,,,2017,,A study of the structural properties of sites modified by the  <i>O</i>  -linked 6-N-acetylglucosamine transferase,other,experimental-proteomics,1,0,0,,,,,,,,,,,,,,,,,,EuropePMC,EPMC-4_background_control_explicit,
1214,10.1021/acs.analchem.7b01461,28708386,PMC5642040,2017,,Targeted Annotation of S-Sulfonylated Peptides by Selective Infrared Multiphoton Dissociation Mass Spectrometry.,cysteine-oxidation-general,experimental-proteomics,1,0,0,,,,,,,,,,,,,,,,,,EuropePMC,EPMC-4_background_control_explicit,
1217,10.1021/pr401006g,24661115,,2014,J Proteome Res,Hunting for unexpected post-translational modifications by spectral library searching with tier-wise scoring.,multi-PTM,computational-predictor,1,0,0,,,,,,,,,,,,,,,,,,EuropePMC;OpenAlex,EPMC-4_background_control_explicit;OA-4_background_control_explicit,
1218,10.1007/978-1-4939-9055-9_8,31256376,,2019,Methods Mol Biol,Characterization of Site-Specific N-Glycosylation.,other,other,1,0,0,,,,,,,,,,,,,,,,,,EuropePMC,EPMC-4_background_control_explicit,
1221,10.1039/c2mb25052g,22588506,,2012,Mol Biosyst,The origins and evolution of ubiquitination sites.,ubiquitination,other,1,0,0,,,,,,,,,,,,,,,,,,EuropePMC,EPMC-4_background_control_explicit,
1223,10.1074/mcp.m115.055616,26884511,PMC4858949,2016,,Global Protein Oxidation Profiling Suggests Efficient Mitochondrial Proteome Homeostasis During Aging.,cysteine-oxidation-general,experimental-proteomics,1,0,0,,,,,,,,,,,,,,,,,,EuropePMC;OpenAlex,EPMC-4_background_control_explicit;OA-4_background_control_explicit,
1230,10.1007/s00216-012-6235-9,22811063,PMC3577925,2012,,Comparing the efficiencies of hydrazide labels in the study of protein carbonylation in human serum albumin.,cysteine-oxidation-general,experimental-proteomics,1,0,0,,,,,,,,,,,,,,,,,,EuropePMC;OpenAlex,EPMC-4_background_control_explicit;OA-4_background_control_explicit,
1232,10.1126/scisignal.2001902,21791702,,2011,Sci Signal,Proteome-wide mapping of the Drosophila acetylome demonstrates a high degree of conservation of lysine acetylation.,acetylation,experimental-proteomics,1,0,0,,,,,,,,,,,,,,,,,,EuropePMC,EPMC-4_background_control_explicit,
1240,,,PMC3630607,2012,,iPRG 2012 Study: Detecting Modified Peptides in a Complex Mixture,multi-PTM,experimental-proteomics,1,0,0,,,,,,,,,,,,,,,,,,EuropePMC;OpenAlex,EPMC-4_background_control_explicit;OA-4_background_control_explicit,
1245,10.1021/pr0702159,17691833,,2007,J Proteome Res,Characterization of post-translational modifications of histone H2B-variants isolated from Arabidopsis thaliana.,multi-PTM,experimental-proteomics,1,0,0,,,,,,,,,,,,,,,,,,EuropePMC;OpenAlex,EPMC-4_background_control_explicit;OA-4_background_control_explicit,
1246,10.1021/ac048834d,15732931,,2005,Anal Chem,Approach for determining protein ubiquitination sites by MALDI-TOF mass spectrometry.,ubiquitination,experimental-proteomics,1,0,0,,,,,,,,,,,,,,,,,,EuropePMC;OpenAlex,EPMC-4_background_control_explicit;OA-4_background_control_explicit,
1248,10.1021/ac051904b,16737224,,2006,Anal Chem,Identification of protein ubiquitylation by electrospray ionization tandem mass spectrometric analysis of sulfonated tryptic peptides.,ubiquitination,experimental-proteomics,1,0,0,,,,,,,,,,,,,,,,,,EuropePMC;OpenAlex,EPMC-4_background_control_explicit;OA-4_background_control_explicit,
1251,10.1074/jbc.m511635200,16365035,,2005,Journal of Biological Chemistry,Differential Inhibition of Arabidopsis Methionine Adenosyltransferases by Protein S-Nitrosylation,S-nitrosylation,experimental-proteomics,1,0,0,,,,,,,,,,,,,,,,,,OpenAlex,OA-1_cys_redox_sitefeatures,
1254,10.1089/ars.2019.7777,31411056,,2019,Antioxidants and Redox Signaling,Direct Proteomic Mapping of Cysteine Persulfidation,persulfidation,experimental-proteomics,1,0,0,,,,,,,,,,,,,,,,,,OpenAlex,OA-1_cys_redox_sitefeatures,
1257,10.1073/pnas.1521318113,27035958,PMC4839463,2016,Proceedings of the National Academy of Sciences,S -nitrosation of proteins relevant to Alzheimer’s disease during early stages of neurodegeneration,S-nitrosylation,experimental-proteomics,1,0,0,,,,,,,,,,,,,,,,,,OpenAlex,OA-1_cys_redox_sitefeatures,
1258,10.1007/s10989-019-09931-2,,,2019,International Journal of Peptide Research and Therapeutics,Prediction of S-Sulfenylation Sites Using Statistical Moments Based Features via CHOU’S 5-Step Rule,S-sulfenylation,computational-predictor,1,0,0,,,,,,,,,,,,,,,,,,OpenAlex,OA-1_cys_redox_sitefeatures,
1259,10.1093/nar/gku1176,25399423,PMC4383970,2014,Nucleic Acids Research,"dbSNO 2.0: a resource for exploring structural environment, functional and disease association and regulatory network of protein S-nitrosylation",S-nitrosylation,database-resource,1,1,0,,,,,,,,,,,,,,,,,,OpenAlex,OA-1_cys_redox_sitefeatures,
1261,10.2174/1574893612666171122152208,,,2017,Current Bioinformatics,Prediction of Protein S-Sulfenylation Sites Using a Deep Belief Network,S-sulfenylation,computational-predictor,1,0,0,,,,,,,,,,,,,,,,,,OpenAlex,OA-1_cys_redox_sitefeatures,
1263,10.1371/journal.pone.0118752,25849935,PMC4388702,2015,PLoS ONE,GSHSite: Exploiting an Iteratively Statistical Method to Identify S-Glutathionylation Sites with Substrate Specificity,S-glutathionylation,computational-predictor,1,1,0,,,,,,,,,,,,,,,,,,OpenAlex,OA-1_cys_redox_sitefeatures,
1264,10.1109/access.2021.3049142,,,2021,IEEE Access,RecSNO: Prediction of Protein S-Nitrosylation Sites Using a Recurrent Neural Network,S-nitrosylation,computational-predictor,1,0,0,,,,,,,,,,,,,,,,,,OpenAlex,OA-1_cys_redox_sitefeatures,
1266,10.1007/s00521-020-04792-z,,,2020,Neural Computing and Applications,SulSite-GTB: identification of protein S-sulfenylation sites by fusing multiple feature information and gradient tree boosting,S-sulfenylation,computational-predictor,1,0,0,,,,,,,,,,,,,,,,,,OpenAlex,OA-1_cys_redox_sitefeatures,
1268,10.2174/1570178614666170421164731,,,2017,Letters in Organic Chemistry,Predicting S-sulfenylation Sites Using Physicochemical Properties Differences,S-sulfenylation,computational-predictor,1,0,0,,,,,,,,,,,,,,,,,,OpenAlex,OA-1_cys_redox_sitefeatures,
1269,10.3390/ijms21083027,32344771,PMC7215361,2020,International Journal of Molecular Sciences,Increased Protein S-Glutathionylation in Leber’s Hereditary Optic Neuropathy (LHON),S-glutathionylation,experimental-proteomics,1,1,0,,,,,,,,,,,,,,,,,,OpenAlex,OA-1_cys_redox_sitefeatures,
1271,10.1111/nph.20122,39279035,,2024,New Phytologist,Hydrogen sulfide antagonizes cytokinin to change root system architecture through persulfidation of CKX2 in Arabidopsis,persulfidation,experimental-proteomics,1,0,0,,,,,,,,,,,,,,,,,,OpenAlex,OA-1_cys_redox_sitefeatures,
1272,10.2174/1570178615666180802122953,,,2018,Letters in Organic Chemistry,Prediction of Nitrosocysteine Sites Using Position and Composition Variant Features,S-nitrosylation,computational-predictor,1,0,0,,,,,,,,,,,,,,,,,,OpenAlex,OA-1_cys_redox_sitefeatures,
1273,10.1104/pp.15.00026,25699590,,2015,PLANT PHYSIOLOGY,Site-Specific Nitrosoproteomic Identification of EndogenouslyS-Nitrosylated Proteins in Arabidopsis,S-nitrosylation,experimental-proteomics,1,0,0,,,,,,,,,,,,,,,,,,OpenAlex,OA-1_cys_redox_sitefeatures,
1275,10.1152/physiol.2023.38.s1.5730326,,,2023,Physiology,Carotid Body O2 Sensing requires H2S-dependent Persulfidation of Olfactory Receptor 78,persulfidation,experimental-proteomics,1,0,0,,,,,,,,,,,,,,,,,,OpenAlex,OA-1_cys_redox_sitefeatures,
1279,10.1126/scisignal.aar3396,29970601,PMC6726469,2018,Science Signaling,Proteomic analysis of S-nitrosylated nuclear proteins in rat cortical neurons,S-nitrosylation,experimental-proteomics,1,0,0,,,,,,,,,,,,,,,,,,OpenAlex,OA-1_cys_redox_sitefeatures,
1280,10.3390/ijms22020549,33430433,PMC7827142,2021,International Journal of Molecular Sciences,Post-Translational Modifications of Nitrate Reductases Autoregulates Nitric Oxide Biosynthesis in Arabidopsis,S-nitrosylation,experimental-proteomics,1,1,0,,,,,,,,,,,,,,,,,,OpenAlex,OA-1_cys_redox_sitefeatures,
1281,10.1016/j.isci.2021.102917,34430807,PMC8365368,2021,iScience,A global map of associations between types of protein posttranslational modifications and human genetic diseases,multi-PTM,other,1,1,0,,,,,,,,,,,,,,,,,,OpenAlex,OA-1_cys_redox_sitefeatures,
1282,10.1093/pcp/pcad163,38113384,,2023,Plant and Cell Physiology,"The Molecular Frequency, Conservation and Role of Reactive Cysteines in Plant Lipid Metabolism",multi-PTM,experimental-proteomics,1,0,0,,,,,,,,,,,,,,,,,,OpenAlex,OA-1_cys_redox_sitefeatures;OA-2_palmitoylation_sitefeatures,
1284,10.1074/jbc.m115.663906,26063799,PMC4513097,2015,Journal of Biological Chemistry,Selective Sensitization of Zinc Finger Protein Oxidation by Reactive Oxygen Species through Arsenic Binding,cysteine-oxidation-general,experimental-proteomics,1,0,0,,,,,,,,,,,,,,,,,,OpenAlex,OA-1_cys_redox_sitefeatures,
1289,,,,2019,Institutional Repositories DataBase (IRDB),Prediction of S-nitrosylation Sites by Integrating Support Vector Machine and Random Forest,S-nitrosylation,computational-predictor,1,0,0,,,,,,,,,,,,,,,,,,OpenAlex,OA-1_cys_redox_sitefeatures,
1293,10.1096/fasebj.29.1_supplement.370.1,,,2015,The FASEB Journal,A Chemical‐Proteomic Platform to Investigate Cysteine S‐Nitrosation,S-nitrosylation,experimental-proteomics,1,0,0,,,,,,,,,,,,,,,,,,OpenAlex,OA-1_cys_redox_sitefeatures,
1294,10.1096/fasebj.27.1_supplement.lb145,,,2013,The FASEB Journal,Quantitative Profiling of Cysteine S‐nitrosylation Susceptibility in Cancer,S-nitrosylation,experimental-proteomics,1,0,0,,,,,,,,,,,,,,,,,,OpenAlex,OA-1_cys_redox_sitefeatures,
1296,10.1096/fasebj.26.1_supplement.lb193,,,2012,The FASEB Journal,Examination of S‐nitrosylation sites in human Thioredoxin protein,S-nitrosylation,experimental-proteomics,1,0,0,,,,,,,,,,,,,,,,,,OpenAlex,OA-1_cys_redox_sitefeatures,
1297,10.1016/j.chemolab.2026.105653,,,2026,Chemometrics and Intelligent Laboratory Systems,A directional multi-LSTM framework integrated BERT for S-sulfhydration sites prediction,S-sulfenylation,computational-predictor,1,0,0,,,,,,,,,,,,,,,,,,OpenAlex,OA-1_cys_redox_sitefeatures,
1298,10.1096/fasebj.25.1_supplement.959.2,,,2011,The FASEB Journal,Site‐specific proteomic approach for study protein S‐nitrosylation,S-nitrosylation,experimental-proteomics,1,0,0,,,,,,,,,,,,,,,,,,OpenAlex,OA-1_cys_redox_sitefeatures,
1307,10.1113/ep093750,42435484,PMC13394150,2026,Experimental Physiology,Ageing alters cysteine oxidation‐regulated redox signalling in skeletal muscle: Integrative omics and AI‐based structural predictions,cysteine-oxidation-general,both,1,1,0,,,,,,,,,,,,,,,,,,OpenAlex,OA-1_cys_redox_sitefeatures,
1318,10.57709/1059438,,,2022,Digital Archive @ GSU,Prediction of Oxidation States of Cysteines and Disulphide Connectivity,cysteine-oxidation-general,computational-predictor,1,0,0,,,,,,,,,,,,,,,,,,OpenAlex,OA-1_cys_redox_sitefeatures,
1320,,,,2007,,Prediction of oxidation states of cysteines and disulfide bridges in proteins,cysteine-oxidation-general,computational-predictor,1,0,0,,,,,,,,,,,,,,,,,,OpenAlex,OA-1_cys_redox_sitefeatures,
1328,10.1186/s12967-024-05068-z,38493183,PMC10944602,2024,Journal of Translational Medicine,Redox proteomics of PANC-1 cells reveals the significance of HIF-1 signaling protein oxidation in pancreatic ductal adenocarcinoma pathogenesis,cysteine-oxidation-general,experimental-proteomics,1,1,0,,,,,,,,,,,,,,,,,,OpenAlex,OA-1_cys_redox_sitefeatures,
1330,10.1136/jnis.2009.001347,21994277,,2009,Journal of NeuroInterventional Surgery,Yes Virginia there is a Santa Claus,cysteine-oxidation-general,experimental-proteomics,1,0,0,,,,,,,,,,,,,,,,,,OpenAlex,OA-1_cys_redox_sitefeatures,
1336,10.1096/fasebj.2018.32.1_supplement.476.1,,,2018,The FASEB Journal,Chemical‐proteomic strategies to investigate reactive cysteines,S-nitrosylation,experimental-proteomics,1,0,0,,,,,,,,,,,,,,,,,,OpenAlex,OA-1_cys_redox_sitefeatures,
1342,10.1016/j.freeradbiomed.2018.04.169,,,2018,Free Radical Biology and Medicine,Identification of cysteine residues responsible for redox regulation of phospholipase iPLA 2 γ,cysteine-oxidation-general,experimental-proteomics,1,0,0,,,,,,,,,,,,,,,,,,OpenAlex,OA-1_cys_redox_sitefeatures,
1343,10.1016/j.freeradbiomed.2018.10.123,,,2018,Free Radical Biology and Medicine,EGF regulates biologically organized cysteine redox networks with distinct spatiotemporal dynamics,cysteine-oxidation-general,experimental-proteomics,1,0,0,,,,,,,,,,,,,,,,,,OpenAlex,OA-1_cys_redox_sitefeatures,
1357,10.12688/f1000research.6464.1,26339475,,2015,F1000Research,SwissPalm: Protein Palmitoylation database,palmitoylation,database-resource,1,0,0,,,,,,,,,,,,,,,,,,OpenAlex,OA-2_palmitoylation_sitefeatures,
1358,10.1038/s41598-017-04580-1,28680068,PMC5498535,2017,Scientific Reports,"Global, site-specific analysis of neuronal protein S-acylation",palmitoylation,experimental-proteomics,1,1,0,,,,,,,,,,,,,,,,,,OpenAlex,OA-2_palmitoylation_sitefeatures,
1361,10.1128/ec.00248-10,21193548,PMC3067466,2010,Eukaryotic Cell,Global Analysis of Protein Palmitoylation in African Trypanosomes,palmitoylation,experimental-proteomics,1,0,0,,,,,,,,,,,,,,,,,,OpenAlex,OA-2_palmitoylation_sitefeatures,
1365,10.1074/mcp.m110.006007,21785166,PMC3205854,2011,Molecular & Cellular Proteomics,Proteomic Profiling of S-acylated Macrophage Proteins Identifies a Role for Palmitoylation in Mitochondrial Targeting of Phospholipid Scramblase 3,palmitoylation,experimental-proteomics,1,0,0,,,,,,,,,,,,,,,,,,OpenAlex,OA-2_palmitoylation_sitefeatures,
1376,10.2174/1574893615999200605142828,,,2020,Current Bioinformatics,NPalmitoylDeep-PseAAC: A Predictor of N-Palmitoylation Sites in Proteins Using Deep Representations of Proteins and PseAAC via Modified 5-Steps Rule,palmitoylation,computational-predictor,1,0,0,,,,,,,,,,,,,,,,,,OpenAlex,OA-2_palmitoylation_sitefeatures,
1378,10.14800/nt.1603,,,2017,Neurotransmitter,Evolutionary acquisition and divergence of vertebrate HCN2 palmitoylation,palmitoylation,experimental-proteomics,1,0,0,,,,,,,,,,,,,,,,,,OpenAlex,OA-2_palmitoylation_sitefeatures,
1385,10.1016/j.chemolab.2014.04.009,,,2014,Chemometrics and Intelligent Laboratory Systems,Combining random forest with multi-amino acid features to identify protein palmitoylation sites,palmitoylation,computational-predictor,1,0,0,,,,,,,,,,,,,,,,,,OpenAlex,OA-2_palmitoylation_sitefeatures,
1387,10.14800/nt.1608,,,2017,Neurotransmitter,Conservation and phylogenetic stepwise changes of aquaporin (AQP) 4 palmitoylation in vertebrate evolution,palmitoylation,other,1,0,0,,,,,,,,,,,,,,,,,,OpenAlex,OA-2_palmitoylation_sitefeatures,
1388,10.1002/eji.70039,40828036,PMC12363430,2025,European Journal of Immunology,TLR9‐Driven S‐Palmitoylation in Dendritic Cells Reveals Immune and Metabolic Protein Targets,palmitoylation,experimental-proteomics,1,1,0,,,,,,,,,,,,,,,,,,OpenAlex,OA-2_palmitoylation_sitefeatures,
1394,10.2174/1568026617666170328100908,28356000,,2017,Current Topics in Medicinal Chemistry,New Achievements in Bioinformatics Prediction of Post Translational Modification of Proteins,multi-PTM,database-resource,1,0,0,,,,,,,,,,,,,,,,,,OpenAlex,OA-2_palmitoylation_sitefeatures,
1405,10.1074/jbc.m117.799650,28882895,PMC5655499,2017,Journal of Biological Chemistry,Peptide array-based screening reveals a large number of proteins interacting with the ankyrin-repeat domain of the zDHHC17 S-acyltransferase,palmitoylation,experimental-proteomics,1,1,0,,,,,,,,,,,,,,,,,,OpenAlex,OA-2_palmitoylation_sitefeatures,
1406,10.1105/tpc.112.106849,23543785,,2013,The Plant Cell,Roles of N-Terminal Fatty Acid Acylations in Membrane Compartment Partitioning:Arabidopsis h-Type Thioredoxins as a Case Study,palmitoylation,experimental-proteomics,1,0,0,,,,,,,,,,,,,,,,,,OpenAlex,OA-2_palmitoylation_sitefeatures,
1408,10.1016/j.febslet.2011.01.001,21219905,PMC3971372,2011,FEBS Letters,Protein N-acylation overrides differing targeting signals,palmitoylation,experimental-proteomics,1,0,0,,,,,,,,,,,,,,,,,,OpenAlex,OA-2_palmitoylation_sitefeatures,
1412,10.1083/jcb.202405042,39951021,PMC11827582,2025,The Journal of Cell Biology,An S-acylated N-terminus and a conserved loop regulate the activity of the ABHD17 deacylase,palmitoylation,experimental-proteomics,1,0,0,,,,,,,,,,,,,,,,,,OpenAlex,OA-2_palmitoylation_sitefeatures,
1433,10.1016/j.bpj.2017.11.3185,,,2018,Biophysical Journal,Mapping and Analysis of S-Palmitoylation Sites on RPE65 Protein,palmitoylation,experimental-proteomics,1,0,0,,,,,,,,,,,,,,,,,,OpenAlex,OA-2_palmitoylation_sitefeatures,
1434,10.1159/000343182,,,2012,Hormone Research in Paediatrics,Poster Presentations: pp. 47–150,palmitoylation,experimental-proteomics,1,0,0,,,,,,,,,,,,,,,,,,OpenAlex,OA-2_palmitoylation_sitefeatures,
1438,10.1038/s41598-020-77261-1,33219268,PMC7680127,2020,Scientific Reports,Nucleotide-binding sites can enhance N-acylation of nearby protein lysine residues,other-lysine-acyl,both,1,1,0,,,,,,,,,,,,,,,,,,OpenAlex,OA-2_palmitoylation_sitefeatures;OA-3_serthr_lys_sitefeatures,
1441,,,,2007,ScholarsArchive  (Brigham Young University),Palmitoylation and Oxidation of the Cysteine Rich Region of SNAP-25 and their Effects on Protein Interactions,palmitoylation,experimental-proteomics,1,0,0,,,,,,,,,,,,,,,,,,OpenAlex,OA-2_palmitoylation_sitefeatures,
1442,10.1096/fasebj.28.1_supplement.1066.16,,,2014,The FASEB Journal,Palmitoylation is required for activated PAR1 ubiquitination and p38 MAPK signaling (1066.16),palmitoylation,experimental-proteomics,1,0,0,,,,,,,,,,,,,,,,,,OpenAlex,OA-2_palmitoylation_sitefeatures,
1446,10.1096/fasebj.25.1_supplement.955.4,,,2011,The FASEB Journal,Rab38 trafficking and membrane targeting mediated by a potential c‐terminus palmitoylation mechanism,palmitoylation,experimental-proteomics,1,0,0,,,,,,,,,,,,,,,,,,OpenAlex,OA-2_palmitoylation_sitefeatures,
1459,10.1016/j.celrep.2026.116983,41678336,,2026,Cell Reports,SNAP25 undergoes phase separation to facilitate the assembly of the synaptic vesicle fusion machinery,palmitoylation,experimental-proteomics,1,0,0,,,,,,,,,,,,,,,,,,OpenAlex,OA-2_palmitoylation_sitefeatures,
1460,10.1111/tra.70031,41657026,,2026,Traffic,Palmitoyl Acyltransferases Control the Membrane Localization of DNAJC5 to Regulate Unconventional Protein Secretion,palmitoylation,experimental-proteomics,1,0,0,,,,,,,,,,,,,,,,,,OpenAlex,OA-2_palmitoylation_sitefeatures,
1483,10.1128/ec.05007-11,,,2011,Eukaryotic Cell,Articles of Significant Interest Selected from This Issue by the Editors,palmitoylation,experimental-proteomics,1,0,0,,,,,,,,,,,,,,,,,,OpenAlex,OA-2_palmitoylation_sitefeatures,
1538,10.1021/acs.jproteome.5b00485,26369940,,2015,Journal of Proteome Research,Global Analysis of Protein Lysine Succinylation Profiles and Their Overlap with Lysine Acetylation in the Marine Bacterium Vibrio parahemolyticus,other-lysine-acyl,experimental-proteomics,1,0,0,,,,,,,,,,,,,,,,,,OpenAlex,OA-3_serthr_lys_sitefeatures,
1543,10.1021/pr7006335,18257517,,2008,Journal of Proteome Research,Phosphoproteome Analysis of Fission Yeast,phosphorylation,experimental-proteomics,1,0,0,,,,,,,,,,,,,,,,,,OpenAlex,OA-3_serthr_lys_sitefeatures,
1544,10.1021/pr500133t,24874924,,2014,Journal of Proteome Research,Systematic Analysis of the Lysine Acetylome in Vibrio parahemolyticus,acetylation,experimental-proteomics,1,0,0,,,,,,,,,,,,,,,,,,OpenAlex,OA-3_serthr_lys_sitefeatures,
1549,10.1016/j.bbapap.2017.12.001,29313810,,2017,Biochimica et Biophysica Acta (BBA) - Proteins and Proteomics,"Proteome-wide lysine acetylation identification in developing rice (Oryza sativa) seeds and protein co-modification by acetylation, succinylation, ubiquitination, and phosphorylation",multi-PTM,experimental-proteomics,1,0,0,,,,,,,,,,,,,,,,,,OpenAlex,OA-3_serthr_lys_sitefeatures,
1550,10.1021/acs.jproteome.3c00156,37897433,,2023,Journal of Proteome Research,Global Profiling of Lysine Acetylation and Lactylation in Kupffer Cells,acetylation,experimental-proteomics,1,0,0,,,,,,,,,,,,,,,,,,OpenAlex,OA-3_serthr_lys_sitefeatures,
1554,10.1074/mcp.m114.041384,25680958,PMC4390248,2015,Molecular & Cellular Proteomics,Acetylproteomic Analysis Reveals Functional Implications of Lysine Acetylation in Human Spermatozoa (sperm),acetylation,experimental-proteomics,1,0,0,,,,,,,,,,,,,,,,,,OpenAlex,OA-3_serthr_lys_sitefeatures,
1555,10.1074/mcp.m800556-mcp200,19346560,PMC2716717,2009,Molecular & Cellular Proteomics,"The Phosphoproteome of Bloodstream Form Trypanosoma brucei, Causative Agent of African Sleeping Sickness",phosphorylation,experimental-proteomics,1,1,0,,,,,,,,,,,,,,,,,,OpenAlex,OA-3_serthr_lys_sitefeatures,
1556,10.1021/pr500992r,25377623,,2014,Journal of Proteome Research,Systematic Identification of the Lysine Succinylation in the Protozoan Parasite Toxoplasma gondii,other,experimental-proteomics,1,0,0,,,,,,,,,,,,,,,,,,OpenAlex,OA-3_serthr_lys_sitefeatures,
1557,10.1002/pmic.201700036,29106068,,2017,PROTEOMICS,Global Proteome Analysis Links Lysine Acetylation to Diverse Functions in Oryza Sativa,acetylation,experimental-proteomics,1,0,0,,,,,,,,,,,,,,,,,,OpenAlex,OA-3_serthr_lys_sitefeatures,
1559,10.1186/s13568-017-0393-2,28497289,PMC5427063,2017,AMB Express,Systematic analysis of the lysine acetylome reveals diverse functions of lysine acetylation in the oleaginous yeast Yarrowia lipolytica,acetylation,experimental-proteomics,1,1,0,,,,,,,,,,,,,,,,,,OpenAlex,OA-3_serthr_lys_sitefeatures,
1560,10.1371/journal.pone.0025381,21966514,PMC3178638,2011,PLoS ONE,Profiling the Trypanosoma cruzi Phosphoproteome,phosphorylation,experimental-proteomics,1,1,0,,,,,,,,,,,,,,,,,,OpenAlex,OA-3_serthr_lys_sitefeatures,
1561,10.1021/acs.jproteome.7b00222,28762273,,2017,Journal of Proteome Research,Systematic Analysis of Lysine Acetylation in the Halophilic Archaeon Haloferax mediterranei,acetylation,experimental-proteomics,1,0,0,,,,,,,,,,,,,,,,,,OpenAlex,OA-3_serthr_lys_sitefeatures,
1562,10.4172/jpb.1000163,21720494,PMC3124146,2011,Journal of Proteomics & Bioinformatics,Identification of Novel Phosphorylation Motifs Through an Integrative Computational and Experimental Analysis of the Human Phosphoproteome,phosphorylation,computational-predictor,1,0,0,,,,,,,,,,,,,,,,,,OpenAlex,OA-3_serthr_lys_sitefeatures,
1564,10.1186/s12864-017-3698-2,28427325,PMC5397794,2017,BMC Genomics,Global analysis of protein lysine succinylation profiles in common wheat,other-lysine-acyl,experimental-proteomics,1,1,0,,,,,,,,,,,,,,,,,,OpenAlex,OA-3_serthr_lys_sitefeatures,
1565,10.1104/pp.112.193987,22438062,,2012,PLANT PHYSIOLOGY,Quantitative Phosphoproteome Profiling of Iron-Deficient Arabidopsis Roots,phosphorylation,experimental-proteomics,1,0,0,,,,,,,,,,,,,,,,,,OpenAlex,OA-3_serthr_lys_sitefeatures,
1566,10.1074/mcp.m110.000117,20495213,PMC3033665,2010,Molecular & Cellular Proteomics,Phosphoproteome Analysis Reveals Regulatory Sites in Major Pathways of Cardiac Mitochondria,phosphorylation,experimental-proteomics,1,0,0,,,,,,,,,,,,,,,,,,OpenAlex,OA-3_serthr_lys_sitefeatures,
1567,10.1002/mbo3.952,31677250,PMC6957402,2019,MicrobiologyOpen,Acetylome analysis of lysine acetylation in the plant pathogenic bacterium Brenneria nigrifluens,acetylation,experimental-proteomics,1,1,0,,,,,,,,,,,,,,,,,,OpenAlex,OA-3_serthr_lys_sitefeatures,
1570,10.1371/journal.pone.0147586,26828863,PMC4734689,2016,PLoS ONE,Proteome-Wide Identification of Lysine Succinylation in the Proteins of Tomato (Solanum lycopersicum),other-lysine-acyl,experimental-proteomics,1,1,0,,,,,,,,,,,,,,,,,,OpenAlex,OA-3_serthr_lys_sitefeatures,
1573,10.1016/j.jprot.2019.103419,31212084,,2019,Journal of Proteomics,"Systematic analysis of lysine acetylome reveals potential functions of lysine acetylation in Shewanella baltica, the specific spoilage organism of aquatic products",acetylation,experimental-proteomics,1,0,0,,,,,,,,,,,,,,,,,,OpenAlex,OA-3_serthr_lys_sitefeatures,
1574,10.1111/tpj.13766,29124795,,2017,The Plant Journal,Proteomic analysis of lysine acetylation provides strong evidence for involvement of acetylated proteins in plant meiosis and tapetum function,acetylation,experimental-proteomics,1,0,0,,,,,,,,,,,,,,,,,,OpenAlex,OA-3_serthr_lys_sitefeatures,
1576,10.1021/acs.jproteome.6b00052,27297460,,2016,Journal of Proteome Research,Systematic Analysis of the Lysine Acetylome in Candida albicans,acetylation,experimental-proteomics,1,0,0,,,,,,,,,,,,,,,,,,OpenAlex,OA-3_serthr_lys_sitefeatures,
1577,10.1186/s12864-020-07365-5,33446097,PMC7809856,2021,BMC Genomics,Proteome-wide and lysine crotonylation profiling reveals the importance of crotonylation in chrysanthemum (Dendranthema grandiforum) under low-temperature,other-lysine-acyl,both,1,1,0,,,,,,,,,,,,,,,,,,OpenAlex,OA-3_serthr_lys_sitefeatures,
1578,10.1002/pmic.201500001,26046922,,2015,PROTEOMICS,"Comprehensive profiling of lysine acetylation suggests the widespread function is regulated by protein acetylation in the silkworm, Bombyx mori",acetylation,experimental-proteomics,1,0,0,,,,,,,,,,,,,,,,,,OpenAlex,OA-3_serthr_lys_sitefeatures,
1579,10.1074/mcp.m113.030171,24335353,PMC3916659,2013,Molecular & Cellular Proteomics,Proteome and Phosphoproteome Characterization Reveals New Response and Defense Mechanisms of Brachypodium distachyon Leaves under Salt Stress,phosphorylation,experimental-proteomics,1,1,0,,,,,,,,,,,,,,,,,,OpenAlex,OA-3_serthr_lys_sitefeatures,
1580,10.1093/bioinformatics/btn197,18426804,,2008,Bioinformatics,Comparative conservation analysis of the human mitotic phosphoproteome,phosphorylation,computational-predictor,1,0,0,,,,,,,,,,,,,,,,,,OpenAlex,OA-3_serthr_lys_sitefeatures,
1582,10.1038/s41598-018-22069-3,29483630,PMC5827021,2018,Scientific Reports,First profiling of lysine crotonylation of myofilament proteins and ribosomal proteins in zebrafish embryos,other-lysine-acyl,experimental-proteomics,1,1,0,,,,,,,,,,,,,,,,,,OpenAlex,OA-3_serthr_lys_sitefeatures,
1583,10.3389/fmicb.2017.02674,29375535,PMC5768625,2018,Frontiers in Microbiology,Comprehensive Proteomic Analysis of Lysine Acetylation in the Foodborne Pathogen Trichinella spiralis,acetylation,experimental-proteomics,1,1,0,,,,,,,,,,,,,,,,,,OpenAlex,OA-3_serthr_lys_sitefeatures,
1584,10.1002/elps.201600210,27696471,,2016,Electrophoresis,Global proteomic analysis of lysine acetylation in zebrafish (Danio rerio) embryos,acetylation,experimental-proteomics,1,0,0,,,,,,,,,,,,,,,,,,OpenAlex,OA-3_serthr_lys_sitefeatures,
1585,10.1080/07391102.2014.1001793,25616595,,2015,Journal of Biomolecular Structure and Dynamics,A method to distinguish between lysine acetylation and lysine ubiquitination with feature selection and analysis,multi-PTM,computational-predictor,1,0,0,,,,,,,,,,,,,,,,,,OpenAlex,OA-3_serthr_lys_sitefeatures,
1586,10.1021/pr900384k,19530675,,2009,Journal of Proteome Research,Caenorhabditis elegans Has a Phosphoproteome Atypical for Metazoans That Is Enriched in Developmental and Sex Determination Proteins,phosphorylation,experimental-proteomics,1,0,0,,,,,,,,,,,,,,,,,,OpenAlex,OA-3_serthr_lys_sitefeatures,
1587,10.1021/pr300242w,22468782,,2012,Journal of Proteome Research,Improve the Coverage for the Analysis of Phosphoproteome of HeLa Cells by a Tandem Digestion Approach,phosphorylation,experimental-proteomics,1,0,0,,,,,,,,,,,,,,,,,,OpenAlex,OA-3_serthr_lys_sitefeatures,
1590,10.1126/scisignal.aaa3117,26373674,,2015,Science Signaling,Systematic profiling of the bacterial phosphoproteome reveals bacterium-specific features of phosphorylation,phosphorylation,experimental-proteomics,1,0,0,,,,,,,,,,,,,,,,,,OpenAlex,OA-3_serthr_lys_sitefeatures,
1591,10.1038/s42003-019-0419-1,31069264,PMC6494858,2019,Communications Biology,Fungal acetylome comparative analysis identifies an essential role of acetylation in human fungal pathogen virulence,acetylation,experimental-proteomics,1,1,0,,,,,,,,,,,,,,,,,,OpenAlex,OA-3_serthr_lys_sitefeatures,
1594,10.1016/j.jprot.2016.08.001,27498276,,2016,Journal of Proteomics,Systematic analysis of the lysine acetylome of the pathogenic bacterium Spiroplasma eriocheiris reveals acetylated proteins related to metabolism and helical structure,acetylation,experimental-proteomics,1,0,0,,,,,,,,,,,,,,,,,,OpenAlex,OA-3_serthr_lys_sitefeatures,
1595,10.3389/fmicb.2020.564350,33193151,PMC7644960,2020,Frontiers in Microbiology,Global Proteomic Analysis of Lysine Crotonylation in the Plant Pathogen Botrytis cinerea,other-lysine-acyl,experimental-proteomics,1,1,0,,,,,,,,,,,,,,,,,,OpenAlex,OA-3_serthr_lys_sitefeatures,
1600,10.1002/pmic.202000049,32864800,,2020,PROTEOMICS,Global Lysine Crotonylation Profiling of Mouse Liver,other-lysine-acyl,experimental-proteomics,1,0,0,,,,,,,,,,,,,,,,,,OpenAlex,OA-3_serthr_lys_sitefeatures,
1601,10.3390/ijms20184423,31505730,PMC6770049,2019,International Journal of Molecular Sciences,Lysine Acetylation is an Important Post-Translational Modification that Modulates Heat Shock Response in the Sea Cucumber Apostichopus japonicus,acetylation,experimental-proteomics,1,1,0,,,,,,,,,,,,,,,,,,OpenAlex,OA-3_serthr_lys_sitefeatures,
1602,10.1021/acs.jproteome.9b00462,31483678,,2019,Journal of Proteome Research,Global Proteomic Analysis of Lysine Succinylation in Zebrafish (Danio rerio),other-lysine-acyl,experimental-proteomics,1,0,0,,,,,,,,,,,,,,,,,,OpenAlex,OA-3_serthr_lys_sitefeatures,
1603,10.1371/journal.pone.0107464,25222670,PMC4164654,2014,PLoS ONE,Discriminating between Lysine Sumoylation and Lysine Acetylation Using mRMR Feature Selection and Analysis,multi-PTM,computational-predictor,1,1,0,,,,,,,,,,,,,,,,,,OpenAlex,OA-3_serthr_lys_sitefeatures,
1604,10.1021/acs.jproteome.8b00062,29678115,,2018,Journal of Proteome Research,Characterization of Plasmodium falciparum Atypical Kinase PfPK7– Dependent Phosphoproteome,phosphorylation,experimental-proteomics,1,0,0,,,,,,,,,,,,,,,,,,OpenAlex,OA-3_serthr_lys_sitefeatures,
1605,10.1002/pmic.201000776,21630457,,2011,PROTEOMICS,ProteoConnections: A bioinformatics platform to facilitate proteome and phosphoproteome analyses,phosphorylation,database-resource,1,0,0,,,,,,,,,,,,,,,,,,OpenAlex,OA-3_serthr_lys_sitefeatures,
1610,10.1111/1758-2229.12907,33185947,,2020,Environmental Microbiology Reports,Quantitative acetylome analysis reveals involvement of glucosyltransferase acetylation in Streptococcus mutans biofilm formation,acetylation,experimental-proteomics,1,0,0,,,,,,,,,,,,,,,,,,OpenAlex,OA-3_serthr_lys_sitefeatures,
1611,10.1371/journal.pone.0094672,24722691,PMC3983226,2014,PLoS ONE,Predicting Kinase Activity in Angiotensin Receptor Phosphoproteomes Based on Sequence-Motifs and Interactions,phosphorylation,computational-predictor,1,1,0,,,,,,,,,,,,,,,,,,OpenAlex,OA-3_serthr_lys_sitefeatures,
1612,10.3389/fmicb.2023.1046163,36819054,PMC9935083,2023,Frontiers in Microbiology,Analysis of lysine acetylation in tomato spot wilt virus infection in Nicotiana benthamiana,acetylation,experimental-proteomics,1,1,0,,,,,,,,,,,,,,,,,,OpenAlex,OA-3_serthr_lys_sitefeatures,
1613,10.1016/j.jprot.2017.08.021,28882676,,2017,Journal of Proteomics,Malonylome analysis in developing rice (Oryza sativa) seeds suggesting that protein lysine malonylation is well-conserved and overlaps with acetylation and succinylation substantially,other-lysine-acyl,experimental-proteomics,1,0,0,,,,,,,,,,,,,,,,,,OpenAlex,OA-3_serthr_lys_sitefeatures;OA-4_background_control_explicit,
1615,10.1002/pmic.201300237,24227553,,2013,PROTEOMICS,Phosphoproteome analysis of Lotus japonicus seeds,phosphorylation,experimental-proteomics,1,0,0,,,,,,,,,,,,,,,,,,OpenAlex,OA-3_serthr_lys_sitefeatures,
1616,10.3390/ijms23031173,35163093,PMC8834973,2022,International Journal of Molecular Sciences,Comprehensive Profiling of Paper Mulberry (Broussonetia papyrifera) Crotonylome Reveals the Significance of Lysine Crotonylation in Young Leaves,other-lysine-acyl,experimental-proteomics,1,1,0,,,,,,,,,,,,,,,,,,OpenAlex,OA-3_serthr_lys_sitefeatures,
1617,10.1074/mcp.ra118.000929,30635358,PMC6442366,2019,Molecular & Cellular Proteomics,Macrophage Phosphoproteome Analysis Reveals MINCLE-dependent and -independent Mycobacterial Cord Factor Signaling,phosphorylation,experimental-proteomics,1,0,0,,,,,,,,,,,,,,,,,,OpenAlex,OA-3_serthr_lys_sitefeatures,
1621,10.1073/pnas.1921473117,32900925,PMC7519349,2020,Proceedings of the National Academy of Sciences,Hidden dynamic signatures drive substrate selectivity in the disordered phosphoproteome,phosphorylation,computational-predictor,1,1,0,,,,,,,,,,,,,,,,,,OpenAlex,OA-3_serthr_lys_sitefeatures,
1625,10.3390/microorganisms7110510,31671511,PMC6921067,2019,Microorganisms,Label-Free Quantitative Acetylome Analysis Reveals Toxoplasma gondii Genotype-Specific Acetylomic Signatures,acetylation,experimental-proteomics,1,1,0,,,,,,,,,,,,,,,,,,OpenAlex,OA-3_serthr_lys_sitefeatures,
1626,10.3389/fpls.2022.822374,35251091,PMC8888884,2022,Frontiers in Plant Science,Qualitative Proteome-Wide Analysis Reveals the Diverse Functions of Lysine Crotonylation in Dendrobium huoshanense,other,experimental-proteomics,1,1,0,,,,,,,,,,,,,,,,,,OpenAlex,OA-3_serthr_lys_sitefeatures,
1627,10.1371/journal.pntd.0008115,32203512,PMC7089424,2020,PLoS neglected tropical diseases,Deep phosphoproteome analysis of Schistosoma mansoni leads development of a kinomic array that highlights sex-biased differences in adult worm protein phosphorylation,phosphorylation,experimental-proteomics,1,1,0,,,,,,,,,,,,,,,,,,OpenAlex,OA-3_serthr_lys_sitefeatures,
1631,10.1186/1753-6561-5-s2-s4,21554762,PMC3090762,2011,BMC Proceedings,Mining the TRAF6/p62 interactome for a selective ubiquitination motif,ubiquitination,computational-predictor,1,1,0,,,,,,,,,,,,,,,,,,OpenAlex,OA-3_serthr_lys_sitefeatures,
1632,10.3389/fmicb.2022.816968,35250932,PMC8891801,2022,Frontiers in Microbiology,A Comprehensive Analysis of the Lysine Acetylome in the Aquatic Animals Pathogenic Bacterium Vibrio mimicus,acetylation,experimental-proteomics,1,1,0,,,,,,,,,,,,,,,,,,OpenAlex,OA-3_serthr_lys_sitefeatures,
1633,10.3892/ol.2020.12378,33408763,PMC7779902,2020,Oncology Letters,Dysregulation of phosphoproteins in hepatocellular carcinoma revealed via quantitative analysis of the phosphoproteome,phosphorylation,experimental-proteomics,1,1,0,,,,,,,,,,,,,,,,,,OpenAlex,OA-3_serthr_lys_sitefeatures,
1634,10.1016/j.plaphy.2020.02.031,32114400,,2020,Plant Physiology and Biochemistry,Comparative acetylome analysis of wild-type and fuzzless-lintless mutant ovules of upland cotton (Gossypium hirsutum Cv. Xu142) unveils differential protein acetylation may regulate fiber development,acetylation,experimental-proteomics,1,0,0,,,,,,,,,,,,,,,,,,OpenAlex,OA-3_serthr_lys_sitefeatures,
1635,10.1007/s00018-020-03474-2,32052090,PMC11105107,2020,Cellular and Molecular Life Sciences,Prevalence and significance of the commonest phosphorylated motifs in the human proteome: a global analysis,phosphorylation,experimental-proteomics,1,0,0,,,,,,,,,,,,,,,,,,OpenAlex,OA-3_serthr_lys_sitefeatures,
1638,10.1016/j.mcpro.2024.100715,38216124,PMC10864342,2024,Molecular & Cellular Proteomics,Nuclear Phosphoproteome Reveals Prolyl Isomerase PIN1 as a Modulator of Oncogene-Induced Senescence,phosphorylation,experimental-proteomics,1,1,0,,,,,,,,,,,,,,,,,,OpenAlex,OA-3_serthr_lys_sitefeatures,
1644,10.1016/j.jprot.2020.103891,32629196,,2020,Journal of Proteomics,Large-scale lysine crotonylation analysis reveals its potential role in spermiogenesis in the Chinese mitten crab Eriocheir sinensis,other-lysine-acyl,experimental-proteomics,1,0,0,,,,,,,,,,,,,,,,,,OpenAlex,OA-3_serthr_lys_sitefeatures,
1645,10.1016/j.jprot.2022.104719,36089190,,2022,Journal of Proteomics,Quantitative phosphoproteome analysis of Streptomyces coelicolor by immobilized zirconium (IV) affinity chromatography and mass spectrometry reveals novel regulated protein phosphorylation sites and sequence motifs,phosphorylation,experimental-proteomics,1,0,0,,,,,,,,,,,,,,,,,,OpenAlex,OA-3_serthr_lys_sitefeatures,
1649,10.21873/cgp.20210,32859632,PMC7472454,2020,Cancer Genomics & Proteomics,Characterization of Kinase Expression Related to Increased Migration of PC-3M Cells Using Global Comparative Phosphoproteome Analysis,phosphorylation,experimental-proteomics,1,0,0,,,,,,,,,,,,,,,,,,OpenAlex,OA-3_serthr_lys_sitefeatures,
1650,10.1002/prca.201400134,26033855,PMC5101124,2015,PROTEOMICS - CLINICAL APPLICATIONS,Mass spectrometric phosphoproteome analysis of HIV‐infected brain reveals novel phosphorylation sites and differential phosphorylation patterns,phosphorylation,experimental-proteomics,1,0,0,,,,,,,,,,,,,,,,,,OpenAlex,OA-3_serthr_lys_sitefeatures,
1652,10.1002/jcb.22220,19544398,,2009,Journal of Cellular Biochemistry,Phosphoproteome sequence analysis and significance: Mining association patterns around phosphorylation sites utilizing MAPRes,phosphorylation,computational-predictor,1,0,0,,,,,,,,,,,,,,,,,,OpenAlex,OA-3_serthr_lys_sitefeatures,
1653,10.1073/pnas.0611217104,17287340,PMC1794346,2007,Proceedings of the National Academy of Sciences,Global proteomic profiling of phosphopeptides using electron transfer dissociation tandem mass spectrometry,phosphorylation,experimental-proteomics,1,0,0,,,,,,,,,,,,,,,,,,OpenAlex,OA-3_serthr_lys_sitefeatures,
1656,10.1002/prca.202400061,39610256,,2024,PROTEOMICS - CLINICAL APPLICATIONS,Global Profiling of Protein Lactylation in Human Hippocampi,other-lysine-acyl,experimental-proteomics,1,0,0,,,,,,,,,,,,,,,,,,OpenAlex,OA-3_serthr_lys_sitefeatures,
1660,10.1002/ctm2.590,34841691,PMC8571946,2021,Clinical and Translational Medicine,"Comparative analysis of global transcriptome, proteome and acetylome in house dust mite‐induced murine allergic asthma model",acetylation,experimental-proteomics,1,1,0,,,,,,,,,,,,,,,,,,OpenAlex,OA-3_serthr_lys_sitefeatures,
1661,10.3390/jof9090920,37755028,PMC10532600,2023,Journal of Fungi,Quantitative Acetylome Analysis of Differentially Modified Proteins in Virulence-Differentiated Fusarium oxysporum f. sp. cucumerinum Isolates during Cucumber Colonization,acetylation,experimental-proteomics,1,1,0,,,,,,,,,,,,,,,,,,OpenAlex,OA-3_serthr_lys_sitefeatures,
1662,10.1074/mcp.m700564-mcp200,18388127,,2008,Molecular & Cellular Proteomics,Phosphoproteomic Analysis of the Mouse Brain Cytosol Reveals a Predominance of Protein Phosphorylation in Regions of Intrinsic Sequence Disorder,phosphorylation,experimental-proteomics,1,0,0,,,,,,,,,,,,,,,,,,OpenAlex,OA-3_serthr_lys_sitefeatures,
1663,10.1016/j.bbrc.2024.150895,39476757,,2024,Biochemical and Biophysical Research Communications,Characterization of Ksg1 protein kinase-dependent phosphoproteome in the fission yeast S. pombe,phosphorylation,experimental-proteomics,1,0,0,,,,,,,,,,,,,,,,,,OpenAlex,OA-3_serthr_lys_sitefeatures,
1664,10.1111/tpj.14315,30920011,,2019,The Plant Journal,Diurnal changes in concerted plant protein phosphorylation and acetylation in Arabidopsis organs and seedlings,multi-PTM,experimental-proteomics,1,0,0,,,,,,,,,,,,,,,,,,OpenAlex,OA-3_serthr_lys_sitefeatures,
1665,10.1016/j.dci.2023.104898,37531975,,2023,Developmental & Comparative Immunology,Large-scale lysine crotonylation analysis reveals the role of TRAF6-Ecsit complex in endoplasmic reticulum stress in mud crab (Scylla paramamosain),other-lysine-acyl,experimental-proteomics,1,0,0,,,,,,,,,,,,,,,,,,OpenAlex,OA-3_serthr_lys_sitefeatures,
1667,10.1016/j.envexpbot.2022.104917,,,2022,Environmental and Experimental Botany,Phosphoproteome profiling of rice tissues provides new insights into responsive mechanisms and kinase activity upon salt stress,phosphorylation,experimental-proteomics,1,0,0,,,,,,,,,,,,,,,,,,OpenAlex,OA-3_serthr_lys_sitefeatures,
1668,10.1002/pmic.200900144,19795423,,2009,PROTEOMICS,High‐accuracy identification and bioinformatic analysis of in vivo protein phosphorylation sites in yeast,phosphorylation,both,1,0,0,,,,,,,,,,,,,,,,,,OpenAlex,OA-3_serthr_lys_sitefeatures,
1669,10.1093/nar/gki393,15980451,PMC1160154,2005,Nucleic Acids Research,GPS: a comprehensive www server for phosphorylation sites prediction,phosphorylation,computational-predictor,1,1,0,,,,,,,,,,,,,,,,,,OpenAlex,OA-3_serthr_lys_sitefeatures,
1670,10.1073/pnas.1620529114,28808029,PMC5584407,2017,Proceedings of the National Academy of Sciences,Elucidating crosstalk mechanisms between phosphorylation and O-GlcNAcylation,multi-PTM,experimental-proteomics,1,0,0,,,,,,,,,,,,,,,,,,OpenAlex,OA-3_serthr_lys_sitefeatures,
1671,10.1016/j.jplph.2025.154686,41478012,,2025,Journal of Plant Physiology,Global lysine crotonylation profiling reveals metabolic and stress-responsive mechanisms in Reynoutria japonica,other-lysine-acyl,experimental-proteomics,1,0,0,,,,,,,,,,,,,,,,,,OpenAlex,OA-3_serthr_lys_sitefeatures,
1672,10.1111/jcmm.18205,38506089,PMC10951872,2024,Journal of Cellular and Molecular Medicine,Retinoic acid induced specific changes in the phosphoproteome of C17 .2 neural stem cells,phosphorylation,experimental-proteomics,1,1,0,,,,,,,,,,,,,,,,,,OpenAlex,OA-3_serthr_lys_sitefeatures,
1673,10.1038/s41598-017-02128-x,28500349,PMC5431936,2017,Scientific Reports,Quantitative Succinyl-Proteome Profiling of Camellia sinensis cv. ‘Anji Baicha’ During Periodic Albinism,other-lysine-acyl,experimental-proteomics,1,1,0,,,,,,,,,,,,,,,,,,OpenAlex,OA-3_serthr_lys_sitefeatures,
1675,10.1126/science.aaf2144,27738172,,2016,Science,Evolution of protein phosphorylation across 18 fungal species,phosphorylation,experimental-proteomics,1,0,0,,,,,,,,,,,,,,,,,,OpenAlex,OA-3_serthr_lys_sitefeatures,
1676,10.1016/j.jid.2021.02.216,,,2021,Journal of Investigative Dermatology,195 Comprehensive succinylome profiling reveals the pivotal role of lysine succinylation in energy metabolism and quorum sensing of Staphylococcus epidermidis,other-lysine-acyl,experimental-proteomics,1,0,0,,,,,,,,,,,,,,,,,,OpenAlex,OA-3_serthr_lys_sitefeatures,
1679,10.1186/s12953-016-0092-y,26843850,PMC4739109,2016,Proteome Science,Quantitative succinylome analysis in the liver of non-alcoholic fatty liver disease rat model,other-lysine-acyl,experimental-proteomics,1,1,0,,,,,,,,,,,,,,,,,,OpenAlex,OA-3_serthr_lys_sitefeatures,
1680,10.1016/j.azn.2024.10.002,,,2024,Animals and zoonoses.,Uncovering the profile of ubiquitination motif in catalytic proteins using sequence contextual features,ubiquitination,experimental-proteomics,1,0,0,,,,,,,,,,,,,,,,,,OpenAlex,OA-3_serthr_lys_sitefeatures,
1684,10.1186/s12870-019-2072-8,31684873,PMC6829946,2019,BMC Plant Biology,Quantitative succinyl-proteome profiling of Chinese hickory (Carya cathayensis) during the grafting process,other-lysine-acyl,experimental-proteomics,1,1,0,,,,,,,,,,,,,,,,,,OpenAlex,OA-3_serthr_lys_sitefeatures,
1685,10.1093/hr/uhad238,38222823,PMC10782497,2023,Horticulture Research,Integrated proteomic analysis reveals interactions between phosphorylation and ubiquitination in rose response to Botrytis infection,multi-PTM,experimental-proteomics,1,1,0,,,,,,,,,,,,,,,,,,OpenAlex,OA-3_serthr_lys_sitefeatures,
1688,10.1016/j.gpb.2019.01.005,33147495,PMC7801245,2020,Genomics Proteomics & Bioinformatics,Ubiquitinome Profiling Reveals the Landscape of Ubiquitination Regulation in Rice Young Panicles,ubiquitination,experimental-proteomics,1,1,0,,,,,,,,,,,,,,,,,,OpenAlex,OA-3_serthr_lys_sitefeatures,
1689,10.1021/pr8000173,18433157,,2008,Journal of Proteome Research,Site-Specific Phosphorylation Profiling of Arabidopsis Proteins by Mass Spectrometry and Peptide Chip Analysis,phosphorylation,experimental-proteomics,1,0,0,,,,,,,,,,,,,,,,,,OpenAlex,OA-3_serthr_lys_sitefeatures,
1692,10.1021/pr1010247,21299198,PMC3070063,2011,Journal of Proteome Research,Large-Scale Phosphoproteomics Analysis of Whole Saliva Reveals a Distinct Phosphorylation Pattern,phosphorylation,experimental-proteomics,1,0,0,,,,,,,,,,,,,,,,,,OpenAlex,OA-3_serthr_lys_sitefeatures,
1694,10.1186/1471-2105-16-s1-s1,25707307,PMC4331700,2015,BMC Bioinformatics,Characterization and identification of ubiquitin conjugation sites with E3 ligase recognition specificities,ubiquitination,computational-predictor,1,1,0,,,,,,,,,,,,,,,,,,OpenAlex,OA-3_serthr_lys_sitefeatures,
1695,10.1371/journal.pone.0084488,24400094,PMC3882224,2014,PLoS ONE,Phosphoproteomic Analysis of Platelets Activated by Pro-Thrombotic Oxidized Phospholipids and Thrombin,phosphorylation,experimental-proteomics,1,1,0,,,,,,,,,,,,,,,,,,OpenAlex,OA-3_serthr_lys_sitefeatures,
1696,10.1093/jnen/nly059,30016458,,2018,Journal of Neuropathology & Experimental Neurology,β-Amyloid Induces Pathology-Related Patterns of Tau Hyperphosphorylation at Synaptic Terminals,phosphorylation,experimental-proteomics,1,0,0,,,,,,,,,,,,,,,,,,OpenAlex,OA-3_serthr_lys_sitefeatures,
1700,10.1074/mcp.ra119.001486,31138642,PMC6731087,2019,Molecular & Cellular Proteomics,Global Proteome and Ubiquitinome Changes in the Soluble and Insoluble Fractions of Q175 Huntington Mice Brains,ubiquitination,experimental-proteomics,1,0,0,,,,,,,,,,,,,,,,,,OpenAlex,OA-3_serthr_lys_sitefeatures,
1701,10.1371/journal.pone.0253325,34138952,PMC8211214,2021,PLoS ONE,Systematic analysis of lysine 2-hydroxyisobutyrylation posttranslational modification in wheat leaves,other-lysine-acyl,experimental-proteomics,1,1,0,,,,,,,,,,,,,,,,,,OpenAlex,OA-3_serthr_lys_sitefeatures,
1702,10.1093/bioinformatics/btv550,26395771,PMC4739180,2015,Bioinformatics,Positive-unlabeled ensemble learning for kinase substrate prediction from dynamic phosphoproteomics data,phosphorylation,computational-predictor,1,0,0,,,,,,,,,,,,,,,,,,OpenAlex,OA-3_serthr_lys_sitefeatures,
1705,10.1021/pr401184v,24679076,,2014,Journal of Proteome Research,Integrative Network Analysis of the Signaling Cascades in Seedling Leaves of Bread Wheat by Large-Scale Phosphoproteomic Profiling,phosphorylation,experimental-proteomics,1,0,0,,,,,,,,,,,,,,,,,,OpenAlex,OA-3_serthr_lys_sitefeatures,
1707,10.1111/jfbc.13367,32729115,,2020,Journal of Food Biochemistry,Phosphoproteomic analysis of duck egg white and insight into the biological functions of identified phosphoproteins,phosphorylation,experimental-proteomics,1,0,0,,,,,,,,,,,,,,,,,,OpenAlex,OA-3_serthr_lys_sitefeatures,
1708,10.1074/mcp.m112.017863,22499768,PMC3418841,2012,Molecular & Cellular Proteomics,Quantitative Phosphoproteomic Analysis Reveals a Role for Serine and Threonine Kinases in the Cytoskeletal Reorganization in Early T Cell Receptor Activation in Human Primary T Cells,phosphorylation,experimental-proteomics,1,0,0,,,,,,,,,,,,,,,,,,OpenAlex,OA-3_serthr_lys_sitefeatures,
1709,10.1021/pr300503z,22871156,,2012,Journal of Proteome Research,Depletion of Acidic Phosphopeptides by SAX To Improve the Coverage for the Detection of Basophilic Kinase Substrates,phosphorylation,experimental-proteomics,1,0,0,,,,,,,,,,,,,,,,,,OpenAlex,OA-3_serthr_lys_sitefeatures,
1711,,,,2017,The Japanese Biochemical Society/The Molecular Biology Society of Japan,Comprehensive motif analysis of lysine ubiquitination sites based on large-scale cellular proteome data,ubiquitination,experimental-proteomics,1,0,0,,,,,,,,,,,,,,,,,,OpenAlex,OA-3_serthr_lys_sitefeatures,
1713,10.1111/tpj.13891,29575231,,2018,The Plant Journal,Phosphoproteomic profiling reveals ABA ‐responsive phosphosignaling pathways in Physcomitrella patens,phosphorylation,experimental-proteomics,1,0,0,,,,,,,,,,,,,,,,,,OpenAlex,OA-3_serthr_lys_sitefeatures,
1715,10.3389/fpls.2012.00122,22701463,PMC3371616,2012,Frontiers in Plant Science,Medicago PhosphoProtein Database: a repository for Medicago truncatula phosphoprotein data,phosphorylation,database-resource,1,1,0,,,,,,,,,,,,,,,,,,OpenAlex,OA-3_serthr_lys_sitefeatures,
1716,10.4161/cc.20233,22517431,,2012,Cell Cycle,Phosphoproteomic analysis of cells treated with longevity-related autophagy inducers,phosphorylation,experimental-proteomics,1,0,0,,,,,,,,,,,,,,,,,,OpenAlex,OA-3_serthr_lys_sitefeatures,
1719,10.1021/acschembio.2c00051,35613471,PMC9251651,2022,ACS Chemical Biology,Engineered SH2 Domains for Targeted Phosphoproteomics,phosphorylation,experimental-proteomics,1,0,0,,,,,,,,,,,,,,,,,,OpenAlex,OA-3_serthr_lys_sitefeatures,
1720,10.1021/acs.jproteome.9b00244,31180221,PMC6679793,2019,Journal of Proteome Research,Single-Shot Capillary Zone Electrophoresis–Tandem Mass Spectrometry Produces over 4400 Phosphopeptide Identifications from a 220 ng Sample,phosphorylation,experimental-proteomics,1,0,0,,,,,,,,,,,,,,,,,,OpenAlex,OA-3_serthr_lys_sitefeatures,
1722,10.1074/mcp.ra119.001356,31332097,PMC6773553,2019,Molecular & Cellular Proteomics,A Systems-level Characterization of the Differentiation of Human Embryonic Stem Cells into Mesenchymal Stem Cells*[S],phosphorylation,experimental-proteomics,1,0,0,,,,,,,,,,,,,,,,,,OpenAlex,OA-3_serthr_lys_sitefeatures,
1727,10.1074/jbc.ra119.011491,32094223,PMC7152761,2020,Journal of Biological Chemistry,Ubiquitination of the scaffold protein IQGAP1 diminishes its interaction with and activation of the Rho GTPase CDC42,ubiquitination,experimental-proteomics,1,0,0,,,,,,,,,,,,,,,,,,OpenAlex,OA-3_serthr_lys_sitefeatures,
1728,10.1111/omi.12255,30672658,,2019,Molecular Oral Microbiology,Global analysis of lysine succinylome in the periodontal pathogen Porphyromonas gingivalis,other-lysine-acyl,experimental-proteomics,1,0,0,,,,,,,,,,,,,,,,,,OpenAlex,OA-3_serthr_lys_sitefeatures,
1730,10.3389/fpls.2022.890581,35548272,PMC9082147,2022,Frontiers in Plant Science,Quantitative Ubiquitylomic Analysis of the Dynamic Changes and Extensive Modulation of Ubiquitylation in Papaya During the Fruit Ripening Process,ubiquitination,experimental-proteomics,1,1,0,,,,,,,,,,,,,,,,,,OpenAlex,OA-3_serthr_lys_sitefeatures,
1732,10.3389/fpls.2021.649147,33868348,PMC8045032,2021,Frontiers in Plant Science,Dynamic Responses of Barley Root Succinyl-Proteome to Short-Term Phosphate Starvation and Recovery,other-lysine-acyl,experimental-proteomics,1,1,0,,,,,,,,,,,,,,,,,,OpenAlex,OA-3_serthr_lys_sitefeatures,
1733,10.1152/ajprenal.00281.2019,31313956,PMC6843035,2019,American Journal of Physiology-Renal Physiology,Phosphoproteomic identification of vasopressin V2 receptor-dependent signaling in the renal collecting duct,phosphorylation,experimental-proteomics,1,0,0,,,,,,,,,,,,,,,,,,OpenAlex,OA-3_serthr_lys_sitefeatures,
1734,10.1021/pr1006153,20572634,,2010,Journal of Proteome Research,Identification of Tyrosine-Phosphorylated Proteins Associated with Lung Cancer Metastasis using Label-Free Quantitative Analyses,phosphorylation,experimental-proteomics,1,0,0,,,,,,,,,,,,,,,,,,OpenAlex,OA-3_serthr_lys_sitefeatures,
1738,10.1074/jbc.m115.675769,26370087,PMC4646365,2015,Journal of Biological Chemistry,Posttranslational Regulation of Human DNA Polymerase ι,ubiquitination,experimental-proteomics,1,1,0,,,,,,,,,,,,,,,,,,OpenAlex,OA-3_serthr_lys_sitefeatures,
1739,10.1371/journal.pone.0153007,27055109,PMC4824431,2016,PLoS ONE,Proteomic and Phosphoproteomic Insights into a Signaling Hub Role for Cdc14 in Asexual Development and Multiple Stress Responses in Beauveria bassiana,phosphorylation,experimental-proteomics,1,1,0,,,,,,,,,,,,,,,,,,OpenAlex,OA-3_serthr_lys_sitefeatures,
1740,10.1002/pmic.202100265,35094488,,2022,PROTEOMICS,In‐depth analysis of proteomic and genomic fluctuations during the time course of human embryonic stem cells directed differentiation into beta cells,phosphorylation,experimental-proteomics,1,0,0,,,,,,,,,,,,,,,,,,OpenAlex,OA-3_serthr_lys_sitefeatures,
1741,10.1186/s12953-018-0143-7,30140170,PMC6098843,2018,Proteome Science,Global phosphoproteomic analysis identifies SRMS-regulated secondary signaling intermediates,phosphorylation,experimental-proteomics,1,1,0,,,,,,,,,,,,,,,,,,OpenAlex,OA-3_serthr_lys_sitefeatures,
1743,10.3724/sp.j.1005.2013.00017,23357261,,2013,Hereditas (Beijing),Bioinformatics advances in protein ubiquitination,ubiquitination,other,1,0,0,,,,,,,,,,,,,,,,,,OpenAlex,OA-3_serthr_lys_sitefeatures,
1744,10.1096/fasebj.30.1_supplement.1109.1,,,2016,The FASEB Journal,Characterization of global phosphoproteome in mouse liver microsomes,phosphorylation,experimental-proteomics,1,0,0,,,,,,,,,,,,,,,,,,OpenAlex,OA-3_serthr_lys_sitefeatures,
1745,10.1002/pmic.201200369,23401153,PMC3883140,2013,PROTEOMICS,Integrative network analysis of signaling in human CD34+ hematopoietic progenitor cells by global phosphoproteomic profiling using TiO2 enrichment combined with 2D LC‐MS/MS and pathway mapping,phosphorylation,experimental-proteomics,1,0,0,,,,,,,,,,,,,,,,,,OpenAlex,OA-3_serthr_lys_sitefeatures,
1749,10.1021/pr501277g,25668447,,2015,Journal of Proteome Research,Systematic Investigation of Cellular Response and Pleiotropic Effects in Atorvastatin-Treated Liver Cells by MS-Based Proteomics,phosphorylation,experimental-proteomics,1,0,0,,,,,,,,,,,,,,,,,,OpenAlex,OA-3_serthr_lys_sitefeatures,
1752,10.1371/journal.pgen.1008819,32997654,PMC7550108,2020,PLoS Genetics,"The STRIPAK signaling complex regulates dephosphorylation of GUL1, an RNA-binding protein that shuttles on endosomes",phosphorylation,experimental-proteomics,1,1,0,,,,,,,,,,,,,,,,,,OpenAlex,OA-3_serthr_lys_sitefeatures,
1758,10.1042/bsr20211532,34350460,PMC8385350,2021,Bioscience Reports,Quantitative ubiquitylomics reveals the ubiquitination regulation landscape in oral adenoid cystic carcinoma,ubiquitination,experimental-proteomics,1,1,0,,,,,,,,,,,,,,,,,,OpenAlex,OA-3_serthr_lys_sitefeatures,
1760,10.3389/fonc.2025.1599183,40900785,PMC12399380,2025,Frontiers in Oncology,From gut to proteomics: the impact of Roseburia intestinalis on post-translational modifications in colorectal cancer,multi-PTM,experimental-proteomics,1,1,0,,,,,,,,,,,,,,,,,,OpenAlex,OA-3_serthr_lys_sitefeatures,
1762,10.3390/microorganisms14040926,42075322,PMC13118298,2026,Microorganisms,First Lysine Lactylation Profiling in Vibrio alginolyticus and Initial Characterization of VaCobQ as a Candidate Delactylase,other-lysine-acyl,experimental-proteomics,1,1,0,,,,,,,,,,,,,,,,,,OpenAlex,OA-3_serthr_lys_sitefeatures,
1763,10.1091/mbc.e18-05-0296,30044722,PMC6249810,2018,Molecular Biology of the Cell,Key phosphorylation events in Spc29 and Spc42 guide multiple steps of yeast centrosome duplication,phosphorylation,both,1,1,0,,,,,,,,,,,,,,,,,,OpenAlex,OA-3_serthr_lys_sitefeatures,
1765,10.1021/pr400657k,24224561,PMC4167842,2013,Journal of Proteome Research,Mercury Alters B-Cell Protein Phosphorylation Profiles,phosphorylation,experimental-proteomics,1,0,0,,,,,,,,,,,,,,,,,,OpenAlex,OA-3_serthr_lys_sitefeatures,
1766,10.1073/pnas.2523183123,40832327,PMC13273362,2026,Proceedings of the National Academy of Sciences,Phosphoproteome-derived peptide libraries for deep specificity profiling of phosphatases and phospholyases,phosphorylation,computational-predictor,1,1,0,,,,,,,,,,,,,,,,,,OpenAlex,OA-3_serthr_lys_sitefeatures,
1767,10.1371/journal.ppat.1011179,36848386,PMC9997916,2023,PLoS Pathogens,The alphavirus nonstructural protein 2 NTPase induces a host translational shut-off through phosphorylation of eEF2 via cAMP-PKA-eEF2K signaling,phosphorylation,experimental-proteomics,1,1,0,,,,,,,,,,,,,,,,,,OpenAlex,OA-3_serthr_lys_sitefeatures,
1768,10.1016/j.nbd.2025.107207,41319756,,2025,Neurobiology of Disease,JNK-regulated phosphoproteome links synaptic and metabolic pathways to mood regulation,phosphorylation,experimental-proteomics,1,0,0,,,,,,,,,,,,,,,,,,OpenAlex,OA-3_serthr_lys_sitefeatures,
1769,10.1002/aic.17931,,,2022,AIChE Journal,Endoplasmic reticulum sequestration empowers phosphorylation profiling on the yeast surface,phosphorylation,both,1,0,0,,,,,,,,,,,,,,,,,,OpenAlex,OA-3_serthr_lys_sitefeatures,
1771,10.3389/fmolb.2023.1105678,37200867,PMC10185843,2023,Frontiers in Molecular Biosciences,"In silico analysis of the profilaggrin sequence indicates alterations in the stability, degradation route, and intracellular protein fate in filaggrin null mutation carriers",ubiquitination,computational-predictor,1,1,0,,,,,,,,,,,,,,,,,,OpenAlex,OA-3_serthr_lys_sitefeatures,
1772,10.1016/j.bbr.2019.112436,31846630,,2019,Behavioural Brain Research,Global ubiquitome analysis of substantia nigra in doubly-mutant human alpha-synuclein transgenic mice,ubiquitination,experimental-proteomics,1,0,0,,,,,,,,,,,,,,,,,,OpenAlex,OA-3_serthr_lys_sitefeatures,
1773,10.1002/pmic.201200172,23090842,,2012,PROTEOMICS,Proteome‐wide analysis of temporal phosphorylation dynamics in lysophosphatidic acid‐induced signaling,phosphorylation,experimental-proteomics,1,0,0,,,,,,,,,,,,,,,,,,OpenAlex,OA-3_serthr_lys_sitefeatures,
1774,10.55563/clinexprheumatol/c0eeg7,39711363,,2024,Clinical and Experimental Rheumatology,Cross-reactivity of anti-modified protein antibodies in rheumatoid arthritis,multi-PTM,other,1,0,0,,,,,,,,,,,,,,,,,,OpenAlex,OA-3_serthr_lys_sitefeatures,
1775,10.1681/asn.2024fghrycak,,,2024,Journal of the American Society of Nephrology,Trap1 Lactylation Promotes Tubular Regeneration after AKI through Modulation of PIF1 Transcription,other-lysine-acyl,experimental-proteomics,1,0,0,,,,,,,,,,,,,,,,,,OpenAlex,OA-3_serthr_lys_sitefeatures,
1776,10.3390/molecules27031022,35164288,PMC8839046,2022,Molecules,Comparative Phosphoproteomic Analysis of Sporulated Oocysts and Tachyzoites of Toxoplasma gondii Reveals Stage-Specific Patterns,phosphorylation,experimental-proteomics,1,1,0,,,,,,,,,,,,,,,,,,OpenAlex,OA-3_serthr_lys_sitefeatures,
1783,10.1093/eurheartj/ehz748.0637,,,2019,European Heart Journal,P1889Quantitative global proteomics and lysine acetylome analysis of changes in left atrial appendage tissue from valvular heart disease patients with atrial fibrillation,acetylation,experimental-proteomics,1,0,0,,,,,,,,,,,,,,,,,,OpenAlex,OA-3_serthr_lys_sitefeatures,
1784,10.3389/fcell.2026.1877411,42591504,PMC13462224,2026,Frontiers in Cell and Developmental Biology,DFN-kcr: a dual-branch deep learning model with attention-guided fusion for predicting lysine crotonylation sites in human non-histone proteins,other-lysine-acyl,computational-predictor,1,1,0,,,,,,,,,,,,,,,,,,OpenAlex,OA-3_serthr_lys_sitefeatures,
1787,10.1016/j.compbiolchem.2025.108842,41406781,,2025,Computational Biology and Chemistry,DLS-SUC: A precision prediction framework for lysine succinylation sites integrating the protein language model (ESM-2) and dual imbalance strategies,other-lysine-acyl,computational-predictor,1,0,0,,,,,,,,,,,,,,,,,,OpenAlex,OA-3_serthr_lys_sitefeatures,
1788,10.1016/j.meatsci.2026.110139,42263367,,2026,Meat Science,"Protein lactylation in postmortem porcine skeletal muscle: Deciphering muscle-specificity patterns, molecular modification traits, and biochemical regulatory networks",other-lysine-acyl,experimental-proteomics,1,0,0,,,,,,,,,,,,,,,,,,OpenAlex,OA-3_serthr_lys_sitefeatures,
1791,10.1080/15548627.2024.2429380,39608349,PMC11925115,2024,Autophagy,RNF144A inhibits autophagy by targeting BECN1 for degradation during L. monocytogenes infection,ubiquitination,experimental-proteomics,1,0,0,,,,,,,,,,,,,,,,,,OpenAlex,OA-3_serthr_lys_sitefeatures,
1793,10.7717/peerj.16164,37818330,PMC10561642,2023,PeerJ,KSFinder—a knowledge graph model for link prediction of novel phosphorylated substrates of kinases,phosphorylation,computational-predictor,1,1,0,,,,,,,,,,,,,,,,,,OpenAlex,OA-3_serthr_lys_sitefeatures,
1797,10.3785/j.issn.1008-9209.2018.10.151,,,2019,DOAJ (DOAJ: Directory of Open Access Journals),Differential phosphoproteomic analysis of strawberry in response to Colletotrichum gloeosporioides,phosphorylation,experimental-proteomics,1,0,0,,,,,,,,,,,,,,,,,,OpenAlex,OA-3_serthr_lys_sitefeatures,
1798,10.1016/j.mcpro.2026.101571,42019804,PMC13213312,2026,Molecular & Cellular Proteomics,A Landscape Analysis of Human SUMOylation,other,experimental-proteomics,1,1,0,,,,,,,,,,,,,,,,,,OpenAlex,OA-3_serthr_lys_sitefeatures,
1801,10.1371/journal.pone.0050025,23166814,PMC3499474,2012,PLoS ONE,A Rapid Screening Assay to Search for Phosphorylated Proteins in Tissue Extracts,phosphorylation,experimental-proteomics,1,1,0,,,,,,,,,,,,,,,,,,OpenAlex,OA-3_serthr_lys_sitefeatures,
1804,10.1096/fasebj.30.1_supplement.lb160,,,2016,The FASEB Journal,A systemic approach for evaluating biological function of acetyllysine in Danio rerio,acetylation,experimental-proteomics,1,0,0,,,,,,,,,,,,,,,,,,OpenAlex,OA-3_serthr_lys_sitefeatures,
1810,10.1186/s12917-025-04496-3,39885502,PMC11784008,2025,BMC Veterinary Research,Comprehensive analysis of the succinylome in Vero cells infected with peste des petits ruminants virus Nigeria 75/1 vaccine strain,other,experimental-proteomics,1,1,0,,,,,,,,,,,,,,,,,,OpenAlex,OA-3_serthr_lys_sitefeatures,
1815,,,,2007,PubMed Central,P76-S Targeted Mass Spectrometric Strategies for Global Mapping of Ubiquitination on Proteins,ubiquitination,experimental-proteomics,1,0,0,,,,,,,,,,,,,,,,,,OpenAlex,OA-3_serthr_lys_sitefeatures,
1818,10.15835/buasvmcn-asb:2021.0005,,,2021,Bulletin of University of Agricultural Sciences and Veterinary Medicine Cluj-Napoca Animal Science and Biotechnologies,Characterization of intron 7 to exon 8 of heat shock protein 90-aa1 (hsp90aa1) gene in dominant brown layer chicken using some bioinformatic tools,multi-PTM,computational-predictor,1,0,0,,,,,,,,,,,,,,,,,,OpenAlex,OA-3_serthr_lys_sitefeatures;OA-4_background_control_explicit,
1819,,,,2022,Iowa State University Digital Repository (Iowa State University),Acetyl-CoA-mediated autoacetylation of fatty acid synthase as a metabolic switch of de novo lipogenesis in Drosophila,acetylation,experimental-proteomics,1,0,0,,,,,,,,,,,,,,,,,,OpenAlex,OA-3_serthr_lys_sitefeatures,
1820,10.1080/27694127.2025.2580781,41255949,PMC12622308,2025,Autophagy Reports,Deacetylation of HSC70 by SIRT2 promotes chaperone mediated autophagy,acetylation,experimental-proteomics,1,1,0,,,,,,,,,,,,,,,,,,OpenAlex,OA-3_serthr_lys_sitefeatures,
1829,,,,2014,Europe PMC (PubMed Central),Characterizing Low Stoichiometry Phosphorylation Events without the Requirement for Extensive Fractionation.,phosphorylation,experimental-proteomics,1,0,0,,,,,,,,,,,,,,,,,,OpenAlex,OA-3_serthr_lys_sitefeatures,
1831,10.1186/s40543-025-00493-1,,,2025,Journal of Analytical Science & Technology,Comprehensive phosphoproteomic profiling of the signaling network in mesenchymal stem cells upon dimethyl fumarate treatment,phosphorylation,experimental-proteomics,1,0,0,,,,,,,,,,,,,,,,,,OpenAlex,OA-3_serthr_lys_sitefeatures,
1833,10.1096/fasebj.2022.36.s1.r2248,,,2022,The FASEB Journal,SIRT6 Protects Against Liver Fibrosis by Negatively Regulating YAP/TAZ,acetylation,experimental-proteomics,1,0,0,,,,,,,,,,,,,,,,,,OpenAlex,OA-3_serthr_lys_sitefeatures,
1835,10.1096/fasebj.2019.33.1_supplement.475.6,,,2019,The FASEB Journal,Illuminating DYRK1A Substrates Through a Multi‐omic Drug Based Approach,phosphorylation,both,1,0,0,,,,,,,,,,,,,,,,,,OpenAlex,OA-3_serthr_lys_sitefeatures,
1837,,,,2015,Journal of International Crisis and Risk Communication Research,Proteomic Analysis Delineates the Signaling Networks of Plasmodium falciparum,phosphorylation,experimental-proteomics,1,0,0,,,,,,,,,,,,,,,,,,OpenAlex,OA-3_serthr_lys_sitefeatures,
1839,10.1021/acs.jpcb.4c05185,39320068,PMC12042798,2024,The Journal of Physical Chemistry B,Protein-Sequence-Based Search of Nonreceptor ITAM-Like Regions to Identify Cytosolic Syk-Recruiting Proteins,phosphorylation,computational-predictor,1,0,0,,,,,,,,,,,,,,,,,,OpenAlex,OA-3_serthr_lys_sitefeatures,
1843,10.1016/j.jmccpl.2025.100301,40485773,PMC12144453,2025,Journal of Molecular and Cellular Cardiology Plus,PP2A-B56α is a key determinant of cardiac protein phosphorylation and functional responses to β-adrenergic signalling,phosphorylation,experimental-proteomics,1,1,0,,,,,,,,,,,,,,,,,,OpenAlex,OA-3_serthr_lys_sitefeatures,
1846,10.1016/j.jalz.2018.06.1549,,,2018,Alzheimer s & Dementia,P3‐191: COMPREHENSIVE MAPPING OF ALZHEIMER'S DISEASE BRAIN UBIQUITYLOME,ubiquitination,experimental-proteomics,1,0,0,,,,,,,,,,,,,,,,,,OpenAlex,OA-3_serthr_lys_sitefeatures,
1848,10.14806/ej.18.a.448,,,2012,EMBnet journal,Domain-context information for the improvement of phosphorylation site prediction,phosphorylation,computational-predictor,1,0,0,,,,,,,,,,,,,,,,,,OpenAlex,OA-3_serthr_lys_sitefeatures,
1853,10.1074/mcp.m110.004796,21098080,PMC3033685,2010,Molecular & Cellular Proteomics,A Novel Proteomics Approach to Identify SUMOylated Proteins and Their Modification Sites in Human Cells,ubiquitination,experimental-proteomics,1,0,0,,,,,,,,,,,,,,,,,,OpenAlex,OA-4_background_control_explicit,
1857,10.1093/bib/bbab486,34864888,,2021,Briefings in Bioinformatics,iRice-MS: An integrated XGBoost model for detecting multitype post-translational modification sites in rice,multi-PTM,computational-predictor,1,0,0,,,,,,,,,,,,,,,,,,OpenAlex,OA-4_background_control_explicit,
1860,10.1039/c6mb00138f,27063346,PMC4905554,2016,Molecular BioSystems,Comprehensive mapping of O -GlcNAc modification sites using a chemically cleavable tag,acetylation,experimental-proteomics,1,0,0,,,,,,,,,,,,,,,,,,OpenAlex,OA-4_background_control_explicit,
1862,10.1093/glycob/cwt071,24000282,,2013,Glycobiology,Lactobacillus plantarum WCFS1 O-linked protein glycosylation: An extended spectrum of target proteins and modification sites detected by mass spectrometry,acetylation,experimental-proteomics,1,0,0,,,,,,,,,,,,,,,,,,OpenAlex,OA-4_background_control_explicit,
1868,10.1371/journal.pcbi.1007967,32569263,PMC7332089,2020,PLoS Computational Biology,Assessing predictors for new post translational modification sites: A case study on hydroxylation,other,computational-predictor,1,1,0,,,,,,,,,,,,,,,,,,OpenAlex,OA-4_background_control_explicit,
1870,10.1007/s00216-015-8487-7,25636230,PMC4365289,2015,Analytical and Bioanalytical Chemistry,Comparison of modification sites in glycated crystallin in vitro and in vivo,other,experimental-proteomics,1,1,0,,,,,,,,,,,,,,,,,,OpenAlex,OA-4_background_control_explicit,
1872,10.1016/j.compbiomed.2024.108330,38588617,,2024,Computers in Biology and Medicine,Prediction of protein N-terminal acetylation modification sites based on CNN-BiLSTM-attention model,acetylation,computational-predictor,1,0,0,,,,,,,,,,,,,,,,,,OpenAlex,OA-4_background_control_explicit,
1873,10.1074/mcp.ra118.000812,30420486,PMC6356076,2018,Molecular & Cellular Proteomics,PTMiner: Localization and Quality Control of Protein Modifications Detected in an Open Search and Its Application to Comprehensive Post-translational Modification Characterization in Human Proteome*,multi-PTM,experimental-proteomics,1,0,0,,,,,,,,,,,,,,,,,,OpenAlex,OA-4_background_control_explicit,
1874,10.1016/j.mcpro.2022.100425,36241021,PMC9554009,2022,Molecular & Cellular Proteomics,Open Modification Searching of SARS-CoV-2–Human Protein Interaction Data Reveals Novel Viral Modification Sites,multi-PTM,experimental-proteomics,1,1,0,,,,,,,,,,,,,,,,,,OpenAlex,OA-4_background_control_explicit,
1875,10.1074/mcp.m113.032813,24187338,PMC3879627,2013,Molecular & Cellular Proteomics,Proteome Informatics Research Group (iPRG)_2012: A Study on Detecting Modified Peptides in a Complex Mixture,multi-PTM,experimental-proteomics,1,0,0,,,,,,,,,,,,,,,,,,OpenAlex,OA-4_background_control_explicit,
1876,10.1021/pr050473a,17022627,PMC2536618,2006,Journal of Proteome Research,Age-Related Changes in Human Crystallins Determined from Comparative Analysis of Post-translational Modifications in Young and Aged Lens: Does Deamidation Contribute to Crystallin Insolubility?,other,experimental-proteomics,1,0,0,,,,,,,,,,,,,,,,,,OpenAlex,OA-4_background_control_explicit,
1877,10.1074/mcp.tir118.000943,30563849,PMC6398202,2018,Molecular & Cellular Proteomics,A Curated Resource for Phosphosite-specific Signature Analysis,phosphorylation,database-resource,1,0,0,,,,,,,,,,,,,,,,,,OpenAlex,OA-4_background_control_explicit,
1878,10.1007/s10969-013-9169-3,24407378,,2014,Journal of Structural and Functional Genomics,Structural insights of post-translational modification sites in the proteome of Thermus thermophilus,multi-PTM,other,1,0,0,,,,,,,,,,,,,,,,,,OpenAlex,OA-4_background_control_explicit,
1887,10.1038/ncomms12917,27686526,PMC5056437,2016,Nature Communications,Proteome-wide identification of the endogenous ADP-ribosylome of mammalian cells and tissue,other-lysine-acyl,experimental-proteomics,1,1,0,,,,,,,,,,,,,,,,,,OpenAlex,OA-4_background_control_explicit,
1888,10.1016/j.jasms.2006.04.030,16750385,,2006,Journal of the American Society for Mass Spectrometry,Identification of specific protein carbonylation sites in model oxidations of human serum albumin,cysteine-oxidation-general,experimental-proteomics,1,0,0,,,,,,,,,,,,,,,,,,OpenAlex,OA-4_background_control_explicit,
1889,10.1021/pr301219h,23438649,,2013,Journal of Proteome Research,Mapping PARP-1 Auto-ADP-ribosylation Sites by Liquid Chromatography–Tandem Mass Spectrometry,other,experimental-proteomics,1,0,0,,,,,,,,,,,,,,,,,,OpenAlex,OA-4_background_control_explicit,
1894,10.1002/pmic.200701043,18398879,,2008,PROTEOMICS,Post‐translational modification of cellular proteins during Leishmania donovani differentiation,multi-PTM,experimental-proteomics,1,0,0,,,,,,,,,,,,,,,,,,OpenAlex,OA-4_background_control_explicit,
1896,10.1021/jacs.0c04710,32510947,PMC7394295,2020,Journal of the American Chemical Society,Precision Mapping of O-Linked N-Acetylglucosamine Sites in Proteins Using Ultraviolet Photodissociation Mass Spectrometry,other,experimental-proteomics,1,0,0,,,,,,,,,,,,,,,,,,OpenAlex,OA-4_background_control_explicit,
1903,10.1074/mcp.m900238-mcp200,19654425,PMC2758755,2009,Molecular & Cellular Proteomics,High Throughput Characterization of Combinatorial Histone Codes,acetylation,experimental-proteomics,1,0,0,,,,,,,,,,,,,,,,,,OpenAlex,OA-4_background_control_explicit,
1904,10.1038/nmeth891,16791211,,2006,Nature Methods,Automated identification of SUMOylation sites using mass spectrometry and SUMmOn pattern recognition software,other,experimental-proteomics,1,0,0,,,,,,,,,,,,,,,,,,OpenAlex,OA-4_background_control_explicit,
1905,10.2337/db08-0994,18984734,PMC2628603,2008,Diabetes,Site-Specific GlcNAcylation of Human Erythrocyte Proteins,other,experimental-proteomics,1,1,0,,,,,,,,,,,,,,,,,,OpenAlex,OA-4_background_control_explicit,
1908,10.1021/pr4005579,24087892,,2013,Journal of Proteome Research,Identification of Enriched PTM Crosstalk Motifs from Large-Scale Experimental Data Sets,multi-PTM,computational-predictor,1,0,0,,,,,,,,,,,,,,,,,,OpenAlex,OA-4_background_control_explicit,
1910,10.1074/mcp.ra118.000696,29610271,PMC6030718,2018,Molecular & Cellular Proteomics,Mining the Human Tissue Proteome for Protein Citrullination,other,experimental-proteomics,1,0,0,,,,,,,,,,,,,,,,,,OpenAlex,OA-4_background_control_explicit,
1914,10.2174/0115748936283134240109054157,,,2024,Current Bioinformatics,DeepPTM: Protein Post-translational Modification Prediction from Protein Sequences by Combining Deep Protein Language Model with Vision Transformers,multi-PTM,computational-predictor,1,0,0,,,,,,,,,,,,,,,,,,OpenAlex,OA-4_background_control_explicit,
1916,10.1021/pr401179v,24926564,PMC4084841,2014,Journal of Proteome Research,Proteomic Quantification and Site-Mapping of S -Nitrosylated Proteins Using Isobaric iodoTMT Reagents,S-nitrosylation,experimental-proteomics,1,1,0,,,,,,,,,,,,,,,,,,OpenAlex,OA-4_background_control_explicit,
1921,10.1039/c5mb00853k,26739209,,2015,Molecular BioSystems,SuccinSite: a computational tool for the prediction of protein succinylation sites by exploiting the amino acid patterns and properties,other-lysine-acyl,computational-predictor,1,0,0,,,,,,,,,,,,,,,,,,OpenAlex,OA-4_background_control_explicit,
1929,10.1186/s13046-024-02943-x,38291438,PMC10829273,2024,Journal of Experimental & Clinical Cancer Research,Lactylation stabilizes DCBLD1 activating the pentose phosphate pathway to promote cervical cancer progression,other-lysine-acyl,experimental-proteomics,1,1,0,,,,,,,,,,,,,,,,,,OpenAlex,OA-4_background_control_explicit,
1931,10.1021/pr500799m,25423611,,2014,Journal of Proteome Research,Sensitive and Site-Specific Identification of Carboxymethylated and Carboxyethylated Peptides in Tryptic Digests of Proteins and Human Plasma,other-lysine-acyl,experimental-proteomics,1,0,0,,,,,,,,,,,,,,,,,,OpenAlex,OA-4_background_control_explicit,
1933,10.1074/mcp.m116.061549,27558639,PMC5098038,2016,Molecular & Cellular Proteomics,"Cysteine S-linked N-acetylglucosamine (S-GlcNAcylation), A New Post-translational Modification in Mammals",other-lysine-acyl,experimental-proteomics,1,0,0,,,,,,,,,,,,,,,,,,OpenAlex,OA-4_background_control_explicit,
1937,10.1074/mcp.m112.024109,23720761,PMC3769336,2013,Molecular & Cellular Proteomics,Comparing and Combining Capillary Electrophoresis Electrospray Ionization Mass Spectrometry and Nano–Liquid Chromatography Electrospray Ionization Mass Spectrometry for the Characterization of Post-translationally Modified Histones,phosphorylation,experimental-proteomics,1,0,0,,,,,,,,,,,,,,,,,,OpenAlex,OA-4_background_control_explicit,
1938,10.1002/pmic.202200432,36625413,,2023,PROTEOMICS,Global profiling of protein lysine lactylation and potential target modified protein analysis in hepatocellular carcinoma,other-lysine-acyl,experimental-proteomics,1,0,0,,,,,,,,,,,,,,,,,,OpenAlex,OA-4_background_control_explicit,
1941,10.1074/mcp.m900569-mcp200,20133344,PMC2871417,2010,Molecular & Cellular Proteomics,High Resolution Electron Transfer Dissociation Studies of Unfractionated Intact Histones from Murine Embryonic Stem Cells Using On-line Capillary LC Separation,phosphorylation,experimental-proteomics,1,0,0,,,,,,,,,,,,,,,,,,OpenAlex,OA-4_background_control_explicit,
1942,10.1016/j.ab.2008.03.023,18395505,,2008,Analytical Biochemistry,On-gel fluorescent visualization and the site identification of S-nitrosylated proteins,S-nitrosylation,experimental-proteomics,1,0,0,,,,,,,,,,,,,,,,,,OpenAlex,OA-4_background_control_explicit,
1943,10.1021/acs.jafc.7b01339,28510450,,2017,Journal of Agricultural and Food Chemistry,Enhancement of Antioxidative and Intestinal Anti-inflammatory Activities of Glycated Milk Casein after Fermentation with Lactobacillus rhamnosus 4B15,other,experimental-proteomics,1,0,0,,,,,,,,,,,,,,,,,,OpenAlex,OA-4_background_control_explicit,
1944,10.1016/j.jprot.2014.10.015,25449835,,2014,Journal of Proteomics,The SNO/SOH TMT strategy for combinatorial analysis of reversible cysteine oxidations,cysteine-oxidation-general,experimental-proteomics,1,0,0,,,,,,,,,,,,,,,,,,OpenAlex,OA-4_background_control_explicit,
1945,10.1039/c8mo00027a,29876573,PMC6115748,2018,Molecular Omics,PTMscape: an open source tool to predict generic post-translational modifications and map modification crosstalk in protein domains and biological processes,multi-PTM,computational-predictor,1,1,0,,,,,,,,,,,,,,,,,,OpenAlex,OA-4_background_control_explicit,
1951,10.1002/anie.202408564,39011605,,2024,Angewandte Chemie International Edition,A Chemoselective Enrichment Strategy for In‐Depth Coverage of the Methyllysine Proteome,acetylation,experimental-proteomics,1,0,0,,,,,,,,,,,,,,,,,,OpenAlex,OA-4_background_control_explicit,
1953,10.1021/acs.jproteome.3c00536,38104260,,2023,Journal of Proteome Research,Detection of the Arabidopsis Proteome and Its Post-translational Modifications and the Nature of the Unobserved (Dark) Proteome in PeptideAtlas,multi-PTM,database-resource,1,0,0,,,,,,,,,,,,,,,,,,OpenAlex,OA-4_background_control_explicit,
1956,10.1042/bse0520165,22708570,,2012,Essays in Biochemistry,Prediction of lysine post-translational modifications using bioinformatic tools,other-lysine-acyl,computational-predictor,1,0,0,,,,,,,,,,,,,,,,,,OpenAlex,OA-4_background_control_explicit,
1957,10.1074/mcp.ra120.001981,32345711,PMC7338091,2020,Molecular & Cellular Proteomics,The DNA Sensor cGAS is Decorated by Acetylation and Phosphorylation Modifications in the Context of Immune Signaling,multi-PTM,experimental-proteomics,1,0,0,,,,,,,,,,,,,,,,,,OpenAlex,OA-4_background_control_explicit,
1958,10.1111/tpj.16406,37522418,,2023,The Plant Journal,The interplay of post‐translational protein modifications in Arabidopsis leaves during photosynthesis induction,multi-PTM,experimental-proteomics,1,0,0,,,,,,,,,,,,,,,,,,OpenAlex,OA-4_background_control_explicit,
1964,10.1093/bib/bbac037,35189635,,2022,Briefings in Bioinformatics,Adapt-Kcr: a novel deep learning framework for accurate prediction of lysine crotonylation sites based on learning embedding features and attention architecture,other-lysine-acyl,computational-predictor,1,0,0,,,,,,,,,,,,,,,,,,OpenAlex,OA-4_background_control_explicit,
1979,10.1038/srep26106,27189269,PMC4870627,2016,Scientific Reports,Commercial processed soy-based food product contains glycated and glycoxidated lunasin proteoforms,other-lysine-acyl,experimental-proteomics,1,1,0,,,,,,,,,,,,,,,,,,OpenAlex,OA-4_background_control_explicit,
1980,10.1021/tx5002095,25116078,,2014,Chemical Research in Toxicology,Covalent Binding of 4-Hydroxynonenal to Matrix Metalloproteinase 13 Studied by Liquid Chromatography–Mass Spectrometry,cysteine-oxidation-general,experimental-proteomics,1,0,0,,,,,,,,,,,,,,,,,,OpenAlex,OA-4_background_control_explicit,
1987,10.1007/s00726-010-0706-0,20676902,PMC3159405,2010,Amino Acids,O-GlcNAcylation of the Plum pox virus capsid protein catalyzed by SECRET AGENT: characterization of O-GlcNAc sites by electron transfer dissociation mass spectrometry,other-lysine-acyl,experimental-proteomics,1,0,0,,,,,,,,,,,,,,,,,,OpenAlex,OA-4_background_control_explicit,
1997,10.1109/access.2023.3279498,,,2023,IEEE Access,DTL-NeddSite: A Deep-Transfer Learning Architecture for Prediction of Lysine Neddylation Sites,other-lysine-acyl,computational-predictor,1,0,0,,,,,,,,,,,,,,,,,,OpenAlex,OA-4_background_control_explicit,
2003,10.1016/j.jmb.2008.04.063,18514223,,2008,Journal of Molecular Biology,Physiological Sites of Deamidation and Methyl Esterification in Sensory Transducers of Halobacterium salinarum,other,experimental-proteomics,1,0,0,,,,,,,,,,,,,,,,,,OpenAlex,OA-4_background_control_explicit,
2004,10.1021/ac303428h,23327623,PMC3599293,2013,Analytical Chemistry,Integrated Proteomic Analysis of Major Isoaspartyl-Containing Proteins in the Urine of Wild Type and Protein l -Isoaspartate O-Methyltransferase-Deficient Mice,other,experimental-proteomics,1,0,0,,,,,,,,,,,,,,,,,,OpenAlex,OA-4_background_control_explicit,
2006,10.1074/mcp.m900321-mcp200,20124354,PMC2877980,2010,Molecular & Cellular Proteomics,"Endogenous 3,4-Dihydroxyphenylalanine and Dopaquinone Modifications on Protein Tyrosine",cysteine-oxidation-general,experimental-proteomics,1,0,0,,,,,,,,,,,,,,,,,,OpenAlex,OA-4_background_control_explicit,
2008,10.1186/s12859-017-1848-9,28962549,PMC5622526,2017,BMC Bioinformatics,A machine learning approach for predicting methionine oxidation sites,cysteine-oxidation-general,computational-predictor,1,1,0,,,,,,,,,,,,,,,,,,OpenAlex,OA-4_background_control_explicit,
2015,10.1016/j.redox.2019.101236,31181457,PMC6557747,2019,Redox Biology,Analysis of protein chlorination by mass spectrometry,cysteine-oxidation-general,experimental-proteomics,1,1,0,,,,,,,,,,,,,,,,,,OpenAlex,OA-4_background_control_explicit,
2018,10.1093/glycob/cwac015,35290457,,2022,Glycobiology,Glycoproteomics of NOTCH1 EGF repeat fragments overexpressed with different glycosyltransferases in HEK293T cells reveals insights into O-GlcNAcylation of NOTCH1,other,experimental-proteomics,1,0,0,,,,,,,,,,,,,,,,,,OpenAlex,OA-4_background_control_explicit,
2021,10.1016/j.ijms.2006.08.013,,,2006,International Journal of Mass Spectrometry,Assigning in vivo carbamylation and acetylation in human lens proteins using tandem mass spectrometry and database searching,other,experimental-proteomics,1,0,0,,,,,,,,,,,,,,,,,,OpenAlex,OA-4_background_control_explicit,
2027,10.1096/fasebj.23.1_supplement.878.3,,,2009,The FASEB Journal,Large‐scale Detection of O‐GlcNAc Modification Sites using Lectin Chromatography and Electron Transfer Dissociation Mass Spectrometry,other,experimental-proteomics,1,0,0,,,,,,,,,,,,,,,,,,OpenAlex,OA-4_background_control_explicit,
2033,10.3390/biom10060914,32560304,PMC7355775,2020,Biomolecules,The Structure of Blood Coagulation Factor XIII Is Adapted to Oxidation,cysteine-oxidation-general,experimental-proteomics,1,1,0,,,,,,,,,,,,,,,,,,OpenAlex,OA-4_background_control_explicit,
2035,10.1021/acs.jproteome.8b00392,30175587,,2018,Journal of Proteome Research,Large-Scale Reanalysis of Publicly Available HeLa Cell Proteomics Data in the Context of the Human Proteome Project,multi-PTM,experimental-proteomics,1,0,0,,,,,,,,,,,,,,,,,,OpenAlex,OA-4_background_control_explicit,
2037,10.1007/s10528-005-1503-4,15932060,,2005,Biochemical Genetics,The Telomere-Binding Protein Taz1p as a Target for Modification by a SUMO-1 Homologue in Fission Yeast,other-lysine-acyl,experimental-proteomics,1,0,0,,,,,,,,,,,,,,,,,,OpenAlex,OA-4_background_control_explicit,
2042,10.1186/s12915-015-0149-x,26058898,PMC4660835,2015,BMC Biology,Telomere protein Rap1 is a charge resistant scaffolding protein in chromosomal bouquet formation,phosphorylation,experimental-proteomics,1,1,0,,,,,,,,,,,,,,,,,,OpenAlex,OA-4_background_control_explicit,
2051,10.1186/s12964-024-01573-2,38566133,PMC10986105,2024,Cell Communication and Signaling,SUMOylation of annexin A6 retards cell migration and tumor growth by suppressing RHOU/AKT1–involved EMT in hepatocellular carcinoma,ubiquitination,experimental-proteomics,1,1,0,,,,,,,,,,,,,,,,,,OpenAlex,OA-4_background_control_explicit,
2058,10.1021/jacs.3c09078,38091482,PMC10842860,2023,Journal of the American Chemical Society,Phosphorylation Sites of the Gastric Inhibitory Polypeptide Receptor (GIPR) Revealed by Trapped-Ion-Mobility Spectrometry Coupled to Time-of-Flight Mass Spectrometry (TIMS-TOF MS),phosphorylation,experimental-proteomics,1,0,0,,,,,,,,,,,,,,,,,,OpenAlex,OA-4_background_control_explicit,
2060,10.1016/j.ab.2012.10.029,23123429,PMC3601590,2012,Analytical Biochemistry,Identification of ADP-ribosylation sites of CD38 mutants by precursor ion scanning mass spectrometry,other,experimental-proteomics,1,0,0,,,,,,,,,,,,,,,,,,OpenAlex,OA-4_background_control_explicit,
2064,10.1371/journal.pone.0267804,35604954,PMC9126400,2022,PLoS ONE,Disaccharide-tag for highly sensitive identification of O-GlcNAc-modified proteins in mammalian cells,other,experimental-proteomics,1,1,0,,,,,,,,,,,,,,,,,,OpenAlex,OA-4_background_control_explicit,
2067,10.3390/molecules26175264,34500696,PMC8434463,2021,Molecules,Mass Spectrometry for the Monitoring of Lipoprotein Oxidations by Myeloperoxidase in Cardiovascular Diseases,cysteine-oxidation-general,experimental-proteomics,1,1,0,,,,,,,,,,,,,,,,,,OpenAlex,OA-4_background_control_explicit,
2069,10.1186/s12862-017-1017-9,28750604,PMC5530960,2017,BMC Evolutionary Biology,Inferring Methionine Sulfoxidation and serine Phosphorylation crosstalk from Phylogenetic analyses,multi-PTM,computational-predictor,1,1,0,,,,,,,,,,,,,,,,,,OpenAlex,OA-4_background_control_explicit,
2083,10.1016/j.trac.2023.116991,,,2023,TrAC Trends in Analytical Chemistry,Mass spectrometry-based candidate substrate and site identification of PTM enzymes,multi-PTM,other,1,0,0,,,,,,,,,,,,,,,,,,OpenAlex,OA-4_background_control_explicit,
2088,10.24976/discov.med.202436184.98,38798264,,2024,Discovery Medicine,Comparative Analysis of Post-Translational Modifications of Human Serum Albumin Derived from Human Plasma and Recombinant Sources in China,multi-PTM,experimental-proteomics,1,0,0,,,,,,,,,,,,,,,,,,OpenAlex,OA-4_background_control_explicit,
2089,10.1074/jbc.m510127200,16464864,,2006,Journal of Biological Chemistry,Small Ubiquitin-like Modifier (SUMO) Modification of Natively Unfolded Proteins Tau and α-Synuclein,other,experimental-proteomics,1,0,0,,,,,,,,,,,,,,,,,,OpenAlex,OA-4_background_control_explicit,
2091,10.1021/acs.chemrestox.7b00234,28968073,,2017,Chemical Research in Toxicology,Simultaneous Mass Spectrometric Analysis of Methylated and Ethylated Peptides in Human Hemoglobin: Correlation with Cigarette Smoking,other,experimental-proteomics,1,0,0,,,,,,,,,,,,,,,,,,OpenAlex,OA-4_background_control_explicit,
2093,10.1016/j.jbc.2025.108475,40185231,PMC12147175,2025,Journal of Biological Chemistry,β-hydroxybutyrate serves as a regulator in ketone body metabolism through lysine β-hydroxybutyrylation,other-lysine-acyl,experimental-proteomics,1,1,0,,,,,,,,,,,,,,,,,,OpenAlex,OA-4_background_control_explicit,
2096,10.1134/s1990793120030276,,,2020,Russian Journal of Physical Chemistry B,Oxidative Modification of Coagulation Factor XIII: Structural and Functional Aspects,cysteine-oxidation-general,experimental-proteomics,1,0,0,,,,,,,,,,,,,,,,,,OpenAlex,OA-4_background_control_explicit,
2102,10.1016/j.freeradbiomed.2014.10.808,26461387,,2014,Free Radical Biology and Medicine,Measuring site occupancy: a new perspective on cysteine oxidation,cysteine-oxidation-general,other,1,0,0,,,,,,,,,,,,,,,,,,OpenAlex,OA-4_background_control_explicit,
2105,10.1002/brb3.2233,34520625,PMC8553319,2021,Brain and Behavior,Phosphoproteomic profiling of the hippocampus of offspring rats exposed to prenatal stress,phosphorylation,experimental-proteomics,1,1,0,,,,,,,,,,,,,,,,,,OpenAlex,OA-4_background_control_explicit,
2108,10.1007/s12072-025-10779-6,39920527,,2025,Hepatology International,TRIM28 functions as SUMO ligase to SUMOylate TRAF6 and regulate NF-κB activation in HBV-replicating cells,other-lysine-acyl,other,1,0,0,,,,,,,,,,,,,,,,,,OpenAlex,OA-4_background_control_explicit,
2110,10.2147/cmar.s424422,37868687,PMC10590141,2023,Cancer Management and Research,Large-Scale Identification of Lysine Crotonylation Reveals Its Potential Role in Oral Squamous Cell Carcinoma,other-lysine-acyl,experimental-proteomics,1,1,0,,,,,,,,,,,,,,,,,,OpenAlex,OA-4_background_control_explicit,
2111,10.1186/1471-2105-12-s14-s8,22373085,PMC3287473,2011,BMC Bioinformatics,Identification of ubiquitin/ubiquitin-like protein modification from tandem mass spectra with various PTMs,ubiquitination,computational-predictor,1,1,0,,,,,,,,,,,,,,,,,,OpenAlex,OA-4_background_control_explicit,
2114,10.3389/fcell.2025.1527839,40092628,PMC11906473,2025,Frontiers in Cell and Developmental Biology,Comprehensive analysis of the effects of P4ha1 and P4ha2 deletion on post-translational modifications of fibrillar collagens in mouse skin,other,experimental-proteomics,1,1,0,,,,,,,,,,,,,,,,,,OpenAlex,OA-4_background_control_explicit,
2115,10.34172/jsums.2021.28,,,2021,Journal of Shahrekord University of Medical Sciences,In-silico comparison of post-translational modifications of SARS-CoV and SARS-CoV-2 structural proteins,multi-PTM,computational-predictor,1,0,0,,,,,,,,,,,,,,,,,,OpenAlex,OA-4_background_control_explicit,
2120,10.1042/bsr20253768,41496561,PMC12905485,2026,Bioscience Reports,Homocysteine thiolactone affects paraoxonase 1 activity via altered paraoxonase 1 distribution on high-density lipoprotein particles,other-lysine-acyl,experimental-proteomics,1,1,0,,,,,,,,,,,,,,,,,,OpenAlex,OA-4_background_control_explicit,
2121,10.1021/acs.jproteome.3c00061,37146082,PMC10243104,2023,Journal of Proteome Research,Enzymatic Phosphorylation of Oxidized Tyrosine Residues,phosphorylation,experimental-proteomics,1,1,0,,,,,,,,,,,,,,,,,,OpenAlex,OA-4_background_control_explicit,
2124,10.1007/s13402-023-00780-2,36913067,PMC12974683,2023,Cellular Oncology,The negative effect of G1958A polymorphism on MTHFD1 protein stability and HCC growth,ubiquitination,experimental-proteomics,1,0,0,,,,,,,,,,,,,,,,,,OpenAlex,OA-4_background_control_explicit,
2128,10.2147/jir.s346575,34992424,PMC8714020,2021,Journal of Inflammation Research,Alterations of Asymmetric Dimethylarginine (ADMA)-Containing Protein Profiles Associated with Chronic Pancreatitis Pathogenesis,other,experimental-proteomics,1,1,0,,,,,,,,,,,,,,,,,,OpenAlex,OA-4_background_control_explicit,
2135,10.1155/2023/3624635,36727157,PMC9886473,2023,Journal of Oncology,Protein Acetylation Increased Risk of Fibrosis-Related Liver Cancer,acetylation,experimental-proteomics,1,1,0,,,,,,,,,,,,,,,,,,OpenAlex,OA-4_background_control_explicit,
2137,10.1021/acs.jafc.4c12811,40052628,,2025,Journal of Agricultural and Food Chemistry,Co-Exposure to Formaldehyde and Acrolein Generates a New Protein Adduct Activating RAGE,other-lysine-acyl,experimental-proteomics,1,0,0,,,,,,,,,,,,,,,,,,OpenAlex,OA-4_background_control_explicit,
2146,10.1021/acs.jproteome.0c00406,32786680,,2020,Journal of Proteome Research,Screening of Chemical Modifications in Human Skin Keratins by Mass Spectrometry-Based Proteomic Analysis via Noninvasive Sampling and On-Tape Digestion,cysteine-oxidation-general,experimental-proteomics,1,0,0,,,,,,,,,,,,,,,,,,OpenAlex,OA-4_background_control_explicit,
2147,10.1186/s12985-023-02200-1,37817180,PMC10563215,2023,Virology Journal,Quantitative analysis of acetylation in peste des petits ruminants virus-infected Vero cells,acetylation,experimental-proteomics,1,1,0,,,,,,,,,,,,,,,,,,OpenAlex,OA-4_background_control_explicit,
2153,10.1021/jasms.4c00303,39326045,,2024,Journal of the American Society for Mass Spectrometry,An Integrated Strategy to Identify Tyrosine Sulfation from the Therapeutic Proteins,other,experimental-proteomics,1,0,0,,,,,,,,,,,,,,,,,,OpenAlex,OA-4_background_control_explicit,
2167,10.1016/j.exer.2026.110909,41672194,,2026,Experimental Eye Research,Integrated proteomic and nitrosylomic profiling suggests a role for S-nitrosylation in choroidal dysregulation during myopia pathogenesis,S-nitrosylation,experimental-proteomics,1,0,0,,,,,,,,,,,,,,,,,,OpenAlex,OA-4_background_control_explicit,
2175,10.1096/fasebj.26.1_supplement.lb184,,,2012,The FASEB Journal,Using protein modification‐based networks to explore cellular signaling and biological function,multi-PTM,database-resource,1,0,0,,,,,,,,,,,,,,,,,,OpenAlex,OA-4_background_control_explicit,
2177,10.1246/cl.130421,,,2013,Chemistry Letters,Discrimination of Xylose O-Glycosylation Sites in Mammalian Proteins,other,computational-predictor,1,0,0,,,,,,,,,,,,,,,,,,OpenAlex,OA-4_background_control_explicit,
2178,10.1021/acs.jproteome.5c00588,41567063,,2026,Journal of Proteome Research,Application of Open-Search Proteomics for Comprehensive and Accurate Profiling of Known Tau PTMs and Characteristic Mass Shifts in Alzheimer’s Disease,multi-PTM,experimental-proteomics,1,0,0,,,,,,,,,,,,,,,,,,OpenAlex,OA-4_background_control_explicit,
2195,,30975281,,2019,PubMed,[The 161th lysine of C/EBPα in alveolar type II epithelial cells is modified by small ubiquitin-related modification].,ubiquitination,experimental-proteomics,1,0,0,,,,,,,,,,,,,,,,,,OpenAlex,OA-4_background_control_explicit,
2196,10.7503/cjcu20240479,,,2025,The HKU Scholars Hub (University of Hong Kong),柞蚕蛹表达人促红细胞生成素的糖基化修饰分析,other,experimental-proteomics,1,0,0,,,,,,,,,,,,,,,,,,OpenAlex,OA-4_background_control_explicit,
2197,10.52601/bpr.2025.250047,,,2025,Biophysics Reports,A protocol for detection of mitochondrial protein malonylation and succinylation,other-lysine-acyl,experimental-proteomics,1,0,0,,,,,,,,,,,,,,,,,,OpenAlex,OA-4_background_control_explicit,
2201,10.3390/ani13010078,36611688,PMC9817708,2022,Animals,Phosphoproteomics Profile of Chicken Cecum in the Response to Salmonella enterica Serovar Enteritidis Inoculation,phosphorylation,experimental-proteomics,1,1,0,,,,,,,,,,,,,,,,,,OpenAlex,OA-4_background_control_explicit,
2202,10.1002/alz.061116,,,2022,Alzheimer s & Dementia,Quantitative proteomic analysis reveals apoE4‐dependent phosphorylation of the actin regulating protein VASP,multi-PTM,experimental-proteomics,1,0,0,,,,,,,,,,,,,,,,,,OpenAlex,OA-4_background_control_explicit,
2219,10.3390/molecules30214255,41226219,PMC12608796,2025,Molecules,Discovery and Profiling of Protein Cysteine S-2-Carboxypropylation,cysteine-oxidation-general,experimental-proteomics,1,1,0,,,,,,,,,,,,,,,,,,OpenAlex,OA-4_background_control_explicit,
2223,,,,2018,한국당과학회 학술대회,Glycosylated Site Mapping and Quantitative Glycomics by Mass Spectrometry,other,experimental-proteomics,1,0,0,,,,,,,,,,,,,,,,,,OpenAlex,OA-4_background_control_explicit,
2231,,,,2013,Europe PMC (PubMed Central),Quantitative Proteomics for Understanding the Histone Code,multi-PTM,experimental-proteomics,1,0,0,,,,,,,,,,,,,,,,,,OpenAlex,OA-4_background_control_explicit,
2232,10.33545/26174693.2024.v8.i1b.7135,,,2024,International Journal of Advanced Biochemistry Research,Effects of post-translational modifications on protein function,multi-PTM,experimental-proteomics,1,0,0,,,,,,,,,,,,,,,,,,OpenAlex,OA-4_background_control_explicit,
2239,10.3724/sp.j.1006.2023.24031,,,2023,ACTA AGRONOMICA SINICA,Role of calmodulin gene (HcCaM7) and its protein acetylation is involved in kenaf response to abiotic stress,acetylation,experimental-proteomics,1,0,0,,,,,,,,,,,,,,,,,,OpenAlex,OA-4_background_control_explicit,
2242,10.1016/j.mcpro.2026.101589,42155731,PMC13292685,2026,Molecular & Cellular Proteomics,"Improved Peptide Search for Identification of SUMO and Sequence-Based Modifiers, in MaxSBM",ubiquitination,experimental-proteomics,1,1,0,,,,,,,,,,,,,,,,,,OpenAlex,OA-4_background_control_explicit,
2243,10.1096/fasebj.2018.32.1_supplement.791.22,,,2018,The FASEB Journal,Functional profiling of endogenous SUMOylation sites,ubiquitination,experimental-proteomics,1,0,0,,,,,,,,,,,,,,,,,,OpenAlex,OA-4_background_control_explicit,
