record_id,source_of_row,evidence_tier,chemistry_family,modification,channel_structure,negative_semantics,species,n_sites_reported,site_level,reports_new_site_dataset,availability,accession_or_doi,pmid,pmc,journal,year,method_name,queries,is_positive_control,usable_for_share,exclusion_reason
pubmed:25843657,pubmed_abstract_screen,abstract,review_or_method_only,review_or_method_only,na,unclear,unclear,,unclear,no,open_access,10.1016/j.freeradbiomed.2015.03.022,25843657,PMC4457640,Free radical biology & medicine,2015,unclear,PS-Q1;SFN-Q1,,0,
pubmed:41421349,pubmed_abstract_screen,abstract,persulfidation,persulfidation,unclear,unclear,Mus musculus; Homo sapiens,,no,no,unclear,10.1016/j.cmet.2025.11.012,41421349,,Cell metabolism,2025,unclear,PS-Q1,,0,
pubmed:36732619,pubmed_abstract_screen,abstract,persulfidation,persulfidation,unclear,unclear,Homo sapiens,,unclear,yes,open_access,10.1038/s41589-022-01244-8,36732619,PMC10060159,Nature chemical biology,2023,unclear,PS-Q1,,0,
pubmed:36924280,pubmed_abstract_screen,abstract,persulfidation,persulfidation,na,unclear,Arabidopsis thaliana; Plants,,unclear,no,unclear,10.1089/ars.2023.0267,36924280,,Antioxidants & redox signaling,2023,unclear,PS-Q1;PS-Q2,,0,
pubmed:36736962,pubmed_abstract_screen,abstract,persulfidation,persulfidation,na,unclear,unclear,,unclear,no,unclear,10.1016/j.bcp.2023.115444,36736962,,Biochemical pharmacology,2023,unclear,PS-Q1,,0,
pubmed:39303198,pubmed_abstract_screen,abstract,persulfidation,persulfidation,na,unclear,Arabidopsis,,unclear,no,unclear,10.1515/hsz-2024-0038,39303198,,Biological chemistry,2024,unclear,PS-Q1,,0,
pubmed:41020887,pubmed_abstract_screen,abstract,persulfidation,persulfidation,na,unclear,unclear,,unclear,no,open_access,10.3390/cimb47090765,41020887,PMC12468119,Current issues in molecular biology,2025,unclear,PS-Q1,,0,
pubmed:23811297,pubmed_abstract_screen,abstract,persulfidation,persulfidation,na,unclear,unclear,,unclear,no,open_access,10.1016/j.ymeth.2013.05.020,23811297,PMC3923419,"Methods (San Diego, Calif.)",2013,unclear,PS-Q1;SNO-Q3,,0,
pubmed:33307764,pubmed_abstract_screen,abstract,persulfidation,persulfidation,differential_alkylation,seen_but_unmodified,"human, mouse",3446,yes,yes,unclear,10.1161/CIRCULATIONAHA.120.051877,33307764,,Circulation,2020,LC-MS/MS,PS-Q1;PS-Q2,,0,
pubmed:36109647,pubmed_abstract_screen,abstract,persulfidation,persulfidation,na,unclear,unclear,,no,no,open_access,10.1038/s41589-022-01145-w,36109647,PMC7613997,Nature chemical biology,2022,unclear,PS-Q1,,0,
pubmed:41178722,pubmed_abstract_screen,abstract,persulfidation,persulfidation,na,unclear,Mus musculus,,no,yes,open_access,10.1172/JCI181299,41178722,PMC12578401,The Journal of clinical investigation,2025,mass spectrometry proteomics,PS-Q1;PS-Q2,,0,
pubmed:41274036,pubmed_abstract_screen,abstract,persulfidation,persulfidation,unclear,unclear,"Homo sapiens, Mus musculus, Arabidopsis thaliana",1,yes,yes,open_access,10.1016/j.redox.2025.103934,41274036,PMC12681906,Redox biology,2025,LC-MS/MS with oxidative proteomics,PS-Q1,,0,
pubmed:39290133,pubmed_abstract_screen,abstract,persulfidation,persulfidation,unclear,unclear,unclear,,unclear,no,open_access,10.1042/EBC20230095,39290133,PMC11625863,Essays in biochemistry,2024,unclear,PS-Q1,,0,
pubmed:40617858,pubmed_abstract_screen,abstract,persulfidation,persulfidation,unclear,unclear,Magnaporthe oryzae,,yes,yes,open_access,10.1038/s41467-025-61582-8,40617858,PMC12228824,Nature communications,2025,quantitative proteomics,PS-Q1,,0,
pubmed:34829557,pubmed_abstract_screen,abstract,persulfidation,persulfidation,na,unclear,unclear,,unclear,no,open_access,10.3390/antiox10111686,34829557,PMC8614790,"Antioxidants (Basel, Switzerland)",2021,unclear,PS-Q1;SFN-Q1,,0,
pubmed:31411056,pubmed_abstract_screen,abstract,persulfidation,persulfidation,differential_alkylation,seen_but_unmodified,"human, mouse",1547,yes,yes,unclear,10.1089/ars.2019.7777,31411056,,Antioxidants & redox signaling,2019,low-pH QTRP,PS-Q1;PS-Q2;XCHEM-Q1,PS-C2,0,
pubmed:40059712,pubmed_abstract_screen,abstract,persulfidation,persulfidation,na,unclear,plant,,unclear,no,unclear,10.1093/jxb/eraf100,40059712,,Journal of experimental botany,2025,unclear,PS-Q1,,0,
pubmed:30283480,pubmed_abstract_screen,abstract,persulfidation,persulfidation,na,unclear,plant,,unclear,no,open_access,10.3389/fpls.2018.01369,30283480,PMC6157319,Frontiers in plant science,2018,unclear,PS-Q1;SFN-Q1,,0,
pubmed:38808693,pubmed_abstract_screen,abstract,persulfidation,persulfidation,capture_enrichment,not_pulled_down,human,,unclear,yes,open_access,10.1002/anie.202401003,38808693,PMC11346292,Angewandte Chemie (International ed. in English),2024,persulfide-specific chemoselective proteomics,PS-Q1,,0,
pubmed:34534626,pubmed_abstract_screen,abstract,persulfidation,persulfidation,na,unclear,"human, mammal",,unclear,no,open_access,10.1016/j.niox.2021.09.002,34534626,PMC8486624,Nitric oxide : biology and chemistry,2021,unclear,PS-Q1,,0,
pubmed:33722121,pubmed_abstract_screen,abstract,persulfidation,persulfidation,na,unclear,unclear,,unclear,no,open_access,10.1080/10409238.2021.1893641,33722121,PMC8136436,Critical reviews in biochemistry and molecular biology,2021,unclear,PS-Q1,,0,
pubmed:30833954,pubmed_abstract_screen,abstract,cys_oxidation_other,cys_oxidation_other,na,unclear,plant,,unclear,no,open_access,10.3389/fpls.2019.00166,30833954,PMC6387960,Frontiers in plant science,2019,unclear,PS-Q1,,0,
pubmed:33689930,pubmed_abstract_screen,abstract,persulfidation,persulfidation,unclear,unclear,Arabidopsis,1,yes,yes,unclear,10.1016/j.molp.2021.03.007,33689930,,Molecular plant,2021,unclear,PS-Q1,,0,
pubmed:29518145,pubmed_abstract_screen,abstract,persulfidation,persulfidation,capture_enrichment,not_pulled_down,mouse,70,yes,yes,open_access,10.1371/journal.pone.0194176,29518145,PMC5843340,PloS one,2018,biotin switch,PS-Q1;SNO-Q3,,0,
pubmed:33406221,pubmed_abstract_screen,abstract,thiol_reactivity_general,thiol_reactivity_general,na,unclear,eukaryotes,85747,yes,no,unclear,10.1093/bib/bbaa400,33406221,,Briefings in bioinformatics,2021,database curation,PS-Q1;SFN-Q1,,0,
pubmed:38113384,pubmed_abstract_screen,abstract,thiol_reactivity_general,thiol_reactivity_general,na,unclear,Arabidopsis thaliana,,yes,no,unclear,10.1093/pcp/pcad163,38113384,,Plant & cell physiology,2024,unclear,PS-Q1;SFN-Q1,,0,
pubmed:34693601,pubmed_abstract_screen,abstract,thiol_reactivity_general,thiol_reactivity_general,na,unclear,legumes,,unclear,no,unclear,10.1111/plb.13319,34693601,,"Plant biology (Stuttgart, Germany)",2021,unclear,PS-Q1,,0,
pubmed:34664184,pubmed_abstract_screen,abstract,persulfidation,persulfidation,capture_enrichment,not_pulled_down,Homo sapiens,244,yes,yes,open_access,10.1007/s10815-021-02314-x,34664184,PMC8666411,Journal of assisted reproduction and genetics,2021,biotin-switch assay,PS-Q1;SNO-Q3,,0,
pubmed:40725172,pubmed_abstract_screen,abstract,thiol_reactivity_general,thiol_reactivity_general,na,unclear,Plants,,unclear,no,open_access,10.3390/ijms26146925,40725172,PMC12295296,International journal of molecular sciences,2025,unclear,PS-Q1;SFN-Q1,,0,
pubmed:29048568,pubmed_abstract_screen,abstract,persulfidation,persulfidation,unclear,unclear,Arabidopsis,,unclear,unclear,open_access,10.1093/jxb/erx352,29048568,PMC5853611,Journal of experimental botany,2017,unclear,PS-Q1;SFN-Q1,,0,
pubmed:36051294,pubmed_abstract_screen,abstract,review_or_method_only,review_or_method_only,na,unclear,plants,,no,no,open_access,10.3389/fpls.2022.958490,36051294,PMC9426629,Frontiers in plant science,2022,unclear,PS-Q1,,0,
pubmed:27411966,pubmed_abstract_screen,abstract,persulfidation,persulfidation,capture_enrichment,not_pulled_down,human (HEK293 cells),,yes,yes,open_access,10.1038/srep29808,27411966,PMC4944133,Scientific reports,2016,qPerS-SID,PS-Q1;PS-Q2;SNO-Q3,PS-C1,0,
pubmed:23641245,pubmed_abstract_screen,abstract,review_or_method_only,review_or_method_only,na,unclear,plants,,no,no,open_access,10.3389/fpls.2013.00105,23641245,PMC3638127,Frontiers in plant science,2013,unclear,PS-Q1;SFN-Q1,,0,
pubmed:39273626,pubmed_abstract_screen,abstract,persulfidation,persulfidation,unclear,unclear,Arabidopsis thaliana,1,yes,yes,open_access,10.3390/ijms25179679,39273626,PMC11395816,International journal of molecular sciences,2024,unclear,PS-Q1,,0,
pubmed:38397843,pubmed_abstract_screen,abstract,persulfidation,persulfidation,unclear,unclear,Entamoeba histolytica,,no,yes,open_access,10.3390/antiox13020245,38397843,PMC10886169,"Antioxidants (Basel, Switzerland)",2024,unclear,PS-Q1,,0,
pubmed:29778212,pubmed_abstract_screen,abstract,persulfidation,persulfidation,na,unclear,unclear,,no,no,unclear,10.1016/bs.ampbs.2018.01.002,29778212,,Advances in microbial physiology,2018,unclear,PS-Q1,,0,
pubmed:33993299,pubmed_abstract_screen,abstract,persulfidation,persulfidation,na,unclear,plants,,no,no,unclear,10.1093/jxb/erab182,33993299,,Journal of experimental botany,2021,unclear,PS-Q1,,0,
pubmed:31529085,pubmed_abstract_screen,abstract,s_nitrosylation,s_nitrosylation,capture_enrichment,not_pulled_down,Lotus japonicus,19,yes,yes,unclear,10.1093/pcp/pcz182,31529085,,Plant & cell physiology,2020,affinity chromatography and shotgun proteomics,PS-Q1,,0,
pubmed:36351177,pubmed_abstract_screen,abstract,thiol_reactivity_general,thiol_reactivity_general,capture_enrichment,not_pulled_down,human breast cancer cells,600,yes,yes,unclear,10.1021/acs.jafc.2c04972,36351177,,Journal of agricultural and food chemistry,2022,activity-based probe (biotin-ajoene) with LC-MS/MS,PS-Q1;SFN-Q1,,0,
pubmed:30374335,pubmed_abstract_screen,abstract,persulfidation,persulfidation,capture_enrichment,not_pulled_down,unclear,39,yes,yes,open_access,10.3389/fmicb.2018.02385,30374335,PMC6196236,Frontiers in microbiology,2018,mechanism-based profiling assay with FLAG-tagged Trx,PS-Q1,,0,
pubmed:8132546,pubmed_abstract_screen,abstract,persulfidation,persulfidation,na,unclear,Escherichia coli,,no,no,unclear,,8132546,,The Journal of biological chemistry,1994,site-directed mutagenesis,PS-Q2,,0,
pubmed:20822158,pubmed_abstract_screen,abstract,persulfidation,persulfidation,na,unclear,Bacillus subtilis,1,yes,no,unclear,10.1021/bi101358k,20822158,,Biochemistry,2010,site-directed mutagenesis,PS-Q2,,0,
pubmed:22004669,pubmed_abstract_screen,abstract,persulfidation,persulfidation,na,unclear,Arabidopsis thaliana,2,yes,no,unclear,10.1042/BJ20111170,22004669,,The Biochemical journal,2012,cysteine-scanning mutagenesis,PS-Q2,,0,
pubmed:29589903,pubmed_abstract_screen,abstract,persulfidation,persulfidation,na,unclear,Escherichia coli,3,yes,no,open_access,10.1021/acs.biochem.7b01275,29589903,PMC6707828,Biochemistry,2018,hydrogen-deuterium exchange mass spectrometry,PS-Q2,,0,
pubmed:23019358,pubmed_abstract_screen,abstract,persulfidation,persulfidation,na,unclear,Escherichia coli,,yes,no,open_access,10.1073/pnas.1208787109,23019358,PMC3465412,Proceedings of the National Academy of Sciences of the United States of America,2012,resonance Raman and mass spectrometry,PS-Q2,,0,
pubmed:18258450,pubmed_abstract_screen,abstract,cys_oxidation_other,cys_oxidation_other,na,unclear,unclear,,no,no,unclear,10.1016/j.jasms.2007.12.005,18258450,,Journal of the American Society for Mass Spectrometry,2008,negative ion mass spectrometry,PS-Q2,,0,
pubmed:19883076,pubmed_abstract_screen,abstract,persulfidation,persulfidation,na,unclear,Synechocystis sp. PCC 6803,,yes,no,unclear,10.1021/bi802161u,19883076,,Biochemistry,2009,stopped-flow absorption spectrophotometry,PS-Q2,,0,
pubmed:1970566,pubmed_abstract_screen,abstract,not_cysteine_ptm,not_cysteine_ptm,na,unclear,Homo sapiens; Escherichia coli,,no,no,unclear,,1970566,,The Journal of biological chemistry,1990,unclear,PS-Q2,,0,
pubmed:15910006,pubmed_abstract_screen,abstract,persulfidation,persulfidation,na,unclear,Homo sapiens,1,yes,no,unclear,10.1021/bi0503448,15910006,,Biochemistry,2005,ESI-MS/MS,PS-Q2,,0,
pubmed:16648260,pubmed_abstract_screen,abstract,s_nitrosylation,s_nitrosylation,capture_enrichment,not_pulled_down,Homo sapiens,20,yes,yes,open_access,10.1073/pnas.0600729103,16648260,PMC1464354,Proceedings of the National Academy of Sciences of the United States of America,2006,selective peptide capturing and site-specific adduct mapping,SNO-Q1,,0,
pubmed:25699590,pubmed_abstract_screen,abstract,s_nitrosylation,s_nitrosylation,capture_enrichment,not_pulled_down,Arabidopsis thaliana,1195,yes,yes,open_access,10.1104/pp.15.00026,25699590,PMC4378176,Plant physiology,2015,site-specific nitrosoproteomic approach,SNO-Q1,,0,
pubmed:17641633,pubmed_abstract_screen,abstract,s_nitrosylation,s_nitrosylation,capture_enrichment,not_pulled_down,unclear,,yes,no,unclear,10.1038/nprot.2007.210,17641633,,Nature protocols,2007,SNOSID (SNO-Cys site identification),SNO-Q1;SNO-Q3,,0,
pubmed:36439692,pubmed_abstract_screen,abstract,s_nitrosylation,s_nitrosylation,capture_enrichment,not_pulled_down,Mus musculus,708,yes,yes,open_access,10.1155/2022/8296043,36439692,PMC9683961,Oxidative medicine and cellular longevity,2022,site-specific S-nitrolysation proteomics,SNO-Q1,,0,
pubmed:23748021,pubmed_abstract_screen,abstract,s_nitrosylation,s_nitrosylation,capture_enrichment,not_pulled_down,unclear,36,yes,no,open_access,10.1016/j.jprot.2013.05.033,23748021,PMC3818367,Journal of proteomics,2013,phenylmercury-based enrichment with MS,SNO-Q1;SNO-Q3,,0,
pubmed:31277045,pubmed_abstract_screen,abstract,s_nitrosylation,s_nitrosylation,capture_enrichment,not_pulled_down,Solanum lycopersicum,425,yes,yes,unclear,10.1016/j.plaphy.2019.06.020,31277045,,Plant physiology and biochemistry : PPB,2019,site-specific nitrosoproteomic approach,SNO-Q1,,0,
pubmed:31311849,pubmed_abstract_screen,abstract,s_nitrosylation,s_nitrosylation,capture_enrichment,not_pulled_down,mouse,620,yes,yes,open_access,10.1074/mcp.RA119.001581,31311849,PMC6773552,Molecular & cellular proteomics : MCP,2019,PANIMoni,SNO-Q1,,0,
pubmed:31801946,pubmed_abstract_screen,abstract,s_nitrosylation,s_nitrosylation,capture_enrichment,not_pulled_down,human,585,yes,yes,open_access,10.1038/s41419-019-2144-6,31801946,PMC6892852,Cell death & disease,2019,site-specific proteomics,SNO-Q1,,0,
pubmed:33096306,pubmed_abstract_screen,abstract,s_nitrosylation,s_nitrosylation,capture_enrichment,not_pulled_down,Trypanosoma cruzi,,yes,yes,unclear,10.1016/j.jprot.2020.104020,33096306,,Journal of proteomics,2020,resin-assisted enrichment of thiols,SNO-Q1;SNO-Q2,,0,
pubmed:22178444,pubmed_abstract_screen,abstract,s_nitrosylation,s_nitrosylation,na,unclear,unclear,,yes,no,unclear,10.1016/j.jprot.2011.12.003,22178444,,Journal of proteomics,2011,nearest neighbor algorithm with mRMR/IFS,SNO-Q1;XCHEM-Q2,,0,
pubmed:21044946,pubmed_abstract_screen,abstract,persulfidation,persulfidation,capture_enrichment,not_pulled_down,mammalian,,yes,yes,open_access,10.1194/jlr.D011106,21044946,PMC3023561,Journal of lipid research,2010,acyl-RAC,SNO-Q1,,0,
pubmed:22770551,pubmed_abstract_screen,abstract,s_nitrosylation,s_nitrosylation,na,unclear,unclear,,unclear,no,open_access,10.1089/ars.2012.4744,22770551,PMC3518544,Antioxidants & redox signaling,2012,unclear,SNO-Q2,,0,
pubmed:40287947,pubmed_abstract_screen,abstract,s_nitrosylation,s_nitrosylation,capture_enrichment,not_pulled_down,Homo sapiens; Mus musculus,,yes,yes,open_access,10.1158/0008-5472.CAN-24-0693,40287947,PMC12167936,Cancer research,2025,mass spectrometry nitrosylome profiling,SNO-Q2,,0,
pubmed:21087893,pubmed_abstract_screen,abstract,s_nitrosylation,s_nitrosylation,na,unclear,unclear,,unclear,no,open_access,10.1016/j.cbpa.2010.10.012,21087893,PMC3040261,Current opinion in chemical biology,2010,unclear,SNO-Q2,,0,
pubmed:41258014,pubmed_abstract_screen,abstract,s_nitrosylation,s_nitrosylation,capture_enrichment,not_pulled_down,Homo sapiens; Mus musculus,,yes,no,open_access,10.1038/s41596-025-01282-1,41258014,PMC13004284,Nature protocols,2025,SNOTRAP,SNO-Q2,,0,
pubmed:19160395,pubmed_abstract_screen,abstract,s_nitrosylation,s_nitrosylation,na,unclear,unclear,,unclear,no,unclear,10.1002/pmic.200800546,19160395,,Proteomics,2009,unclear,SNO-Q2,,0,
pubmed:24105792,pubmed_abstract_screen,abstract,s_nitrosylation,s_nitrosylation,capture_enrichment,not_pulled_down,human,138,yes,yes,open_access,10.1074/mcp.M113.032235,24105792,PMC3879630,Molecular & cellular proteomics : MCP,2013,protein microarray with biotin-switch,SNO-Q2,,0,
pubmed:31772286,pubmed_abstract_screen,abstract,s_nitrosylation,s_nitrosylation,capture_enrichment,not_pulled_down,Camellia sinensis,228,yes,yes,open_access,10.1038/s41598-019-54077-2,31772286,PMC6879589,Scientific reports,2019,nitrosoproteomic profiling,SNO-Q2,,0,
pubmed:29338241,pubmed_abstract_screen,abstract,s_nitrosylation,s_nitrosylation,capture_enrichment,not_pulled_down,mouse,569,yes,yes,unclear,10.1021/acs.jproteome.7b00812,29338241,,Journal of proteome research,2018,CysPAT with TiO chromatography,SNO-Q2,,0,
pubmed:27713610,pubmed_abstract_screen,abstract,s_nitrosylation,s_nitrosylation,capture_enrichment,not_pulled_down,human,,no,yes,open_access,10.6515/acs20150825a,27713610,PMC5052480,Acta Cardiologica Sinica,2016,biotin-switch with iTRAQ,SNO-Q2,,0,
pubmed:35191317,pubmed_abstract_screen,abstract,s_nitrosylation,s_nitrosylation,unclear,unclear,mouse,,no,unclear,open_access,10.1161/JAHA.121.024008,35191317,PMC9075059,Journal of the American Heart Association,2022,mass spectrometry,SNO-Q2,,0,
pubmed:23948706,pubmed_abstract_screen,abstract,s_nitrosylation,s_nitrosylation,capture_enrichment,not_pulled_down,human,,no,no,open_access,10.1152/ajpcell.00198.2013,23948706,PMC3798678,American journal of physiology. Cell physiology,2013,biotin switch with MS,SNO-Q2,,0,
pubmed:19673540,pubmed_abstract_screen,abstract,s_nitrosylation,s_nitrosylation,capture_enrichment,not_pulled_down,human,4,yes,yes,unclear,10.1021/pr9005662,19673540,,Journal of proteome research,2009,biotin switch with 2-DE and LC-MS/MS,SNO-Q2;SNO-Q3,,0,
pubmed:19655309,pubmed_abstract_screen,abstract,s_nitrosylation,s_nitrosylation,capture_enrichment,not_pulled_down,Brassica juncea,,no,yes,unclear,10.1002/pmic.200800985,19655309,,Proteomics,2009,biotin switch with 2-DE and MS,SNO-Q2,,0,
pubmed:24256207,pubmed_abstract_screen,abstract,s_nitrosylation,s_nitrosylation,capture_enrichment,not_pulled_down,Plasmodium falciparum,319,yes,yes,open_access,10.1089/ars.2013.5553,24256207,PMC4039001,Antioxidants & redox signaling,2014,biotin-switch with MS,SNO-Q2;SNO-Q3,,0,
pubmed:38582237,pubmed_abstract_screen,abstract,s_nitrosylation,s_nitrosylation,na,unclear,"human, murine",,no,no,unclear,10.1016/j.bbamcr.2024.119720,38582237,,Biochimica et biophysica acta. Molecular cell research,2024,unclear,SNO-Q2,,0,
pubmed:38242098,pubmed_abstract_screen,abstract,s_nitrosylation,s_nitrosylation,na,unclear,unclear,,unclear,no,unclear,10.1016/j.molcel.2023.12.018,38242098,,Molecular cell,2024,unclear,SNO-Q2,,0,
pubmed:34535637,pubmed_abstract_screen,abstract,s_nitrosylation,s_nitrosylation,capture_enrichment,not_pulled_down,mouse,,yes,yes,open_access,10.1038/s41398-021-01578-2,34535637,PMC8448888,Translational psychiatry,2021,unclear,SNO-Q2,,0,
pubmed:18846506,pubmed_abstract_screen,abstract,s_nitrosylation,s_nitrosylation,unclear,unclear,unclear,,unclear,no,unclear,10.1002/pmic.200800089,18846506,,Proteomics,2008,unclear,SNO-Q2,,0,
pubmed:33876414,pubmed_abstract_screen,abstract,s_nitrosylation,s_nitrosylation,capture_enrichment,not_pulled_down,human,,yes,yes,open_access,10.1007/s13365-021-00970-4,33876414,PMC8477648,Journal of neurovirology,2021,organomercury resin enrichment,SNO-Q2,,0,
pubmed:39522168,pubmed_abstract_screen,abstract,s_nitrosylation,s_nitrosylation,capture_enrichment,not_pulled_down,Arabidopsis thaliana,1102,yes,yes,unclear,10.1093/plphys/kiae609,39522168,,Plant physiology,2024,organomercury-based enrichment,SNO-Q2,,0,
pubmed:28081246,pubmed_abstract_screen,abstract,s_nitrosylation,s_nitrosylation,both,both_reported,human (A549 lung carcinoma cells),300,yes,yes,open_access,10.1371/journal.pone.0169862,28081246,PMC5230776,PloS one,2017,nitrosothiol trapping with differential thiol labeling,SNO-Q2,,0,
pubmed:21278135,pubmed_abstract_screen,abstract,s_nitrosylation,s_nitrosylation,capture_enrichment,not_pulled_down,mouse,,yes,yes,open_access,10.1152/ajpheart.00997.2010,21278135,PMC3075037,American journal of physiology. Heart and circulatory physiology,2011,SNO-resin-assisted capture with biotin switch,SNO-Q2,,0,
pubmed:24973421,pubmed_abstract_screen,abstract,s_nitrosylation,s_nitrosylation,capture_enrichment,not_pulled_down,"human monocytes, mouse macrophages",,no,yes,open_access,10.1074/mcp.M114.038166,24973421,PMC4188987,Molecular & cellular proteomics : MCP,2014,thioredoxin trap mutant capture,SNO-Q2,,0,
pubmed:41672194,pubmed_abstract_screen,abstract,s_nitrosylation,s_nitrosylation,capture_enrichment,not_pulled_down,guinea pig,1651,yes,yes,unclear,10.1016/j.exer.2026.110909,41672194,,Experimental eye research,2026,biotin-switch assay with LC-MS/MS,SNO-Q2,,0,
pubmed:31182931,pubmed_abstract_screen,abstract,s_nitrosylation,s_nitrosylation,capture_enrichment,not_pulled_down,mouse,,no,no,open_access,10.1155/2019/3481430,31182931,PMC6515079,Mediators of inflammation,2019,BODIPY FL-maleimide labeling with 2DE and MALDI-TOF/TOF MS,SNO-Q2,,0,
pubmed:29988084,pubmed_abstract_screen,abstract,s_nitrosylation,s_nitrosylation,capture_enrichment,not_pulled_down,mouse,,yes,yes,open_access,10.1038/s41380-018-0113-6,29988084,PMC6614015,Molecular psychiatry,2018,SNOTRAP,SNO-Q2;SNO-Q3,,0,
pubmed:34254783,pubmed_abstract_screen,abstract,s_nitrosylation,s_nitrosylation,unclear,unclear,unclear,,no,no,unclear,10.1021/acsinfecdis.1c00085,34254783,,ACS infectious diseases,2021,unclear,SNO-Q2,,0,
pubmed:18445036,pubmed_abstract_screen,abstract,s_nitrosylation,s_nitrosylation,capture_enrichment,not_pulled_down,Kalanchoe pinnata,19,yes,yes,unclear,10.1111/j.1742-4658.2008.06425.x,18445036,,The FEBS journal,2008,biotin switch technique,SNO-Q2,,0,
pubmed:26242804,pubmed_abstract_screen,abstract,s_nitrosylation,s_nitrosylation,na,unclear,unclear,,no,no,unclear,10.1007/s13361-015-1210-2,26242804,,Journal of the American Society for Mass Spectrometry,2015,DESI-MS,SNO-Q2,,0,
pubmed:21615140,pubmed_abstract_screen,abstract,s_nitrosylation,s_nitrosylation,differential_alkylation,seen_but_unmodified,rat,,no,yes,open_access,10.1021/bi200008b,21615140,PMC3133729,Biochemistry,2011,SNOFlo,SNO-Q2,,0,
pubmed:15618409,pubmed_abstract_screen,abstract,s_nitrosylation,s_nitrosylation,capture_enrichment,not_pulled_down,"bovine, human, endothelial cells",,no,no,open_access,10.1073/pnas.0405989102,15618409,PMC544053,Proceedings of the National Academy of Sciences of the United States of America,2004,biotin switch,SNO-Q2,,0,
pubmed:25339367,pubmed_abstract_screen,abstract,s_nitrosylation,s_nitrosylation,capture_enrichment,not_pulled_down,"human, rodent brain",1509,unclear,yes,unclear,10.3892/ijmm.2014.1975,25339367,,International journal of molecular medicine,2014,biotin switch + iTRAQ-MS,SNO-Q2,,0,
pubmed:21228217,pubmed_abstract_screen,abstract,s_nitrosylation,s_nitrosylation,capture_enrichment,not_pulled_down,human placenta,46,no,yes,open_access,10.1095/biolreprod.110.090688,21228217,PMC3080422,Biology of reproduction,2011,biotin switch + 2D-DIGE,SNO-Q2,,0,
pubmed:24032038,pubmed_abstract_screen,abstract,s_nitrosylation,s_nitrosylation,capture_enrichment,not_pulled_down,Brassica juncea,13,no,yes,open_access,10.3389/fpls.2013.00342,24032038,PMC3759006,Frontiers in plant science,2013,biotin switch + 2D-PAGE nLC-MS/MS,SNO-Q2,,0,
pubmed:19837133,pubmed_abstract_screen,abstract,s_nitrosylation,s_nitrosylation,na,unclear,RAW 264.7 cells,,no,no,unclear,10.1016/j.bbagen.2009.10.004,19837133,,Biochimica et biophysica acta,2009,biotin switch (modified),SNO-Q2,,0,
pubmed:20837516,pubmed_abstract_screen,abstract,s_nitrosylation,s_nitrosylation,capture_enrichment,not_pulled_down,mouse,328,yes,yes,open_access,10.1073/pnas.1008036107,20837516,PMC2947911,Proceedings of the National Academy of Sciences of the United States of America,2010,MS-based proteomic approaches,SNO-Q2,,0,
pubmed:30697201,pubmed_abstract_screen,abstract,s_nitrosylation,s_nitrosylation,differential_alkylation,seen_but_unmodified,human,,no,yes,open_access,10.3389/fmicb.2018.03320,30697201,PMC6340995,Frontiers in microbiology,2019,thiol-labeling BODIPY FL-maleimide / MALDI-TOF/TOF MS,SNO-Q2,,0,
pubmed:32948226,pubmed_abstract_screen,abstract,s_nitrosylation,s_nitrosylation,capture_enrichment,not_pulled_down,Trichomonas vaginalis,,no,yes,open_access,10.1186/s13071-020-04355-0,32948226,PMC7501694,Parasites & vectors,2020,S-nitrosylated proteomics,SNO-Q2,,0,
pubmed:26338901,pubmed_abstract_screen,abstract,s_nitrosylation,s_nitrosylation,both,both_reported,"mouse, human",493,yes,yes,open_access,10.1161/CIRCRESAHA.115.307336,26338901,PMC4979977,Circulation research,2015,dual-labeling biotin switch with pyridyldithiol and iodoacetyl tandem mass tags,SNO-Q2;SNO-Q3,,0,
pubmed:19754203,pubmed_abstract_screen,abstract,s_nitrosylation,s_nitrosylation,unclear,unclear,unclear,,unclear,unclear,unclear,10.1021/pr900772j,19754203,,Journal of proteome research,2009,biotin switch,SNO-Q2;SNO-Q3,,0,
pubmed:29600452,pubmed_abstract_screen,abstract,s_nitrosylation,s_nitrosylation,capture_enrichment,not_pulled_down,unclear,,yes,no,unclear,10.1007/978-1-4939-7695-9_7,29600452,,"Methods in molecular biology (Clifton, N.J.)",2018,"fluorescence switch, biotin switch",SNO-Q3,,0,
pubmed:29600453,pubmed_abstract_screen,abstract,s_nitrosylation,s_nitrosylation,capture_enrichment,not_pulled_down,unclear,,yes,no,unclear,10.1007/978-1-4939-7695-9_8,29600453,,"Methods in molecular biology (Clifton, N.J.)",2018,dual labeling biotin switch,SNO-Q3,,0,
pubmed:33010734,pubmed_abstract_screen,abstract,s_nitrosylation,s_nitrosylation,capture_enrichment,not_pulled_down,cattle,856,yes,yes,unclear,10.1016/j.meatsci.2020.108321,33010734,,Meat science,2020,iodoTMT switch assay,SNO-Q3,,0,
pubmed:23796488,pubmed_abstract_screen,abstract,s_nitrosylation,s_nitrosylation,capture_enrichment,not_pulled_down,unclear,,yes,no,unclear,10.1016/j.jprot.2013.06.019,23796488,,Journal of proteomics,2013,biotin switch,SNO-Q3;SFN-Q1,,0,
pubmed:29358077,pubmed_abstract_screen,abstract,s_nitrosylation,s_nitrosylation,capture_enrichment,not_pulled_down,human,,unclear,no,open_access,10.1016/j.molcel.2017.12.019,29358077,PMC5807093,Molecular cell,2018,biotin switch,SNO-Q3,,0,
pubmed:26461387,pubmed_abstract_screen,abstract,s_nitrosylation,s_nitrosylation,differential_alkylation,seen_but_unmodified,Escherichia coli,90,yes,yes,unclear,10.1016/j.freeradbiomed.2014.10.808,26461387,,Free radical biology & medicine,2014,differential reduction + iodoTMT + anti-TMT enrichment,SNO-Q3;SFN-Q1;SFN-Q4,,0,
pubmed:31097712,pubmed_abstract_screen,abstract,s_nitrosylation,s_nitrosylation,capture_enrichment,not_pulled_down,"human (HeLa, SH-SY5Y)",8304,yes,yes,open_access,10.1038/s41467-019-10182-4,31097712,PMC6522481,Nature communications,2019,Cys-BOOST,SNO-Q3,,0,
pubmed:37522418,pubmed_abstract_screen,abstract,cys_oxidation_other,cys_oxidation_other,unclear,unclear,Arabidopsis,1700,yes,yes,unclear,10.1111/tpj.16406,37522418,,The Plant journal : for cell and molecular biology,2023,multiome PTM profiling,SNO-Q3,,0,
pubmed:18554546,pubmed_abstract_screen,abstract,s_nitrosylation,s_nitrosylation,na,unclear,unclear,,unclear,no,unclear,10.1016/S0076-6879(08)01221-4,18554546,,Methods in enzymology,2008,biotin-switch assay,SNO-Q3,,0,
pubmed:22126794,pubmed_abstract_screen,abstract,s_nitrosylation,s_nitrosylation,differential_alkylation,seen_but_unmodified,human (pulmonary arterial endothelial),220,yes,yes,open_access,10.1074/mcp.M111.013441,22126794,PMC3277766,Molecular & cellular proteomics : MCP,2011,cysTMT6 switch assay,SNO-Q3,,0,
pubmed:24152285,pubmed_abstract_screen,abstract,s_nitrosylation,s_nitrosylation,differential_alkylation,seen_but_unmodified,rat cardiomyocytes,260,yes,yes,open_access,10.1089/ars.2013.5326,24152285,PMC3936484,Antioxidants & redox signaling,2013,iodoTMT-switch,SNO-Q3,,0,
pubmed:26184698,pubmed_abstract_screen,abstract,cys_oxidation_other,cys_oxidation_other,unclear,unclear,unclear,,unclear,no,unclear,10.1586/14789450.2015.1069189,26184698,,Expert review of proteomics,2015,unclear,SNO-Q3,,0,
pubmed:27350002,pubmed_abstract_screen,abstract,cys_oxidation_other,cys_oxidation_other,differential_alkylation,seen_but_unmodified,human cells cultured,,yes,yes,unclear,10.1021/acs.jproteome.6b00087,27350002,,Journal of proteome research,2016,iodoTMT,SNO-Q3,,0,
pubmed:24157928,pubmed_abstract_screen,abstract,s_nitrosylation,s_nitrosylation,capture_enrichment,not_pulled_down,human brain,45,yes,yes,unclear,10.1016/j.neuroscience.2013.10.026,24157928,,Neuroscience,2013,biotin switch,SNO-Q3,,0,
pubmed:26917471,pubmed_abstract_screen,abstract,s_nitrosylation,s_nitrosylation,capture_enrichment,not_pulled_down,rat cardiomyocytes,10,yes,yes,open_access,10.1016/j.jprot.2016.02.009,26917471,PMC5066868,Journal of proteomics,2016,biotin switch,SNO-Q3,,0,
pubmed:38961772,pubmed_abstract_screen,abstract,cys_oxidation_other,cys_oxidation_other,capture_enrichment,not_pulled_down,Mus musculus,13,yes,yes,unclear,10.1111/php.13994,38961772,,Photochemistry and photobiology,2024,biotin switch assay with biotin-HPDP and N-ethylmaleimide,SNO-Q3,,0,
pubmed:23252521,pubmed_abstract_screen,abstract,not_cysteine_ptm,not_cysteine_ptm,differential_alkylation,seen_but_unmodified,Arabidopsis thaliana,,unclear,yes,unclear,10.1111/nph.12077,23252521,,The New phytologist,2012,biotin switch iTRAQ,SNO-Q3,,0,
pubmed:34828261,pubmed_abstract_screen,abstract,cys_oxidation_other,cys_oxidation_other,differential_alkylation,seen_but_unmodified,Mus musculus,34,yes,yes,open_access,10.3390/genes12111655,34828261,PMC8622432,Genes,2021,iodoTMT-labeled cysteine quantitation,SNO-Q3,,0,
pubmed:26498643,pubmed_abstract_screen,abstract,thiol_reactivity_general,thiol_reactivity_general,differential_alkylation,seen_but_unmodified,Escherichia coli,,yes,no,open_access,10.1007/s00775-015-1303-1,26498643,PMC4749482,Journal of biological inorganic chemistry : JBIC : a publication of the Society of Biological Inorganic Chemistry,2015,mass spectrometry,SNO-Q3,,0,
pubmed:42424964,pubmed_abstract_screen,abstract,sulfenylation,sulfenylation,differential_alkylation,seen_but_unmodified,Oryza sativa,352,yes,yes,unclear,10.1016/j.plaphy.2026.111533,42424964,,Plant physiology and biochemistry : PPB,2026,iodoTMT-based approach,SNO-Q3;SFN-Q1;SFN-Q4,,0,
pubmed:20695533,pubmed_abstract_screen,abstract,s_nitrosylation,s_nitrosylation,capture_enrichment,not_pulled_down,"Jurkat cells, RAW264.7 cells, mice",,yes,yes,open_access,10.1021/bi100619k,20695533,PMC3008576,Biochemistry,2010,biotin switch + SILAC + MS,SNO-Q3,,0,
pubmed:37146512,pubmed_abstract_screen,abstract,cys_oxidation_other,cys_oxidation_other,differential_alkylation,seen_but_unmodified,Drosophila melanogaster,,yes,yes,open_access,10.1016/j.redox.2023.102723,37146512,PMC10189289,Redox biology,2023,iodo-TMT sixplex,SNO-Q3,,0,
pubmed:26317069,pubmed_abstract_screen,abstract,s_nitrosylation,s_nitrosylation,capture_enrichment,not_pulled_down,C57BL/6J mice,,yes,yes,open_access,10.3390/proteomes3020056,26317069,PMC4548934,Proteomes,2015,biotin switch + MS,SNO-Q3,,0,
pubmed:27075618,pubmed_abstract_screen,abstract,s_nitrosylation,s_nitrosylation,capture_enrichment,not_pulled_down,placental endothelial cells (sheep),,yes,yes,open_access,10.1095/biolreprod.116.139337,27075618,PMC4939742,Biology of reproduction,2016,biotin switch + SILAC + LC-MS/MS,SNO-Q3,,0,
pubmed:23273257,pubmed_abstract_screen,abstract,s_nitrosylation,s_nitrosylation,capture_enrichment,not_pulled_down,neuroblastoma cells,,no,yes,open_access,10.1186/1477-5956-10-74,23273257,PMC3576269,Proteome science,2012,SNO-RAC + 2D gel,SNO-Q3,,0,
pubmed:20524644,pubmed_abstract_screen,abstract,s_nitrosylation,s_nitrosylation,differential_alkylation,seen_but_unmodified,human neuroblastoma cells,,yes,yes,open_access,10.1021/cb100054m,20524644,PMC2941763,ACS chemical biology,2010,d-Switch,SNO-Q3,,0,
pubmed:20089767,pubmed_abstract_screen,abstract,s_nitrosylation,s_nitrosylation,capture_enrichment,not_pulled_down,Arabidopsis thaliana,,yes,yes,open_access,10.1104/pp.109.152579,20089767,PMC2832280,Plant physiology,2010,biotin-switch with nano-LC-MS,SNO-Q3,,0,
pubmed:21704743,pubmed_abstract_screen,abstract,s_nitrosylation,s_nitrosylation,both,both_reported,human neuroblastoma cells,,yes,yes,open_access,10.1016/j.jprot.2011.06.001,21704743,PMC3253718,Journal of proteomics,2011,ICAT with biotin switch,SNO-Q3,,0,
pubmed:18992711,pubmed_abstract_screen,abstract,s_nitrosylation,s_nitrosylation,capture_enrichment,not_pulled_down,human endothelial cells,2,yes,yes,unclear,10.1016/j.bbrc.2008.10.144,18992711,,Biochemical and biophysical research communications,2008,biotin-switch with 2-DE and CapLC/Q-TOF,SNO-Q3,,0,
pubmed:15740986,pubmed_abstract_screen,abstract,s_nitrosylation,s_nitrosylation,capture_enrichment,not_pulled_down,mouse RAW264.7 macrophages,,no,yes,unclear,10.1016/j.niox.2004.11.006,15740986,,Nitric oxide : biology and chemistry,2004,biotin-switch technique,SNO-Q3,,0,
pubmed:16291228,pubmed_abstract_screen,abstract,s_nitrosylation,s_nitrosylation,capture_enrichment,not_pulled_down,unclear,,unclear,no,unclear,10.1016/S0076-6879(05)96013-8,16291228,,Methods in enzymology,2005,biotin switch,SNO-Q3,,0,
pubmed:37277371,pubmed_abstract_screen,abstract,s_nitrosylation,s_nitrosylation,capture_enrichment,not_pulled_down,Arabidopsis,408,yes,yes,open_access,10.1038/s41467-023-39078-0,37277371,PMC10241878,Nature communications,2023,FAT-switch,SNO-Q4,,0,
pubmed:28710281,pubmed_abstract_screen,abstract,s_nitrosylation,s_nitrosylation,differential_alkylation,seen_but_unmodified,mouse,,yes,yes,open_access,10.1074/jbc.M117.798744,28710281,PMC5582841,The Journal of biological chemistry,2017,SNOxICAT,SNO-Q4,,0,
pubmed:37248412,pubmed_abstract_screen,abstract,sulfenylation,sulfenylation,capture_enrichment,not_pulled_down,human,500,yes,yes,open_access,10.1038/s41589-023-01330-5,37248412,PMC12262106,Nature chemical biology,2023,nucleophilic fragment library,SFN-Q1;SFN-Q2,,0,
pubmed:32866852,pubmed_abstract_screen,abstract,cys_oxidation_other,cys_oxidation_other,na,unclear,unclear,,unclear,no,unclear,10.1016/j.cbpa.2020.07.011,32866852,,Current opinion in chemical biology,2020,unclear,SFN-Q1;SFN-Q2,,0,
pubmed:40858111,pubmed_abstract_screen,abstract,sulfenylation,sulfenylation,capture_enrichment,not_pulled_down,human,,yes,yes,unclear,10.1016/j.molcel.2025.07.023,40858111,,Molecular cell,2025,redox proteomics,SFN-Q1,,0,
pubmed:26282677,pubmed_abstract_screen,abstract,s_nitrosylation,s_nitrosylation,differential_alkylation,seen_but_unmodified,unclear,,yes,no,open_access,10.1016/j.redox.2015.08.005,26282677,PMC4543216,Redox biology,2015,differential alkylation,SFN-Q1,,0,
pubmed:30327380,pubmed_abstract_screen,abstract,sulfenylation,sulfenylation,na,unclear,unclear,,no,no,unclear,10.1158/0008-5472.CAN-18-0980,30327380,,Cancer research,2018,unclear,SFN-Q1,,0,
pubmed:30312022,pubmed_abstract_screen,abstract,sulfenylation,sulfenylation,capture_enrichment,not_pulled_down,unclear,,yes,no,open_access,10.1002/cpps.76,30312022,PMC6342663,Current protocols in protein science,2018,benzothiazine probe (BTD),SFN-Q1;SFN-Q3;SFN-Q4,,0,
pubmed:36260995,pubmed_abstract_screen,abstract,sulfenylation,sulfenylation,unclear,unclear,human,,yes,yes,unclear,10.1016/j.celrep.2022.111524,36260995,,Cell reports,2022,unclear,SFN-Q1,,0,
pubmed:36130931,pubmed_abstract_screen,abstract,sulfenylation,sulfenylation,capture_enrichment,not_pulled_down,human cells,,yes,yes,open_access,10.1038/s41467-022-33124-z,36130931,PMC9492777,Nature communications,2022,fluorogenic probe with proteomic mapping,SFN-Q1;SFN-Q2,,0,
pubmed:37004833,pubmed_abstract_screen,abstract,cys_oxidation_other,cys_oxidation_other,na,unclear,cardiomyocytes,,no,no,unclear,10.1016/j.cellsig.2023.110664,37004833,,Cellular signalling,2023,redox signaling assay,SFN-Q1,,0,
pubmed:25124921,pubmed_abstract_screen,abstract,not_cysteine_ptm,not_cysteine_ptm,differential_alkylation,seen_but_unmodified,bovine,1,yes,no,open_access,10.1016/j.freeradbiomed.2014.07.041,25124921,PMC4253559,Free radical biology & medicine,2014,dimedone trapping with MS,SFN-Q1,,0,
pubmed:30050050,pubmed_abstract_screen,abstract,sulfenylation,sulfenylation,na,unclear,unclear,,yes,no,open_access,10.1038/s41598-018-29126-x,30050050,PMC6062547,Scientific reports,2018,SVM-SulfoSite prediction tool,SFN-Q1;SFN-Q4,,0,
pubmed:37087193,pubmed_abstract_screen,abstract,sulfenylation,sulfenylation,capture_enrichment,not_pulled_down,plant cells,,no,no,unclear,10.1016/bs.mie.2022.09.013,37087193,,Methods in enzymology,2022,DCP-Rho1 fluorescent probe,SFN-Q1;SFN-Q2,,0,
pubmed:24103186,pubmed_abstract_screen,abstract,sulfenylation,sulfenylation,na,unclear,unclear,,no,no,open_access,10.1111/febs.12535,24103186,PMC3928805,The FEBS journal,2013,unclear,SFN-Q1,,0,
pubmed:35065077,pubmed_abstract_screen,abstract,cys_oxidation_other,cys_oxidation_other,na,unclear,Escherichia coli,1,yes,yes,open_access,10.1016/j.jbc.2022.101601,35065077,PMC8857464,The Journal of biological chemistry,2022,mass spectrometry,SFN-Q1,,0,
pubmed:41415417,pubmed_abstract_screen,abstract,sulfenylation,sulfenylation,capture_enrichment,not_pulled_down,gut microbiota,1,yes,yes,open_access,10.64898/2025.12.11.693737,41415417,PMC12710755,bioRxiv : the preprint server for biology,2025,chemoproteomic platform with sulfenic acid-reactive bile acid probe,SFN-Q1,,0,
pubmed:30893551,pubmed_abstract_screen,abstract,sulfenylation,sulfenylation,na,unclear,unclear,,no,no,unclear,10.1021/acschembio.8b01104,30893551,,ACS chemical biology,2019,norbornene probes,SFN-Q1,,0,
pubmed:26086405,pubmed_abstract_screen,abstract,sulfenylation,sulfenylation,capture_enrichment,not_pulled_down,human,,yes,no,open_access,10.1038/nprot.2015.062,26086405,PMC4608369,Nature protocols,2015,DYn-2 probe with Cu(I)-catalyzed azide-alkyne cycloaddition and LC-MS/MS,SFN-Q1;SFN-Q3;SFN-Q4;XCHEM-Q1,,0,
pubmed:41129672,pubmed_abstract_screen,abstract,sulfenylation,sulfenylation,capture_enrichment,not_pulled_down,mouse,5000,yes,yes,open_access,10.1021/acs.bioconjchem.5c00418,41129672,PMC12635961,Bioconjugate chemistry,2025,BTD-Az bioorthogonal probe with SPAAC pull-down,SFN-Q1;SFN-Q2;SFN-Q3,,0,
pubmed:29374135,pubmed_abstract_screen,abstract,sulfenylation,sulfenylation,capture_enrichment,not_pulled_down,human/mouse,,no,yes,open_access,10.1074/mcp.RA117.000382,29374135,PMC5930400,Molecular & cellular proteomics : MCP,2018,sulfenic acid trapping with proteomics,SFN-Q1,,0,
pubmed:17982034,pubmed_abstract_screen,abstract,sulfenylation,sulfenylation,capture_enrichment,not_pulled_down,mouse,,no,no,unclear,10.4049/jimmunol.179.10.6456,17982034,,"Journal of immunology (Baltimore, Md. : 1950)",2007,dimedone trapping,SFN-Q1,,0,
pubmed:33465466,pubmed_abstract_screen,abstract,sulfenylation,sulfenylation,capture_enrichment,not_pulled_down,rat,,yes,yes,unclear,10.1016/j.freeradbiomed.2021.01.019,33465466,,Free radical biology & medicine,2021,dimedone-trapping with adhesome purification,SFN-Q1,,0,
pubmed:34531572,pubmed_abstract_screen,abstract,sulfenylation,sulfenylation,capture_enrichment,not_pulled_down,unclear,,yes,yes,open_access,10.1038/s41557-021-00767-2,34531572,PMC9121980,Nature chemistry,2021,Wittig reagent chemoselective ligation,SFN-Q1;SFN-Q4,,0,
pubmed:27123991,pubmed_abstract_screen,abstract,sulfenylation,sulfenylation,unclear,unclear,unclear,,no,no,open_access,10.1021/acs.bioconjchem.6b00181,27123991,PMC4886738,Bioconjugate chemistry,2016,nucleophilic and electrophilic probes,SFN-Q1;SFN-Q2,,0,
pubmed:40916186,pubmed_abstract_screen,abstract,sulfenylation,sulfenylation,capture_enrichment,not_pulled_down,Humans,,unclear,yes,unclear,10.1002/anie.202512311,40916186,,Angewandte Chemie (International ed. in English),2025,Ub-ABPs (ubiquitin-based activity probes),SFN-Q1;SFN-Q3,,0,
pubmed:19645509,pubmed_abstract_screen,abstract,sulfenylation,sulfenylation,capture_enrichment,not_pulled_down,Humans,,no,yes,unclear,10.1021/cb900105q,19645509,,ACS chemical biology,2009,DAz-2 probe,SFN-Q1;SFN-Q2,,0,
pubmed:24719340,pubmed_abstract_screen,abstract,sulfenylation,sulfenylation,capture_enrichment,not_pulled_down,unclear,,yes,no,open_access,10.1002/jms.3336,24719340,PMC4070747,Journal of mass spectrometry : JMS,2014,dimedone and derivatives with LC-MS/MS,SFN-Q1,,0,
pubmed:34775098,pubmed_abstract_screen,abstract,sulfenylation,sulfenylation,capture_enrichment,not_pulled_down,Nicotiana benthamiana,183,no,yes,unclear,10.1016/j.jprot.2021.104423,34775098,,Journal of proteomics,2021,ROS-dependent sulfenome analysis,SFN-Q1;SFN-Q2,,0,
pubmed:34655462,pubmed_abstract_screen,abstract,thiol_reactivity_general,thiol_reactivity_general,na,unclear,unclear,,no,no,unclear,10.1002/adhm.202101300,34655462,,Advanced healthcare materials,2021,MI-BTD-P (AIEgen-peptide conjugate),SFN-Q3,,0,
pubmed:39841447,pubmed_abstract_screen,abstract,thiol_reactivity_general,thiol_reactivity_general,na,unclear,HeLa cells,,no,no,unclear,10.1039/d4an01468e,39841447,,The Analyst,2025,F-BTD (two-photon fluorescent probe),SFN-Q3,,0,
pubmed:19081252,pubmed_abstract_screen,abstract,cys_oxidation_other,cys_oxidation_other,na,unclear,HeLa cells,,yes,no,unclear,10.1016/j.bmcl.2008.11.073,19081252,,Bioorganic & medicinal chemistry letters,2008,DAz-1 (sulfenic acid probe),SFN-Q3,,0,
pubmed:30090399,pubmed_abstract_screen,abstract,s_nitrosylation,s_nitrosylation,unclear,unclear,HepG2/C3A,,yes,yes,open_access,10.1039/c5tx00469a,30090399,PMC6072433,Toxicology research,2016,mass spectrometry redox proteomics,SFN-Q4,,0,
pubmed:33300450,pubmed_abstract_screen,abstract,sulfenylation,sulfenylation,na,unclear,plants,,unclear,no,open_access,10.1080/15592324.2020.1831792,33300450,PMC7781837,Plant signaling & behavior,2020,unclear,SFN-Q4,,0,
pubmed:23624333,pubmed_abstract_screen,abstract,cys_oxidation_other,cys_oxidation_other,na,unclear,unclear,,no,no,unclear,10.1016/j.bbagen.2013.04.021,23624333,,Biochimica et biophysica acta,2013,gel-based methods,SFN-Q4,,0,
pubmed:26314228,pubmed_abstract_screen,abstract,sulfenylation,sulfenylation,capture_enrichment,not_pulled_down,human,,yes,yes,open_access,10.1002/art.39326,26314228,PMC4849859,"Arthritis & rheumatology (Hoboken, N.J.)",2016,dimedone analog capture + mass spectrometry,SFN-Q4,,0,
pubmed:26641493,pubmed_abstract_screen,abstract,sulfenylation,sulfenylation,unclear,unclear,unclear,,yes,no,open_access,10.1021/acs.orglett.5b02981,26641493,PMC4699549,Organic letters,2015,photocaged cysteine sulfoxide,SFN-Q4,,0,
pubmed:32496768,pubmed_abstract_screen,abstract,thiol_reactivity_general,thiol_reactivity_general,capture_enrichment,not_pulled_down,"mouse, human",,yes,yes,unclear,10.1021/jacs.9b11962,32496768,,Journal of the American Chemical Society,2020,bioorthogonal probe ITalk chemoproteomic profiling,XCHEM-Q1,,0,
pubmed:37084731,pubmed_abstract_screen,abstract,thiol_reactivity_general,thiol_reactivity_general,capture_enrichment,not_pulled_down,human,,yes,yes,open_access,10.1016/j.molcel.2023.03.026,37084731,PMC10198961,Molecular cell,2023,SEC + cysteine activity-based protein profiling,XCHEM-Q1,,0,
pubmed:40950159,pubmed_abstract_screen,abstract,thiol_reactivity_general,thiol_reactivity_general,differential_alkylation,seen_but_unmodified,"human (THP-1 monocytes, macrophages)",148,yes,yes,open_access,10.1101/2025.08.30.673236,40950159,PMC12424734,bioRxiv : the preprint server for biology,2025,cysteine-directed ABPP,XCHEM-Q1,,0,
pubmed:39979415,pubmed_abstract_screen,abstract,cys_oxidation_other,cys_oxidation_other,capture_enrichment,not_pulled_down,unclear,,yes,no,open_access,10.1038/s41557-025-01745-8,39979415,PMC11964933,Nature chemistry,2025,chemoproteomic profiling,XCHEM-Q1,,0,
pubmed:33996001,pubmed_abstract_screen,abstract,cys_oxidation_other,cys_oxidation_other,capture_enrichment,not_pulled_down,Mycobacterium tuberculosis,,yes,yes,open_access,10.1039/d1sc00660f,33996001,PMC8098682,Chemical science,2021,itaconate-based bioorthogonal probes,XCHEM-Q1,,0,
pubmed:36682866,pubmed_abstract_screen,abstract,thiol_reactivity_general,thiol_reactivity_general,differential_alkylation,seen_but_unmodified,unclear,,yes,no,unclear,10.1016/bs.mie.2022.07.037,36682866,,Methods in enzymology,2022,DIA-ABPP,XCHEM-Q1,,0,
pubmed:40578074,pubmed_abstract_screen,abstract,thiol_reactivity_general,thiol_reactivity_general,both,both_reported,unclear,,yes,no,open_access,10.1016/j.cbpa.2025.102605,40578074,PMC12445971,Current opinion in chemical biology,2025,unclear,XCHEM-Q1,,0,
pubmed:29989794,pubmed_abstract_screen,abstract,thiol_reactivity_general,thiol_reactivity_general,differential_alkylation,seen_but_unmodified,human cell line,,yes,yes,unclear,10.1021/acs.analchem.8b02426,29989794,,Analytical chemistry,2018,rdTOP-ABPP,XCHEM-Q1,,0,
pubmed:32573231,pubmed_abstract_screen,abstract,cys_oxidation_other,cys_oxidation_other,capture_enrichment,not_pulled_down,unclear,1500,yes,yes,unclear,10.1021/jasms.0c00116,32573231,,Journal of the American Society for Mass Spectrometry,2020,maleimide-based chemical proteomics,XCHEM-Q1,,0,
pubmed:41226219,pubmed_abstract_screen,abstract,cys_oxidation_other,cys_oxidation_other,capture_enrichment,not_pulled_down,human HEK293T cells,120,yes,yes,open_access,10.3390/molecules30214255,41226219,PMC12608796,"Molecules (Basel, Switzerland)",2025,bioorthogonal chemical probe with quantitative chemoproteomic profiling,XCHEM-Q1,,0,
pubmed:42248851,pubmed_abstract_screen,abstract,not_cysteine_ptm,not_cysteine_ptm,capture_enrichment,not_pulled_down,human,31000,yes,yes,open_access,10.1038/s41467-026-73407-3,42248851,PMC13354580,Nature communications,2026,SuPUR chemoproteomics,XCHEM-Q1,,0,
pubmed:35763570,pubmed_abstract_screen,abstract,not_cysteine_ptm,not_cysteine_ptm,differential_alkylation,seen_but_unmodified,human,9,yes,no,unclear,10.1021/acs.analchem.2c00895,35763570,,Analytical chemistry,2022,SETRIP,XCHEM-Q1,,0,
pubmed:38798612,pubmed_abstract_screen,abstract,not_cysteine_ptm,not_cysteine_ptm,na,unclear,human,,unclear,no,open_access,10.1101/2024.05.16.594577,38798612,PMC11118437,bioRxiv : the preprint server for biology,2024,unclear,XCHEM-Q2,,0,
pubmed:25660831,pubmed_abstract_screen,abstract,not_cysteine_ptm,not_cysteine_ptm,na,unclear,human,,unclear,no,unclear,10.1016/j.mehy.2015.01.022,25660831,,Medical hypotheses,2015,unclear,XCHEM-Q2,,0,
pubmed:23793388,pubmed_abstract_screen,abstract,not_cysteine_ptm,not_cysteine_ptm,na,unclear,unclear,,unclear,no,unclear,10.1007/s00438-013-0760-x,23793388,,Molecular genetics and genomics : MGG,2013,unclear,XCHEM-Q2,,0,
pubmed:11831735,pubmed_abstract_screen,abstract,not_cysteine_ptm,not_cysteine_ptm,na,unclear,equine,,unclear,no,unclear,10.1006/viro.1995.1124,11831735,,Virology,1995,unclear,XCHEM-Q2,,0,
pubmed:22586074,pubmed_abstract_screen,abstract,not_cysteine_ptm,not_cysteine_ptm,na,unclear,human,,unclear,no,open_access,10.1073/pnas.1205292109,22586074,PMC3365209,Proceedings of the National Academy of Sciences of the United States of America,2012,inSeq,XCHEM-Q2,,0,
pubmed:33647583,pubmed_abstract_screen,abstract,not_cysteine_ptm,not_cysteine_ptm,na,unclear,Brassica juncea,,no,no,unclear,10.1016/j.plaphy.2021.02.012,33647583,,Plant physiology and biochemistry : PPB,2021,unclear,XCHEM-Q2,,0,
pubmed:21258065,pubmed_abstract_screen,abstract,not_cysteine_ptm,not_cysteine_ptm,na,unclear,unclear,,unclear,no,open_access,10.1093/bioinformatics/btr017,21258065,PMC3051323,"Bioinformatics (Oxford, England)",2011,PTMClust,XCHEM-Q2,,0,
pubmed:32736075,pubmed_abstract_screen,abstract,not_cysteine_ptm,not_cysteine_ptm,na,unclear,Crassostrea gigas,,no,no,unclear,10.1016/j.jsb.2020.107594,32736075,,Journal of structural biology,2020,unclear,XCHEM-Q2,,0,
pubmed:20337398,pubmed_abstract_screen,abstract,not_cysteine_ptm,not_cysteine_ptm,na,unclear,Gallus gallus,,yes,no,unclear,10.1021/ac9004259,20337398,,Analytical chemistry,2009,nanoLC-MS,XCHEM-Q2,,0,
pubmed:3138115,pubmed_abstract_screen,abstract,cys_oxidation_other,cys_oxidation_other,na,unclear,Mesocricetus auratus,1,yes,yes,unclear,10.1111/j.1432-1033.1988.tb14246.x,3138115,,European journal of biochemistry,1988,immunoaffinity chromatography,XCHEM-Q2,,0,
pubmed:7770081,pubmed_abstract_screen,abstract,not_cysteine_ptm,not_cysteine_ptm,na,unclear,Onchocerca volvulus,,no,no,unclear,10.1016/0166-6851(94)00187-r,7770081,,Molecular and biochemical parasitology,1995,unclear,XCHEM-Q2,,0,
pubmed:40910306,pubmed_abstract_screen,abstract,not_cysteine_ptm,not_cysteine_ptm,capture_enrichment,not_pulled_down,Homo sapiens,,yes,yes,open_access,10.3724/SP.J.1123.2025.04004,40910306,PMC12412023,Se pu = Chinese journal of chromatography,2025,HILIC enrichment with dual-platform MS,XCHEM-Q2,,0,
pubmed:27590005,pubmed_abstract_screen,abstract,not_cysteine_ptm,not_cysteine_ptm,na,unclear,Helicobacter pylori,,yes,no,open_access,10.1186/s12866-016-0820-6,27590005,PMC5009636,BMC microbiology,2016,phosphotyrosine antibody detection,XCHEM-Q2,,0,
pubmed:15322080,pubmed_abstract_screen,abstract,not_cysteine_ptm,not_cysteine_ptm,na,unclear,Arabidopsis thaliana,8,yes,yes,unclear,10.1074/jbc.M407594200,15322080,,The Journal of biological chemistry,2004,MALDI-TOF and tandem MS,XCHEM-Q2,,0,
pubmed:11578091,pubmed_abstract_screen,abstract,not_cysteine_ptm,not_cysteine_ptm,na,unclear,Schistosoma mansoni,,no,no,unclear,10.1017/s0031182001008484,11578091,,Parasitology,2001,Western blotting and immunolocalization,XCHEM-Q2,,0,
pubmed:17392370,pubmed_abstract_screen,abstract,not_cysteine_ptm,not_cysteine_ptm,na,unclear,human coronavirus NL63,,no,no,open_access,10.1128/JVI.02747-06,17392370,PMC1900296,Journal of virology,2007,unclear,XCHEM-Q2,,0,
pubmed:11443282,pubmed_abstract_screen,abstract,not_cysteine_ptm,not_cysteine_ptm,na,unclear,human,,no,no,unclear,10.1023/a:1010992827511,11443282,,Glycoconjugate journal,2000,unclear,XCHEM-Q2,,0,
pubmed:7904219,pubmed_abstract_screen,abstract,not_cysteine_ptm,not_cysteine_ptm,na,unclear,Lymnaea stagnalis,,no,no,unclear,10.1111/j.1460-9568.1993.tb00952.x,7904219,,The European journal of neuroscience,1993,unclear,XCHEM-Q2,,0,
pubmed:2554567,pubmed_abstract_screen,abstract,not_cysteine_ptm,not_cysteine_ptm,na,unclear,mouse,,no,no,unclear,10.1016/0042-6822(89)90229-8,2554567,,Virology,1989,unclear,XCHEM-Q2,,0,
pubmed:2863926,pubmed_abstract_screen,abstract,not_cysteine_ptm,not_cysteine_ptm,na,unclear,"rat, anglerfish",,no,no,unclear,10.1007/978-1-4615-7886-4_7,2863926,,Advances in experimental medicine and biology,1985,unclear,XCHEM-Q2,,0,
pubmed:40887391,pubmed_abstract_screen,abstract,review_or_method_only,review_or_method_only,na,unclear,unclear,,unclear,no,open_access,10.1016/j.neurot.2025.e00726,40887391,PMC12664503,Neurotherapeutics : the journal of the American Society for Experimental NeuroTherapeutics,2025,unclear,PS-Q1;PS-Q2;SNO-Q1;SFN-Q1,,0,
pubmed:28137558,pubmed_abstract_screen,abstract,s_nitrosylation,s_nitrosylation,capture_enrichment,not_pulled_down,unclear,,yes,no,unclear,10.1016/bs.mie.2016.10.016,28137558,,Methods in enzymology,2017,SNOFlo,PS-Q1;SFN-Q1,,0,
pubmed:38846077,pubmed_abstract_screen,abstract,persulfidation,persulfidation,na,unclear,mixed eukaryotes,,yes,no,open_access,10.1039/d3cb00106g,38846077,PMC11151867,RSC chemical biology,2024,meta-analysis,PS-Q1,,0,
pubmed:36280359,pubmed_abstract_screen,abstract,persulfidation,persulfidation,capture_enrichment,not_pulled_down,plants,,yes,no,unclear,10.1016/bs.mie.2022.07.024,36280359,,Methods in enzymology,2022,dimedone switch,PS-Q1;SFN-Q3,,0,
pubmed:42533105,pubmed_abstract_screen,abstract,cys_oxidation_other,cys_oxidation_other,differential_alkylation,seen_but_unmodified,mouse,,yes,yes,open_access,10.1038/s41594-026-01857-w,42533105,PMC13468144,Nature structural & molecular biology,2026,chemoproteomic,PS-Q1,,0,
pubmed:34077530,pubmed_abstract_screen,abstract,persulfidation,persulfidation,na,unclear,plants,,unclear,no,open_access,10.1093/jxb/erab239,34077530,PMC8355753,Journal of experimental botany,2021,unclear,PS-Q1;SFN-Q1;SFN-Q2,,0,
pubmed:32699012,pubmed_abstract_screen,abstract,persulfidation,persulfidation,na,unclear,bacteria,,unclear,no,open_access,10.1074/jbc.REV120.011304,32699012,PMC7504917,The Journal of biological chemistry,2020,unclear,PS-Q1,,0,
pubmed:39218121,pubmed_abstract_screen,abstract,persulfidation,persulfidation,unclear,unclear,human,,yes,yes,unclear,10.1016/j.freeradbiomed.2024.08.041,39218121,,Free radical biology & medicine,2024,unclear,PS-Q1,,0,
pubmed:32016341,pubmed_abstract_screen,abstract,persulfidation,persulfidation,na,unclear,unclear,,unclear,no,unclear,10.1042/EBC20190049,32016341,,Essays in biochemistry,2020,unclear,PS-Q1,,0,
pubmed:37107163,pubmed_abstract_screen,abstract,persulfidation,persulfidation,unclear,unclear,plants,4599,no,yes,open_access,10.3390/antiox12040789,37107163,PMC10135009,"Antioxidants (Basel, Switzerland)",2023,label-free quantitative proteomics,PS-Q1,,0,
pubmed:42479832,pubmed_abstract_screen,abstract,persulfidation,persulfidation,capture_enrichment,not_pulled_down,Oryza sativa (rice),1691,yes,yes,open_access,10.1073/pnas.2608150123,42479832,PMC13415890,Proceedings of the National Academy of Sciences of the United States of America,2026,ethylmaleimide-biotin-based proteomics,PS-Q1,,0,
pubmed:41657106,pubmed_abstract_screen,abstract,persulfidation,persulfidation,capture_enrichment,not_pulled_down,Homo sapiens; Mus musculus,,yes,yes,open_access,10.1002/art.70085,41657106,PMC13430133,"Arthritis & rheumatology (Hoboken, N.J.)",2026,LC-MS/MS S-sulfhydration proteomics,PS-Q1,,0,
pubmed:30715479,pubmed_abstract_screen,abstract,persulfidation,persulfidation,na,unclear,unclear,,unclear,no,unclear,10.1093/jxb/erz031,30715479,,Journal of experimental botany,2019,unclear,PS-Q1,,0,
pubmed:34346251,pubmed_abstract_screen,abstract,persulfidation,persulfidation,na,unclear,unclear,,unclear,no,unclear,10.1089/ars.2021.0162,34346251,,Antioxidants & redox signaling,2021,unclear,PS-Q1;PS-Q2,,0,
pubmed:32178559,pubmed_abstract_screen,abstract,persulfidation,persulfidation,na,unclear,unclear,,unclear,no,open_access,10.1080/15592324.2020.1741987,32178559,PMC7238880,Plant signaling & behavior,2020,unclear,PS-Q1;SFN-Q1,,0,
pubmed:26518762,pubmed_abstract_screen,abstract,thiol_reactivity_general,thiol_reactivity_general,unclear,unclear,unclear,,unclear,no,open_access,10.1074/mcp.O115.056051,26518762,PMC4762510,Molecular & cellular proteomics : MCP,2015,unclear,PS-Q1;SNO-Q1;SFN-Q1;SFN-Q4;XCHEM-Q1,,0,
pubmed:33264075,pubmed_abstract_screen,abstract,thiol_reactivity_general,thiol_reactivity_general,unclear,unclear,unclear,,unclear,no,open_access,10.1152/ajpcell.00040.2020,33264075,PMC7948008,American journal of physiology. Cell physiology,2020,unclear,PS-Q1;SNO-Q1;SFN-Q1;SFN-Q4,,0,
pubmed:39808494,pubmed_abstract_screen,abstract,persulfidation,persulfidation,unclear,unclear,Mus musculus,,unclear,yes,open_access,10.1172/JCI176942,39808494,PMC11870723,The Journal of clinical investigation,2025,chemo-proteomics,PS-Q1,,0,
pubmed:31869209,pubmed_abstract_screen,abstract,thiol_reactivity_general,thiol_reactivity_general,capture_enrichment,not_pulled_down,unclear,,yes,no,open_access,10.1021/acs.accounts.9b00562,31869209,PMC7061859,Accounts of chemical research,2019,activity-based sensing,PS-Q1;SNO-Q1;SFN-Q1;SFN-Q4;XCHEM-Q1,,0,
pubmed:32132231,pubmed_abstract_screen,abstract,persulfidation,persulfidation,differential_alkylation,seen_but_unmodified,Homo sapiens,,yes,yes,open_access,10.1074/mcp.RA119.001910,32132231,PMC7196587,Molecular & cellular proteomics : MCP,2020,TMT-based proteomics,PS-Q1,,0,
pubmed:34124301,pubmed_abstract_screen,abstract,persulfidation,persulfidation,unclear,unclear,Staphylococcus aureus,,yes,yes,open_access,10.21769/BioProtoc.4000,34124301,PMC8161108,Bio-protocol,2021,unclear,PS-Q1,,0,
pubmed:40220625,pubmed_abstract_screen,abstract,persulfidation,persulfidation,unclear,unclear,Arabidopsis thaliana,,no,yes,open_access,10.1016/j.redox.2025.103627,40220625,PMC12018006,Redox biology,2025,quantitative proteomic approach,PS-Q1,,0,
pubmed:32024687,pubmed_abstract_screen,abstract,persulfidation,persulfidation,unclear,unclear,Arabidopsis,4,yes,yes,open_access,10.1105/tpc.19.00826,32024687,PMC7145499,The Plant cell,2020,unclear,PS-Q1,,0,
pubmed:34737419,pubmed_abstract_screen,abstract,persulfidation,persulfidation,unclear,unclear,mice,1,yes,no,open_access,10.1038/s41401-021-00794-2,34737419,PMC9253102,Acta pharmacologica Sinica,2021,TMT-based proteomics,PS-Q1,,0,
pubmed:28850209,pubmed_abstract_screen,abstract,persulfidation,persulfidation,unclear,unclear,Staphylococcus aureus,,no,no,open_access,10.1021/acsinfecdis.7b00090,28850209,PMC5863038,ACS infectious diseases,2017,unclear,PS-Q1,,0,
pubmed:42071045,pubmed_abstract_screen,abstract,persulfidation,persulfidation,capture_enrichment,not_pulled_down,Thermococcus aciditolerans,204,yes,yes,unclear,10.1007/s00792-026-01428-3,42071045,,Extremophiles : life under extreme conditions,2026,unclear,PS-Q1,,0,
pubmed:28992305,pubmed_abstract_screen,abstract,persulfidation,persulfidation,differential_alkylation,seen_but_unmodified,Arabidopsis,2015,yes,yes,open_access,10.1093/jxb/erx294,28992305,PMC5853657,Journal of experimental botany,2017,tag-switch,PS-Q1,,0,
pubmed:32041780,pubmed_abstract_screen,abstract,persulfidation,persulfidation,na,unclear,human,,yes,no,open_access,10.1074/jbc.RA119.012357,32041780,PMC7076224,The Journal of biological chemistry,2020,biochemical analysis,PS-Q1,,0,
pubmed:31668058,pubmed_abstract_screen,abstract,persulfidation,persulfidation,capture_enrichment,not_pulled_down,human,226,yes,yes,unclear,10.1021/acs.analchem.9b04112,31668058,,Analytical chemistry,2019,SSQPer,PS-Q1;PS-Q2,,0,
pubmed:37439247,pubmed_abstract_screen,abstract,persulfidation,persulfidation,both,both_reported,human,1671,yes,yes,open_access,10.1210/endocr/bqad107,37439247,PMC10413431,Endocrinology,2023,tag-switch and low-pH quantitative thiol reactivity profiling,PS-Q1;PS-Q2,,0,
pubmed:30283487,pubmed_abstract_screen,abstract,persulfidation,persulfidation,na,unclear,Arabidopsis,,no,no,open_access,10.3389/fpls.2018.01381,30283487,PMC6156424,Frontiers in plant science,2018,unclear,PS-Q1,,0,
pubmed:33037147,pubmed_abstract_screen,abstract,persulfidation,persulfidation,differential_alkylation,seen_but_unmodified,Arabidopsis,1,yes,yes,open_access,10.1105/tpc.20.00766,33037147,PMC7721334,The Plant cell,2020,comparative quantitative proteomics,PS-Q1,,0,
pubmed:41558086,pubmed_abstract_screen,abstract,persulfidation,persulfidation,unclear,unclear,Homo sapiens,,no,no,open_access,10.1016/j.jinorgbio.2026.113213,41558086,PMC13154102,Journal of inorganic biochemistry,2026,recombinant protein assay,PS-Q1,,0,
pubmed:42580539,pubmed_abstract_screen,abstract,persulfidation,persulfidation,differential_alkylation,seen_but_unmodified,Saccharomyces cerevisiae,,no,yes,unclear,10.1016/j.freeradbiomed.2026.08.021,42580539,,Free radical biology & medicine,2026,proteome-wide redox analysis,PS-Q1;SFN-Q1,,0,
pubmed:32631072,pubmed_abstract_screen,abstract,thiol_reactivity_general,thiol_reactivity_general,na,unclear,unclear,,no,no,unclear,10.1089/ars.2020.8077,32631072,,Antioxidants & redox signaling,2020,alkylation-based protocols,PS-Q1,,0,
pubmed:32839304,pubmed_abstract_screen,abstract,persulfidation,persulfidation,na,unclear,human (microbiome),,no,no,open_access,10.1073/pnas.2011703117,32839304,PMC7486801,Proceedings of the National Academy of Sciences of the United States of America,2020,sulfur metabolomics,PS-Q1,,0,
pubmed:26907390,pubmed_abstract_screen,abstract,persulfidation,persulfidation,capture_enrichment,not_pulled_down,mouse,,unclear,no,open_access,10.1093/cvr/cvw037,26907390,PMC4798049,Cardiovascular research,2016,modified biotin switch,PS-Q1;SNO-Q3,,0,
pubmed:28637872,pubmed_abstract_screen,abstract,persulfidation,persulfidation,na,unclear,"human, mouse",1,yes,yes,open_access,10.1074/jbc.M117.778654,28637872,PMC5555178,The Journal of biological chemistry,2017,"site-directed mutagenesis, biochemical assay",PS-Q1,,0,
pubmed:42306485,pubmed_abstract_screen,abstract,persulfidation,persulfidation,unclear,unclear,fungus (phytopathogenic),,no,no,open_access,10.1016/j.crmicr.2026.100617,42306485,PMC13266210,Current research in microbial sciences,2026,proteomics,PS-Q1;SFN-Q1;SFN-Q4,,0,
pubmed:34425387,pubmed_abstract_screen,abstract,persulfidation,persulfidation,na,unclear,mouse,500,yes,yes,open_access,10.1016/j.redox.2021.102111,34425387,PMC8379693,Redox biology,2021,LC-MS/MS direct detection,PS-Q1,,0,
pubmed:40993068,pubmed_abstract_screen,abstract,persulfidation,persulfidation,na,unclear,unclear,,no,no,unclear,10.1248/cpb.c25-00462,40993068,,Chemical & pharmaceutical bulletin,2025,dinitrobenzene-based fluorogenic probe,PS-Q1,,0,
pubmed:33805243,pubmed_abstract_screen,abstract,persulfidation,persulfidation,capture_enrichment,not_pulled_down,Arabidopsis thaliana,,unclear,yes,open_access,10.3390/antiox10040508,33805243,PMC8064375,"Antioxidants (Basel, Switzerland)",2021,tag-switch method,PS-Q1,,0,
pubmed:25703060,pubmed_abstract_screen,abstract,cys_oxidation_other,cys_oxidation_other,na,unclear,unclear,,yes,no,open_access,10.1039/c4mb00688g,25703060,PMC4410109,Molecular bioSystems,2015,planned digestion with DBond algorithm,PS-Q1,,0,
pubmed:41197945,pubmed_abstract_screen,abstract,persulfidation,persulfidation,capture_enrichment,not_pulled_down,Glycine max / Bacillus subtilis,1,unclear,yes,unclear,10.1016/j.niox.2025.11.001,41197945,,Nitric oxide : biology and chemistry,2025,mass spectrometry-based supersulfide omics,PS-Q1,,0,
pubmed:33883133,pubmed_abstract_screen,abstract,persulfidation,persulfidation,unclear,unclear,unclear,,unclear,no,open_access,10.1126/sciadv.abe7006,33883133,PMC8059920,Science advances,2021,ProPerDP,PS-Q1,,0,
pubmed:19902913,pubmed_abstract_screen,abstract,cys_oxidation_other,cys_oxidation_other,differential_alkylation,seen_but_unmodified,"human, mouse, yeast",,yes,yes,unclear,10.1021/pr900771r,19902913,,Journal of proteome research,2010,DBond algorithm,PS-Q1,,0,
pubmed:42174120,pubmed_abstract_screen,abstract,persulfidation,persulfidation,differential_alkylation,seen_but_unmodified,human,,yes,no,open_access,10.1007/s00775-026-02134-3,42174120,PMC13215146,Journal of biological inorganic chemistry : JBIC : a publication of the Society of Biological Inorganic Chemistry,2026,NBF-Cl/dimedone switch-tagging,PS-Q1;SFN-Q3,,0,
pubmed:30868541,pubmed_abstract_screen,abstract,s_nitrosylation,s_nitrosylation,differential_alkylation,seen_but_unmodified,human,,unclear,no,unclear,10.1007/978-1-4939-9148-8_27,30868541,,"Methods in molecular biology (Clifton, N.J.)",2019,SNOFlo,PS-Q1;SFN-Q1,,0,
pubmed:41325883,pubmed_abstract_screen,abstract,persulfidation,persulfidation,capture_enrichment,not_pulled_down,yeast,,no,unclear,unclear,10.1016/j.jprot.2025.105573,41325883,,Journal of proteomics,2025,immunoprecipitation,PS-Q1,,0,
pubmed:23800285,pubmed_abstract_screen,abstract,persulfidation,persulfidation,unclear,unclear,mouse,,no,no,open_access,10.1042/BSR20130051,23800285,PMC3827611,Bioscience reports,2013,unclear,PS-Q1,,0,
pubmed:42352002,pubmed_abstract_screen,abstract,persulfidation,persulfidation,capture_enrichment,not_pulled_down,Pseudomonas aeruginosa PAO1,,yes,yes,open_access,10.3390/antiox15060696,42352002,PMC13295329,"Antioxidants (Basel, Switzerland)",2026,persulfidation proteomic profiling,PS-Q1,,0,
pubmed:23319365,pubmed_abstract_screen,abstract,persulfidation,persulfidation,unclear,unclear,Homo sapiens,1,yes,yes,unclear,10.1002/pmic.201200395,23319365,,Proteomics,2013,MALDI mass spectrometry,PS-Q1,,0,
pubmed:23281480,pubmed_abstract_screen,abstract,not_cysteine_ptm,not_cysteine_ptm,na,unclear,Escherichia coli,,no,no,open_access,10.1074/jbc.M112.431569,23281480,PMC3581435,The Journal of biological chemistry,2013,transcriptomic and proteomic profiling,PS-Q1,,0,
pubmed:27181726,pubmed_abstract_screen,abstract,persulfidation,persulfidation,unclear,unclear,unclear,,unclear,unclear,unclear,10.1254/fpj.147.299,27181726,,Nihon yakurigaku zasshi. Folia pharmacologica Japonica,2016,unclear,PS-Q1,,0,
pubmed:42249270,pubmed_abstract_screen,abstract,persulfidation,persulfidation,both,both_reported,unclear,,yes,no,open_access,10.1186/s10020-026-01517-1,42249270,PMC13459363,"Molecular medicine (Cambridge, Mass.)",2026,biotin-switch assay; Quantitative Thiol Reactivity Profiling,PS-Q2;XCHEM-Q1,,0,
pubmed:33741971,pubmed_abstract_screen,abstract,persulfidation,persulfidation,capture_enrichment,not_pulled_down,mouse,,yes,yes,open_access,10.1038/s41467-021-22001-w,33741971,PMC7979915,Nature communications,2021,dimedone switch / LC-MS/MS,PS-Q2,,0,
pubmed:38929158,pubmed_abstract_screen,abstract,persulfidation,persulfidation,capture_enrichment,not_pulled_down,sweet pepper,891,yes,yes,open_access,10.3390/antiox13060719,38929158,PMC11200738,"Antioxidants (Basel, Switzerland)",2024,dimedone switch / LC-MS/MS,PS-Q2;SFN-Q3,,0,
pubmed:41056141,pubmed_abstract_screen,abstract,not_cysteine_ptm,not_cysteine_ptm,na,unclear,unclear,,unclear,no,unclear,10.1021/acs.accounts.5c00485,41056141,,Accounts of chemical research,2025,unclear,PS-Q2,,0,
pubmed:24530533,pubmed_abstract_screen,abstract,persulfidation,persulfidation,na,unclear,Methanococcus maripaludis,,yes,no,open_access,10.1016/j.febslet.2014.01.065,24530533,PMC3982309,FEBS letters,2014,protein biochemistry,PS-Q2,,0,
pubmed:12549933,pubmed_abstract_screen,abstract,persulfidation,persulfidation,na,unclear,E. coli,,no,no,unclear,10.1021/bi026536+,12549933,,Biochemistry,2003,in vitro biochemistry / HPLC,PS-Q2,,0,
pubmed:26780921,pubmed_abstract_screen,abstract,s_nitrosylation,s_nitrosylation,capture_enrichment,not_pulled_down,"human, mouse",,yes,yes,open_access,10.1021/jacs.5b06806,26780921,PMC4883004,Journal of the American Chemical Society,2016,sulfinate-linked probe enrichment with selective alkylation,SNO-Q1;SNO-Q4,,0,
pubmed:21036925,pubmed_abstract_screen,abstract,s_nitrosylation,s_nitrosylation,capture_enrichment,not_pulled_down,rat,83,yes,yes,open_access,10.1074/mcp.M110.004721,21036925,PMC3047159,Molecular & cellular proteomics : MCP,2010,biotin switch assay with mass spectrometry,SNO-Q1;SNO-Q3,,0,
pubmed:20687582,pubmed_abstract_screen,abstract,s_nitrosylation,s_nitrosylation,capture_enrichment,not_pulled_down,human,162,yes,yes,unclear,10.1021/ac100569d,20687582,,Analytical chemistry,2010,cysteinyl affinity resin enrichment with differential alkylation,SNO-Q1,,0,
pubmed:20925432,pubmed_abstract_screen,abstract,s_nitrosylation,s_nitrosylation,capture_enrichment,not_pulled_down,mouse,586,yes,yes,unclear,10.1021/pr100680a,20925432,,Journal of proteome research,2010,S-alkylating labeling strategy with irreversible biotinylation,SNO-Q1;SNO-Q2,,0,
pubmed:23428400,pubmed_abstract_screen,abstract,s_nitrosylation,s_nitrosylation,capture_enrichment,not_pulled_down,human,,yes,no,open_access,10.1016/j.ymeth.2013.02.002,23428400,PMC3726571,"Methods (San Diego, Calif.)",2013,biotin switch with ICAT and quantitative proteomics,SNO-Q1;SNO-Q3,,0,
pubmed:41911598,pubmed_abstract_screen,abstract,s_nitrosylation,s_nitrosylation,capture_enrichment,not_pulled_down,Zea mays,5921,yes,yes,unclear,10.1111/tpj.70835,41911598,,The Plant journal : for cell and molecular biology,2026,PAT-switch proteomics,SNO-Q1;SNO-Q2,,0,
pubmed:23717319,pubmed_abstract_screen,abstract,s_nitrosylation,s_nitrosylation,na,unclear,unclear,,yes,no,open_access,10.3389/fpls.2013.00137,23717319,PMC3653056,Frontiers in plant science,2013,unclear,SNO-Q1,,0,
pubmed:22588120,pubmed_abstract_screen,abstract,s_nitrosylation,s_nitrosylation,capture_enrichment,not_pulled_down,Mus musculus,17,yes,yes,unclear,10.1016/j.jprot.2012.05.006,22588120,,Journal of proteomics,2012,SNO-DIGE and SNOSID,SNO-Q1;SNO-Q2,,0,
pubmed:18840608,pubmed_abstract_screen,abstract,s_nitrosylation,s_nitrosylation,capture_enrichment,not_pulled_down,unclear,,yes,no,open_access,10.1074/jbc.M805287200,18840608,PMC3259880,The Journal of biological chemistry,2008,mass spectrometry,SNO-Q1,,0,
pubmed:30281936,pubmed_abstract_screen,abstract,s_nitrosylation,s_nitrosylation,capture_enrichment,not_pulled_down,unclear,,yes,no,open_access,10.1002/cpps.69,30281936,PMC6205886,Current protocols in protein science,2018,organomercury resin enrichment,SNO-Q1;SNO-Q3,,0,
pubmed:24336471,pubmed_abstract_screen,abstract,thiol_reactivity_general,thiol_reactivity_general,capture_enrichment,not_pulled_down,unclear,,yes,no,open_access,10.1038/nprot.2013.161,24336471,PMC4038159,Nature protocols,2013,resin-assisted enrichment (thiopropyl Sepharose 6B),SNO-Q1,,0,
pubmed:26165157,pubmed_abstract_screen,abstract,thiol_reactivity_general,thiol_reactivity_general,unclear,unclear,mouse,2596,yes,yes,open_access,10.1016/j.chembiol.2015.06.010,26165157,PMC4515171,Chemistry & biology,2015,mass spectrometry-based,SNO-Q1;SFN-Q1;SFN-Q4,,0,
pubmed:16041729,pubmed_abstract_screen,abstract,s_nitrosylation,s_nitrosylation,differential_alkylation,seen_but_unmodified,rat,1,yes,no,unclear,10.1002/jms.885,16041729,,Journal of mass spectrometry : JMS,2005,CapLC-Q-TOF(micro) mass spectrometry with iodoacetic acid,SNO-Q1,,0,
pubmed:23277143,pubmed_abstract_screen,abstract,s_nitrosylation,s_nitrosylation,capture_enrichment,not_pulled_down,mouse,488,yes,yes,open_access,10.1016/j.freeradbiomed.2012.12.010,23277143,PMC3771501,Free radical biology & medicine,2012,resin-assisted cysteinyl peptide enrichment,SNO-Q1,,0,
pubmed:41811360,pubmed_abstract_screen,abstract,cys_oxidation_other,cys_oxidation_other,unclear,unclear,human,632,yes,yes,unclear,10.1021/acs.analchem.5c03505,41811360,,Analytical chemistry,2026,MOSCAT (methoxyamine-enabled site-specific cinnamaldehyde tagging),SNO-Q1;SFN-Q4,,0,
pubmed:35360296,pubmed_abstract_screen,abstract,s_nitrosylation,s_nitrosylation,na,unclear,plants,,unclear,no,open_access,10.3389/fpls.2022.859374,35360296,PMC8963475,Frontiers in plant science,2022,unclear,SNO-Q1,,0,
pubmed:18706513,pubmed_abstract_screen,abstract,s_nitrosylation,s_nitrosylation,capture_enrichment,not_pulled_down,mice,,unclear,no,open_access,10.1016/j.niox.2008.07.007,18706513,PMC3705760,Nitric oxide : biology and chemistry,2008,S-FLOS,SNO-Q1,,0,
pubmed:16418269,pubmed_abstract_screen,abstract,s_nitrosylation,s_nitrosylation,capture_enrichment,not_pulled_down,rat,68,yes,yes,open_access,10.1073/pnas.0508412103,16418269,PMC1347989,Proceedings of the National Academy of Sciences of the United States of America,2006,SNOSID,SNO-Q1;SNO-Q2,,0,
pubmed:25040305,pubmed_abstract_screen,abstract,s_nitrosylation,s_nitrosylation,capture_enrichment,not_pulled_down,human,174,yes,yes,unclear,10.1021/pr5002675,25040305,,Journal of proteome research,2014,label-free quantitation,SNO-Q1;SNO-Q2;SNO-Q3;SNO-Q4,,0,
pubmed:22476348,pubmed_abstract_screen,abstract,s_nitrosylation,s_nitrosylation,na,unclear,unclear,,unclear,no,unclear,10.1007/s00726-012-1279-x,22476348,,Amino acids,2012,unclear,SNO-Q1,,0,
pubmed:20368813,pubmed_abstract_screen,abstract,s_nitrosylation,s_nitrosylation,capture_enrichment,not_pulled_down,mouse (RAW264.7 cells),27,yes,yes,open_access,10.1371/journal.pone.0010015,20368813,PMC2848867,PloS one,2010,ESNOQ (biotin-switch + SILAC + LC-MS/MS),SNO-Q1;SNO-Q3,,0,
pubmed:21651963,pubmed_abstract_screen,abstract,s_nitrosylation,s_nitrosylation,unclear,unclear,unclear,,yes,no,open_access,10.1016/j.bbagen.2011.05.009,21651963,PMC3172384,Biochimica et biophysica acta,2011,unclear,SNO-Q1,,0,
pubmed:34010296,pubmed_abstract_screen,abstract,s_nitrosylation,s_nitrosylation,capture_enrichment,not_pulled_down,human (HCT116 cells in mouse xenograft),53,yes,yes,open_access,10.1371/journal.pone.0251132,34010296,PMC8133447,PloS one,2021,2D-DIGE + MALDI-TOF/TOF MS,SNO-Q1,,0,
pubmed:26800981,pubmed_abstract_screen,abstract,cys_oxidation_other,cys_oxidation_other,both,both_reported,mouse (AD transgenic model; human tissue mentioned),828,yes,yes,unclear,10.1007/s00216-016-9307-4,26800981,,Analytical and bioanalytical chemistry,2016,OxcysDML (oxidized cysteine-selective dimethylation),SNO-Q1;SFN-Q1,,0,
pubmed:40976710,pubmed_abstract_screen,abstract,s_nitrosylation,s_nitrosylation,capture_enrichment,not_pulled_down,rice (Oryza),511,yes,yes,unclear,10.1111/ppl.70515,40976710,,Physiologia plantarum,2025,iodoTMT-based MS (site-specific S-nitrosoproteome),SNO-Q1;SNO-Q2;SNO-Q3,,0,
pubmed:23628946,pubmed_abstract_screen,abstract,s_nitrosylation,s_nitrosylation,capture_enrichment,not_pulled_down,unclear,,yes,no,unclear,10.1016/j.ymeth.2013.04.016,23628946,,"Methods (San Diego, Calif.)",2013,unclear,SNO-Q1;SNO-Q2;SNO-Q3,,0,
pubmed:18335467,pubmed_abstract_screen,abstract,s_nitrosylation,s_nitrosylation,capture_enrichment,not_pulled_down,Homo sapiens,44,yes,yes,unclear,10.1002/rcm.3476,18335467,,Rapid communications in mass spectrometry : RCM,2008,detergent-free biotin switch LC/MS/MS,SNO-Q1,,0,
pubmed:23116708,pubmed_abstract_screen,abstract,s_nitrosylation,s_nitrosylation,capture_enrichment,not_pulled_down,unclear,,yes,no,open_access,10.1016/j.ymeth.2012.10.009,23116708,PMC3573241,"Methods (San Diego, Calif.)",2012,organomercury enrichment LC-MS/MS,SNO-Q1;SNO-Q3,,0,
pubmed:41621016,pubmed_abstract_screen,abstract,s_nitrosylation,s_nitrosylation,unclear,unclear,unclear,,unclear,no,unclear,10.1021/acs.jmedchem.6c00247,41621016,,Journal of medicinal chemistry,2026,unclear,SNO-Q1,,0,
pubmed:42728596,pubmed_abstract_screen,abstract,s_nitrosylation,s_nitrosylation,unclear,unclear,unclear,,unclear,no,open_access,10.1186/s13062-026-00974-2,42728596,PMC13563871,Biology direct,2026,unclear,SNO-Q1,,0,
pubmed:28109434,pubmed_abstract_screen,abstract,s_nitrosylation,s_nitrosylation,capture_enrichment,not_pulled_down,unclear,,unclear,unclear,unclear,10.1016/bs.mie.2016.09.003,28109434,,Methods in enzymology,2016,thioredoxin-trapping mutant,SNO-Q2,,0,
pubmed:26239883,pubmed_abstract_screen,abstract,s_nitrosylation,s_nitrosylation,unclear,unclear,human endothelial cells,726,no,yes,unclear,10.1016/j.vph.2015.07.014,26239883,,Vascular pharmacology,2015,iTRAQ quantitative proteomics,SNO-Q2,,0,
pubmed:22746191,pubmed_abstract_screen,abstract,s_nitrosylation,s_nitrosylation,unclear,unclear,unclear,,unclear,no,open_access,10.1089/ars.2012.4765,22746191,PMC3518543,Antioxidants & redox signaling,2012,unclear,SNO-Q2,,0,
pubmed:31323278,pubmed_abstract_screen,abstract,s_nitrosylation,s_nitrosylation,na,unclear,human,,no,no,unclear,10.1016/j.niox.2019.07.003,31323278,,Nitric oxide : biology and chemistry,2019,serum IgM antibodies to nitroso-adducts,SNO-Q2,,0,
pubmed:37212048,pubmed_abstract_screen,abstract,s_nitrosylation,s_nitrosylation,unclear,unclear,"mouse, human iPSC-derived neurons",,no,unclear,open_access,10.1002/advs.202205783,37212048,PMC10401098,"Advanced science (Weinheim, Baden-Wurttemberg, Germany)",2023,SNO-proteome bioinformatics,SNO-Q2,,0,
pubmed:33260845,pubmed_abstract_screen,abstract,s_nitrosylation,s_nitrosylation,unclear,unclear,human,,no,no,open_access,10.3390/ijms21239009,33260845,PMC7731247,International journal of molecular sciences,2020,Nitro-DIGE,SNO-Q2,,0,
pubmed:23775552,pubmed_abstract_screen,abstract,s_nitrosylation,s_nitrosylation,unclear,unclear,unclear,,unclear,no,unclear,10.1002/mas.21373,23775552,,Mass spectrometry reviews,2013,unclear,SNO-Q2,,0,
pubmed:26322325,pubmed_abstract_screen,abstract,s_nitrosylation,s_nitrosylation,capture_enrichment,not_pulled_down,human,,yes,yes,open_access,10.1016/j.dib.2015.07.031,26322325,PMC4543089,Data in brief,2015,LC/MS/MS,SNO-Q2,,0,
pubmed:17172690,pubmed_abstract_screen,abstract,s_nitrosylation,s_nitrosylation,capture_enrichment,not_pulled_down,human,,no,no,unclear,10.1385/1-59745-214-9:215,17172690,,"Methods in molecular biology (Clifton, N.J.)",2007,biotin derivatization,SNO-Q2,,0,
pubmed:30538128,pubmed_abstract_screen,abstract,s_nitrosylation,s_nitrosylation,unclear,unclear,mammalian,,unclear,yes,open_access,10.1074/jbc.RA118.004947,30538128,PMC6364788,The Journal of biological chemistry,2018,substrate-capture assays,SNO-Q2,,0,
pubmed:42224991,pubmed_abstract_screen,abstract,s_nitrosylation,s_nitrosylation,capture_enrichment,not_pulled_down,mouse,76,yes,yes,open_access,10.1016/j.redox.2026.104234,42224991,PMC13253083,Redox biology,2026,SNOTRAP,SNO-Q2;SNO-Q3,,0,
pubmed:27035958,pubmed_abstract_screen,abstract,s_nitrosylation,s_nitrosylation,capture_enrichment,not_pulled_down,mouse,313,yes,yes,open_access,10.1073/pnas.1521318113,27035958,PMC4839463,Proceedings of the National Academy of Sciences of the United States of America,2016,SNOTRAP,SNO-Q2;SNO-Q3,SNO-C2,0,
pubmed:36670943,pubmed_abstract_screen,abstract,s_nitrosylation,s_nitrosylation,unclear,unclear,human,,unclear,yes,open_access,10.3390/antiox12010081,36670943,PMC9854847,"Antioxidants (Basel, Switzerland)",2022,unclear,SNO-Q2,,0,
pubmed:37336129,pubmed_abstract_screen,abstract,s_nitrosylation,s_nitrosylation,capture_enrichment,not_pulled_down,mouse,1714,yes,yes,unclear,10.1016/j.chroma.2023.464162,37336129,,Journal of chromatography. A,2023,SNOTRAP,SNO-Q2;SNO-Q3,,0,
pubmed:40699806,pubmed_abstract_screen,abstract,s_nitrosylation,s_nitrosylation,na,unclear,unclear,,unclear,no,open_access,10.3390/cimb47060407,40699806,PMC12192061,Current issues in molecular biology,2025,unclear,SNO-Q2,,0,
pubmed:14871481,pubmed_abstract_screen,abstract,s_nitrosylation,s_nitrosylation,capture_enrichment,not_pulled_down,Cattle endothelium,,no,yes,unclear,10.1016/j.abb.2003.12.006,14871481,,Archives of biochemistry and biophysics,2004,biotin switch,SNO-Q2;SNO-Q3,,0,
pubmed:35351881,pubmed_abstract_screen,abstract,s_nitrosylation,s_nitrosylation,capture_enrichment,not_pulled_down,Mouse,,unclear,yes,open_access,10.1038/s41398-022-01890-5,35351881,PMC8964747,Translational psychiatry,2022,SNOTRAP,SNO-Q2,,0,
pubmed:35716826,pubmed_abstract_screen,abstract,s_nitrosylation,s_nitrosylation,capture_enrichment,not_pulled_down,Mouse,,no,yes,unclear,10.1016/j.freeradbiomed.2022.06.007,35716826,,Free radical biology & medicine,2022,SNOTRAP,SNO-Q2,,0,
pubmed:35845673,pubmed_abstract_screen,abstract,s_nitrosylation,s_nitrosylation,differential_alkylation,seen_but_unmodified,Brazilian pine,68,yes,yes,open_access,10.3389/fpls.2022.902068,35845673,PMC9280032,Frontiers in plant science,2022,iodo-TMT labeling,SNO-Q2;SNO-Q3,,0,
pubmed:16952458,pubmed_abstract_screen,abstract,s_nitrosylation,s_nitrosylation,na,unclear,unclear,,no,no,unclear,10.1016/j.jasms.2006.07.026,16952458,,Journal of the American Society for Mass Spectrometry,2006,electrospray tandem mass spectrometry,SNO-Q2,,0,
pubmed:36516243,pubmed_abstract_screen,abstract,s_nitrosylation,s_nitrosylation,capture_enrichment,not_pulled_down,human,2809,yes,yes,open_access,10.1126/sciadv.ade0764,36516243,PMC9750152,Science advances,2022,TRAP-MS,SNO-Q2,,0,
pubmed:30696811,pubmed_abstract_screen,abstract,s_nitrosylation,s_nitrosylation,capture_enrichment,not_pulled_down,mouse,,yes,yes,open_access,10.1038/s41398-019-0388-7,30696811,PMC6351542,Translational psychiatry,2019,unclear,SNO-Q2,,0,
pubmed:41741707,pubmed_abstract_screen,abstract,s_nitrosylation,s_nitrosylation,capture_enrichment,not_pulled_down,"mouse, human",,yes,yes,open_access,10.1038/s41380-026-03514-6,41741707,PMC13269142,Molecular psychiatry,2026,SNOTRAP,SNO-Q2;SNO-Q3,,0,
pubmed:35805205,pubmed_abstract_screen,abstract,s_nitrosylation,s_nitrosylation,unclear,unclear,human,,no,no,open_access,10.3390/cells11132120,35805205,PMC9266137,Cells,2022,unclear,SNO-Q2,,0,
pubmed:30630120,pubmed_abstract_screen,abstract,s_nitrosylation,s_nitrosylation,capture_enrichment,not_pulled_down,human,1318,yes,yes,unclear,10.1016/j.jprot.2019.01.001,30630120,,Journal of proteomics,2019,biotin switch-iTRAQ,SNO-Q2,,0,
pubmed:18670085,pubmed_abstract_screen,abstract,s_nitrosylation,s_nitrosylation,capture_enrichment,not_pulled_down,rat,,no,no,unclear,10.1248/bpb.31.1536,18670085,,Biological & pharmaceutical bulletin,2008,biotin switch method,SNO-Q2,,0,
pubmed:33174720,pubmed_abstract_screen,abstract,s_nitrosylation,s_nitrosylation,capture_enrichment,not_pulled_down,human,,yes,yes,unclear,10.1021/acs.analchem.0c01706,33174720,,Analytical chemistry,2020,FluoroTRAQ,SNO-Q2;SNO-Q3,,0,
pubmed:29187535,pubmed_abstract_screen,abstract,s_nitrosylation,s_nitrosylation,both,both_reported,mouse,1276,yes,yes,open_access,10.1073/pnas.1712623114,29187535,PMC5740634,Proceedings of the National Academy of Sciences of the United States of America,2017,dual-labeling proteomic strategy,SNO-Q2,,0,
pubmed:41377102,pubmed_abstract_screen,abstract,s_nitrosylation,s_nitrosylation,capture_enrichment,not_pulled_down,unclear,,yes,no,open_access,10.21769/BioProtoc.5535,41377102,PMC12689159,Bio-protocol,2025,biotin-switch technique with TMT,SNO-Q2;SNO-Q3,,0,
pubmed:33591546,pubmed_abstract_screen,abstract,s_nitrosylation,s_nitrosylation,unclear,unclear,mouse,,yes,yes,unclear,10.1007/s12031-021-01792-z,33591546,,Journal of molecular neuroscience : MN,2021,SNOTRAP,SNO-Q2,,0,
pubmed:21374595,pubmed_abstract_screen,abstract,s_nitrosylation,s_nitrosylation,capture_enrichment,not_pulled_down,Sheep,1,yes,yes,open_access,10.1002/jcp.22712,21374595,PMC3125455,Journal of cellular physiology,2012,CyDye switch with 2D-DIGE and MALDI-TOF MS,SNO-Q2,,0,
pubmed:19798666,pubmed_abstract_screen,abstract,s_nitrosylation,s_nitrosylation,capture_enrichment,not_pulled_down,"Mice, Humans",,unclear,yes,unclear,10.1002/pmic.200900070,19798666,,Proteomics,2009,Fluorescence switch technique with 2-DE,SNO-Q2;SNO-Q3,,0,
pubmed:34347306,pubmed_abstract_screen,abstract,sulfenylation,sulfenylation,differential_alkylation,seen_but_unmodified,Brassica napus,1821,yes,yes,unclear,10.1111/pce.14160,34347306,,"Plant, cell & environment",2021,iodoTMT-based redox proteomics,SNO-Q3,,0,
pubmed:36370286,pubmed_abstract_screen,abstract,cys_oxidation_other,cys_oxidation_other,differential_alkylation,seen_but_unmodified,unclear,,yes,no,unclear,10.1007/978-1-0716-2863-8_21,36370286,,"Methods in molecular biology (Clifton, N.J.)",2023,SILAC-iodoTMT with LC-MS/MS,SNO-Q3,,0,
pubmed:21111056,pubmed_abstract_screen,abstract,s_nitrosylation,s_nitrosylation,capture_enrichment,not_pulled_down,unclear,,unclear,no,unclear,10.1016/j.niox.2010.11.002,21111056,,Nitric oxide : biology and chemistry,2010,biotin-switch method,SNO-Q3,,0,
pubmed:24926564,pubmed_abstract_screen,abstract,s_nitrosylation,s_nitrosylation,capture_enrichment,not_pulled_down,Mus musculus,,yes,yes,open_access,10.1021/pr401179v,24926564,PMC4084841,Journal of proteome research,2014,iodoTMT switch assay (ISA),SNO-Q3;SNO-Q4,,0,
pubmed:39885717,pubmed_abstract_screen,abstract,cys_oxidation_other,cys_oxidation_other,differential_alkylation,seen_but_unmodified,Escherichia coli,,unclear,no,open_access,10.1021/acs.jproteome.4c00835,39885717,PMC11894657,Journal of proteome research,2025,iodoTMT GeLC-FAIMS-MS,SNO-Q3,,0,
pubmed:34545496,pubmed_abstract_screen,abstract,cys_oxidation_other,cys_oxidation_other,differential_alkylation,seen_but_unmodified,Arabidopsis,,unclear,no,unclear,10.1007/978-1-0716-1653-6_16,34545496,,"Methods in molecular biology (Clifton, N.J.)",2022,iodoTMT redox proteomics,SNO-Q3,,0,
pubmed:28109433,pubmed_abstract_screen,abstract,cys_oxidation_other,cys_oxidation_other,capture_enrichment,not_pulled_down,unclear,,unclear,no,unclear,10.1016/bs.mie.2016.10.006,28109433,,Methods in enzymology,2016,biotin switch assay,SNO-Q3;SFN-Q1,,0,
pubmed:27456428,pubmed_abstract_screen,abstract,cys_oxidation_other,cys_oxidation_other,both,both_reported,unclear,,unclear,no,unclear,10.1016/j.mito.2016.07.010,27456428,,Mitochondrion,2016,unclear,SNO-Q3,,0,
pubmed:39260557,pubmed_abstract_screen,abstract,cys_oxidation_other,cys_oxidation_other,differential_alkylation,seen_but_unmodified,mouse,,yes,yes,unclear,10.1016/j.metabol.2024.156027,39260557,,Metabolism: clinical and experimental,2024,IodoTMT isobaric labeling,SNO-Q3,,0,
pubmed:28389918,pubmed_abstract_screen,abstract,cys_oxidation_other,cys_oxidation_other,differential_alkylation,seen_but_unmodified,E. coli,,yes,yes,open_access,10.1007/s00216-017-0326-6,28389918,PMC5427158,Analytical and bioanalytical chemistry,2017,OxiTMT,SNO-Q3,,0,
pubmed:35777206,pubmed_abstract_screen,abstract,s_nitrosylation,s_nitrosylation,differential_alkylation,seen_but_unmodified,swine,188,yes,yes,unclear,10.1016/j.foodchem.2022.133577,35777206,,Food chemistry,2022,iodoTMT-based proteomics,SNO-Q3,,0,
pubmed:19157019,pubmed_abstract_screen,abstract,s_nitrosylation,s_nitrosylation,capture_enrichment,not_pulled_down,Arabidopsis,,yes,no,unclear,10.1007/978-1-59745-129-1_15,19157019,,"Methods in molecular biology (Clifton, N.J.)",2008,biotin switch method,SNO-Q3,,0,
pubmed:38941777,pubmed_abstract_screen,abstract,s_nitrosylation,s_nitrosylation,differential_alkylation,seen_but_unmodified,cattle,2096,yes,yes,unclear,10.1016/j.meatsci.2024.109580,38941777,,Meat science,2024,iodoTMT-based nitrosoproteomics,SNO-Q3,,0,
pubmed:36275609,pubmed_abstract_screen,abstract,sulfenylation,sulfenylation,capture_enrichment,not_pulled_down,plant,1372,yes,yes,open_access,10.3389/fpls.2022.1014295,36275609,PMC9580371,Frontiers in plant science,2022,iodoTMT-based proteomics,SNO-Q3;SFN-Q1,,0,
pubmed:25153035,pubmed_abstract_screen,abstract,s_nitrosylation,s_nitrosylation,unclear,unclear,unclear,,unclear,no,unclear,10.1016/j.niox.2014.08.002,25153035,,Nitric oxide : biology and chemistry,2014,unclear,SNO-Q3,,0,
pubmed:31154163,pubmed_abstract_screen,abstract,cys_oxidation_other,cys_oxidation_other,differential_alkylation,seen_but_unmodified,human cell culture,,yes,yes,open_access,10.1016/j.redox.2019.101227,31154163,PMC6545335,Redox biology,2019,SILAC-iodoTMT,SNO-Q3,,0,
pubmed:37224778,pubmed_abstract_screen,abstract,cys_oxidation_other,cys_oxidation_other,capture_enrichment,not_pulled_down,poplar,4786,yes,yes,unclear,10.1016/j.ecoenv.2023.115033,37224778,,Ecotoxicology and environmental safety,2023,iodoTMT-labeled redox proteomics,SNO-Q3,,0,
pubmed:34995802,pubmed_abstract_screen,abstract,s_nitrosylation,s_nitrosylation,both,both_reported,Yersinia enterocolitica,3,yes,yes,unclear,10.1016/j.bbapap.2022.140754,34995802,,Biochimica et biophysica acta. Proteins and proteomics,2022,"biotin switch assay, mass spectrometry, X-ray crystallography",SNO-Q3,,0,
pubmed:38636731,pubmed_abstract_screen,abstract,cys_oxidation_other,cys_oxidation_other,capture_enrichment,not_pulled_down,Melanoma cells (human),,no,no,unclear,10.1016/j.ab.2024.115543,38636731,,Analytical biochemistry,2024,biotin switch assay / OxIcat / 2D redox DIGE,SNO-Q3,,0,
pubmed:25192423,pubmed_abstract_screen,abstract,s_nitrosylation,s_nitrosylation,capture_enrichment,not_pulled_down,Populus x canescens,32,yes,yes,open_access,10.1371/journal.pone.0106886,25192423,PMC4156402,PloS one,2014,biotin switch assay + label-free LC-MS/MS,SNO-Q3,,0,
pubmed:34536587,pubmed_abstract_screen,abstract,s_nitrosylation,s_nitrosylation,capture_enrichment,not_pulled_down,unclear,,yes,no,open_access,10.1016/j.niox.2021.09.004,34536587,PMC9554525,Nitric oxide : biology and chemistry,2021,organic mercury solid phase chemoselective capture,SNO-Q3,,0,
pubmed:38493183,pubmed_abstract_screen,abstract,cys_oxidation_other,cys_oxidation_other,differential_alkylation,seen_but_unmodified,PANC-1 cells (human),4300,yes,yes,open_access,10.1186/s12967-024-05068-z,38493183,PMC10944602,Journal of translational medicine,2024,iodoTMT-based quantitative proteomics,SNO-Q3,,0,
pubmed:30141336,pubmed_abstract_screen,abstract,cys_oxidation_other,cys_oxidation_other,capture_enrichment,not_pulled_down,Mouse (cardiac hypertrophy model),3324,yes,yes,open_access,10.1021/acs.jproteome.8b00372,30141336,PMC6650147,Journal of proteome research,2018,biotin switch-based quantitative proteomics,SNO-Q3,,0,
pubmed:36711448,pubmed_abstract_screen,abstract,cys_oxidation_other,cys_oxidation_other,capture_enrichment,not_pulled_down,mouse,3500,yes,yes,open_access,10.1101/2023.01.22.525042,36711448,PMC9882296,bioRxiv : the preprint server for biology,2023,Cys-LoC/Cys-LOx,SNO-Q3,,0,
pubmed:36066474,pubmed_abstract_screen,abstract,thiol_reactivity_general,thiol_reactivity_general,differential_alkylation,seen_but_unmodified,human,7,yes,no,open_access,10.1002/cbic.202200417,36066474,PMC9828193,Chembiochem : a European journal of chemical biology,2022,TDZ biotin switch,SNO-Q3,,0,
pubmed:25588721,pubmed_abstract_screen,abstract,thiol_reactivity_general,thiol_reactivity_general,capture_enrichment,not_pulled_down,mouse,2259,yes,yes,unclear,10.1007/s13361-014-1059-9,25588721,,Journal of the American Society for Mass Spectrometry,2015,cysDML/cPILOT,SNO-Q3,,0,
pubmed:38953022,pubmed_abstract_screen,abstract,sulfenylation,sulfenylation,capture_enrichment,not_pulled_down,human/rat/mouse,1,yes,yes,open_access,10.3389/fimmu.2024.1369326,38953022,PMC11215078,Frontiers in immunology,2024,biotin switch/LC-MS/MS,SNO-Q3;SFN-Q1,,0,
pubmed:37419112,pubmed_abstract_screen,abstract,cys_oxidation_other,cys_oxidation_other,capture_enrichment,not_pulled_down,mouse,3500,yes,yes,open_access,10.1016/j.chembiol.2023.06.008,37419112,PMC10510412,Cell chemical biology,2023,Cys-LoC/Cys-LOx,SNO-Q3,,0,
pubmed:15749383,pubmed_abstract_screen,abstract,s_nitrosylation,s_nitrosylation,capture_enrichment,not_pulled_down,mouse macrophage (RAW 264.7),,no,no,unclear,10.1016/j.freeradbiomed.2004.12.012,15749383,,Free radical biology & medicine,2005,biotin-switch,SNO-Q3,,0,
pubmed:31069771,pubmed_abstract_screen,abstract,thiol_reactivity_general,thiol_reactivity_general,capture_enrichment,not_pulled_down,unclear,2154,yes,yes,unclear,10.1007/978-1-4939-9187-7_11,31069771,,"Methods in molecular biology (Clifton, N.J.)",2019,mercury-conjugated agarose enrichment,SNO-Q3,,0,
pubmed:30452864,pubmed_abstract_screen,abstract,cys_oxidation_other,cys_oxidation_other,differential_alkylation,seen_but_unmodified,Leishmania mexicana,,yes,yes,unclear,10.1021/acs.analchem.8b02517,30452864,,Analytical chemistry,2018,iodoTMT multiplexing,SNO-Q3,,0,
pubmed:20140087,pubmed_abstract_screen,abstract,s_nitrosylation,s_nitrosylation,capture_enrichment,not_pulled_down,human prostate epithelial cells (NPrEC),82,yes,yes,open_access,10.1371/journal.pone.0009075,20140087,PMC2816712,PloS one,2010,biotin-switch with peptide pull-down,SNO-Q3,,0,
pubmed:37809076,pubmed_abstract_screen,abstract,cys_oxidation_other,cys_oxidation_other,differential_alkylation,seen_but_unmodified,human macrophage (THP-1),10452,yes,yes,open_access,10.3389/fimmu.2023.1244431,37809076,PMC10559879,Frontiers in immunology,2023,sequential iodoTMT labeling,SNO-Q3,,0,
pubmed:30113774,pubmed_abstract_screen,abstract,cys_oxidation_other,cys_oxidation_other,both,both_reported,Fusarium graminearum,,yes,yes,open_access,10.1111/mpp.12742,30113774,PMC6430467,Molecular plant pathology,2018,monobromobimane labeling and biotin switch,SNO-Q3,,0,
pubmed:17683036,pubmed_abstract_screen,abstract,s_nitrosylation,s_nitrosylation,capture_enrichment,not_pulled_down,Homo sapiens,,no,yes,open_access,10.1002/pmic.200700254,17683036,PMC2777308,Proteomics,2007,biotin switch assay with MS/MS,SNO-Q3,,0,
pubmed:22665314,pubmed_abstract_screen,abstract,s_nitrosylation,s_nitrosylation,capture_enrichment,not_pulled_down,Mus musculus,,unclear,no,unclear,10.1007/978-1-61779-885-6_25,22665314,,"Methods in molecular biology (Clifton, N.J.)",2012,SILAC-based biotin switch technique,SNO-Q3,,0,
pubmed:24472655,pubmed_abstract_screen,abstract,s_nitrosylation,s_nitrosylation,capture_enrichment,not_pulled_down,Mus musculus,,no,yes,open_access,10.1186/1742-2094-11-17,24472655,PMC3922161,Journal of neuroinflammation,2014,NitroDIGE,SNO-Q3,,0,
pubmed:29098862,pubmed_abstract_screen,abstract,cys_oxidation_other,cys_oxidation_other,differential_alkylation,seen_but_unmodified,Mus musculus,,yes,yes,unclear,10.1021/acs.jproteome.7b00431,29098862,,Journal of proteome research,2017,iodoacetyl tandem mass tag quantification,SNO-Q3,,0,
pubmed:30632700,pubmed_abstract_screen,abstract,cys_oxidation_other,cys_oxidation_other,differential_alkylation,seen_but_unmodified,Aspergillus fumigatus,,yes,yes,unclear,10.1002/pmic.201800339,30632700,,Proteomics,2019,iodoTMT labeling,SNO-Q3,,0,
pubmed:34342990,pubmed_abstract_screen,abstract,cys_oxidation_other,cys_oxidation_other,differential_alkylation,seen_but_unmodified,silver carp,,yes,yes,unclear,10.1021/acs.jafc.1c03045,34342990,,Journal of agricultural and food chemistry,2021,isobaric iodoacetyl tandem mass tag,SNO-Q3,,0,
pubmed:32716974,pubmed_abstract_screen,abstract,thiol_reactivity_general,thiol_reactivity_general,capture_enrichment,not_pulled_down,Streptococcus mutans,357,yes,yes,open_access,10.1371/journal.ppat.1008774,32716974,PMC7410335,PLoS pathogens,2020,iodoTMT with anti-TMT antibody enrichment,SNO-Q3,,0,
pubmed:30254268,pubmed_abstract_screen,abstract,s_nitrosylation,s_nitrosylation,capture_enrichment,not_pulled_down,mouse,,yes,yes,open_access,10.1038/s41598-018-32481-4,30254268,PMC6156325,Scientific reports,2018,biotin-switch,SNO-Q3,,0,
pubmed:27690452,pubmed_abstract_screen,abstract,sulfenylation,sulfenylation,capture_enrichment,not_pulled_down,human,100,yes,yes,unclear,10.1021/acs.jproteome.6b00212,27690452,,Journal of proteome research,2016,modified biotin switch assay,SNO-Q3;SFN-Q1,,0,
pubmed:22115780,pubmed_abstract_screen,abstract,s_nitrosylation,s_nitrosylation,capture_enrichment,not_pulled_down,Arabidopsis,53,yes,yes,unclear,10.1016/j.bbrc.2011.11.036,22115780,,Biochemical and biophysical research communications,2011,biotin switch + ICAT,SNO-Q3,,0,
pubmed:42663057,pubmed_abstract_screen,abstract,s_nitrosylation,s_nitrosylation,capture_enrichment,not_pulled_down,mouse,1,yes,yes,unclear,10.1161/STROKEAHA.126.056196,42663057,,Stroke,2026,S-nitrosylation proteomics + mass spectrometry,SNO-Q3,,0,
pubmed:22924747,pubmed_abstract_screen,abstract,s_nitrosylation,s_nitrosylation,capture_enrichment,not_pulled_down,Solanum tuberosum,,no,yes,unclear,10.1111/j.1399-3054.2012.01684.x,22924747,,Physiologia plantarum,2012,biotin switch + nano-LC-MS,SNO-Q3,,0,
pubmed:25767911,pubmed_abstract_screen,abstract,cys_oxidation_other,cys_oxidation_other,capture_enrichment,not_pulled_down,human,75,yes,yes,unclear,10.1021/acs.jproteome.5b00133,25767911,,Journal of proteome research,2015,modified biotin switch assay,SNO-Q3,,0,
pubmed:30536052,pubmed_abstract_screen,abstract,not_cysteine_ptm,not_cysteine_ptm,na,unclear,rat,,no,no,unclear,10.1007/s00726-018-2684-6,30536052,,Amino acids,2018,DDAH activity assay,SNO-Q3,,0,
pubmed:22363674,pubmed_abstract_screen,abstract,s_nitrosylation,s_nitrosylation,capture_enrichment,not_pulled_down,"rat, cattle, human",78,yes,yes,open_access,10.1371/journal.pone.0031564,22363674,PMC3283662,PloS one,2012,biotin-switch assay with MS,SNO-Q3,,0,
pubmed:20332448,pubmed_abstract_screen,abstract,s_nitrosylation,s_nitrosylation,capture_enrichment,not_pulled_down,human,,unclear,yes,unclear,,20332448,,Anticancer research,2010,biotin-switch approach with ESI-MS/MS,SNO-Q3,,0,
pubmed:24626316,pubmed_abstract_screen,abstract,s_nitrosylation,s_nitrosylation,capture_enrichment,not_pulled_down,Entamoeba histolytica,,yes,yes,open_access,10.1371/journal.pone.0091518,24626316,PMC3953491,PloS one,2014,resin-assisted capture (SNO-RAC),SNO-Q3,,0,
pubmed:15734904,pubmed_abstract_screen,abstract,s_nitrosylation,s_nitrosylation,capture_enrichment,not_pulled_down,Arabidopsis thaliana,115,unclear,yes,open_access,10.1104/pp.104.058719,15734904,PMC1065393,Plant physiology,2005,biotin switch with nano-LC-MS,SNO-Q3,,0,
pubmed:19483679,pubmed_abstract_screen,abstract,s_nitrosylation,s_nitrosylation,capture_enrichment,not_pulled_down,human,,yes,yes,open_access,10.1038/nbt.1545,19483679,PMC2891235,Nature biotechnology,2009,resin-assisted capture (SNO-RAC),SNO-Q3,SNO-C1,0,
pubmed:12671063,pubmed_abstract_screen,abstract,s_nitrosylation,s_nitrosylation,capture_enrichment,not_pulled_down,mouse,,no,no,unclear,10.1074/mcp.M300003-MCP200,12671063,,Molecular & cellular proteomics : MCP,2003,biotin-switch,SNO-Q3,,0,
pubmed:31487955,pubmed_abstract_screen,abstract,s_nitrosylation,s_nitrosylation,capture_enrichment,not_pulled_down,bovine,1,yes,yes,open_access,10.3390/antiox8090374,31487955,PMC6769641,"Antioxidants (Basel, Switzerland)",2019,biotin-switch labeling,SNO-Q3,,0,
pubmed:24388526,pubmed_abstract_screen,abstract,s_nitrosylation,s_nitrosylation,capture_enrichment,not_pulled_down,Arabidopsis thaliana,62,yes,yes,unclear,10.1016/j.plantsci.2013.10.014,24388526,,Plant science : an international journal of experimental plant biology,2013,biotin switch with isotope-coded affinity tag,SNO-Q3,,0,
pubmed:18850629,pubmed_abstract_screen,abstract,s_nitrosylation,s_nitrosylation,capture_enrichment,not_pulled_down,human,,no,no,unclear,10.1002/pmic.200700313,18850629,,Proteomics,2008,biotin switch,SNO-Q3,,0,
pubmed:25333472,pubmed_abstract_screen,abstract,s_nitrosylation,s_nitrosylation,na,unclear,Arabidopsis thaliana,31900,yes,no,open_access,10.1371/journal.pone.0110232,25333472,PMC4204854,PloS one,2014,GPS-SNO computational prediction,SNO-Q3,,0,
pubmed:20513473,pubmed_abstract_screen,abstract,sulfenylation,sulfenylation,capture_enrichment,not_pulled_down,unclear,,yes,no,open_access,10.1016/S0076-6879(10)73004-4,20513473,PMC3835715,Methods in enzymology,2010,dimedone-based affinity capture,SFN-Q1,,0,
pubmed:27390911,pubmed_abstract_screen,abstract,sulfenylation,sulfenylation,na,unclear,plants,,unclear,no,unclear,10.1111/pce.12791,27390911,,"Plant, cell & environment",2016,unclear,SFN-Q1,,0,
pubmed:36943050,pubmed_abstract_screen,abstract,sulfenylation,sulfenylation,differential_alkylation,seen_but_unmodified,Mycobacterium tuberculosis,297,yes,yes,open_access,10.1128/spectrum.03386-22,36943050,PMC10101118,Microbiology spectrum,2023,IodoTMT6plex,SFN-Q1;SFN-Q4,,0,
pubmed:31752668,pubmed_abstract_screen,abstract,sulfenylation,sulfenylation,na,unclear,human,,yes,no,open_access,10.1186/s12859-019-3178-6,31752668,PMC6868744,BMC bioinformatics,2019,SIMLIN prediction,SFN-Q1,,0,
pubmed:25175731,pubmed_abstract_screen,abstract,sulfenylation,sulfenylation,differential_alkylation,seen_but_unmodified,human,1000,yes,yes,open_access,10.1038/ncomms5776,25175731,PMC4167403,Nature communications,2014,chemoproteomic workflow,SFN-Q1;SFN-Q4;XCHEM-Q1,SFN-C1,0,
pubmed:26695718,pubmed_abstract_screen,abstract,cys_oxidation_other,cys_oxidation_other,na,unclear,unclear,,no,no,unclear,10.3109/10715762.2015.1110241,26695718,,Free radical research,2016,unclear,SFN-Q1,,0,
pubmed:37260364,pubmed_abstract_screen,abstract,sulfenylation,sulfenylation,capture_enrichment,not_pulled_down,Escherichia coli,,yes,unclear,unclear,10.1021/acschembio.3c00073,37260364,,ACS chemical biology,2023,biotin-benzoboroxole probe,SFN-Q1,,0,
pubmed:27666938,pubmed_abstract_screen,abstract,cys_oxidation_other,cys_oxidation_other,unclear,unclear,unclear,,yes,no,open_access,10.1002/prca.201600015,27666938,PMC5157156,Proteomics. Clinical applications,2016,unclear,SFN-Q1,,0,
pubmed:32031597,pubmed_abstract_screen,abstract,cys_oxidation_other,cys_oxidation_other,na,unclear,unclear,,unclear,no,open_access,10.1042/EBC20190050,32031597,PMC7477960,Essays in biochemistry,2020,unclear,SFN-Q1,,0,
pubmed:28533430,pubmed_abstract_screen,abstract,sulfenylation,sulfenylation,differential_alkylation,seen_but_unmodified,Homo sapiens,1,yes,yes,open_access,10.1074/jbc.M117.792200,28533430,PMC5500791,The Journal of biological chemistry,2017,isotope-coded dimedone/iododimedone labeling,SFN-Q1,,0,
pubmed:20845928,pubmed_abstract_screen,abstract,cys_oxidation_other,cys_oxidation_other,na,unclear,unclear,,unclear,no,open_access,10.1021/tx100237w,20845928,PMC2990351,Chemical research in toxicology,2010,unclear,SFN-Q1,,0,
pubmed:30177848,pubmed_abstract_screen,abstract,sulfenylation,sulfenylation,capture_enrichment,not_pulled_down,human,55,yes,yes,open_access,10.1038/s41589-018-0116-2,30177848,PMC6192846,Nature chemical biology,2018,DiaAlk,SFN-Q1,,0,
pubmed:33335901,pubmed_abstract_screen,abstract,sulfenylation,sulfenylation,na,unclear,multiple,,yes,no,open_access,10.3389/fcell.2020.594587,33335901,PMC7736615,Frontiers in cell and developmental biology,2020,DeepCSO,SFN-Q1,,0,
pubmed:31172492,pubmed_abstract_screen,abstract,sulfenylation,sulfenylation,na,unclear,unclear,,unclear,no,open_access,10.1007/978-1-4939-9424-3_30,31172492,PMC7144547,"Methods in molecular biology (Clifton, N.J.)",2019,unclear,SFN-Q1,,0,
pubmed:30394608,pubmed_abstract_screen,abstract,sulfenylation,sulfenylation,capture_enrichment,not_pulled_down,Arabidopsis,132,yes,yes,unclear,10.1111/tpj.14146,30394608,,The Plant journal : for cell and molecular biology,2018,YAP1C,SFN-Q1;SFN-Q3,,0,
pubmed:33923941,pubmed_abstract_screen,abstract,cys_oxidation_other,cys_oxidation_other,na,unclear,human,,no,no,open_access,10.3390/antiox10040627,33923941,PMC8073576,"Antioxidants (Basel, Switzerland)",2021,mass spectrometry-based approach,SFN-Q1,,0,
pubmed:25782062,pubmed_abstract_screen,abstract,cys_oxidation_other,cys_oxidation_other,unclear,unclear,unclear,,unclear,no,unclear,10.3109/10715762.2015.1009053,25782062,,Free radical research,2015,unclear,SFN-Q1,,0,
pubmed:25750420,pubmed_abstract_screen,abstract,cys_oxidation_other,cys_oxidation_other,unclear,unclear,plant,,unclear,no,unclear,10.1093/jxb/erv044,25750420,,Journal of experimental botany,2015,unclear,SFN-Q1,,0,
pubmed:28355876,pubmed_abstract_screen,abstract,sulfenylation,sulfenylation,capture_enrichment,not_pulled_down,human,1280,yes,yes,open_access,10.1021/jacs.7b01791,28355876,PMC5898444,Journal of the American Chemical Society,2017,fragment-based covalent ligand discovery with C-nucleophiles,SFN-Q1,,0,
pubmed:33647858,pubmed_abstract_screen,abstract,sulfenylation,sulfenylation,capture_enrichment,not_pulled_down,human,1000,yes,yes,open_access,10.1016/j.redox.2021.101898,33647858,PMC7933484,Redox biology,2021,site-centric chemoproteomics,SFN-Q1,,0,
pubmed:40321179,pubmed_abstract_screen,abstract,sulfenylation,sulfenylation,na,unclear,unclear,,unclear,no,open_access,10.1039/d5sc02016f,40321179,PMC12046419,Chemical science,2025,unclear,SFN-Q1,,0,
pubmed:35557958,pubmed_abstract_screen,abstract,sulfenylation,sulfenylation,capture_enrichment,not_pulled_down,human (293 cells),400,yes,yes,open_access,10.3389/fcell.2022.888873,35557958,PMC9086853,Frontiers in cell and developmental biology,2022,AP-1-like sulfenome mining,SFN-Q1;SFN-Q2;SFN-Q3,,0,
pubmed:28990628,pubmed_abstract_screen,abstract,sulfenylation,sulfenylation,na,unclear,unclear,,yes,no,unclear,10.1039/c7mb00491e,28990628,,Molecular bioSystems,2017,SulCysSite computational predictor,SFN-Q1,,0,
pubmed:32714340,pubmed_abstract_screen,abstract,sulfenylation,sulfenylation,capture_enrichment,not_pulled_down,unclear,1745,yes,yes,open_access,10.3389/fpls.2020.00777,32714340,PMC7343964,Frontiers in plant science,2020,YAP1C disulfide-linked peptide reporter,SFN-Q1;SFN-Q3,,0,
pubmed:31578252,pubmed_abstract_screen,abstract,sulfenylation,sulfenylation,capture_enrichment,not_pulled_down,Arabidopsis,1537,yes,yes,open_access,10.1073/pnas.1906768116,31578252,PMC6800386,Proceedings of the National Academy of Sciences of the United States of America,2019,peptide-centric chemoproteomics,SFN-Q1;SFN-Q4;XCHEM-Q1,,0,
pubmed:33513391,pubmed_abstract_screen,abstract,sulfenylation,sulfenylation,capture_enrichment,not_pulled_down,Plasmodium falciparum,152,yes,yes,open_access,10.1016/j.molbiopara.2021.111362,33513391,PMC8218313,Molecular and biochemical parasitology,2021,BCN-Bio1 affinity capture,SFN-Q1;SFN-Q2,,0,
pubmed:26601956,pubmed_abstract_screen,abstract,not_cysteine_ptm,not_cysteine_ptm,na,unclear,human/mouse,,yes,no,open_access,10.1074/jbc.M115.692798,26601956,PMC4742766,The Journal of biological chemistry,2015,biochemical characterization,SFN-Q1,,0,
pubmed:25693797,pubmed_abstract_screen,abstract,sulfenylation,sulfenylation,capture_enrichment,not_pulled_down,Arabidopsis thaliana,,unclear,yes,open_access,10.1074/mcp.M114.046896,25693797,PMC4424392,Molecular & cellular proteomics : MCP,2015,DYn-2 probe affinity capture,SFN-Q1;SFN-Q3,,0,
pubmed:36952185,pubmed_abstract_screen,abstract,sulfenylation,sulfenylation,both,both_reported,mammalian,,yes,unclear,unclear,10.1007/978-1-0716-3048-8_12,36952185,,"Methods in molecular biology (Clifton, N.J.)",2023,YAP1C genetic probe,SFN-Q1;SFN-Q2;SFN-Q3,,0,
pubmed:31802583,pubmed_abstract_screen,abstract,cys_oxidation_other,cys_oxidation_other,capture_enrichment,not_pulled_down,human,148,unclear,yes,unclear,10.1002/cbic.201900729,31802583,,Chembiochem : a European journal of chemical biology,2020,norbornene probe,SFN-Q1;SFN-Q2,,0,
pubmed:30850396,pubmed_abstract_screen,abstract,cys_oxidation_other,cys_oxidation_other,differential_alkylation,seen_but_unmodified,mouse,,no,no,open_access,10.1074/jbc.AC118.007225,30850396,PMC6484142,The Journal of biological chemistry,2019,iTORC,SFN-Q1,,0,
pubmed:39929330,pubmed_abstract_screen,abstract,cys_oxidation_other,cys_oxidation_other,na,unclear,Deinococcus deserti,4,yes,no,unclear,10.1016/j.bbapap.2025.141063,39929330,,Biochimica et biophysica acta. Proteins and proteomics,2025,biochemical characterization with redox analysis,SFN-Q1,,0,
pubmed:33142923,pubmed_abstract_screen,abstract,sulfenylation,sulfenylation,capture_enrichment,not_pulled_down,human,,yes,yes,open_access,10.3390/ijms21218172,33142923,PMC7663642,International journal of molecular sciences,2020,mass spectrometry,SFN-Q1,,0,
pubmed:22634402,pubmed_abstract_screen,abstract,sulfenylation,sulfenylation,capture_enrichment,not_pulled_down,Medicago truncatula and Sinorhizobium meliloti,,yes,yes,unclear,10.1016/j.jprot.2012.05.024,22634402,,Journal of proteomics,2012,chemical probe with mass spectrometry,SFN-Q1,,0,
pubmed:25449835,pubmed_abstract_screen,abstract,s_nitrosylation,s_nitrosylation,differential_alkylation,seen_but_unmodified,Escherichia coli,114,yes,yes,unclear,10.1016/j.jprot.2014.10.015,25449835,,Journal of proteomics,2014,SNO/SOH TMT strategy,SFN-Q1,,0,
pubmed:19965429,pubmed_abstract_screen,abstract,cys_oxidation_other,cys_oxidation_other,na,unclear,Escherichia coli,,no,no,unclear,10.1126/science.1179557,19965429,,"Science (New York, N.Y.)",2009,unclear,SFN-Q1,,0,
pubmed:19805274,pubmed_abstract_screen,abstract,sulfenylation,sulfenylation,na,unclear,Homo sapiens,,no,no,open_access,10.1073/pnas.0903015106,19805274,PMC2741475,Proceedings of the National Academy of Sciences of the United States of America,2009,sulfenic acid-specific antibodies,SFN-Q1,,0,
pubmed:11904290,pubmed_abstract_screen,abstract,cys_oxidation_other,cys_oxidation_other,unclear,unclear,Homo sapiens,,yes,yes,unclear,10.1074/jbc.M106585200,11904290,,The Journal of biological chemistry,2002,tandem mass spectrometry,SFN-Q1,,0,
pubmed:41612134,pubmed_abstract_screen,abstract,sulfenylation,sulfenylation,capture_enrichment,not_pulled_down,bacteria,,yes,yes,open_access,10.1021/jacs.5c18912,41612134,PMC12903841,Journal of the American Chemical Society,2026,sulfenic acid-reactive bile acid probe chemoproteomic platform,SFN-Q1,,0,
pubmed:33047470,pubmed_abstract_screen,abstract,sulfenylation,sulfenylation,capture_enrichment,not_pulled_down,Homo sapiens,174,yes,yes,unclear,10.1111/jth.15121,33047470,,Journal of thrombosis and haemostasis : JTH,2020,dimedone-based sulfenic acid tagging and enrichment,SFN-Q1;SFN-Q2,,0,
pubmed:20530482,pubmed_abstract_screen,abstract,thiol_reactivity_general,thiol_reactivity_general,na,unclear,Escherichia coli,,no,no,open_access,10.1074/jbc.M110.133363,20530482,PMC2919097,The Journal of biological chemistry,2010,unclear,SFN-Q1,,0,
pubmed:23438843,pubmed_abstract_screen,abstract,cys_oxidation_other,cys_oxidation_other,capture_enrichment,not_pulled_down,Rat,6559,yes,yes,unclear,10.1021/ac400166e,23438843,,Analytical chemistry,2013,thiol-disulfide exchange enrichment,SFN-Q1,,0,
pubmed:23205777,pubmed_abstract_screen,abstract,sulfenylation,sulfenylation,na,unclear,Rat,,no,no,open_access,10.3109/10715762.2012.752078,23205777,PMC3690130,Free radical research,2012,sulfenic acid-specific labeling,SFN-Q1,,0,
pubmed:21476607,pubmed_abstract_screen,abstract,sulfenylation,sulfenylation,capture_enrichment,not_pulled_down,Saccharomyces cerevisiae,,unclear,yes,unclear,10.1021/pr1009542,21476607,,Journal of proteome research,2011,Yap1-cCRD probe,SFN-Q1,,0,
pubmed:15292244,pubmed_abstract_screen,abstract,cys_oxidation_other,cys_oxidation_other,capture_enrichment,not_pulled_down,Rat,,yes,yes,unclear,10.1074/jbc.M403827200,15292244,,The Journal of biological chemistry,2004,diagonal electrophoresis,SFN-Q1,,0,
pubmed:21594273,pubmed_abstract_screen,abstract,cys_oxidation_other,cys_oxidation_other,na,unclear,unclear,,no,no,unclear,10.1039/c1mb05081h,21594273,,Molecular bioSystems,2011,unclear,SFN-Q1,,0,
pubmed:27476698,pubmed_abstract_screen,abstract,cys_oxidation_other,cys_oxidation_other,differential_alkylation,seen_but_unmodified,unclear,,yes,no,open_access,10.1021/acs.jproteome.6b00266,27476698,PMC5069694,Journal of proteome research,2016,ion/ion chemistry with periodate,SFN-Q1,,0,
pubmed:17569551,pubmed_abstract_screen,abstract,not_cysteine_ptm,not_cysteine_ptm,na,unclear,unclear,,no,no,unclear,10.1021/pr060573w,17569551,,Journal of proteome research,2007,unclear,SFN-Q1,,0,
pubmed:26395460,pubmed_abstract_screen,abstract,cys_oxidation_other,cys_oxidation_other,na,unclear,Streptococcus gordonii,,yes,no,unclear,10.1111/mmi.13227,26395460,,Molecular microbiology,2015,unclear,SFN-Q1,,0,
pubmed:25561502,pubmed_abstract_screen,abstract,cys_oxidation_other,cys_oxidation_other,capture_enrichment,not_pulled_down,rat,181,yes,yes,open_access,10.1074/mcp.M114.044347,25561502,PMC4349981,Molecular & cellular proteomics : MCP,2015,electrostatic repulsion/hydrophilic interaction enrichment,SFN-Q1,,0,
pubmed:11719517,pubmed_abstract_screen,abstract,cys_oxidation_other,cys_oxidation_other,na,unclear,Saccharomyces cerevisiae,,yes,no,unclear,10.1074/jbc.M109614200,11719517,,The Journal of biological chemistry,2001,2D PAGE,SFN-Q1,,0,
pubmed:35604553,pubmed_abstract_screen,abstract,cys_oxidation_other,cys_oxidation_other,both,both_reported,unclear,,yes,no,unclear,10.1007/978-1-0716-1831-8_4,35604553,,"Methods in molecular biology (Clifton, N.J.)",2022,ProteoSushi,SFN-Q2,,0,
pubmed:27364688,pubmed_abstract_screen,abstract,sulfenylation,sulfenylation,na,unclear,Homo sapiens,,yes,no,unclear,10.1039/c6mb00314a,27364688,,Molecular bioSystems,2016,SOHPRED,SFN-Q2;SFN-Q4,,0,
pubmed:26819701,pubmed_abstract_screen,abstract,sulfenylation,sulfenylation,na,unclear,unclear,,no,no,open_access,10.1039/C5SC02569A,26819701,PMC4724439,Chemical science,2015,mass spectrometry,SFN-Q2,,0,
pubmed:40889425,pubmed_abstract_screen,abstract,persulfidation,persulfidation,capture_enrichment,not_pulled_down,"Mus musculus, Homo sapiens",,yes,yes,open_access,10.1016/j.redox.2025.103809,40889425,PMC12421645,Redox biology,2025,dimedone-switch mass spectrometry,SFN-Q3,,0,
pubmed:23576224,pubmed_abstract_screen,abstract,sulfenylation,sulfenylation,na,unclear,unclear,,yes,no,open_access,10.1002/bip.22255,23576224,PMC3919879,Biopolymers,2014,DYn-2 chemical reporter,SFN-Q3,,0,
pubmed:33515755,pubmed_abstract_screen,abstract,sulfenylation,sulfenylation,na,unclear,human,1,yes,no,unclear,10.1016/j.freeradbiomed.2021.01.039,33515755,,Free radical biology & medicine,2021,"BCN-Bio1 probe, mass spectrometry",SFN-Q3,,0,
pubmed:36200822,pubmed_abstract_screen,abstract,sulfenylation,sulfenylation,na,unclear,unclear,,yes,no,open_access,10.1002/cpz1.559,36200822,PMC11648817,Current protocols,2022,BCN-E-BCN probe,SFN-Q3,,0,
pubmed:41176650,pubmed_abstract_screen,abstract,sulfenylation,sulfenylation,na,unclear,unclear,,yes,no,open_access,10.1002/cbic.202500619,41176650,PMC12703442,Chembiochem : a European journal of chemical biology,2025,"X-ray crystallography, chemical reactivity assays",SFN-Q3,,0,
pubmed:22158416,pubmed_abstract_screen,abstract,sulfenylation,sulfenylation,na,unclear,human,1,yes,yes,open_access,10.1038/nchembio.736,22158416,PMC3528018,Nature chemical biology,2011,DYn-2 chemical reporter,SFN-Q3,SFN-C2,0,
pubmed:30604966,pubmed_abstract_screen,abstract,cys_oxidation_other,cys_oxidation_other,capture_enrichment,not_pulled_down,human (cultured tumor cells),500,yes,yes,unclear,10.1021/acs.chemrestox.8b00343,30604966,,Chemical research in toxicology,2019,aldehyde-directed aniline-based probe chemoproteomic profiling,XCHEM-Q1,,0,
pubmed:25654326,pubmed_abstract_screen,abstract,cys_oxidation_other,cys_oxidation_other,capture_enrichment,not_pulled_down,human (cultured colorectal neoplasm cells),386,yes,yes,open_access,10.1021/ac504685y,25654326,PMC4350606,Analytical chemistry,2015,isotopically tagged photocleavable azido-biotin quantitative chemoproteomic platform,XCHEM-Q1,,0,
pubmed:39052621,pubmed_abstract_screen,abstract,thiol_reactivity_general,thiol_reactivity_general,capture_enrichment,not_pulled_down,human (cells),,yes,no,open_access,10.1021/acschembio.3c00637,39052621,PMC11334109,ACS chemical biology,2024,PhosID-ABPP (site-specific activity-based protein profiling),XCHEM-Q1,,0,
pubmed:31183045,pubmed_abstract_screen,abstract,thiol_reactivity_general,thiol_reactivity_general,unclear,unclear,unclear,,yes,no,open_access,10.1039/c9sc00034h,31183045,PMC6530539,Chemical science,2019,sulfonium tethered peptide ligand proximity-triggered cysteine modification,XCHEM-Q1,,0,
pubmed:42619774,pubmed_abstract_screen,abstract,thiol_reactivity_general,thiol_reactivity_general,na,unclear,human (cultured cancer cells),,yes,no,open_access,10.64898/2026.07.28.741261,42619774,PMC13484007,bioRxiv : the preprint server for biology,2026,ESCAPE (Endogenous Site-specific Competition Assays using Prime Editors),XCHEM-Q1,,0,
pubmed:29763317,pubmed_abstract_screen,abstract,thiol_reactivity_general,thiol_reactivity_general,capture_enrichment,not_pulled_down,human (cancer cells),1,yes,yes,unclear,10.1021/acs.molpharmaceut.8b00250,29763317,,Molecular pharmaceutics,2018,quantitative chemoproteomic profiling,XCHEM-Q1,,0,
pubmed:34894577,pubmed_abstract_screen,abstract,thiol_reactivity_general,thiol_reactivity_general,differential_alkylation,seen_but_unmodified,mouse (BV-2 microglia cells),1,yes,yes,unclear,10.1016/j.bioorg.2021.105536,34894577,,Bioorganic chemistry,2021,QTRP (quantitative thiol reactivity profiling) / isoTOP-ABPP,XCHEM-Q1,,0,
pubmed:28827280,pubmed_abstract_screen,abstract,cys_oxidation_other,cys_oxidation_other,capture_enrichment,not_pulled_down,"human (HEK293, HepG2 cells)",900,yes,yes,open_access,10.1074/mcp.RA117.000108,28827280,PMC5629266,Molecular & cellular proteomics : MCP,2017,chemoproteomic platform for H2O2 reactivity,XCHEM-Q1,,0,
pubmed:41723106,pubmed_abstract_screen,abstract,not_cysteine_ptm,not_cysteine_ptm,capture_enrichment,not_pulled_down,human (neutrophils),,yes,yes,open_access,10.1038/s41467-026-69490-1,41723106,PMC12932703,Nature communications,2026,chemical proteomics with glyoxal-based derivatization and biotin enrichment,XCHEM-Q2,,0,
pubmed:33875134,pubmed_abstract_screen,abstract,not_cysteine_ptm,not_cysteine_ptm,na,unclear,human / mouse,,unclear,no,open_access,10.7554/eLife.62019,33875134,PMC8154032,eLife,2021,proteasome-catalyzed peptide splicing assay,XCHEM-Q2,,0,
pubmed:29535314,pubmed_abstract_screen,abstract,not_cysteine_ptm,not_cysteine_ptm,na,unclear,mixed species,,no,no,open_access,10.1038/s41467-018-03309-6,29535314,PMC5849679,Nature communications,2018,"LFQ, SILAC, TMT",XCHEM-Q2,,0,
pubmed:28604659,pubmed_abstract_screen,abstract,not_cysteine_ptm,not_cysteine_ptm,na,unclear,Homo sapiens,,yes,no,open_access,10.1038/nbt.3908,28604659,PMC5593115,Nature biotechnology,2017,SWATH-MS with IPF algorithm,XCHEM-Q2,,0,
pubmed:28150167,pubmed_abstract_screen,abstract,cys_oxidation_other,cys_oxidation_other,na,unclear,Homo sapiens,55,yes,yes,unclear,10.1007/s11095-017-2103-9,28150167,,Pharmaceutical research,2017,metal-catalyzed oxidation with high-resolution MS,XCHEM-Q2,,0,
pubmed:39332818,pubmed_abstract_screen,abstract,not_cysteine_ptm,not_cysteine_ptm,na,unclear,Homo sapiens,,yes,no,open_access,10.1021/jasms.4c00213,39332818,PMC11623170,Journal of the American Society for Mass Spectrometry,2024,trypsin and LysC proteomics with Prosit prediction,XCHEM-Q2,,0,
pubmed:22626931,pubmed_abstract_screen,abstract,not_cysteine_ptm,not_cysteine_ptm,na,unclear,Plasmodium falciparum,,unclear,no,open_access,10.1016/j.micinf.2012.05.004,22626931,PMC3967591,Microbes and infection,2012,unclear,XCHEM-Q2,,0,
pubmed:38360730,pubmed_abstract_screen,abstract,not_cysteine_ptm,not_cysteine_ptm,na,unclear,"plants (wheat, tabacum, rice, peanut, papaya)",,yes,yes,open_access,10.1186/s13007-024-01157-8,38360730,PMC10870457,Plant methods,2024,PlantNh-Kcr (deep learning),XCHEM-Q2,,0,
pubmed:24586765,pubmed_abstract_screen,abstract,not_cysteine_ptm,not_cysteine_ptm,na,unclear,bacteria,,yes,no,open_access,10.1371/journal.pone.0089420,24586765,PMC3930743,PloS one,2014,antiSMASH (computational),XCHEM-Q2,,0,
pubmed:31700141,pubmed_abstract_screen,abstract,not_cysteine_ptm,not_cysteine_ptm,na,unclear,unclear,,yes,no,open_access,10.1038/s41598-019-52552-4,31700141,PMC6838336,Scientific reports,2019,CNN-SuccSite (deep learning),XCHEM-Q2,,0,
pubmed:30006127,pubmed_abstract_screen,abstract,not_cysteine_ptm,not_cysteine_ptm,na,unclear,Sus scrofa (Ghungroo pig),,no,no,unclear,10.1016/j.theriogenology.2018.05.015,30006127,,Theriogenology,2018,unclear,XCHEM-Q2,,0,
pubmed:19955080,pubmed_abstract_screen,abstract,not_cysteine_ptm,not_cysteine_ptm,na,unclear,Homo sapiens,161,yes,yes,open_access,10.1074/mcp.M900439-MCP200,19955080,PMC2849708,Molecular & cellular proteomics : MCP,2009,glycation isotopic labeling,XCHEM-Q2,,0,
pubmed:30483939,pubmed_abstract_screen,abstract,not_cysteine_ptm,not_cysteine_ptm,na,unclear,unclear,,no,no,unclear,10.1007/s12539-018-0308-1,30483939,,"Interdisciplinary sciences, computational life sciences",2018,in silico,XCHEM-Q2,,0,
pubmed:23586903,pubmed_abstract_screen,abstract,not_cysteine_ptm,not_cysteine_ptm,na,unclear,goat,18,yes,yes,unclear,10.1021/pr3010666,23586903,,Journal of proteome research,2013,nLC-MS/MS,XCHEM-Q2,,0,
pubmed:29453228,pubmed_abstract_screen,abstract,not_cysteine_ptm,not_cysteine_ptm,na,unclear,Arabidopsis,72,yes,yes,open_access,10.1105/tpc.17.00523,29453228,PMC5894833,The Plant cell,2018,LC-MS subproteomics,XCHEM-Q2,,0,
pubmed:9079674,pubmed_abstract_screen,abstract,not_cysteine_ptm,not_cysteine_ptm,na,unclear,mouse,,no,no,unclear,10.1074/jbc.272.13.8466,9079674,,The Journal of biological chemistry,1997,in vitro transcription/translation,XCHEM-Q2,,0,
pubmed:11260479,pubmed_abstract_screen,abstract,not_cysteine_ptm,not_cysteine_ptm,na,unclear,human,,no,no,unclear,10.1046/j.1365-2958.2001.02355.x,11260479,,Molecular microbiology,2001,yeast two-hybrid,XCHEM-Q2,,0,
pubmed:42431899,pubmed_abstract_screen,abstract,not_cysteine_ptm,not_cysteine_ptm,na,unclear,unclear,,yes,no,open_access,10.1038/s41467-026-75138-x,42431899,PMC13526794,Nature communications,2026,InstaNovo-P,XCHEM-Q2,,0,
pubmed:19223579,pubmed_abstract_screen,abstract,not_cysteine_ptm,not_cysteine_ptm,na,unclear,Homo sapiens,,unclear,no,open_access,10.1073/pnas.0808564106,19223579,PMC2644258,Proceedings of the National Academy of Sciences of the United States of America,2009,unclear,XCHEM-Q2,,0,
pubmed:42136314,pubmed_abstract_screen,abstract,not_cysteine_ptm,not_cysteine_ptm,na,unclear,unclear,,yes,no,open_access,10.1021/acs.jproteome.5c00782,42136314,PMC13248008,Journal of proteome research,2026,site-centric roll-up,XCHEM-Q2,,0,
pubmed:9543081,pubmed_abstract_screen,abstract,not_cysteine_ptm,not_cysteine_ptm,na,unclear,Phleum pratense,,yes,no,unclear,10.1046/j.1365-2222.1998.00221.x,9543081,,Clinical and experimental allergy : journal of the British Society for Allergy and Clinical Immunology,1998,PEPSCAN,XCHEM-Q2,,0,
pubmed:21576233,pubmed_abstract_screen,abstract,not_cysteine_ptm,not_cysteine_ptm,na,unclear,unclear,,unclear,no,open_access,10.1093/nar/gkr356,21576233,PMC3125764,Nucleic acids research,2011,DEPTH,XCHEM-Q2,,0,
pubmed:10029306,pubmed_abstract_screen,abstract,not_cysteine_ptm,not_cysteine_ptm,na,unclear,Trypanosoma brucei,,no,no,unclear,10.1016/s0166-6851(98)00155-8,10029306,,Molecular and biochemical parasitology,1999,unclear,XCHEM-Q2,,0,
pubmed:2201895,pubmed_abstract_screen,abstract,not_cysteine_ptm,not_cysteine_ptm,na,unclear,Rattus norvegicus,,no,no,open_access,10.1128/mcb.10.9.4596-4602.1990,2201895,PMC361048,Molecular and cellular biology,1990,unclear,XCHEM-Q2,,0,
pubmed:7827053,pubmed_abstract_screen,abstract,not_cysteine_ptm,not_cysteine_ptm,na,unclear,Cricetulus griseus,,no,no,unclear,10.1021/bi00003a029,7827053,,Biochemistry,1995,unclear,XCHEM-Q2,,0,
pubmed:20074340,pubmed_abstract_screen,abstract,not_cysteine_ptm,not_cysteine_ptm,na,unclear,Dicentrarchus labrax,,no,no,open_access,10.1186/1471-2202-11-4,20074340,PMC2829032,BMC neuroscience,2010,unclear,XCHEM-Q2,,0,
pubmed:23469123,pubmed_abstract_screen,abstract,not_cysteine_ptm,not_cysteine_ptm,na,unclear,Homo sapiens,,no,no,open_access,10.1371/journal.pone.0057979,23469123,PMC3585261,PloS one,2013,unclear,XCHEM-Q2,,0,
pubmed:16462117,pubmed_abstract_screen,abstract,not_cysteine_ptm,not_cysteine_ptm,na,unclear,cat,,no,no,unclear,10.1292/jvms.68.55,16462117,,The Journal of veterinary medical science,2006,unclear,XCHEM-Q2,,0,
pubmed:23381851,pubmed_abstract_screen,abstract,not_cysteine_ptm,not_cysteine_ptm,na,unclear,unclear,,yes,no,unclear,10.1007/978-1-62703-305-3_3,23381851,,"Methods in molecular biology (Clifton, N.J.)",2013,MIDAS,XCHEM-Q2,,0,
pubmed:3299049,pubmed_abstract_screen,abstract,not_cysteine_ptm,not_cysteine_ptm,na,unclear,hamster,,no,no,open_access,10.1128/mcb.7.5.1585-1591.1987,3299049,PMC365257,Molecular and cellular biology,1987,unclear,XCHEM-Q2,,0,
pubmed:21919857,pubmed_abstract_screen,abstract,not_cysteine_ptm,not_cysteine_ptm,na,unclear,unclear,,yes,no,unclear,10.2174/092986612798472893,21919857,,Protein and peptide letters,2012,Nearest Neighbor prediction,XCHEM-Q2,,0,
pubmed:10644337,pubmed_abstract_screen,abstract,not_cysteine_ptm,not_cysteine_ptm,na,unclear,chicken,,yes,no,open_access,10.1128/jvi.74.4.1674-1685.2000,10644337,PMC111642,Journal of virology,2000,mutagenesis and expression,XCHEM-Q2,,0,
pubmed:23457550,pubmed_abstract_screen,abstract,not_cysteine_ptm,not_cysteine_ptm,na,unclear,Plasmodium falciparum,,no,no,open_access,10.1371/journal.pone.0056326,23457550,PMC3574135,PloS one,2013,unclear,XCHEM-Q2,,0,
pubmed:8627718,pubmed_abstract_screen,abstract,not_cysteine_ptm,not_cysteine_ptm,na,unclear,Infectious bronchitis virus,,no,no,open_access,10.1128/JVI.70.3.1923-1930.1996,8627718,PMC190021,Journal of virology,1996,unclear,XCHEM-Q2,,0,
pubmed:1908233,pubmed_abstract_screen,abstract,not_cysteine_ptm,not_cysteine_ptm,na,unclear,unclear,,no,no,unclear,10.1016/0006-291x(91)91019-9,1908233,,Biochemical and biophysical research communications,1991,unclear,XCHEM-Q2,,0,
pubmed:8405419,pubmed_abstract_screen,abstract,not_cysteine_ptm,not_cysteine_ptm,na,unclear,Desulfovibrio gigas,,no,no,unclear,10.1016/0014-5793(93)80303-c,8405419,,FEBS letters,1993,unclear,XCHEM-Q2,,0,
pubmed:8645151,pubmed_abstract_screen,abstract,not_cysteine_ptm,not_cysteine_ptm,na,unclear,Rattus norvegicus,,no,no,open_access,10.1042/bj3150733,8645151,PMC1217268,The Biochemical journal,1996,unclear,XCHEM-Q2,,0,
pubmed:7946099,pubmed_abstract_screen,abstract,not_cysteine_ptm,not_cysteine_ptm,na,unclear,HIV-1,,no,no,unclear,,7946099,,"AIDS (London, England)",1994,unclear,XCHEM-Q2,,0,
pubmed:7681013,pubmed_abstract_screen,abstract,not_cysteine_ptm,not_cysteine_ptm,na,unclear,Schistosoma mansoni,,no,no,unclear,10.1006/expr.1993.1012,7681013,,Experimental parasitology,1993,unclear,XCHEM-Q2,,0,
pride:PXD005168,pride_project_metadata,metadata_transcription,unclear_from_metadata,see_keywords:persulfidation,unclear,unclear,Arabidopsis thaliana (mouse-ear cress),,unclear,yes,open_deposition,PXD005168,28992305,,,2017,Shotgun proteomics,pride_keyword:persulfidation,,0,
pride:PXD006140,pride_project_metadata,metadata_transcription,unclear_from_metadata,see_keywords:persulfidation,unclear,unclear,Arabidopsis thaliana (mouse-ear cress),,unclear,yes,open_deposition,PXD006140,28992305,,,2018,Shotgun proteomics,pride_keyword:persulfidation,,0,
pride:PXD017144,pride_project_metadata,metadata_transcription,unclear_from_metadata,see_keywords:persulfidation,unclear,unclear,Homo sapiens (human),,unclear,yes,open_deposition,PXD017144,32041780,,,2020,Gel-based experiment,pride_keyword:persulfidation,,0,
pride:PXD019802,pride_project_metadata,metadata_transcription,unclear_from_metadata,see_keywords:persulfidation,unclear,unclear,Arabidopsis thaliana;Arabidopsis thaliana (mouse-ear cress),,unclear,yes,open_deposition,PXD019802,33037147,,,2020,SWATH MS,pride_keyword:persulfidation,,0,
pride:PXD022888,pride_project_metadata,metadata_transcription,unclear_from_metadata,see_keywords:persulfidation,unclear,unclear,Mus musculus (mouse),,unclear,yes,open_deposition,PXD022888,33741971,,,2021,Top-down proteomics,pride_keyword:persulfidation,,0,
pride:PXD022954,pride_project_metadata,metadata_transcription,unclear_from_metadata,see_keywords:persulfidation,unclear,unclear,Mus musculus (mouse),,unclear,yes,open_deposition,PXD022954,33741971,,,2021,Top-down proteomics,pride_keyword:persulfidation,,0,
pride:PXD022956,pride_project_metadata,metadata_transcription,unclear_from_metadata,see_keywords:persulfidation,unclear,unclear,Mus musculus (mouse),,unclear,yes,open_deposition,PXD022956,33741971,,,2021,Top-down proteomics,pride_keyword:persulfidation,,0,
pride:PXD024061,pride_project_metadata,metadata_transcription,unclear_from_metadata,see_keywords:persulfidation,unclear,unclear,Arabidopsis thaliana (mouse-ear cress),,unclear,yes,open_deposition,PXD024061,33805243,,,2021,Shotgun proteomics,pride_keyword:persulfidation,,0,
pride:PXD025746,pride_project_metadata,metadata_transcription,unclear_from_metadata,see_keywords:persulfidation,unclear,unclear,Mus musculus (mouse),,unclear,yes,open_deposition,PXD025746,,,,2021,Top-down proteomics,pride_keyword:persulfidation,,0,
pride:PXD028909,pride_project_metadata,metadata_transcription,unclear_from_metadata,see_keywords:persulfidation,unclear,unclear,Mus musculus (mouse),,unclear,yes,open_deposition,PXD028909,,,,2021,Shotgun proteomics,pride_keyword:persulfidation,,0,
pride:PXD032370,pride_project_metadata,metadata_transcription,unclear_from_metadata,see_keywords:persulfidation,unclear,unclear,Homo sapiens (human),,unclear,yes,open_deposition,PXD032370,35739994,,,2022,Shotgun proteomics,pride_keyword:persulfidation,,0,
pride:PXD035795,pride_project_metadata,metadata_transcription,unclear_from_metadata,see_keywords:persulfidation,unclear,unclear,Arabidopsis thaliana;Arabidopsis thaliana (mouse-ear cress),,unclear,yes,open_deposition,PXD035795,,,,2023,Shotgun proteomics,pride_keyword:persulfidation,,0,
pride:PXD038309,pride_project_metadata,metadata_transcription,unclear_from_metadata,see_keywords:persulfidation,unclear,unclear,Homo sapiens (human),,unclear,yes,open_deposition,PXD038309,36732619,,,2023,Affinity purification coupled with mass spectrometry proteomics,pride_keyword:persulfidation,,0,
pride:PXD039852,pride_project_metadata,metadata_transcription,unclear_from_metadata,see_keywords:persulfidation,unclear,unclear,Phaseolus vulgaris (kidney bean) (french bean),,unclear,yes,open_deposition,PXD039852,37952184,,,2024,SWATH MS,pride_keyword:persulfidation,,0,
pride:PXD039999,pride_project_metadata,metadata_transcription,unclear_from_metadata,see_keywords:persulfidation,unclear,unclear,Arabidopsis thaliana (mouse-ear cress),,unclear,yes,open_deposition,PXD039999,37148339,,,2023,Shotgun proteomics,pride_keyword:persulfidation,,0,
pride:PXD041310,pride_project_metadata,metadata_transcription,unclear_from_metadata,see_keywords:persulfidation,unclear,unclear,Mus musculus (mouse),,unclear,yes,open_deposition,PXD041310,,,,2024,Shotgun proteomics,pride_keyword:persulfidation,,0,
pride:PXD044043,pride_project_metadata,metadata_transcription,unclear_from_metadata,see_keywords:persulfidation,unclear,unclear,Mus musculus (mouse),,unclear,yes,open_deposition,PXD044043,38574432,,,2024,Gel-based experiment,pride_keyword:persulfidation,,0,
pride:PXD045785,pride_project_metadata,metadata_transcription,unclear_from_metadata,see_keywords:persulfidation,unclear,unclear,Mus musculus;Mus musculus (mouse),,unclear,yes,open_deposition,PXD045785,,,,2026,Shotgun proteomics,pride_keyword:persulfidation,,0,
pride:PXD045806,pride_project_metadata,metadata_transcription,unclear_from_metadata,see_keywords:persulfidation,unclear,unclear,Mus musculus;Mus musculus (mouse),,unclear,yes,open_deposition,PXD045806,,,,2026,Shotgun proteomics,pride_keyword:persulfidation,,0,
pride:PXD045820,pride_project_metadata,metadata_transcription,unclear_from_metadata,see_keywords:persulfidation,unclear,unclear,Mus musculus (mouse),,unclear,yes,open_deposition,PXD045820,,,,2026,Shotgun proteomics,pride_keyword:persulfidation,,0,
pride:PXD045896,pride_project_metadata,metadata_transcription,unclear_from_metadata,see_keywords:persulfidation,unclear,unclear,Mus musculus (mouse),,unclear,yes,open_deposition,PXD045896,,,,2025,Shotgun proteomics,pride_keyword:persulfidation,,0,
pride:PXD047338,pride_project_metadata,metadata_transcription,unclear_from_metadata,see_keywords:persulfidation,unclear,unclear,Homo sapiens (human),,unclear,yes,open_deposition,PXD047338,42235802,,,2026,Bottom-up proteomics,pride_keyword:persulfidation,,0,
pride:PXD048079,pride_project_metadata,metadata_transcription,unclear_from_metadata,see_keywords:persulfidation,unclear,unclear,Mus musculus (mouse),,unclear,yes,open_deposition,PXD048079,38558215,,,2024,Bottom-up proteomics,pride_keyword:persulfidation,,0,
pride:PXD049417,pride_project_metadata,metadata_transcription,unclear_from_metadata,see_keywords:persulfidation,unclear,unclear,Mus musculus (mouse),,unclear,yes,open_deposition,PXD049417,38843767,,,2024,Bottom-up proteomics;Data-dependent acquisition,pride_keyword:persulfidation,,0,
pride:PXD051587,pride_project_metadata,metadata_transcription,unclear_from_metadata,see_keywords:persulfidation,unclear,unclear,Caenorhabditis elegans,,unclear,yes,open_deposition,PXD051587,,,,2025,Bottom-up proteomics,pride_keyword:persulfidation,,0,
pride:PXD051609,pride_project_metadata,metadata_transcription,unclear_from_metadata,see_keywords:persulfidation,unclear,unclear,Mus musculus (mouse),,unclear,yes,open_deposition,PXD051609,,,,2025,Bottom-up proteomics,pride_keyword:persulfidation,,0,
pride:PXD057932,pride_project_metadata,metadata_transcription,unclear_from_metadata,see_keywords:persulfidation,unclear,unclear,Mus musculus (mouse),,unclear,yes,open_deposition,PXD057932,,,,2025,Bottom-up proteomics;Data-dependent acquisition,pride_keyword:persulfidation,,0,
pride:PXD058611,pride_project_metadata,metadata_transcription,unclear_from_metadata,see_keywords:persulfidation,unclear,unclear,Mus musculus (mouse),,unclear,yes,open_deposition,PXD058611,,,,2025,Affinity purification coupled with mass spectrometry proteomics,pride_keyword:persulfidation,,0,
pride:PXD061767,pride_project_metadata,metadata_transcription,unclear_from_metadata,see_keywords:persulfidation,unclear,unclear,Arabidopsis thaliana (mouse-ear cress),,unclear,yes,open_deposition,PXD061767,40220625,,,2025,Bottom-up proteomics,pride_keyword:persulfidation,,0,
pride:PXD066952,pride_project_metadata,metadata_transcription,unclear_from_metadata,see_keywords:persulfidation,unclear,unclear,Mus musculus (mouse),,unclear,yes,open_deposition,PXD066952,40889425,,,2025,Bottom-up proteomics;Data-dependent acquisition,pride_keyword:persulfidation,,0,
pride:PXD071015,pride_project_metadata,metadata_transcription,unclear_from_metadata,see_keywords:persulfidation,unclear,unclear,Homo sapiens (human),,unclear,yes,open_deposition,PXD071015,41344157,,,2025,Data-dependent acquisition;Top-down proteomics,pride_keyword:persulfidation,,0,
pride:PXD072035,pride_project_metadata,metadata_transcription,unclear_from_metadata,see_keywords:persulfidation,unclear,unclear,Oryza sativa (rice),,unclear,yes,open_deposition,PXD072035,,,,2026,Data-independent acquisition,pride_keyword:persulfidation,,0,
pride:PXD072089,pride_project_metadata,metadata_transcription,unclear_from_metadata,see_keywords:persulfidation,unclear,unclear,Oryza sativa (rice),,unclear,yes,open_deposition,PXD072089,,,,2026,Affinity purification coupled with mass spectrometry proteomics,pride_keyword:persulfidation,,0,
pride:PXD072300,pride_project_metadata,metadata_transcription,unclear_from_metadata,see_keywords:persulfidation,unclear,unclear,Escherichia coli,,unclear,yes,open_deposition,PXD072300,,,,2026,Bottom-up proteomics;Gel-based experiment,pride_keyword:persulfidation,,0,
pride:PXD076106,pride_project_metadata,metadata_transcription,unclear_from_metadata,see_keywords:persulfidation,unclear,unclear,Homo sapiens (human),,unclear,yes,open_deposition,PXD076106,,,,2026,Bottom-up proteomics,pride_keyword:persulfidation,,0,
pride:PXD005168,pride_project_metadata,metadata_transcription,unclear_from_metadata,see_keywords:S-sulfhydration,unclear,unclear,Arabidopsis thaliana (mouse-ear cress),,unclear,yes,open_deposition,PXD005168,28992305,,,2017,Shotgun proteomics,pride_keyword:S-sulfhydration,,0,
pride:PXD006140,pride_project_metadata,metadata_transcription,unclear_from_metadata,see_keywords:S-sulfhydration,unclear,unclear,Arabidopsis thaliana (mouse-ear cress),,unclear,yes,open_deposition,PXD006140,28992305,,,2018,Shotgun proteomics,pride_keyword:S-sulfhydration,,0,
pride:PXD009010,pride_project_metadata,metadata_transcription,unclear_from_metadata,see_keywords:S-sulfhydration,unclear,unclear,Mus musculus (mouse),,unclear,yes,open_deposition,PXD009010,30141211,,,2018,Shotgun proteomics,pride_keyword:S-sulfhydration,,0,
pride:PXD011525,pride_project_metadata,metadata_transcription,unclear_from_metadata,see_keywords:S-sulfhydration,unclear,unclear,Homo sapiens (human);Mus musculus (mouse),,unclear,yes,open_deposition,PXD011525,31792197,,,2019,Shotgun proteomics,pride_keyword:S-sulfhydration,,0,
pride:PXD015307,pride_project_metadata,metadata_transcription,unclear_from_metadata,see_keywords:S-sulfhydration,unclear,unclear,Homo sapiens (human);Mus musculus (mouse);Rattus norvegicus (rat),,unclear,yes,open_deposition,PXD015307,32132231,,,2020,Gel-based experiment;Shotgun proteomics,pride_keyword:S-sulfhydration,,0,
pride:PXD023685,pride_project_metadata,metadata_transcription,unclear_from_metadata,see_keywords:S-sulfhydration,unclear,unclear,Homo sapiens (human),,unclear,yes,open_deposition,PXD023685,,,,2021,Top-down proteomics,pride_keyword:S-sulfhydration,,0,
pride:PXD025902,pride_project_metadata,metadata_transcription,unclear_from_metadata,see_keywords:S-sulfhydration,unclear,unclear,Mus musculus (mouse),,unclear,yes,open_deposition,PXD025902,,,,2021,Top-down proteomics,pride_keyword:S-sulfhydration,,0,
pride:PXD063170,pride_project_metadata,metadata_transcription,unclear_from_metadata,see_keywords:S-sulfhydration,unclear,unclear,Oryza sativa (rice),,unclear,yes,open_deposition,PXD063170,,,,2025,Bottom-up proteomics,pride_keyword:S-sulfhydration,,0,
pride:PXD066952,pride_project_metadata,metadata_transcription,unclear_from_metadata,see_keywords:S-sulfhydration,unclear,unclear,Mus musculus (mouse),,unclear,yes,open_deposition,PXD066952,40889425,,,2025,Bottom-up proteomics;Data-dependent acquisition,pride_keyword:S-sulfhydration,,0,
pride:PXD002741,pride_project_metadata,metadata_transcription,unclear_from_metadata,see_keywords:persulfide,unclear,unclear,Mus musculus (mouse),,unclear,yes,open_deposition,PXD002741,26867521,,,2016,Shotgun proteomics,pride_keyword:persulfide,,0,
pride:PXD002742,pride_project_metadata,metadata_transcription,unclear_from_metadata,see_keywords:persulfide,unclear,unclear,Mus musculus (mouse),,unclear,yes,open_deposition,PXD002742,26867521,,,2016,Shotgun proteomics,pride_keyword:persulfide,,0,
pride:PXD009880,pride_project_metadata,metadata_transcription,unclear_from_metadata,see_keywords:persulfide,unclear,unclear,Homo sapiens (human),,unclear,yes,open_deposition,PXD009880,30391543,,,2018,Shotgun proteomics,pride_keyword:persulfide,,0,
pride:PXD011591,pride_project_metadata,metadata_transcription,unclear_from_metadata,see_keywords:persulfide,unclear,unclear,Rhodobacter capsulatus,,unclear,yes,open_deposition,PXD011591,30918498,,,2019,Shotgun proteomics,pride_keyword:persulfide,,0,
pride:PXD011992,pride_project_metadata,metadata_transcription,unclear_from_metadata,see_keywords:persulfide,unclear,unclear,Methylophaga thiooxydans dms010,,unclear,yes,open_deposition,PXD011992,31191477,,,2019,Shotgun proteomics,pride_keyword:persulfide,,0,
pride:PXD015307,pride_project_metadata,metadata_transcription,unclear_from_metadata,see_keywords:persulfide,unclear,unclear,Homo sapiens (human);Mus musculus (mouse);Rattus norvegicus (rat),,unclear,yes,open_deposition,PXD015307,32132231,,,2020,Gel-based experiment;Shotgun proteomics,pride_keyword:persulfide,,0,
pride:PXD017144,pride_project_metadata,metadata_transcription,unclear_from_metadata,see_keywords:persulfide,unclear,unclear,Homo sapiens (human),,unclear,yes,open_deposition,PXD017144,32041780,,,2020,Gel-based experiment,pride_keyword:persulfide,,0,
pride:PXD029519,pride_project_metadata,metadata_transcription,unclear_from_metadata,see_keywords:persulfide,unclear,unclear,Escherichia coli;Saccharomyces cerevisiae (baker's yeast),,unclear,yes,open_deposition,PXD029519,35026224,,,2022,Gel-based experiment,pride_keyword:persulfide,,0,
pride:PXD041310,pride_project_metadata,metadata_transcription,unclear_from_metadata,see_keywords:persulfide,unclear,unclear,Mus musculus (mouse),,unclear,yes,open_deposition,PXD041310,,,,2024,Shotgun proteomics,pride_keyword:persulfide,,0,
pride:PXD044043,pride_project_metadata,metadata_transcription,unclear_from_metadata,see_keywords:persulfide,unclear,unclear,Mus musculus (mouse),,unclear,yes,open_deposition,PXD044043,38574432,,,2024,Gel-based experiment,pride_keyword:persulfide,,0,
pride:PXD044925,pride_project_metadata,metadata_transcription,unclear_from_metadata,see_keywords:persulfide,unclear,unclear,Homo sapiens (human),,unclear,yes,open_deposition,PXD044925,,,,2024,Shotgun proteomics,pride_keyword:persulfide,,0,
pride:PXD051587,pride_project_metadata,metadata_transcription,unclear_from_metadata,see_keywords:persulfide,unclear,unclear,Caenorhabditis elegans,,unclear,yes,open_deposition,PXD051587,,,,2025,Bottom-up proteomics,pride_keyword:persulfide,,0,
pride:PXD061767,pride_project_metadata,metadata_transcription,unclear_from_metadata,see_keywords:persulfide,unclear,unclear,Arabidopsis thaliana (mouse-ear cress),,unclear,yes,open_deposition,PXD061767,40220625,,,2025,Bottom-up proteomics,pride_keyword:persulfide,,0,
pride:PXD066952,pride_project_metadata,metadata_transcription,unclear_from_metadata,see_keywords:persulfide,unclear,unclear,Mus musculus (mouse),,unclear,yes,open_deposition,PXD066952,40889425,,,2025,Bottom-up proteomics;Data-dependent acquisition,pride_keyword:persulfide,,0,
pride:PXD072089,pride_project_metadata,metadata_transcription,unclear_from_metadata,see_keywords:persulfide,unclear,unclear,Oryza sativa (rice),,unclear,yes,open_deposition,PXD072089,,,,2026,Affinity purification coupled with mass spectrometry proteomics,pride_keyword:persulfide,,0,
pride:PXD072300,pride_project_metadata,metadata_transcription,unclear_from_metadata,see_keywords:persulfide,unclear,unclear,Escherichia coli,,unclear,yes,open_deposition,PXD072300,,,,2026,Bottom-up proteomics;Gel-based experiment,pride_keyword:persulfide,,0,
pride:PRD000410,pride_project_metadata,metadata_transcription,unclear_from_metadata,see_keywords:S-nitrosylation,unclear,unclear,Homo sapiens (human),,unclear,yes,open_deposition,PRD000410,22126794,,,2012,Bottom-up proteomics,pride_keyword:S-nitrosylation,,0,
pride:PRD000411,pride_project_metadata,metadata_transcription,unclear_from_metadata,see_keywords:S-nitrosylation,unclear,unclear,Homo sapiens (human),,unclear,yes,open_deposition,PRD000411,22126794,,,2012,Bottom-up proteomics,pride_keyword:S-nitrosylation,,0,
pride:PXD000274,pride_project_metadata,metadata_transcription,unclear_from_metadata,see_keywords:S-nitrosylation,unclear,unclear,Rattus norvegicus (rat),,unclear,yes,open_deposition,PXD000274,24152285,,,2016,Bottom-up proteomics,pride_keyword:S-nitrosylation,,0,
pride:PXD000467,pride_project_metadata,metadata_transcription,unclear_from_metadata,see_keywords:S-nitrosylation,unclear,unclear,Homo sapiens (human),,unclear,yes,open_deposition,PXD000467,25040305,,,2014,Bottom-up proteomics,pride_keyword:S-nitrosylation,,0,
pride:PXD000569,pride_project_metadata,metadata_transcription,unclear_from_metadata,see_keywords:S-nitrosylation,unclear,unclear,Chlamydomonas reinhardtii,,unclear,yes,open_deposition,PXD000569,24328795,,,2013,Bottom-up proteomics,pride_keyword:S-nitrosylation,,0,
pride:PXD000741,pride_project_metadata,metadata_transcription,unclear_from_metadata,see_keywords:S-nitrosylation,unclear,unclear,Homo sapiens (human),,unclear,yes,open_deposition,PXD000741,26338901,,,2016,Shotgun proteomics,pride_keyword:S-nitrosylation,,0,
pride:PXD001001,pride_project_metadata,metadata_transcription,unclear_from_metadata,see_keywords:S-nitrosylation,unclear,unclear,Homo sapiens (human);Mus musculus (mouse),,unclear,yes,open_deposition,PXD001001,24973421,,,2014,Affinity purification coupled with mass spectrometry proteomics,pride_keyword:S-nitrosylation,,0,
pride:PXD002396,pride_project_metadata,metadata_transcription,unclear_from_metadata,see_keywords:S-nitrosylation,unclear,unclear,Arabidopsis thaliana (mouse-ear cress),,unclear,yes,open_deposition,PXD002396,26329583,,,2015,Affinity purification coupled with mass spectrometry proteomics,pride_keyword:S-nitrosylation,,0,
pride:PXD002813,pride_project_metadata,metadata_transcription,unclear_from_metadata,see_keywords:S-nitrosylation,unclear,unclear,Homo sapiens (human),,unclear,yes,open_deposition,PXD002813,26392294,,,2015,Shotgun proteomics,pride_keyword:S-nitrosylation,,0,
pride:PXD003354,pride_project_metadata,metadata_transcription,unclear_from_metadata,see_keywords:S-nitrosylation,unclear,unclear,Homo sapiens (human),,unclear,yes,open_deposition,PXD003354,27690452,,,2016,Affinity purification coupled with mass spectrometry proteomics,pride_keyword:S-nitrosylation,,0,
pride:PXD003587,pride_project_metadata,metadata_transcription,unclear_from_metadata,see_keywords:S-nitrosylation,unclear,unclear,Homo sapiens (human),,unclear,yes,open_deposition,PXD003587,30090399,,,2018,Shotgun proteomics,pride_keyword:S-nitrosylation,,0,
pride:PXD003802,pride_project_metadata,metadata_transcription,unclear_from_metadata,see_keywords:S-nitrosylation,unclear,unclear,Mus musculus (mouse),,unclear,yes,open_deposition,PXD003802,27035958,,,2016,Shotgun proteomics,pride_keyword:S-nitrosylation,,0,
pride:PXD006907,pride_project_metadata,metadata_transcription,unclear_from_metadata,see_keywords:S-nitrosylation,unclear,unclear,Mus musculus (mouse),,unclear,yes,open_deposition,PXD006907,29988084,,,2018,Shotgun proteomics,pride_keyword:S-nitrosylation,,0,
pride:PXD008182,pride_project_metadata,metadata_transcription,unclear_from_metadata,see_keywords:S-nitrosylation,unclear,unclear,Mus musculus (mouse),,unclear,yes,open_deposition,PXD008182,29338241,,,2022,Shotgun proteomics,pride_keyword:S-nitrosylation,,0,
pride:PXD009071,pride_project_metadata,metadata_transcription,unclear_from_metadata,see_keywords:S-nitrosylation,unclear,unclear,Rattus norvegicus (rat),,unclear,yes,open_deposition,PXD009071,29970601,,,2018,Shotgun proteomics,pride_keyword:S-nitrosylation,,0,
pride:PXD010106,pride_project_metadata,metadata_transcription,unclear_from_metadata,see_keywords:S-nitrosylation,unclear,unclear,Mus musculus (mouse),,unclear,yes,open_deposition,PXD010106,30696811,,,2019,Shotgun proteomics,pride_keyword:S-nitrosylation,,0,
pride:PXD010430,pride_project_metadata,metadata_transcription,unclear_from_metadata,see_keywords:S-nitrosylation,unclear,unclear,Mus musculus (mouse),,unclear,yes,open_deposition,PXD010430,30254268,,,2018,Shotgun proteomics,pride_keyword:S-nitrosylation,,0,
pride:PXD010457,pride_project_metadata,metadata_transcription,unclear_from_metadata,see_keywords:S-nitrosylation,unclear,unclear,Capsicum annuum,,unclear,yes,open_deposition,PXD010457,35453450,,,2022,Shotgun proteomics,pride_keyword:S-nitrosylation,,0,
pride:PXD010538,pride_project_metadata,metadata_transcription,unclear_from_metadata,see_keywords:S-nitrosylation,unclear,unclear,Homo sapiens (human),,unclear,yes,open_deposition,PXD010538,30368041,,,2018,Shotgun proteomics,pride_keyword:S-nitrosylation,,0,
pride:PXD010822,pride_project_metadata,metadata_transcription,unclear_from_metadata,see_keywords:S-nitrosylation,unclear,unclear,Mus musculus (mouse),,unclear,yes,open_deposition,PXD010822,31311849,,,2019,Shotgun proteomics,pride_keyword:S-nitrosylation,,0,
pride:PXD011131,pride_project_metadata,metadata_transcription,unclear_from_metadata,see_keywords:S-nitrosylation,unclear,unclear,Homo sapiens (human),,unclear,yes,open_deposition,PXD011131,31097712,,,2019,Shotgun proteomics,pride_keyword:S-nitrosylation,,0,
pride:PXD011525,pride_project_metadata,metadata_transcription,unclear_from_metadata,see_keywords:S-nitrosylation,unclear,unclear,Homo sapiens (human);Mus musculus (mouse),,unclear,yes,open_deposition,PXD011525,31792197,,,2019,Shotgun proteomics,pride_keyword:S-nitrosylation,,0,
pride:PXD011880,pride_project_metadata,metadata_transcription,unclear_from_metadata,see_keywords:S-nitrosylation,unclear,unclear,Mus musculus (mouse),,unclear,yes,open_deposition,PXD011880,,,,2018,Affinity purification coupled with mass spectrometry proteomics,pride_keyword:S-nitrosylation,,0,
pride:PXD012320,pride_project_metadata,metadata_transcription,unclear_from_metadata,see_keywords:S-nitrosylation,unclear,unclear,Escherichia coli,,unclear,yes,open_deposition,PXD012320,31641084,,,2019,Shotgun proteomics,pride_keyword:S-nitrosylation,,0,
pride:PXD012443,pride_project_metadata,metadata_transcription,unclear_from_metadata,see_keywords:S-nitrosylation,unclear,unclear,Camellia sinensis,,unclear,yes,open_deposition,PXD012443,31772286,,,2020,Shotgun proteomics,pride_keyword:S-nitrosylation,,0,
pride:PXD012485,pride_project_metadata,metadata_transcription,unclear_from_metadata,see_keywords:S-nitrosylation,unclear,unclear,Homo sapiens (human),,unclear,yes,open_deposition,PXD012485,31097712,,,2019,Shotgun proteomics,pride_keyword:S-nitrosylation,,0,
pride:PXD012512,pride_project_metadata,metadata_transcription,unclear_from_metadata,see_keywords:S-nitrosylation,unclear,unclear,Homo sapiens (human),,unclear,yes,open_deposition,PXD012512,31801946,,,2020,Affinity purification coupled with mass spectrometry proteomics,pride_keyword:S-nitrosylation,,0,
pride:PXD012691,pride_project_metadata,metadata_transcription,unclear_from_metadata,see_keywords:S-nitrosylation,unclear,unclear,Mus musculus (mouse),,unclear,yes,open_deposition,PXD012691,32486366,,,2021,Shotgun proteomics,pride_keyword:S-nitrosylation,,0,
pride:PXD012706,pride_project_metadata,metadata_transcription,unclear_from_metadata,see_keywords:S-nitrosylation,unclear,unclear,Mus musculus (mouse),,unclear,yes,open_deposition,PXD012706,35191317,,,2022,Shotgun proteomics,pride_keyword:S-nitrosylation,,0,
pride:PXD013640,pride_project_metadata,metadata_transcription,unclear_from_metadata,see_keywords:S-nitrosylation,unclear,unclear,Homo sapiens (human),,unclear,yes,open_deposition,PXD013640,32487458,,,2020,Shotgun proteomics,pride_keyword:S-nitrosylation,,0,
pride:PXD018275,pride_project_metadata,metadata_transcription,unclear_from_metadata,see_keywords:S-nitrosylation,unclear,unclear,Trypanosoma cruzi,,unclear,yes,open_deposition,PXD018275,33096306,,,2020,Shotgun proteomics,pride_keyword:S-nitrosylation,,0,
pride:PXD018775,pride_project_metadata,metadata_transcription,unclear_from_metadata,see_keywords:S-nitrosylation,unclear,unclear,Paracoccidioides brasiliensis (strain pb18),,unclear,yes,open_deposition,PXD018775,32582109,,,2020,Shotgun proteomics,pride_keyword:S-nitrosylation,,0,
pride:PXD019208,pride_project_metadata,metadata_transcription,unclear_from_metadata,see_keywords:S-nitrosylation,unclear,unclear,Homo sapiens (human),,unclear,yes,open_deposition,PXD019208,32581105,,,2020,Shotgun proteomics,pride_keyword:S-nitrosylation,,0,
pride:PXD020249,pride_project_metadata,metadata_transcription,unclear_from_metadata,see_keywords:S-nitrosylation,unclear,unclear,Escherichia coli,,unclear,yes,open_deposition,PXD020249,33850153,,,2021,Shotgun proteomics,pride_keyword:S-nitrosylation,,0,
pride:PXD020945,pride_project_metadata,metadata_transcription,unclear_from_metadata,see_keywords:S-nitrosylation,unclear,unclear,Homo sapiens (human),,unclear,yes,open_deposition,PXD020945,36516243,,,2023,Top-down proteomics,pride_keyword:S-nitrosylation,,0,
pride:PXD021574,pride_project_metadata,metadata_transcription,unclear_from_metadata,see_keywords:S-nitrosylation,unclear,unclear,Bos taurus (bovine);Escherichia coli,,unclear,yes,open_deposition,PXD021574,33149120,,,2020,Shotgun proteomics,pride_keyword:S-nitrosylation,,0,
pride:PXD023515,pride_project_metadata,metadata_transcription,unclear_from_metadata,see_keywords:S-nitrosylation,unclear,unclear,Rattus norvegicus (rat),,unclear,yes,open_deposition,PXD023515,,,,2022,Shotgun proteomics,pride_keyword:S-nitrosylation,,0,
pride:PXD025295,pride_project_metadata,metadata_transcription,unclear_from_metadata,see_keywords:S-nitrosylation,unclear,unclear,Homo sapiens (human),,unclear,yes,open_deposition,PXD025295,,,,2021,Shotgun proteomics,pride_keyword:S-nitrosylation,,0,
pride:PXD031615,pride_project_metadata,metadata_transcription,unclear_from_metadata,see_keywords:S-nitrosylation,unclear,unclear,Bacteria;Vibrio cholerae serotype o1 (strain atcc 39315 / el tor inaba n16961),,unclear,yes,open_deposition,PXD031615,,,,2022,Affinity purification coupled with mass spectrometry proteomics,pride_keyword:S-nitrosylation,,0,
pride:PXD031807,pride_project_metadata,metadata_transcription,unclear_from_metadata,see_keywords:S-nitrosylation,unclear,unclear,Homo sapiens (human),,unclear,yes,open_deposition,PXD031807,40650288,,,2025,Gel-based experiment,pride_keyword:S-nitrosylation,,0,
pride:PXD033105,pride_project_metadata,metadata_transcription,unclear_from_metadata,see_keywords:S-nitrosylation,unclear,unclear,Mus musculus (mouse);Rattus norvegicus (rat),,unclear,yes,open_deposition,PXD033105,35961098,,,2022,Shotgun proteomics,pride_keyword:S-nitrosylation,,0,
pride:PXD036703,pride_project_metadata,metadata_transcription,unclear_from_metadata,see_keywords:S-nitrosylation,unclear,unclear,Homo sapiens (human),,unclear,yes,open_deposition,PXD036703,37478858,,,2024,Top-down proteomics,pride_keyword:S-nitrosylation,,0,
pride:PXD036797,pride_project_metadata,metadata_transcription,unclear_from_metadata,see_keywords:S-nitrosylation,unclear,unclear,Homo sapiens (human),,unclear,yes,open_deposition,PXD036797,37478858,,,2024,Shotgun proteomics,pride_keyword:S-nitrosylation,,0,
pride:PXD037504,pride_project_metadata,metadata_transcription,unclear_from_metadata,see_keywords:S-nitrosylation,unclear,unclear,Arabidopsis thaliana (mouse-ear cress),,unclear,yes,open_deposition,PXD037504,,,,2023,Shotgun proteomics,pride_keyword:S-nitrosylation,,0,
pride:PXD039437,pride_project_metadata,metadata_transcription,unclear_from_metadata,see_keywords:S-nitrosylation,unclear,unclear,Homo sapiens (human),,unclear,yes,open_deposition,PXD039437,36739439,,,2023,Affinity purification coupled with mass spectrometry proteomics,pride_keyword:S-nitrosylation,,0,
pride:PXD040633,pride_project_metadata,metadata_transcription,unclear_from_metadata,see_keywords:S-nitrosylation,unclear,unclear,Homo sapiens (human),,unclear,yes,open_deposition,PXD040633,37053107,,,2023,Shotgun proteomics,pride_keyword:S-nitrosylation,,0,
pride:PXD040726,pride_project_metadata,metadata_transcription,unclear_from_metadata,see_keywords:S-nitrosylation,unclear,unclear,Homo sapiens (human),,unclear,yes,open_deposition,PXD040726,37053107,,,2023,Shotgun proteomics,pride_keyword:S-nitrosylation,,0,
pride:PXD042436,pride_project_metadata,metadata_transcription,unclear_from_metadata,see_keywords:S-nitrosylation,unclear,unclear,Homo sapiens (human),,unclear,yes,open_deposition,PXD042436,38235614,,,2024,Shotgun proteomics,pride_keyword:S-nitrosylation,,0,
pride:PXD044484,pride_project_metadata,metadata_transcription,unclear_from_metadata,see_keywords:S-nitrosylation,unclear,unclear,Triticum aestivum (wheat),,unclear,yes,open_deposition,PXD044484,,,,2023,Gel-based experiment;Shotgun proteomics,pride_keyword:S-nitrosylation,,0,
pride:PXD046083,pride_project_metadata,metadata_transcription,unclear_from_metadata,see_keywords:S-nitrosylation,unclear,unclear,Toxoplasma gondii,,unclear,yes,open_deposition,PXD046083,37959749,,,2024,Shotgun proteomics,pride_keyword:S-nitrosylation,,0,
pride:PXD048872,pride_project_metadata,metadata_transcription,unclear_from_metadata,see_keywords:S-nitrosylation,unclear,unclear,Arabidopsis thaliana (mouse-ear cress),,unclear,yes,open_deposition,PXD048872,,,,2024,Affinity purification coupled with mass spectrometry proteomics,pride_keyword:S-nitrosylation,,0,
pride:PXD050209,pride_project_metadata,metadata_transcription,unclear_from_metadata,see_keywords:S-nitrosylation,unclear,unclear,Homo sapiens (human),,unclear,yes,open_deposition,PXD050209,,,,2025,Data-dependent acquisition,pride_keyword:S-nitrosylation,,0,
pride:PXD051074,pride_project_metadata,metadata_transcription,unclear_from_metadata,see_keywords:S-nitrosylation,unclear,unclear,Homo sapiens (human),,unclear,yes,open_deposition,PXD051074,,,,2024,Data-independent acquisition,pride_keyword:S-nitrosylation,,0,
pride:PXD053923,pride_project_metadata,metadata_transcription,unclear_from_metadata,see_keywords:S-nitrosylation,unclear,unclear,Homo sapiens (human),,unclear,yes,open_deposition,PXD053923,39504958,,,2025,Data-dependent acquisition,pride_keyword:S-nitrosylation,,0,
pride:PXD055278,pride_project_metadata,metadata_transcription,unclear_from_metadata,see_keywords:S-nitrosylation,unclear,unclear,Arabidopsis thaliana (mouse-ear cress),,unclear,yes,open_deposition,PXD055278,,,,2025,Data-dependent acquisition,pride_keyword:S-nitrosylation,,0,
pride:PXD056815,pride_project_metadata,metadata_transcription,unclear_from_metadata,see_keywords:S-nitrosylation,unclear,unclear,'solanum lycopersicum' phytoplasma,,unclear,yes,open_deposition,PXD056815,39928568,,,2025,Data-dependent acquisition;Top-down proteomics,pride_keyword:S-nitrosylation,,0,
pride:PXD059677,pride_project_metadata,metadata_transcription,unclear_from_metadata,see_keywords:S-nitrosylation,unclear,unclear,Oryza sativa (rice),,unclear,yes,open_deposition,PXD059677,40976710,,,2025,Data-dependent acquisition,pride_keyword:S-nitrosylation,,0,
pride:PXD060476,pride_project_metadata,metadata_transcription,unclear_from_metadata,see_keywords:S-nitrosylation,unclear,unclear,Homo sapiens (human),,unclear,yes,open_deposition,PXD060476,42167237,,,2026,Bottom-up proteomics,pride_keyword:S-nitrosylation,,0,
pride:PXD060478,pride_project_metadata,metadata_transcription,unclear_from_metadata,see_keywords:S-nitrosylation,unclear,unclear,Homo sapiens (human),,unclear,yes,open_deposition,PXD060478,42167237,,,2026,Bottom-up proteomics,pride_keyword:S-nitrosylation,,0,
pride:PXD061250,pride_project_metadata,metadata_transcription,unclear_from_metadata,see_keywords:S-nitrosylation,unclear,unclear,Mus musculus (mouse),,unclear,yes,open_deposition,PXD061250,42579926,,,2026,Bottom-up proteomics,pride_keyword:S-nitrosylation,,0,
pride:PXD069158,pride_project_metadata,metadata_transcription,unclear_from_metadata,see_keywords:S-nitrosylation,unclear,unclear,Homo sapiens (human),,unclear,yes,open_deposition,PXD069158,,,,2026,Data-independent acquisition,pride_keyword:S-nitrosylation,,0,
pride:PXD070144,pride_project_metadata,metadata_transcription,unclear_from_metadata,see_keywords:S-nitrosylation,unclear,unclear,Rattus norvegicus (rat),,unclear,yes,open_deposition,PXD070144,41339351,,,2026,Bottom-up proteomics,pride_keyword:S-nitrosylation,,0,
pride:PXD070295,pride_project_metadata,metadata_transcription,unclear_from_metadata,see_keywords:S-nitrosylation,unclear,unclear,Rattus norvegicus (rat),,unclear,yes,open_deposition,PXD070295,41339351,,,2026,Bottom-up proteomics,pride_keyword:S-nitrosylation,,0,
pride:PXD075167,pride_project_metadata,metadata_transcription,unclear_from_metadata,see_keywords:S-nitrosylation,unclear,unclear,Mus musculus (mouse),,unclear,yes,open_deposition,PXD075167,42085863,,,2026,Top-down proteomics,pride_keyword:S-nitrosylation,,0,
pride:PXD075362,pride_project_metadata,metadata_transcription,unclear_from_metadata,see_keywords:S-nitrosylation,unclear,unclear,Mus musculus (mouse),,unclear,yes,open_deposition,PXD075362,42600395,,,2026,Data-independent acquisition,pride_keyword:S-nitrosylation,,0,
pride:PXD080543,pride_project_metadata,metadata_transcription,unclear_from_metadata,see_keywords:S-nitrosylation,unclear,unclear,Homo sapiens (human),,unclear,yes,open_deposition,PXD080543,,,,2026,Bottom-up proteomics;Data-dependent acquisition,pride_keyword:S-nitrosylation,,0,
pride:PRD000825,pride_project_metadata,metadata_transcription,unclear_from_metadata,see_keywords:S-nitrosation,unclear,unclear,Rattus norvegicus (rat),,unclear,yes,open_deposition,PRD000825,21036925,,,2011,Bottom-up proteomics,pride_keyword:S-nitrosation,,0,
pride:PXD000226,pride_project_metadata,metadata_transcription,unclear_from_metadata,see_keywords:S-nitrosation,unclear,unclear,Homo sapiens (human),,unclear,yes,open_deposition,PXD000226,23948706,,,2014,Bottom-up proteomics,pride_keyword:S-nitrosation,,0,
pride:PXD000741,pride_project_metadata,metadata_transcription,unclear_from_metadata,see_keywords:S-nitrosation,unclear,unclear,Homo sapiens (human),,unclear,yes,open_deposition,PXD000741,26338901,,,2016,Shotgun proteomics,pride_keyword:S-nitrosation,,0,
pride:PXD003802,pride_project_metadata,metadata_transcription,unclear_from_metadata,see_keywords:S-nitrosation,unclear,unclear,Mus musculus (mouse),,unclear,yes,open_deposition,PXD003802,27035958,,,2016,Shotgun proteomics,pride_keyword:S-nitrosation,,0,
pride:PXD010106,pride_project_metadata,metadata_transcription,unclear_from_metadata,see_keywords:S-nitrosation,unclear,unclear,Mus musculus (mouse),,unclear,yes,open_deposition,PXD010106,30696811,,,2019,Shotgun proteomics,pride_keyword:S-nitrosation,,0,
pride:PXD010430,pride_project_metadata,metadata_transcription,unclear_from_metadata,see_keywords:S-nitrosation,unclear,unclear,Mus musculus (mouse),,unclear,yes,open_deposition,PXD010430,30254268,,,2018,Shotgun proteomics,pride_keyword:S-nitrosation,,0,
pride:PXD012691,pride_project_metadata,metadata_transcription,unclear_from_metadata,see_keywords:S-nitrosation,unclear,unclear,Mus musculus (mouse),,unclear,yes,open_deposition,PXD012691,32486366,,,2021,Shotgun proteomics,pride_keyword:S-nitrosation,,0,
pride:PXD013755,pride_project_metadata,metadata_transcription,unclear_from_metadata,see_keywords:S-nitrosation,unclear,unclear,Homo sapiens (human),,unclear,yes,open_deposition,PXD013755,31328803,,,2021,Affinity purification coupled with mass spectrometry proteomics,pride_keyword:S-nitrosation,,0,
pride:PXD025907,pride_project_metadata,metadata_transcription,unclear_from_metadata,see_keywords:S-nitrosation,unclear,unclear,Homo sapiens (human),,unclear,yes,open_deposition,PXD025907,34375384,,,2022,Gel-based experiment,pride_keyword:S-nitrosation,,0,
pride:PXD030054,pride_project_metadata,metadata_transcription,unclear_from_metadata,see_keywords:S-nitrosation,unclear,unclear,Arabidopsis thaliana (mouse-ear cress),,unclear,yes,open_deposition,PXD030054,35185952,,,2022,Gel-based experiment;SRM/MRM,pride_keyword:S-nitrosation,,0,
pride:PXD030071,pride_project_metadata,metadata_transcription,unclear_from_metadata,see_keywords:S-nitrosation,unclear,unclear,Arabidopsis thaliana (mouse-ear cress),,unclear,yes,open_deposition,PXD030071,35222471,,,2022,Shotgun proteomics,pride_keyword:S-nitrosation,,0,
pride:PXD033105,pride_project_metadata,metadata_transcription,unclear_from_metadata,see_keywords:S-nitrosation,unclear,unclear,Mus musculus (mouse);Rattus norvegicus (rat),,unclear,yes,open_deposition,PXD033105,35961098,,,2022,Shotgun proteomics,pride_keyword:S-nitrosation,,0,
pride:PXD033177,pride_project_metadata,metadata_transcription,unclear_from_metadata,see_keywords:S-nitrosation,unclear,unclear,Araucaria angustifolia,,unclear,yes,open_deposition,PXD033177,35845673,,,2022,Shotgun proteomics,pride_keyword:S-nitrosation,,0,
pride:PXD048172,pride_project_metadata,metadata_transcription,unclear_from_metadata,see_keywords:S-nitrosation,unclear,unclear,Homo sapiens (human),,unclear,yes,open_deposition,PXD048172,,,,2024,Bottom-up proteomics,pride_keyword:S-nitrosation,,0,
pride:PXD000226,pride_project_metadata,metadata_transcription,unclear_from_metadata,see_keywords:nitrosoproteome,unclear,unclear,Homo sapiens (human),,unclear,yes,open_deposition,PXD000226,23948706,,,2014,Bottom-up proteomics,pride_keyword:nitrosoproteome,,0,
pride:PXD000467,pride_project_metadata,metadata_transcription,unclear_from_metadata,see_keywords:nitrosoproteome,unclear,unclear,Homo sapiens (human),,unclear,yes,open_deposition,PXD000467,25040305,,,2014,Bottom-up proteomics,pride_keyword:nitrosoproteome,,0,
pride:PXD008182,pride_project_metadata,metadata_transcription,unclear_from_metadata,see_keywords:nitrosoproteome,unclear,unclear,Mus musculus (mouse),,unclear,yes,open_deposition,PXD008182,29338241,,,2022,Shotgun proteomics,pride_keyword:nitrosoproteome,,0,
pride:PXD012512,pride_project_metadata,metadata_transcription,unclear_from_metadata,see_keywords:nitrosoproteome,unclear,unclear,Homo sapiens (human),,unclear,yes,open_deposition,PXD012512,31801946,,,2020,Affinity purification coupled with mass spectrometry proteomics,pride_keyword:nitrosoproteome,,0,
pride:PXD023515,pride_project_metadata,metadata_transcription,unclear_from_metadata,see_keywords:nitrosoproteome,unclear,unclear,Rattus norvegicus (rat),,unclear,yes,open_deposition,PXD023515,,,,2022,Shotgun proteomics,pride_keyword:nitrosoproteome,,0,
pride:PXD036797,pride_project_metadata,metadata_transcription,unclear_from_metadata,see_keywords:nitrosoproteome,unclear,unclear,Homo sapiens (human),,unclear,yes,open_deposition,PXD036797,37478858,,,2024,Shotgun proteomics,pride_keyword:nitrosoproteome,,0,
pride:PXD042436,pride_project_metadata,metadata_transcription,unclear_from_metadata,see_keywords:nitrosoproteome,unclear,unclear,Homo sapiens (human),,unclear,yes,open_deposition,PXD042436,38235614,,,2024,Shotgun proteomics,pride_keyword:nitrosoproteome,,0,
pride:PXD059677,pride_project_metadata,metadata_transcription,unclear_from_metadata,see_keywords:nitrosoproteome,unclear,unclear,Oryza sativa (rice),,unclear,yes,open_deposition,PXD059677,40976710,,,2025,Data-dependent acquisition,pride_keyword:nitrosoproteome,,0,
pride:PXD001562,pride_project_metadata,metadata_transcription,unclear_from_metadata,see_keywords:sulfenylation,unclear,unclear,Arabidopsis thaliana (mouse-ear cress),,unclear,yes,open_deposition,PXD001562,25693797,,,2016,Affinity purification coupled with mass spectrometry proteomics;Gel-based experiment;Shotgun proteomics,pride_keyword:sulfenylation,,0,
pride:PXD003587,pride_project_metadata,metadata_transcription,unclear_from_metadata,see_keywords:sulfenylation,unclear,unclear,Homo sapiens (human),,unclear,yes,open_deposition,PXD003587,30090399,,,2018,Shotgun proteomics,pride_keyword:sulfenylation,,0,
pride:PXD004514,pride_project_metadata,metadata_transcription,unclear_from_metadata,see_keywords:sulfenylation,unclear,unclear,Homo sapiens (human),,unclear,yes,open_deposition,PXD004514,27546612,,,2016,Shotgun proteomics,pride_keyword:sulfenylation,,0,
pride:PXD007913,pride_project_metadata,metadata_transcription,unclear_from_metadata,see_keywords:sulfenylation,unclear,unclear,Homo sapiens (human);Mus musculus (mouse),,unclear,yes,open_deposition,PXD007913,29374135,,,2018,Shotgun proteomics,pride_keyword:sulfenylation,,0,
pride:PXD011525,pride_project_metadata,metadata_transcription,unclear_from_metadata,see_keywords:sulfenylation,unclear,unclear,Homo sapiens (human);Mus musculus (mouse),,unclear,yes,open_deposition,PXD011525,31792197,,,2019,Shotgun proteomics,pride_keyword:sulfenylation,,0,
pride:PXD013495,pride_project_metadata,metadata_transcription,unclear_from_metadata,see_keywords:sulfenylation,unclear,unclear,Arabidopsis thaliana;Arabidopsis thaliana (mouse-ear cress),,unclear,yes,open_deposition,PXD013495,31578252,,,2019,Shotgun proteomics,pride_keyword:sulfenylation,,0,
pride:PXD013588,pride_project_metadata,metadata_transcription,unclear_from_metadata,see_keywords:sulfenylation,unclear,unclear,Arabidopsis thaliana;Arabidopsis thaliana (mouse-ear cress),,unclear,yes,open_deposition,PXD013588,31578252,,,2019,Gel-based experiment,pride_keyword:sulfenylation,,0,
pride:PXD016723,pride_project_metadata,metadata_transcription,unclear_from_metadata,see_keywords:sulfenylation,unclear,unclear,Arabidopsis thaliana (mouse-ear cress),,unclear,yes,open_deposition,PXD016723,32714340,,,2020,Affinity purification coupled with mass spectrometry proteomics;Chemical cross-linking coupled with mass spectrometry proteomics,pride_keyword:sulfenylation,,0,
pride:PXD024609,pride_project_metadata,metadata_transcription,unclear_from_metadata,see_keywords:sulfenylation,unclear,unclear,Gemmatimonas phototrophica,,unclear,yes,open_deposition,PXD024609,35171663,,,2022,Shotgun proteomics,pride_keyword:sulfenylation,,0,
pride:PXD029053,pride_project_metadata,metadata_transcription,unclear_from_metadata,see_keywords:sulfenylation,unclear,unclear,Homo sapiens (human),,unclear,yes,open_deposition,PXD029053,36686772,,,2023,Shotgun proteomics,pride_keyword:sulfenylation,,0,
pride:PXD029715,pride_project_metadata,metadata_transcription,unclear_from_metadata,see_keywords:sulfenylation,unclear,unclear,Bos taurus (bovine);Mus musculus (mouse),,unclear,yes,open_deposition,PXD029715,36511516,,,2023,Gel-based experiment;Shotgun proteomics,pride_keyword:sulfenylation,,0,
pride:PXD030782,pride_project_metadata,metadata_transcription,unclear_from_metadata,see_keywords:sulfenylation,unclear,unclear,Homo sapiens (human),,unclear,yes,open_deposition,PXD030782,,,,2022,Affinity purification coupled with mass spectrometry proteomics,pride_keyword:sulfenylation,,0,
pride:PXD045785,pride_project_metadata,metadata_transcription,unclear_from_metadata,see_keywords:sulfenylation,unclear,unclear,Mus musculus;Mus musculus (mouse),,unclear,yes,open_deposition,PXD045785,,,,2026,Shotgun proteomics,pride_keyword:sulfenylation,,0,
pride:PXD045806,pride_project_metadata,metadata_transcription,unclear_from_metadata,see_keywords:sulfenylation,unclear,unclear,Mus musculus;Mus musculus (mouse),,unclear,yes,open_deposition,PXD045806,,,,2026,Shotgun proteomics,pride_keyword:sulfenylation,,0,
pride:PXD045820,pride_project_metadata,metadata_transcription,unclear_from_metadata,see_keywords:sulfenylation,unclear,unclear,Mus musculus (mouse),,unclear,yes,open_deposition,PXD045820,,,,2026,Shotgun proteomics,pride_keyword:sulfenylation,,0,
pride:PXD056375,pride_project_metadata,metadata_transcription,unclear_from_metadata,see_keywords:sulfenylation,unclear,unclear,Arabidopsis thaliana (mouse-ear cress),,unclear,yes,open_deposition,PXD056375,,,,2025,Data-dependent acquisition,pride_keyword:sulfenylation,,0,
pride:PXD057987,pride_project_metadata,metadata_transcription,unclear_from_metadata,see_keywords:sulfenylation,unclear,unclear,Arabidopsis thaliana (mouse-ear cress),,unclear,yes,open_deposition,PXD057987,39726278,,,2025,Data-dependent acquisition,pride_keyword:sulfenylation,,0,
pride:PXD074422,pride_project_metadata,metadata_transcription,unclear_from_metadata,see_keywords:sulfenylation,unclear,unclear,Dendrobium huoshanense,,unclear,yes,open_deposition,PXD074422,,,,2026,Data-independent acquisition,pride_keyword:sulfenylation,,0,
pride:PXD001562,pride_project_metadata,metadata_transcription,unclear_from_metadata,see_keywords:sulfenic acid,unclear,unclear,Arabidopsis thaliana (mouse-ear cress),,unclear,yes,open_deposition,PXD001562,25693797,,,2016,Affinity purification coupled with mass spectrometry proteomics;Gel-based experiment;Shotgun proteomics,pride_keyword:sulfenic acid,,0,
pride:PXD003348,pride_project_metadata,metadata_transcription,unclear_from_metadata,see_keywords:sulfenic acid,unclear,unclear,Gallus gallus (chicken);Lagomorpha;Mammalia,,unclear,yes,open_deposition,PXD003348,27690452,,,2016,Shotgun proteomics,pride_keyword:sulfenic acid,,0,
pride:PXD003354,pride_project_metadata,metadata_transcription,unclear_from_metadata,see_keywords:sulfenic acid,unclear,unclear,Homo sapiens (human),,unclear,yes,open_deposition,PXD003354,27690452,,,2016,Affinity purification coupled with mass spectrometry proteomics,pride_keyword:sulfenic acid,,0,
pride:PXD003363,pride_project_metadata,metadata_transcription,unclear_from_metadata,see_keywords:sulfenic acid,unclear,unclear,Homo sapiens (human),,unclear,yes,open_deposition,PXD003363,27690452,,,2016,Affinity purification coupled with mass spectrometry proteomics,pride_keyword:sulfenic acid,,0,
pride:PXD003365,pride_project_metadata,metadata_transcription,unclear_from_metadata,see_keywords:sulfenic acid,unclear,unclear,Homo sapiens (human),,unclear,yes,open_deposition,PXD003365,27690452,,,2016,Affinity purification coupled with mass spectrometry proteomics,pride_keyword:sulfenic acid,,0,
pride:PXD004514,pride_project_metadata,metadata_transcription,unclear_from_metadata,see_keywords:sulfenic acid,unclear,unclear,Homo sapiens (human),,unclear,yes,open_deposition,PXD004514,27546612,,,2016,Shotgun proteomics,pride_keyword:sulfenic acid,,0,
pride:PXD004862,pride_project_metadata,metadata_transcription,unclear_from_metadata,see_keywords:sulfenic acid,unclear,unclear,Homo sapiens (human),,unclear,yes,open_deposition,PXD004862,27690452,,,2016,Affinity purification coupled with mass spectrometry proteomics,pride_keyword:sulfenic acid,,0,
pride:PXD007913,pride_project_metadata,metadata_transcription,unclear_from_metadata,see_keywords:sulfenic acid,unclear,unclear,Homo sapiens (human);Mus musculus (mouse),,unclear,yes,open_deposition,PXD007913,29374135,,,2018,Shotgun proteomics,pride_keyword:sulfenic acid,,0,
pride:PXD011861,pride_project_metadata,metadata_transcription,unclear_from_metadata,see_keywords:sulfenic acid,unclear,unclear,Bos taurus (bovine);Candida albicans (yeast);Cicer arietinum (chickpea) (garbanzo);Equus caballus (horse);Escherichia coli;Homo sapiens (human);Oryctolagus cuniculus (rabbit);Streptococcus pyogenes serotype m2,,unclear,yes,open_deposition,PXD011861,30693776,,,2019,Chemical cross-linking coupled with mass spectrometry proteomics;Shotgun proteomics,pride_keyword:sulfenic acid,,0,
pride:PXD012788,pride_project_metadata,metadata_transcription,unclear_from_metadata,see_keywords:sulfenic acid,unclear,unclear,Homo sapiens (human),,unclear,yes,open_deposition,PXD012788,,,,2021,Chemical cross-linking coupled with mass spectrometry proteomics;Shotgun proteomics,pride_keyword:sulfenic acid,,0,
pride:PXD013495,pride_project_metadata,metadata_transcription,unclear_from_metadata,see_keywords:sulfenic acid,unclear,unclear,Arabidopsis thaliana;Arabidopsis thaliana (mouse-ear cress),,unclear,yes,open_deposition,PXD013495,31578252,,,2019,Shotgun proteomics,pride_keyword:sulfenic acid,,0,
pride:PXD013588,pride_project_metadata,metadata_transcription,unclear_from_metadata,see_keywords:sulfenic acid,unclear,unclear,Arabidopsis thaliana;Arabidopsis thaliana (mouse-ear cress),,unclear,yes,open_deposition,PXD013588,31578252,,,2019,Gel-based experiment,pride_keyword:sulfenic acid,,0,
pride:PXD014673,pride_project_metadata,metadata_transcription,unclear_from_metadata,see_keywords:sulfenic acid,unclear,unclear,Homo sapiens (human),,unclear,yes,open_deposition,PXD014673,,,,2020,Chemical cross-linking coupled with mass spectrometry proteomics,pride_keyword:sulfenic acid,,0,
pride:PXD014897,pride_project_metadata,metadata_transcription,unclear_from_metadata,see_keywords:sulfenic acid,unclear,unclear,Mus musculus (mouse),,unclear,yes,open_deposition,PXD014897,32242014,,,2020,Shotgun proteomics,pride_keyword:sulfenic acid,,0,
pride:PXD016723,pride_project_metadata,metadata_transcription,unclear_from_metadata,see_keywords:sulfenic acid,unclear,unclear,Arabidopsis thaliana (mouse-ear cress),,unclear,yes,open_deposition,PXD016723,32714340,,,2020,Affinity purification coupled with mass spectrometry proteomics;Chemical cross-linking coupled with mass spectrometry proteomics,pride_keyword:sulfenic acid,,0,
pride:PXD016963,pride_project_metadata,metadata_transcription,unclear_from_metadata,see_keywords:sulfenic acid,unclear,unclear,Escherichia coli;Homo sapiens (human),,unclear,yes,open_deposition,PXD016963,32250121,,,2020,Chemical cross-linking coupled with mass spectrometry proteomics,pride_keyword:sulfenic acid,,0,
pride:PXD018219,pride_project_metadata,metadata_transcription,unclear_from_metadata,see_keywords:sulfenic acid,unclear,unclear,Arabidopsis thaliana (mouse-ear cress);Saccharomyces cerevisiae (baker's yeast),,unclear,yes,open_deposition,PXD018219,32459472,,,2023,Chemical cross-linking coupled with mass spectrometry proteomics,pride_keyword:sulfenic acid,,0,
pride:PXD021948,pride_project_metadata,metadata_transcription,unclear_from_metadata,see_keywords:sulfenic acid,unclear,unclear,Escherichia coli;Mus musculus (mouse),,unclear,yes,open_deposition,PXD021948,,,,2020,Affinity purification coupled with mass spectrometry proteomics;Shotgun proteomics,pride_keyword:sulfenic acid,,0,
pride:PXD022690,pride_project_metadata,metadata_transcription,unclear_from_metadata,see_keywords:sulfenic acid,unclear,unclear,Bos taurus (bovine);Saccharomyces cerevisiae (baker's yeast),,unclear,yes,open_deposition,PXD022690,33915260,,,2021,Chemical cross-linking coupled with mass spectrometry proteomics,pride_keyword:sulfenic acid,,0,
pride:PXD024114,pride_project_metadata,metadata_transcription,unclear_from_metadata,see_keywords:sulfenic acid,unclear,unclear,Homo sapiens (human),,unclear,yes,open_deposition,PXD024114,33923941,,,2021,Affinity purification coupled with mass spectrometry proteomics,pride_keyword:sulfenic acid,,0,
pride:PXD030782,pride_project_metadata,metadata_transcription,unclear_from_metadata,see_keywords:sulfenic acid,unclear,unclear,Homo sapiens (human),,unclear,yes,open_deposition,PXD030782,,,,2022,Affinity purification coupled with mass spectrometry proteomics,pride_keyword:sulfenic acid,,0,
pride:PXD034050,pride_project_metadata,metadata_transcription,unclear_from_metadata,see_keywords:sulfenic acid,unclear,unclear,Drosophila melanogaster (fruit fly),,unclear,yes,open_deposition,PXD034050,,,,2023,Shotgun proteomics,pride_keyword:sulfenic acid,,0,
pride:PXD035589,pride_project_metadata,metadata_transcription,unclear_from_metadata,see_keywords:sulfenic acid,unclear,unclear,Homo sapiens (human),,unclear,yes,open_deposition,PXD035589,,,,2023,Chemical cross-linking coupled with mass spectrometry proteomics,pride_keyword:sulfenic acid,,0,
pride:PXD041519,pride_project_metadata,metadata_transcription,unclear_from_metadata,see_keywords:sulfenic acid,unclear,unclear,Homo sapiens (human),,unclear,yes,open_deposition,PXD041519,37478862,,,2023,Chemical cross-linking coupled with mass spectrometry proteomics,pride_keyword:sulfenic acid,,0,
pride:PXD053496,pride_project_metadata,metadata_transcription,unclear_from_metadata,see_keywords:sulfenic acid,unclear,unclear,Homo sapiens (human),,unclear,yes,open_deposition,PXD053496,,,,2024,Bottom-up proteomics;Data-dependent acquisition,pride_keyword:sulfenic acid,,0,
pride:PXD055627,pride_project_metadata,metadata_transcription,unclear_from_metadata,see_keywords:sulfenic acid,unclear,unclear,Escherichia coli,,unclear,yes,open_deposition,PXD055627,,,,2025,Bottom-up proteomics;Data-independent acquisition,pride_keyword:sulfenic acid,,0,
pride:PXD057987,pride_project_metadata,metadata_transcription,unclear_from_metadata,see_keywords:sulfenic acid,unclear,unclear,Arabidopsis thaliana (mouse-ear cress),,unclear,yes,open_deposition,PXD057987,39726278,,,2025,Data-dependent acquisition,pride_keyword:sulfenic acid,,0,
pride:PXD059068,pride_project_metadata,metadata_transcription,unclear_from_metadata,see_keywords:sulfenic acid,unclear,unclear,Arabidopsis thaliana (mouse-ear cress),,unclear,yes,open_deposition,PXD059068,,,,2026,Bottom-up proteomics,pride_keyword:sulfenic acid,,0,
pride:PXD068410,pride_project_metadata,metadata_transcription,unclear_from_metadata,see_keywords:sulfenic acid,unclear,unclear,Bos taurus (bovine),,unclear,yes,open_deposition,PXD068410,,,,2026,Data-dependent acquisition,pride_keyword:sulfenic acid,,0,
pride:PXD077820,pride_project_metadata,metadata_transcription,unclear_from_metadata,see_keywords:sulfenic acid,unclear,unclear,Homo sapiens (human),,unclear,yes,open_deposition,PXD077820,,,,2026,Chemical cross-linking coupled with mass spectrometry proteomics,pride_keyword:sulfenic acid,,0,
pride:PXD077887,pride_project_metadata,metadata_transcription,unclear_from_metadata,see_keywords:sulfenic acid,unclear,unclear,Homo sapiens (human),,unclear,yes,open_deposition,PXD077887,,,,2026,Bottom-up proteomics,pride_keyword:sulfenic acid,,0,
pride:PXD001562,pride_project_metadata,metadata_transcription,unclear_from_metadata,see_keywords:sulfenome,unclear,unclear,Arabidopsis thaliana (mouse-ear cress),,unclear,yes,open_deposition,PXD001562,25693797,,,2016,Affinity purification coupled with mass spectrometry proteomics;Gel-based experiment;Shotgun proteomics,pride_keyword:sulfenome,,0,
pride:PXD030782,pride_project_metadata,metadata_transcription,unclear_from_metadata,see_keywords:sulfenome,unclear,unclear,Homo sapiens (human),,unclear,yes,open_deposition,PXD030782,,,,2022,Affinity purification coupled with mass spectrometry proteomics,pride_keyword:sulfenome,,0,
pride:PXD057987,pride_project_metadata,metadata_transcription,unclear_from_metadata,see_keywords:sulfenome,unclear,unclear,Arabidopsis thaliana (mouse-ear cress),,unclear,yes,open_deposition,PXD057987,39726278,,,2025,Data-dependent acquisition,pride_keyword:sulfenome,,0,
pride:PXD000071,pride_project_metadata,metadata_transcription,unclear_from_metadata,see_keywords:cysteine oxidation,unclear,unclear,Homo sapiens (human),,unclear,yes,open_deposition,PXD000071,23210603,,,2013,Bottom-up proteomics,pride_keyword:cysteine oxidation,,0,
pride:PXD001692,pride_project_metadata,metadata_transcription,unclear_from_metadata,see_keywords:cysteine oxidation,unclear,unclear,Homo sapiens (human),,unclear,yes,open_deposition,PXD001692,26385339,,,2015,Chemical cross-linking coupled with mass spectrometry proteomics,pride_keyword:cysteine oxidation,,0,
pride:PXD002148,pride_project_metadata,metadata_transcription,unclear_from_metadata,see_keywords:cysteine oxidation,unclear,unclear,Phaeodactylum tricornutum (strain ccap 1055/1);Phaeodactylum tricornutum ccap 1055/1,,unclear,yes,open_deposition,PXD002148,25990474,,,2015,Gel-based experiment;Shotgun proteomics,pride_keyword:cysteine oxidation,,0,
pride:PXD002444,pride_project_metadata,metadata_transcription,unclear_from_metadata,see_keywords:cysteine oxidation,unclear,unclear,Homo sapiens (human),,unclear,yes,open_deposition,PXD002444,28198360,,,2016,Shotgun proteomics,pride_keyword:cysteine oxidation,,0,
pride:PXD002479,pride_project_metadata,metadata_transcription,unclear_from_metadata,see_keywords:cysteine oxidation,unclear,unclear,Mus musculus (mouse),,unclear,yes,open_deposition,PXD002479,26642319,,,2018,Shotgun proteomics,pride_keyword:cysteine oxidation,,0,
pride:PXD003348,pride_project_metadata,metadata_transcription,unclear_from_metadata,see_keywords:cysteine oxidation,unclear,unclear,Gallus gallus (chicken);Lagomorpha;Mammalia,,unclear,yes,open_deposition,PXD003348,27690452,,,2016,Shotgun proteomics,pride_keyword:cysteine oxidation,,0,
pride:PXD003354,pride_project_metadata,metadata_transcription,unclear_from_metadata,see_keywords:cysteine oxidation,unclear,unclear,Homo sapiens (human),,unclear,yes,open_deposition,PXD003354,27690452,,,2016,Affinity purification coupled with mass spectrometry proteomics,pride_keyword:cysteine oxidation,,0,
pride:PXD003363,pride_project_metadata,metadata_transcription,unclear_from_metadata,see_keywords:cysteine oxidation,unclear,unclear,Homo sapiens (human),,unclear,yes,open_deposition,PXD003363,27690452,,,2016,Affinity purification coupled with mass spectrometry proteomics,pride_keyword:cysteine oxidation,,0,
pride:PXD003365,pride_project_metadata,metadata_transcription,unclear_from_metadata,see_keywords:cysteine oxidation,unclear,unclear,Homo sapiens (human),,unclear,yes,open_deposition,PXD003365,27690452,,,2016,Affinity purification coupled with mass spectrometry proteomics,pride_keyword:cysteine oxidation,,0,
pride:PXD003569,pride_project_metadata,metadata_transcription,unclear_from_metadata,see_keywords:cysteine oxidation,unclear,unclear,Bacillus cereus,,unclear,yes,open_deposition,PXD003569,29260567,,,2018,Shotgun proteomics,pride_keyword:cysteine oxidation,,0,
pride:PXD003575,pride_project_metadata,metadata_transcription,unclear_from_metadata,see_keywords:cysteine oxidation,unclear,unclear,Solanum lycopersicum,,unclear,yes,open_deposition,PXD003575,27052409,,,2016,Shotgun proteomics,pride_keyword:cysteine oxidation,,0,
pride:PXD003587,pride_project_metadata,metadata_transcription,unclear_from_metadata,see_keywords:cysteine oxidation,unclear,unclear,Homo sapiens (human),,unclear,yes,open_deposition,PXD003587,30090399,,,2018,Shotgun proteomics,pride_keyword:cysteine oxidation,,0,
pride:PXD003600,pride_project_metadata,metadata_transcription,unclear_from_metadata,see_keywords:cysteine oxidation,unclear,unclear,Solanum lycopersicum,,unclear,yes,open_deposition,PXD003600,27052409,,,2016,Shotgun proteomics,pride_keyword:cysteine oxidation,,0,
pride:PXD003601,pride_project_metadata,metadata_transcription,unclear_from_metadata,see_keywords:cysteine oxidation,unclear,unclear,Solanum lycopersicum,,unclear,yes,open_deposition,PXD003601,27052409,,,2016,Shotgun proteomics,pride_keyword:cysteine oxidation,,0,
pride:PXD003602,pride_project_metadata,metadata_transcription,unclear_from_metadata,see_keywords:cysteine oxidation,unclear,unclear,Solanum lycopersicum,,unclear,yes,open_deposition,PXD003602,27052409,,,2016,Shotgun proteomics,pride_keyword:cysteine oxidation,,0,
pride:PXD003640,pride_project_metadata,metadata_transcription,unclear_from_metadata,see_keywords:cysteine oxidation,unclear,unclear,Escherichia coli;Homo sapiens (human),,unclear,yes,open_deposition,PXD003640,27452035,,,2016,Shotgun proteomics,pride_keyword:cysteine oxidation,,0,
pride:PXD003643,pride_project_metadata,metadata_transcription,unclear_from_metadata,see_keywords:cysteine oxidation,unclear,unclear,Bacteroides caccae;Homo sapiens (human);Ruminococcus gnavus;Staphylococcus aureus,,unclear,yes,open_deposition,PXD003643,28317030,,,2016,Chemical cross-linking coupled with mass spectrometry proteomics,pride_keyword:cysteine oxidation,,0,
pride:PXD003710,pride_project_metadata,metadata_transcription,unclear_from_metadata,see_keywords:cysteine oxidation,unclear,unclear,Mus musculus (mouse),,unclear,yes,open_deposition,PXD003710,,,,2016,Shotgun proteomics,pride_keyword:cysteine oxidation,,0,
pride:PXD004681,pride_project_metadata,metadata_transcription,unclear_from_metadata,see_keywords:cysteine oxidation,unclear,unclear,Chlamydomonas reinhardtii,,unclear,yes,open_deposition,PXD004681,27671103,,,2016,SWATH MS;Shotgun proteomics,pride_keyword:cysteine oxidation,,0,
pride:PXD004808,pride_project_metadata,metadata_transcription,unclear_from_metadata,see_keywords:cysteine oxidation,unclear,unclear,Pygoscelis adeliae,,unclear,yes,open_deposition,PXD004808,27991520,,,2017,Gel-based experiment,pride_keyword:cysteine oxidation,,0,
pride:PXD004862,pride_project_metadata,metadata_transcription,unclear_from_metadata,see_keywords:cysteine oxidation,unclear,unclear,Homo sapiens (human),,unclear,yes,open_deposition,PXD004862,27690452,,,2016,Affinity purification coupled with mass spectrometry proteomics,pride_keyword:cysteine oxidation,,0,
pride:PXD004920,pride_project_metadata,metadata_transcription,unclear_from_metadata,see_keywords:cysteine oxidation,unclear,unclear,Homo sapiens (human),,unclear,yes,open_deposition,PXD004920,28430416,,,2017,Chemical cross-linking coupled with mass spectrometry proteomics,pride_keyword:cysteine oxidation,,0,
pride:PXD004969,pride_project_metadata,metadata_transcription,unclear_from_metadata,see_keywords:cysteine oxidation,unclear,unclear,Homo sapiens (human),,unclear,yes,open_deposition,PXD004969,,,,2022,Gel-based experiment;Shotgun proteomics,pride_keyword:cysteine oxidation,,0,
pride:PXD005164,pride_project_metadata,metadata_transcription,unclear_from_metadata,see_keywords:cysteine oxidation,unclear,unclear,Escherichia coli,,unclear,yes,open_deposition,PXD005164,28389918,,,2018,Shotgun proteomics,pride_keyword:cysteine oxidation,,0,
pride:PXD006363,pride_project_metadata,metadata_transcription,unclear_from_metadata,see_keywords:cysteine oxidation,unclear,unclear,Mus musculus (mouse),,unclear,yes,open_deposition,PXD006363,29679077,,,2018,Shotgun proteomics,pride_keyword:cysteine oxidation,,0,
pride:PXD006372,pride_project_metadata,metadata_transcription,unclear_from_metadata,see_keywords:cysteine oxidation,unclear,unclear,Mus musculus (mouse),,unclear,yes,open_deposition,PXD006372,29679077,,,2018,Shotgun proteomics,pride_keyword:cysteine oxidation,,0,
pride:PXD006373,pride_project_metadata,metadata_transcription,unclear_from_metadata,see_keywords:cysteine oxidation,unclear,unclear,Mus musculus (mouse),,unclear,yes,open_deposition,PXD006373,29679077,,,2018,Shotgun proteomics,pride_keyword:cysteine oxidation,,0,
pride:PXD006607,pride_project_metadata,metadata_transcription,unclear_from_metadata,see_keywords:cysteine oxidation,unclear,unclear,Characteristics[organism];Homo sapiens (human),,unclear,yes,open_deposition,PXD006607,30205043,,,2020,Shotgun proteomics,pride_keyword:cysteine oxidation,,0,
pride:PXD006802,pride_project_metadata,metadata_transcription,unclear_from_metadata,see_keywords:cysteine oxidation,unclear,unclear,Homo sapiens (human),,unclear,yes,open_deposition,PXD006802,30737169,,,2019,SWATH MS,pride_keyword:cysteine oxidation,,0,
pride:PXD006803,pride_project_metadata,metadata_transcription,unclear_from_metadata,see_keywords:cysteine oxidation,unclear,unclear,Homo sapiens (human),,unclear,yes,open_deposition,PXD006803,,,,2019,SWATH MS,pride_keyword:cysteine oxidation,,0,
pride:PXD007250,pride_project_metadata,metadata_transcription,unclear_from_metadata,see_keywords:cysteine oxidation,unclear,unclear,Homo sapiens (human),,unclear,yes,open_deposition,PXD007250,29256016,,,2018,Chemical cross-linking coupled with mass spectrometry proteomics,pride_keyword:cysteine oxidation,,0,
pride:PXD007980,pride_project_metadata,metadata_transcription,unclear_from_metadata,see_keywords:cysteine oxidation,unclear,unclear,Echis carinatus,,unclear,yes,open_deposition,PXD007980,29215036,,,2017,Shotgun proteomics,pride_keyword:cysteine oxidation,,0,
pride:PXD008410,pride_project_metadata,metadata_transcription,unclear_from_metadata,see_keywords:cysteine oxidation,unclear,unclear,Homo sapiens (human),,unclear,yes,open_deposition,PXD008410,34552006,,,2022,Shotgun proteomics,pride_keyword:cysteine oxidation,,0,
pride:PXD009182,pride_project_metadata,metadata_transcription,unclear_from_metadata,see_keywords:cysteine oxidation,unclear,unclear,Homo sapiens (human),,unclear,yes,open_deposition,PXD009182,32789689,,,2020,Shotgun proteomics,pride_keyword:cysteine oxidation,,0,
pride:PXD009640,pride_project_metadata,metadata_transcription,unclear_from_metadata,see_keywords:cysteine oxidation,unclear,unclear,Arabidopsis thaliana (mouse-ear cress),,unclear,yes,open_deposition,PXD009640,30348815,,,2018,Gel-based experiment,pride_keyword:cysteine oxidation,,0,
pride:PXD010336,pride_project_metadata,metadata_transcription,unclear_from_metadata,see_keywords:cysteine oxidation,unclear,unclear,Mus musculus (mouse),,unclear,yes,open_deposition,PXD010336,30141336,,,2018,Shotgun proteomics,pride_keyword:cysteine oxidation,,0,
pride:PXD010880,pride_project_metadata,metadata_transcription,unclear_from_metadata,see_keywords:cysteine oxidation,unclear,unclear,Homo sapiens (human),,unclear,yes,open_deposition,PXD010880,,,,2020,SWATH MS,pride_keyword:cysteine oxidation,,0,
pride:PXD010884,pride_project_metadata,metadata_transcription,unclear_from_metadata,see_keywords:cysteine oxidation,unclear,unclear,Enterococcus faecalis (streptococcus faecalis);Escherichia coli;Homo sapiens (human);Klebsiella pneumoniae 342,,unclear,yes,open_deposition,PXD010884,31569265,,,2019,Chemical cross-linking coupled with mass spectrometry proteomics,pride_keyword:cysteine oxidation,,0,
pride:PXD010938,pride_project_metadata,metadata_transcription,unclear_from_metadata,see_keywords:cysteine oxidation,unclear,unclear,Leishmania mexicana mhom/gt/2001/u1103,,unclear,yes,open_deposition,PXD010938,,,,2018,Shotgun proteomics,pride_keyword:cysteine oxidation,,0,
pride:PXD010945,pride_project_metadata,metadata_transcription,unclear_from_metadata,see_keywords:cysteine oxidation,unclear,unclear,Chlamydomonas reinhardtii,,unclear,yes,open_deposition,PXD010945,30249063,,,2019,Gel-based experiment,pride_keyword:cysteine oxidation,,0,
pride:PXD011386,pride_project_metadata,metadata_transcription,unclear_from_metadata,see_keywords:cysteine oxidation,unclear,unclear,Escherichia coli,,unclear,yes,open_deposition,PXD011386,30682706,,,2019,Shotgun proteomics,pride_keyword:cysteine oxidation,,0,
pride:PXD011525,pride_project_metadata,metadata_transcription,unclear_from_metadata,see_keywords:cysteine oxidation,unclear,unclear,Homo sapiens (human);Mus musculus (mouse),,unclear,yes,open_deposition,PXD011525,31792197,,,2019,Shotgun proteomics,pride_keyword:cysteine oxidation,,0,
pride:PXD011950,pride_project_metadata,metadata_transcription,unclear_from_metadata,see_keywords:cysteine oxidation,unclear,unclear,Pseudomonas aeruginosa pao1,,unclear,yes,open_deposition,PXD011950,32024770,,,2020,Shotgun proteomics,pride_keyword:cysteine oxidation,,0,
pride:PXD012291,pride_project_metadata,metadata_transcription,unclear_from_metadata,see_keywords:cysteine oxidation,unclear,unclear,Shigella flexneri,,unclear,yes,open_deposition,PXD012291,31209035,,,2019,Shotgun proteomics,pride_keyword:cysteine oxidation,,0,
pride:PXD012353,pride_project_metadata,metadata_transcription,unclear_from_metadata,see_keywords:cysteine oxidation,unclear,unclear,Homo sapiens (human),,unclear,yes,open_deposition,PXD012353,31539802,,,2019,Affinity purification coupled with mass spectrometry proteomics,pride_keyword:cysteine oxidation,,0,
pride:PXD012504,pride_project_metadata,metadata_transcription,unclear_from_metadata,see_keywords:cysteine oxidation,unclear,unclear,Homo sapiens (human),,unclear,yes,open_deposition,PXD012504,31154163,,,2026,Shotgun proteomics,pride_keyword:cysteine oxidation,,0,
pride:PXD013072,pride_project_metadata,metadata_transcription,unclear_from_metadata,see_keywords:cysteine oxidation,unclear,unclear,Homo sapiens (human),,unclear,yes,open_deposition,PXD013072,31298480,,,2019,Affinity purification coupled with mass spectrometry proteomics,pride_keyword:cysteine oxidation,,0,
pride:PXD013588,pride_project_metadata,metadata_transcription,unclear_from_metadata,see_keywords:cysteine oxidation,unclear,unclear,Arabidopsis thaliana;Arabidopsis thaliana (mouse-ear cress),,unclear,yes,open_deposition,PXD013588,31578252,,,2019,Gel-based experiment,pride_keyword:cysteine oxidation,,0,
pride:PXD013627,pride_project_metadata,metadata_transcription,unclear_from_metadata,see_keywords:cysteine oxidation,unclear,unclear,Homo sapiens (human);Mus musculus (mouse),,unclear,yes,open_deposition,PXD013627,31844046,,,2019,All-ion fragmentation;Shotgun proteomics,pride_keyword:cysteine oxidation,,0,
pride:PXD014381,pride_project_metadata,metadata_transcription,unclear_from_metadata,see_keywords:cysteine oxidation,unclear,unclear,Homo sapiens (human),,unclear,yes,open_deposition,PXD014381,32202429,,,2020,Shotgun proteomics,pride_keyword:cysteine oxidation,,0,
pride:PXD014790,pride_project_metadata,metadata_transcription,unclear_from_metadata,see_keywords:cysteine oxidation,unclear,unclear,Rattus norvegicus;Rattus norvegicus (rat),,unclear,yes,open_deposition,PXD014790,33020478,,,2020,SWATH MS,pride_keyword:cysteine oxidation,,0,
pride:PXD014819,pride_project_metadata,metadata_transcription,unclear_from_metadata,see_keywords:cysteine oxidation,unclear,unclear,Chlamydomonas reinhardtii,,unclear,yes,open_deposition,PXD014819,,,,2019,Shotgun proteomics,pride_keyword:cysteine oxidation,,0,
pride:PXD014897,pride_project_metadata,metadata_transcription,unclear_from_metadata,see_keywords:cysteine oxidation,unclear,unclear,Mus musculus (mouse),,unclear,yes,open_deposition,PXD014897,32242014,,,2020,Shotgun proteomics,pride_keyword:cysteine oxidation,,0,
pride:PXD015098,pride_project_metadata,metadata_transcription,unclear_from_metadata,see_keywords:cysteine oxidation,unclear,unclear,Homo sapiens (human),,unclear,yes,open_deposition,PXD015098,31738065,,,2020,SWATH MS;Shotgun proteomics,pride_keyword:cysteine oxidation,,0,
pride:PXD015199,pride_project_metadata,metadata_transcription,unclear_from_metadata,see_keywords:cysteine oxidation,unclear,unclear,Mycobacterium tuberculosis;Mycobacterium tuberculosis h37rv,,unclear,yes,open_deposition,PXD015199,35004641,,,2022,Gel-based experiment,pride_keyword:cysteine oxidation,,0,
pride:PXD015409,pride_project_metadata,metadata_transcription,unclear_from_metadata,see_keywords:cysteine oxidation,unclear,unclear,Chlamydomonas reinhardtii,,unclear,yes,open_deposition,PXD015409,,,,2020,Shotgun proteomics,pride_keyword:cysteine oxidation,,0,
pride:PXD015642,pride_project_metadata,metadata_transcription,unclear_from_metadata,see_keywords:cysteine oxidation,unclear,unclear,Homo sapiens (human),,unclear,yes,open_deposition,PXD015642,32080624,,,2020,Gel-based experiment,pride_keyword:cysteine oxidation,,0,
pride:PXD015940,pride_project_metadata,metadata_transcription,unclear_from_metadata,see_keywords:cysteine oxidation,unclear,unclear,Oryctolagus cuniculus cuniculus;Saccharomyces cerevisiae (baker's yeast),,unclear,yes,open_deposition,PXD015940,32348883,,,2020,Gel-based experiment;Shotgun proteomics,pride_keyword:cysteine oxidation,,0,
pride:PXD016723,pride_project_metadata,metadata_transcription,unclear_from_metadata,see_keywords:cysteine oxidation,unclear,unclear,Arabidopsis thaliana (mouse-ear cress),,unclear,yes,open_deposition,PXD016723,32714340,,,2020,Affinity purification coupled with mass spectrometry proteomics;Chemical cross-linking coupled with mass spectrometry proteomics,pride_keyword:cysteine oxidation,,0,
pride:PXD017482,pride_project_metadata,metadata_transcription,unclear_from_metadata,see_keywords:cysteine oxidation,unclear,unclear,Homo sapiens (human),,unclear,yes,open_deposition,PXD017482,32098132,,,2020,Shotgun proteomics,pride_keyword:cysteine oxidation,,0,
pride:PXD017620,pride_project_metadata,metadata_transcription,unclear_from_metadata,see_keywords:cysteine oxidation,unclear,unclear,Saccharomyces cerevisiae;Saccharomyces cerevisiae (baker's yeast),,unclear,yes,open_deposition,PXD017620,32332106,,,2020,Chemical cross-linking coupled with mass spectrometry proteomics,pride_keyword:cysteine oxidation,,0,
pride:PXD018130,pride_project_metadata,metadata_transcription,unclear_from_metadata,see_keywords:cysteine oxidation,unclear,unclear,Echis carinatus,,unclear,yes,open_deposition,PXD018130,32501701,,,2020,Gel-based experiment;Shotgun proteomics,pride_keyword:cysteine oxidation,,0,
pride:PXD018733,pride_project_metadata,metadata_transcription,unclear_from_metadata,see_keywords:cysteine oxidation,unclear,unclear,Saccharomyces cerevisiae (baker's yeast),,unclear,yes,open_deposition,PXD018733,33166396,,,2020,Shotgun proteomics,pride_keyword:cysteine oxidation,,0,
pride:PXD019799,pride_project_metadata,metadata_transcription,unclear_from_metadata,see_keywords:cysteine oxidation,unclear,unclear,Glycine max,,unclear,yes,open_deposition,PXD019799,33532690,,,2021,Top-down proteomics,pride_keyword:cysteine oxidation,,0,
pride:PXD020241,pride_project_metadata,metadata_transcription,unclear_from_metadata,see_keywords:cysteine oxidation,unclear,unclear,Homo sapiens (human),,unclear,yes,open_deposition,PXD020241,32890629,,,2020,Affinity purification coupled with mass spectrometry proteomics,pride_keyword:cysteine oxidation,,0,
pride:PXD020249,pride_project_metadata,metadata_transcription,unclear_from_metadata,see_keywords:cysteine oxidation,unclear,unclear,Escherichia coli,,unclear,yes,open_deposition,PXD020249,33850153,,,2021,Shotgun proteomics,pride_keyword:cysteine oxidation,,0,
pride:PXD020250,pride_project_metadata,metadata_transcription,unclear_from_metadata,see_keywords:cysteine oxidation,unclear,unclear,Homo sapiens (human),,unclear,yes,open_deposition,PXD020250,32890629,,,2020,Affinity purification coupled with mass spectrometry proteomics,pride_keyword:cysteine oxidation,,0,
pride:PXD020481,pride_project_metadata,metadata_transcription,unclear_from_metadata,see_keywords:cysteine oxidation,unclear,unclear,Escherichia coli;Homo sapiens (human);Listeria monocytogenes serotype 4b;Listeria phage a500;Mus musculus (mouse),,unclear,yes,open_deposition,PXD020481,34857745,,,2021,Affinity purification coupled with mass spectrometry proteomics;HDMSE;Shotgun proteomics,pride_keyword:cysteine oxidation,,0,
pride:PXD020745,pride_project_metadata,metadata_transcription,unclear_from_metadata,see_keywords:cysteine oxidation,unclear,unclear,Rattus norvegicus (rat),,unclear,yes,open_deposition,PXD020745,,,,2021,SWATH MS,pride_keyword:cysteine oxidation,,0,
pride:PXD020859,pride_project_metadata,metadata_transcription,unclear_from_metadata,see_keywords:cysteine oxidation,unclear,unclear,Rattus norvegicus (rat),,unclear,yes,open_deposition,PXD020859,,,,2020,Chemical cross-linking coupled with mass spectrometry proteomics;Gel-based experiment;Shotgun proteomics,pride_keyword:cysteine oxidation,,0,
pride:PXD020885,pride_project_metadata,metadata_transcription,unclear_from_metadata,see_keywords:cysteine oxidation,unclear,unclear,Saccharomyces cerevisiae (baker's yeast),,unclear,yes,open_deposition,PXD020885,33214620,,,2021,Affinity purification coupled with mass spectrometry proteomics,pride_keyword:cysteine oxidation,,0,
pride:PXD020952,pride_project_metadata,metadata_transcription,unclear_from_metadata,see_keywords:cysteine oxidation,unclear,unclear,Plasmodium falciparum d10,,unclear,yes,open_deposition,PXD020952,33214620,,,2021,Shotgun proteomics,pride_keyword:cysteine oxidation,,0,
pride:PXD021574,pride_project_metadata,metadata_transcription,unclear_from_metadata,see_keywords:cysteine oxidation,unclear,unclear,Bos taurus (bovine);Escherichia coli,,unclear,yes,open_deposition,PXD021574,33149120,,,2020,Shotgun proteomics,pride_keyword:cysteine oxidation,,0,
pride:PXD021873,pride_project_metadata,metadata_transcription,unclear_from_metadata,see_keywords:cysteine oxidation,unclear,unclear,Homo sapiens (human),,unclear,yes,open_deposition,PXD021873,33122198,,,2020,Gel-based experiment;Shotgun proteomics,pride_keyword:cysteine oxidation,,0,
pride:PXD022131,pride_project_metadata,metadata_transcription,unclear_from_metadata,see_keywords:cysteine oxidation,unclear,unclear,Homo sapiens (human),,unclear,yes,open_deposition,PXD022131,34439123,,,2021,Gel-based experiment,pride_keyword:cysteine oxidation,,0,
pride:PXD022258,pride_project_metadata,metadata_transcription,unclear_from_metadata,see_keywords:cysteine oxidation,unclear,unclear,Homo sapiens (human),,unclear,yes,open_deposition,PXD022258,33314217,,,2021,Gel-based experiment,pride_keyword:cysteine oxidation,,0,
pride:PXD022382,pride_project_metadata,metadata_transcription,unclear_from_metadata,see_keywords:cysteine oxidation,unclear,unclear,Homo sapiens (human),,unclear,yes,open_deposition,PXD022382,36434320,,,2023,Gel-based experiment,pride_keyword:cysteine oxidation,,0,
pride:PXD023026,pride_project_metadata,metadata_transcription,unclear_from_metadata,see_keywords:cysteine oxidation,unclear,unclear,Mus musculus (mouse),,unclear,yes,open_deposition,PXD023026,34958836,,,2022,Shotgun proteomics,pride_keyword:cysteine oxidation,,0,
pride:PXD023546,pride_project_metadata,metadata_transcription,unclear_from_metadata,see_keywords:cysteine oxidation,unclear,unclear,Mus musculus (mouse),,unclear,yes,open_deposition,PXD023546,34599227,,,2022,Shotgun proteomics,pride_keyword:cysteine oxidation,,0,
pride:PXD024687,pride_project_metadata,metadata_transcription,unclear_from_metadata,see_keywords:cysteine oxidation,unclear,unclear,Mus musculus (mouse),,unclear,yes,open_deposition,PXD024687,33895140,,,2021,Affinity purification coupled with mass spectrometry proteomics;Gel-based experiment,pride_keyword:cysteine oxidation,,0,
pride:PXD024708,pride_project_metadata,metadata_transcription,unclear_from_metadata,see_keywords:cysteine oxidation,unclear,unclear,Chlamydomonas reinhardtii,,unclear,yes,open_deposition,PXD024708,34887394,,,2022,Shotgun proteomics,pride_keyword:cysteine oxidation,,0,
pride:PXD024829,pride_project_metadata,metadata_transcription,unclear_from_metadata,see_keywords:cysteine oxidation,unclear,unclear,Mus musculus (mouse),,unclear,yes,open_deposition,PXD024829,,,,2022,All-ion fragmentation,pride_keyword:cysteine oxidation,,0,
pride:PXD025841,pride_project_metadata,metadata_transcription,unclear_from_metadata,see_keywords:cysteine oxidation,unclear,unclear,Helicobacter pylori j99 (campylobacter pylori j99);Homo sapiens (human),,unclear,yes,open_deposition,PXD025841,,,,2022,Shotgun proteomics,pride_keyword:cysteine oxidation,,0,
pride:PXD025992,pride_project_metadata,metadata_transcription,unclear_from_metadata,see_keywords:cysteine oxidation,unclear,unclear,Homo sapiens (human);Mus musculus (mouse),,unclear,yes,open_deposition,PXD025992,40360510,,,2026,Chemical cross-linking coupled with mass spectrometry proteomics;Shotgun proteomics,pride_keyword:cysteine oxidation,,0,
pride:PXD026708,pride_project_metadata,metadata_transcription,unclear_from_metadata,see_keywords:cysteine oxidation,unclear,unclear,Mus musculus;Mus musculus (mouse),,unclear,yes,open_deposition,PXD026708,,,,2023,Shotgun proteomics,pride_keyword:cysteine oxidation,,0,
pride:PXD026893,pride_project_metadata,metadata_transcription,unclear_from_metadata,see_keywords:cysteine oxidation,unclear,unclear,Homo sapiens (human),,unclear,yes,open_deposition,PXD026893,,,,2021,Affinity purification coupled with mass spectrometry proteomics,pride_keyword:cysteine oxidation,,0,
pride:PXD028121,pride_project_metadata,metadata_transcription,unclear_from_metadata,see_keywords:cysteine oxidation,unclear,unclear,Homo sapiens (human),,unclear,yes,open_deposition,PXD028121,,,,2021,Top-down proteomics,pride_keyword:cysteine oxidation,,0,
pride:PXD028985,pride_project_metadata,metadata_transcription,unclear_from_metadata,see_keywords:cysteine oxidation,unclear,unclear,Homo sapiens (human),,unclear,yes,open_deposition,PXD028985,35255101,,,2022,Affinity purification coupled with mass spectrometry proteomics,pride_keyword:cysteine oxidation,,0,
pride:PXD029016,pride_project_metadata,metadata_transcription,unclear_from_metadata,see_keywords:cysteine oxidation,unclear,unclear,Homo sapiens (human),,unclear,yes,open_deposition,PXD029016,,,,2022,Affinity purification coupled with mass spectrometry proteomics,pride_keyword:cysteine oxidation,,0,
pride:PXD029500,pride_project_metadata,metadata_transcription,unclear_from_metadata,see_keywords:cysteine oxidation,unclear,unclear,Homo sapiens (human),,unclear,yes,open_deposition,PXD029500,,,,2022,Top-down proteomics,pride_keyword:cysteine oxidation,,0,
pride:PXD029550,pride_project_metadata,metadata_transcription,unclear_from_metadata,see_keywords:cysteine oxidation,unclear,unclear,Homo sapiens (human),,unclear,yes,open_deposition,PXD029550,39273443,,,2025,Affinity purification coupled with mass spectrometry proteomics,pride_keyword:cysteine oxidation,,0,
pride:PXD029903,pride_project_metadata,metadata_transcription,unclear_from_metadata,see_keywords:cysteine oxidation,unclear,unclear,Mus musculus (mouse),,unclear,yes,open_deposition,PXD029903,,,,2022,All-ion fragmentation,pride_keyword:cysteine oxidation,,0,
pride:PXD030372,pride_project_metadata,metadata_transcription,unclear_from_metadata,see_keywords:cysteine oxidation,unclear,unclear,Saccharomyces cerevisiae (baker's yeast),,unclear,yes,open_deposition,PXD030372,34969852,,,2022,Shotgun proteomics,pride_keyword:cysteine oxidation,,0,
pride:PXD030619,pride_project_metadata,metadata_transcription,unclear_from_metadata,see_keywords:cysteine oxidation,unclear,unclear,Rattus norvegicus (rat),,unclear,yes,open_deposition,PXD030619,,,,2023,Chemical cross-linking coupled with mass spectrometry proteomics;Shotgun proteomics,pride_keyword:cysteine oxidation,,0,
pride:PXD031097,pride_project_metadata,metadata_transcription,unclear_from_metadata,see_keywords:cysteine oxidation,unclear,unclear,Homo sapiens (human),,unclear,yes,open_deposition,PXD031097,35393494,,,2022,Gel-based experiment;Shotgun proteomics,pride_keyword:cysteine oxidation,,0,
pride:PXD031192,pride_project_metadata,metadata_transcription,unclear_from_metadata,see_keywords:cysteine oxidation,unclear,unclear,Homo sapiens (human),,unclear,yes,open_deposition,PXD031192,,,,2022,Gel-based experiment,pride_keyword:cysteine oxidation,,0,
pride:PXD031647,pride_project_metadata,metadata_transcription,unclear_from_metadata,see_keywords:cysteine oxidation,unclear,unclear,Homo sapiens (human),,unclear,yes,open_deposition,PXD031647,,,,2022,Shotgun proteomics,pride_keyword:cysteine oxidation,,0,
pride:PXD032011,pride_project_metadata,metadata_transcription,unclear_from_metadata,see_keywords:cysteine oxidation,unclear,unclear,Homo sapiens (human),,unclear,yes,open_deposition,PXD032011,,,,2023,Affinity purification coupled with mass spectrometry proteomics,pride_keyword:cysteine oxidation,,0,
pride:PXD032104,pride_project_metadata,metadata_transcription,unclear_from_metadata,see_keywords:cysteine oxidation,unclear,unclear,Homo sapiens (human),,unclear,yes,open_deposition,PXD032104,36976863,,,2023,Shotgun proteomics,pride_keyword:cysteine oxidation,,0,
pride:PXD034050,pride_project_metadata,metadata_transcription,unclear_from_metadata,see_keywords:cysteine oxidation,unclear,unclear,Drosophila melanogaster (fruit fly),,unclear,yes,open_deposition,PXD034050,,,,2023,Shotgun proteomics,pride_keyword:cysteine oxidation,,0,
pride:PXD007575,pride_project_metadata,metadata_transcription,unclear_from_metadata,see_keywords:thiol reactivity,unclear,unclear,Homo sapiens (human),,unclear,yes,open_deposition,PXD007575,28988947,,,2017,Shotgun proteomics,pride_keyword:thiol reactivity,,0,
pride:PXD015409,pride_project_metadata,metadata_transcription,unclear_from_metadata,see_keywords:thiol reactivity,unclear,unclear,Chlamydomonas reinhardtii,,unclear,yes,open_deposition,PXD015409,,,,2020,Shotgun proteomics,pride_keyword:thiol reactivity,,0,
pride:PXD016048,pride_project_metadata,metadata_transcription,unclear_from_metadata,see_keywords:thiol reactivity,unclear,unclear,Homo sapiens (human);Mus musculus (mouse),,unclear,yes,open_deposition,PXD016048,32690958,,,2020,Shotgun proteomics,pride_keyword:thiol reactivity,,0,
pride:PXD018825,pride_project_metadata,metadata_transcription,unclear_from_metadata,see_keywords:thiol reactivity,unclear,unclear,Homo sapiens (human),,unclear,yes,open_deposition,PXD018825,,,,2020,Shotgun proteomics,pride_keyword:thiol reactivity,,0,
pride:PXD022587,pride_project_metadata,metadata_transcription,unclear_from_metadata,see_keywords:thiol reactivity,unclear,unclear,Homo sapiens (human);Sus scrofa domesticus (domestic pig),,unclear,yes,open_deposition,PXD022587,35422070,,,2022,Shotgun proteomics,pride_keyword:thiol reactivity,,0,
pride:PXD022640,pride_project_metadata,metadata_transcription,unclear_from_metadata,see_keywords:thiol reactivity,unclear,unclear,Mus musculus (mouse),,unclear,yes,open_deposition,PXD022640,35422070,,,2022,Shotgun proteomics,pride_keyword:thiol reactivity,,0,
pride:PXD027758,pride_project_metadata,metadata_transcription,unclear_from_metadata,see_keywords:thiol reactivity,unclear,unclear,Homo sapiens (human),,unclear,yes,open_deposition,PXD027758,,,,2022,Shotgun proteomics,pride_keyword:thiol reactivity,,0,
pride:PXD027762,pride_project_metadata,metadata_transcription,unclear_from_metadata,see_keywords:thiol reactivity,unclear,unclear,Homo sapiens (human),,unclear,yes,open_deposition,PXD027762,,,,2022,Shotgun proteomics,pride_keyword:thiol reactivity,,0,
pride:PXD027767,pride_project_metadata,metadata_transcription,unclear_from_metadata,see_keywords:thiol reactivity,unclear,unclear,Arabidopsis thaliana;Arabidopsis thaliana (mouse-ear cress);Caenorhabditis elegans;Drosophila melanogaster;Drosophila melanogaster (fruit fly);Escherichia coli;Homo sapiens (human);Mus musculus;Mus musculus (mouse);Rattus norvegicus;Rattus norvegicus (rat),,unclear,yes,open_deposition,PXD027767,,,,2024,Shotgun proteomics,pride_keyword:thiol reactivity,,0,
pride:PXD027789,pride_project_metadata,metadata_transcription,unclear_from_metadata,see_keywords:thiol reactivity,unclear,unclear,Homo sapiens (human),,unclear,yes,open_deposition,PXD027789,,,,2022,Shotgun proteomics,pride_keyword:thiol reactivity,,0,
pride:PXD030064,pride_project_metadata,metadata_transcription,unclear_from_metadata,see_keywords:thiol reactivity,unclear,unclear,Arabidopsis thaliana;Arabidopsis thaliana (mouse-ear cress);Caenorhabditis elegans;Drosophila melanogaster;Drosophila melanogaster (fruit fly);Escherichia coli;Homo sapiens (human);Mus musculus (mouse);Rattus norvegicus;Rattus norvegicus (rat),,unclear,yes,open_deposition,PXD030064,,,,2022,Shotgun proteomics,pride_keyword:thiol reactivity,,0,
pride:PXD030567,pride_project_metadata,metadata_transcription,unclear_from_metadata,see_keywords:thiol reactivity,unclear,unclear,Mus musculus (mouse),,unclear,yes,open_deposition,PXD030567,35422070,,,2022,Shotgun proteomics,pride_keyword:thiol reactivity,,0,
pride:PXD033152,pride_project_metadata,metadata_transcription,unclear_from_metadata,see_keywords:thiol reactivity,unclear,unclear,Mus musculus (mouse),,unclear,yes,open_deposition,PXD033152,36443335,,,2023,Shotgun proteomics,pride_keyword:thiol reactivity,,0,
pride:PRD000410,pride_project_metadata,metadata_transcription,unclear_from_metadata,see_keywords:tag-switch,unclear,unclear,Homo sapiens (human),,unclear,yes,open_deposition,PRD000410,22126794,,,2012,Bottom-up proteomics,pride_keyword:tag-switch,,0,
pride:PRD000411,pride_project_metadata,metadata_transcription,unclear_from_metadata,see_keywords:tag-switch,unclear,unclear,Homo sapiens (human),,unclear,yes,open_deposition,PRD000411,22126794,,,2012,Bottom-up proteomics,pride_keyword:tag-switch,,0,
pride:PXD005168,pride_project_metadata,metadata_transcription,unclear_from_metadata,see_keywords:tag-switch,unclear,unclear,Arabidopsis thaliana (mouse-ear cress),,unclear,yes,open_deposition,PXD005168,28992305,,,2017,Shotgun proteomics,pride_keyword:tag-switch,,0,
pride:PXD006140,pride_project_metadata,metadata_transcription,unclear_from_metadata,see_keywords:tag-switch,unclear,unclear,Arabidopsis thaliana (mouse-ear cress),,unclear,yes,open_deposition,PXD006140,28992305,,,2018,Shotgun proteomics,pride_keyword:tag-switch,,0,
pride:PXD019802,pride_project_metadata,metadata_transcription,unclear_from_metadata,see_keywords:tag-switch,unclear,unclear,Arabidopsis thaliana;Arabidopsis thaliana (mouse-ear cress),,unclear,yes,open_deposition,PXD019802,33037147,,,2020,SWATH MS,pride_keyword:tag-switch,,0,
pride:PXD024061,pride_project_metadata,metadata_transcription,unclear_from_metadata,see_keywords:tag-switch,unclear,unclear,Arabidopsis thaliana (mouse-ear cress),,unclear,yes,open_deposition,PXD024061,33805243,,,2021,Shotgun proteomics,pride_keyword:tag-switch,,0,
pride:PXD037504,pride_project_metadata,metadata_transcription,unclear_from_metadata,see_keywords:tag-switch,unclear,unclear,Arabidopsis thaliana (mouse-ear cress),,unclear,yes,open_deposition,PXD037504,,,,2023,Shotgun proteomics,pride_keyword:tag-switch,,0,
pride:PXD039852,pride_project_metadata,metadata_transcription,unclear_from_metadata,see_keywords:tag-switch,unclear,unclear,Phaseolus vulgaris (kidney bean) (french bean),,unclear,yes,open_deposition,PXD039852,37952184,,,2024,SWATH MS,pride_keyword:tag-switch,,0,
pride:PXD066952,pride_project_metadata,metadata_transcription,unclear_from_metadata,see_keywords:tag-switch,unclear,unclear,Mus musculus (mouse),,unclear,yes,open_deposition,PXD066952,40889425,,,2025,Bottom-up proteomics;Data-dependent acquisition,pride_keyword:tag-switch,,0,
pride:PRD000825,pride_project_metadata,metadata_transcription,unclear_from_metadata,see_keywords:biotin switch,unclear,unclear,Rattus norvegicus (rat),,unclear,yes,open_deposition,PRD000825,21036925,,,2011,Bottom-up proteomics,pride_keyword:biotin switch,,0,
pride:PXD000226,pride_project_metadata,metadata_transcription,unclear_from_metadata,see_keywords:biotin switch,unclear,unclear,Homo sapiens (human),,unclear,yes,open_deposition,PXD000226,23948706,,,2014,Bottom-up proteomics,pride_keyword:biotin switch,,0,
pride:PXD000467,pride_project_metadata,metadata_transcription,unclear_from_metadata,see_keywords:biotin switch,unclear,unclear,Homo sapiens (human),,unclear,yes,open_deposition,PXD000467,25040305,,,2014,Bottom-up proteomics,pride_keyword:biotin switch,,0,
pride:PXD000569,pride_project_metadata,metadata_transcription,unclear_from_metadata,see_keywords:biotin switch,unclear,unclear,Chlamydomonas reinhardtii,,unclear,yes,open_deposition,PXD000569,24328795,,,2013,Bottom-up proteomics,pride_keyword:biotin switch,,0,
pride:PXD000741,pride_project_metadata,metadata_transcription,unclear_from_metadata,see_keywords:biotin switch,unclear,unclear,Homo sapiens (human),,unclear,yes,open_deposition,PXD000741,26338901,,,2016,Shotgun proteomics,pride_keyword:biotin switch,,0,
pride:PXD002813,pride_project_metadata,metadata_transcription,unclear_from_metadata,see_keywords:biotin switch,unclear,unclear,Homo sapiens (human),,unclear,yes,open_deposition,PXD002813,26392294,,,2015,Shotgun proteomics,pride_keyword:biotin switch,,0,
pride:PXD003354,pride_project_metadata,metadata_transcription,unclear_from_metadata,see_keywords:biotin switch,unclear,unclear,Homo sapiens (human),,unclear,yes,open_deposition,PXD003354,27690452,,,2016,Affinity purification coupled with mass spectrometry proteomics,pride_keyword:biotin switch,,0,
pride:PXD003363,pride_project_metadata,metadata_transcription,unclear_from_metadata,see_keywords:biotin switch,unclear,unclear,Homo sapiens (human),,unclear,yes,open_deposition,PXD003363,27690452,,,2016,Affinity purification coupled with mass spectrometry proteomics,pride_keyword:biotin switch,,0,
pride:PXD003365,pride_project_metadata,metadata_transcription,unclear_from_metadata,see_keywords:biotin switch,unclear,unclear,Homo sapiens (human),,unclear,yes,open_deposition,PXD003365,27690452,,,2016,Affinity purification coupled with mass spectrometry proteomics,pride_keyword:biotin switch,,0,
pride:PXD004862,pride_project_metadata,metadata_transcription,unclear_from_metadata,see_keywords:biotin switch,unclear,unclear,Homo sapiens (human),,unclear,yes,open_deposition,PXD004862,27690452,,,2016,Affinity purification coupled with mass spectrometry proteomics,pride_keyword:biotin switch,,0,
pride:PXD005993,pride_project_metadata,metadata_transcription,unclear_from_metadata,see_keywords:biotin switch,unclear,unclear,Glycine max,,unclear,yes,open_deposition,PXD005993,,,,2018,Shotgun proteomics,pride_keyword:biotin switch,,0,
pride:PXD010336,pride_project_metadata,metadata_transcription,unclear_from_metadata,see_keywords:biotin switch,unclear,unclear,Mus musculus (mouse),,unclear,yes,open_deposition,PXD010336,30141336,,,2018,Shotgun proteomics,pride_keyword:biotin switch,,0,
pride:PXD010430,pride_project_metadata,metadata_transcription,unclear_from_metadata,see_keywords:biotin switch,unclear,unclear,Mus musculus (mouse),,unclear,yes,open_deposition,PXD010430,30254268,,,2018,Shotgun proteomics,pride_keyword:biotin switch,,0,
pride:PXD010822,pride_project_metadata,metadata_transcription,unclear_from_metadata,see_keywords:biotin switch,unclear,unclear,Mus musculus (mouse),,unclear,yes,open_deposition,PXD010822,31311849,,,2019,Shotgun proteomics,pride_keyword:biotin switch,,0,
pride:PXD012706,pride_project_metadata,metadata_transcription,unclear_from_metadata,see_keywords:biotin switch,unclear,unclear,Mus musculus (mouse),,unclear,yes,open_deposition,PXD012706,35191317,,,2022,Shotgun proteomics,pride_keyword:biotin switch,,0,
pride:PXD013640,pride_project_metadata,metadata_transcription,unclear_from_metadata,see_keywords:biotin switch,unclear,unclear,Homo sapiens (human),,unclear,yes,open_deposition,PXD013640,32487458,,,2020,Shotgun proteomics,pride_keyword:biotin switch,,0,
pride:PXD017717,pride_project_metadata,metadata_transcription,unclear_from_metadata,see_keywords:biotin switch,unclear,unclear,Homo sapiens (human),,unclear,yes,open_deposition,PXD017717,32332101,,,2020,Affinity purification coupled with mass spectrometry proteomics;Shotgun proteomics,pride_keyword:biotin switch,,0,
pride:PXD019208,pride_project_metadata,metadata_transcription,unclear_from_metadata,see_keywords:biotin switch,unclear,unclear,Homo sapiens (human),,unclear,yes,open_deposition,PXD019208,32581105,,,2020,Shotgun proteomics,pride_keyword:biotin switch,,0,
pride:PXD020249,pride_project_metadata,metadata_transcription,unclear_from_metadata,see_keywords:biotin switch,unclear,unclear,Escherichia coli,,unclear,yes,open_deposition,PXD020249,33850153,,,2021,Shotgun proteomics,pride_keyword:biotin switch,,0,
pride:PXD025295,pride_project_metadata,metadata_transcription,unclear_from_metadata,see_keywords:biotin switch,unclear,unclear,Homo sapiens (human),,unclear,yes,open_deposition,PXD025295,,,,2021,Shotgun proteomics,pride_keyword:biotin switch,,0,
pride:PXD030054,pride_project_metadata,metadata_transcription,unclear_from_metadata,see_keywords:biotin switch,unclear,unclear,Arabidopsis thaliana (mouse-ear cress),,unclear,yes,open_deposition,PXD030054,35185952,,,2022,Gel-based experiment;SRM/MRM,pride_keyword:biotin switch,,0,
pride:PXD030071,pride_project_metadata,metadata_transcription,unclear_from_metadata,see_keywords:biotin switch,unclear,unclear,Arabidopsis thaliana (mouse-ear cress),,unclear,yes,open_deposition,PXD030071,35222471,,,2022,Shotgun proteomics,pride_keyword:biotin switch,,0,
pride:PXD031807,pride_project_metadata,metadata_transcription,unclear_from_metadata,see_keywords:biotin switch,unclear,unclear,Homo sapiens (human),,unclear,yes,open_deposition,PXD031807,40650288,,,2025,Gel-based experiment,pride_keyword:biotin switch,,0,
pride:PXD039437,pride_project_metadata,metadata_transcription,unclear_from_metadata,see_keywords:biotin switch,unclear,unclear,Homo sapiens (human),,unclear,yes,open_deposition,PXD039437,36739439,,,2023,Affinity purification coupled with mass spectrometry proteomics,pride_keyword:biotin switch,,0,
pride:PXD039626,pride_project_metadata,metadata_transcription,unclear_from_metadata,see_keywords:biotin switch,unclear,unclear,Homo sapiens (human);Mus musculus (mouse),,unclear,yes,open_deposition,PXD039626,37419112,,,2024,Shotgun proteomics,pride_keyword:biotin switch,,0,
pride:PXD043914,pride_project_metadata,metadata_transcription,unclear_from_metadata,see_keywords:biotin switch,unclear,unclear,Arabidopsis thaliana (mouse-ear cress),,unclear,yes,open_deposition,PXD043914,,,,2024,Affinity purification coupled with mass spectrometry proteomics;Shotgun proteomics,pride_keyword:biotin switch,,0,
pride:PXD049252,pride_project_metadata,metadata_transcription,unclear_from_metadata,see_keywords:biotin switch,unclear,unclear,Mus musculus (mouse),,unclear,yes,open_deposition,PXD049252,,,,2024,Affinity purification coupled with mass spectrometry proteomics;Bottom-up proteomics;Data-dependent acquisition,pride_keyword:biotin switch,,0,
pride:PXD050244,pride_project_metadata,metadata_transcription,unclear_from_metadata,see_keywords:biotin switch,unclear,unclear,Homo sapiens (human),,unclear,yes,open_deposition,PXD050244,40287947,,,2025,Bottom-up proteomics,pride_keyword:biotin switch,,0,
pride:PXD052414,pride_project_metadata,metadata_transcription,unclear_from_metadata,see_keywords:biotin switch,unclear,unclear,Homo sapiens (human),,unclear,yes,open_deposition,PXD052414,,,,2025,Bottom-up proteomics;Data-dependent acquisition,pride_keyword:biotin switch,,0,
prior:10.3390/cimb48080781,prior_persulfidation_screen,abstract_prior_round,persulfidation,persulfidation,unclassified,unclear,unknown,,unknown,False,open_access,10.3390/cimb48080781,42651780,PMC13510539,,2026,unknown,prior_round_screen,,0,
prior:10.1111/bph.70434,prior_persulfidation_screen,abstract_prior_round,persulfidation,persulfidation,differential_alkylation,seen_but_unmodified,"human (NSCLC cells, mouse models)",,unknown,False,paywalled,10.1111/bph.70434,41991154,,,2026,QTRP (quantitative thiol-reactivity proteomics),prior_round_screen,,0,
prior:10.3389/fphar.2026.1729145,prior_persulfidation_screen,abstract_prior_round,persulfidation,persulfidation,unclassified,unclear,mouse (in vivo); human cardiomyocytes (in vitro),,unknown,False,open_access,10.3389/fphar.2026.1729145,41878332,PMC13006662,,2026,unknown,prior_round_screen,,0,
prior:10.2147/dddt.s598622,prior_persulfidation_screen,abstract_prior_round,persulfidation,persulfidation,differential_alkylation,seen_but_unmodified,human (p53 protein),,False,False,open_access,10.2147/dddt.s598622,42182587,PMC13197676,,2026,DTNB and GSH reactivity assays; DSF screening,prior_round_screen,,0,
prior:10.1016/j.lfs.2026.124404,prior_persulfidation_screen,abstract_prior_round,persulfidation,persulfidation,unclassified,unclear,rat (Rattus norvegicus); PC12 cells,,unknown,False,paywalled,10.1016/j.lfs.2026.124404,42025943,,,2026,unknown,prior_round_screen,,0,
prior:10.1186/s40164-026-00808-x,prior_persulfidation_screen,abstract_prior_round,persulfidation,persulfidation,unclassified,unclear,human (ovarian cancer cells); mouse (in vivo model),,unknown,False,paywalled,10.1186/s40164-026-00808-x,42426828,,,2026,unknown,prior_round_screen,,0,
prior:10.1002/art.70085,prior_persulfidation_screen,abstract_prior_round,persulfidation,persulfidation,unclassified,unclear,"human dermal fibroblasts, mouse model",,True,True,paywalled,10.1002/art.70085,41657106,PMC13430133,,2026,LC-MS/MS-based S-sulfhydration proteomics,prior_round_screen,,0,
prior:10.64898/2026.06.17.733027,prior_persulfidation_screen,abstract_prior_round,persulfidation,persulfidation,unclassified,unclear,mammalian cells; mouse,,False,False,paywalled,10.64898/2026.06.17.733027,,,,2026,genetically encoded translocation reporter (SuTR),prior_round_screen,,0,
prior:10.1016/j.phymed.2026.158259,prior_persulfidation_screen,abstract_prior_round,persulfidation,persulfidation,unclassified,unclear,"mouse, rat, human pulmonary microvascular endothelial cells",,True,False,paywalled,10.1016/j.phymed.2026.158259,42090955,,,2026,unknown,prior_round_screen,,0,
prior:10.1016/j.bcp.2026.118413,prior_persulfidation_screen,abstract_prior_round,persulfidation,persulfidation,unclassified,unclear,rat,,unknown,False,paywalled,10.1016/j.bcp.2026.118413,42667966,,,2026,unknown,prior_round_screen,,0,
prior:10.3390/antiox15060696,prior_persulfidation_screen,abstract_prior_round,persulfidation,persulfidation,unclassified,unclear,Pseudomonas aeruginosa PAO1,,True,True,paywalled,10.3390/antiox15060696,42352002,,,2026,unknown,prior_round_screen,,0,
prior:10.1016/j.crmicr.2026.100617,prior_persulfidation_screen,abstract_prior_round,persulfidation,persulfidation,unclassified,unclear,Ustilago maydis,,unknown,unknown,open_access,10.1016/j.crmicr.2026.100617,42306485,PMC13266210,,2026,unknown,prior_round_screen,,0,
prior:10.1016/j.cmet.2025.11.012,prior_persulfidation_screen,abstract_prior_round,persulfidation,persulfidation,unclassified,unclear,mouse and human,,unknown,False,paywalled,10.1016/j.cmet.2025.11.012,41421349,,,2026,unknown,prior_round_screen,,0,
prior:10.1016/j.biortech.2026.135285,prior_persulfidation_screen,abstract_prior_round,persulfidation,persulfidation,unclassified,unclear,anaerobic digestion microbial community (mixed),,unknown,False,paywalled,10.1016/j.biortech.2026.135285,42385907,,,2026,unknown,prior_round_screen,,0,
prior:10.1021/acs.biochem.5c00395,prior_persulfidation_screen,abstract_prior_round,persulfidation,persulfidation,capture_enrichment,not_pulled_down,in vitro (recombinant protein),,unknown,False,paywalled,10.1021/acs.biochem.5c00395,41649517,PMC13011823,,2026,NBF-Cl/dimedone tag-switch,prior_round_screen,,0,
prior:10.3389/fcell.2026.1866744,prior_persulfidation_screen,abstract_prior_round,persulfidation,persulfidation,unclassified,unclear,unknown,,unknown,False,open_access,10.3389/fcell.2026.1866744,42388975,PMC13319007,,2026,unknown,prior_round_screen,,0,
prior:10.1073/pnas.2608150123,prior_persulfidation_screen,abstract_prior_round,persulfidation,persulfidation,unclassified,unclear,rice (Oryza sativa),,True,True,paywalled,10.1073/pnas.2608150123,42479832,,,2026,N-ethylmaleimide-biotin-based proteomics,prior_round_screen,,0,
prior:10.3390/ph19050742,prior_persulfidation_screen,abstract_prior_round,persulfidation,persulfidation,unclassified,unclear,rat (primary cerebrovascular endothelial cells); in vivo MCAO/R model,,True,False,open_access,10.3390/ph19050742,42198416,PMC13209901,,2026,LC-MS/MS,prior_round_screen,,0,
prior:10.1177/15230864251410465,prior_persulfidation_screen,abstract_prior_round,persulfidation,persulfidation,unclassified,unclear,boar (Sus scrofa),,unknown,True,paywalled,10.1177/15230864251410465,41572529,,,2026,fluorescent labeling + LC-MS/MS,prior_round_screen,,0,
prior:10.3390/biom16081130,prior_persulfidation_screen,abstract_prior_round,persulfidation,persulfidation,unclassified,unclear,unknown,,unknown,False,open_access,10.3390/biom16081130,42650798,PMC13510518,,2026,unknown,prior_round_screen,,0,
prior:10.1016/j.jot.2026.101082,prior_persulfidation_screen,abstract_prior_round,persulfidation,persulfidation,capture_enrichment,not_pulled_down,"human (tendons) + mouse (tenocytes, tendons)",,False,False,open_access,10.1016/j.jot.2026.101082,41953844,PMC13053855,,2026,dimedone-switch method,prior_round_screen,,0,
prior:10.1016/j.ijbiomac.2025.149427,prior_persulfidation_screen,abstract_prior_round,persulfidation,persulfidation,unclassified,unclear,Ganoderma lucidum,,True,True,paywalled,10.1016/j.ijbiomac.2025.149427,41344463,,,2026,quantitative proteomic mass spectrometry,prior_round_screen,,0,
prior:10.1007/s44154-026-00292-7,prior_persulfidation_screen,abstract_prior_round,persulfidation,persulfidation,capture_enrichment,not_pulled_down,Triticum aestivum (wheat),,True,False,open_access,10.1007/s44154-026-00292-7,41686347,PMC12905053,,2026,biotin-switch assay (modified),prior_round_screen,,0,
prior:10.1186/s10020-026-01517-1,prior_persulfidation_screen,abstract_prior_round,persulfidation,persulfidation,unclassified,unclear,unknown,,unknown,False,open_access,10.1186/s10020-026-01517-1,42249270,PMC13459363,,2026,unknown,prior_round_screen,,0,
prior:10.1016/j.bioorg.2026.110316,prior_persulfidation_screen,abstract_prior_round,persulfidation,persulfidation,differential_alkylation,seen_but_unmodified,"Human (HeLa, HepG2 cancer cells)",,True,True,paywalled,10.1016/j.bioorg.2026.110316,42594421,,,2026,rdTOP-ABPP (reactivity-dependent tandem orthogonal proteolysis-ABPP) with competitive labeling and TMT quantitative proteomics,prior_round_screen,,0,
prior:10.1016/j.tice.2026.103749,prior_persulfidation_screen,abstract_prior_round,persulfidation,persulfidation,unclassified,unclear,mammalian (renal cells),,False,False,paywalled,10.1016/j.tice.2026.103749,42456381,,,2026,unknown,prior_round_screen,,0,
prior:10.1007/164_2025_754,prior_persulfidation_screen,abstract_prior_round,persulfidation,persulfidation,unclassified,unclear,unknown,,unknown,False,paywalled,10.1007/164_2025_754,41746414,,,2026,unknown,prior_round_screen,,0,
prior:10.1016/j.freeradbiomed.2026.01.033,prior_persulfidation_screen,abstract_prior_round,persulfidation,persulfidation,unclassified,unclear,human (inferred from disease context),,unknown,False,paywalled,10.1016/j.freeradbiomed.2026.01.033,41570950,,,2026,unknown,prior_round_screen,,0,
prior:10.1093/jxb/eraf464,prior_persulfidation_screen,abstract_prior_round,persulfidation,persulfidation,unclassified,unclear,"Arabidopsis thaliana, crop species",,unknown,False,open_access,10.1093/jxb/eraf464,41108177,PMC13351730,,2026,unknown,prior_round_screen,,0,
prior:10.64898/2026.01.05.697748,prior_persulfidation_screen,abstract_prior_round,persulfidation,persulfidation,unclassified,unclear,Thermococcus aciditolerans SY113,,True,True,paywalled,10.64898/2026.01.05.697748,,,,2026,unknown,prior_round_screen,,0,
prior:10.1007/s00792-026-01428-3,prior_persulfidation_screen,abstract_prior_round,persulfidation,persulfidation,unclassified,unclear,Thermococcus aciditolerans SY113,,True,True,paywalled,10.1007/s00792-026-01428-3,42071045,,,2026,unknown,prior_round_screen,,0,
prior:10.1016/j.jare.2025.06.038,prior_persulfidation_screen,abstract_prior_round,persulfidation,persulfidation,unclassified,unclear,unknown,,unknown,False,open_access,10.1016/j.jare.2025.06.038,40533058,PMC12957852,,2026,unknown,prior_round_screen,,0,
prior:10.1016/j.jare.2026.01.039,prior_persulfidation_screen,abstract_prior_round,persulfidation,persulfidation,capture_enrichment,not_pulled_down,mouse (neurons),,unknown,False,paywalled,10.1016/j.jare.2026.01.039,41558604,,,2026,modified biotin switch assay,prior_round_screen,,0,
prior:10.1016/j.redox.2026.104277,prior_persulfidation_screen,abstract_prior_round,persulfidation,persulfidation,unclassified,unclear,mouse (assumed),,True,False,open_access,10.1016/j.redox.2026.104277,42365822,PMC13321394,,2026,unknown,prior_round_screen,,0,
prior:10.1111/tpj.70835,prior_persulfidation_screen,abstract_prior_round,persulfidation,persulfidation,capture_enrichment,not_pulled_down,maize (Zea mays),,True,True,paywalled,10.1111/tpj.70835,41911598,,,2026,PAT-switch (phosphate-affinity tag-switch) proteomics,prior_round_screen,,0,
prior:10.1007/s00775-026-02134-3,prior_persulfidation_screen,abstract_prior_round,persulfidation,persulfidation,capture_enrichment,not_pulled_down,unknown,,False,False,open_access,10.1007/s00775-026-02134-3,42174120,PMC13215146,,2026,NBF-Cl/dimedone switch-tagging,prior_round_screen,,0,
prior:10.1007/s42994-025-00227-2,prior_persulfidation_screen,abstract_prior_round,persulfidation,persulfidation,capture_enrichment,not_pulled_down,Arabidopsis thaliana,,True,True,open_access,10.1007/s42994-025-00227-2,40994443,PMC12454217,,2025,phosphate affinity tag switch technique,prior_round_screen,,0,
prior:10.1016/j.phymed.2025.156546,prior_persulfidation_screen,abstract_prior_round,persulfidation,persulfidation,differential_alkylation,seen_but_unmodified,rat (in vivo); IEC-6 cells (in vitro),,unknown,False,paywalled,10.1016/j.phymed.2025.156546,40058317,,,2025,reductive dimethyl labeling and rdTOP-ABPP,prior_round_screen,,0,
prior:10.1038/s41598-025-22062-7,prior_persulfidation_screen,abstract_prior_round,persulfidation,persulfidation,unclassified,unclear,nail pathogens (fungi and bacteria),,unknown,False,open_access,10.1038/s41598-025-22062-7,41173945,PMC12578836,,2025,unknown,prior_round_screen,,0,
prior:10.1016/j.intimp.2025.115720,prior_persulfidation_screen,abstract_prior_round,persulfidation,persulfidation,unclassified,unclear,rat (BV2 microglia),,True,False,paywalled,10.1016/j.intimp.2025.115720,41138304,,,2025,unknown,prior_round_screen,,0,
prior:10.1016/j.phymed.2025.157017,prior_persulfidation_screen,abstract_prior_round,persulfidation,persulfidation,differential_alkylation,seen_but_unmodified,human (breast cancer cell lines and models),,unknown,False,paywalled,10.1016/j.phymed.2025.157017,40582210,,,2025,QTRP (Quantitative Thiol Reactivity Profiling),prior_round_screen,,0,
prior:10.64898/2025.12.12.694000,prior_persulfidation_screen,abstract_prior_round,persulfidation,persulfidation,unclassified,unclear,human (ovarian cancer cells),,unknown,False,paywalled,10.64898/2025.12.12.694000,,,,2025,unknown,prior_round_screen,,0,
prior:10.1021/acs.jmedchem.5c01169,prior_persulfidation_screen,abstract_prior_round,persulfidation,persulfidation,unclassified,unclear,rat (MIRI model),,False,False,paywalled,10.1021/acs.jmedchem.5c01169,40557820,,,2025,unknown,prior_round_screen,,0,
prior:10.1248/cpb.c25-00462,prior_persulfidation_screen,abstract_prior_round,persulfidation,persulfidation,unclassified,unclear,unknown,,unknown,False,paywalled,10.1248/cpb.c25-00462,40993068,,,2025,dinitrobenzene-based fluorogenic probe,prior_round_screen,,0,
prior:10.3390/biom15081197,prior_persulfidation_screen,abstract_prior_round,persulfidation,persulfidation,unclassified,unclear,mouse (STZ-induced type 1 diabetes model),,unknown,False,open_access,10.3390/biom15081197,40867642,PMC12384692,,2025,unknown,prior_round_screen,,0,
prior:10.1093/nsr/nwaf002,prior_persulfidation_screen,abstract_prior_round,persulfidation,persulfidation,unclassified,unclear,human (osteosarcoma cells),,unknown,False,open_access,10.1093/nsr/nwaf002,39936146,PMC11812574,,2025,unknown,prior_round_screen,,0,
prior:10.1016/j.jare.2024.05.033,prior_persulfidation_screen,abstract_prior_round,persulfidation,persulfidation,unclassified,unclear,mouse (macrophages and chondrocytes),,True,False,open_access,10.1016/j.jare.2024.05.033,38844123,PMC12126715,,2025,sulfhydration assay (unspecified),prior_round_screen,,0,
prior:10.1016/j.foodchem.2025.145428,prior_persulfidation_screen,abstract_prior_round,persulfidation,persulfidation,unclassified,unclear,green pepper (Capsicum annuum),,False,False,paywalled,10.1016/j.foodchem.2025.145428,40628047,,,2025,unknown,prior_round_screen,,0,
prior:10.1111/mpp.70145,prior_persulfidation_screen,abstract_prior_round,persulfidation,persulfidation,unclassified,unclear,Robinia pseudoacacia,,True,False,open_access,10.1111/mpp.70145,41044905,PMC12495139,,2025,"LC-MS/MS, UPLC-ESI-MS/MS",prior_round_screen,,0,
prior:,prior_persulfidation_screen,abstract_prior_round,persulfidation,persulfidation,unclassified,unclear,green pepper (Capsicum annuum),,False,False,paywalled,,,,,2025,unknown,prior_round_screen,,0,
prior:10.1038/s41467-025-61582-8,prior_persulfidation_screen,abstract_prior_round,persulfidation,persulfidation,unclassified,unclear,Magnaporthe oryzae,,True,True,open_access,10.1038/s41467-025-61582-8,40617858,PMC12228824,,2025,unknown,prior_round_screen,,0,
prior:10.1111/cns.70278,prior_persulfidation_screen,abstract_prior_round,persulfidation,persulfidation,unclassified,unclear,"human (patients), rat, SH-SY5Y cells",,False,False,open_access,10.1111/cns.70278,39963874,PMC11833453,,2025,protein S-sulfhydrylation test (unspecified),prior_round_screen,,0,
prior:10.1002/advs.202413607,prior_persulfidation_screen,abstract_prior_round,persulfidation,persulfidation,unclassified,unclear,human (breast cancer TAMs),,True,False,open_access,10.1002/advs.202413607,39755930,PMC11848574,,2025,unknown,prior_round_screen,,0,
prior:10.1371/journal.ppat.1013164,prior_persulfidation_screen,abstract_prior_round,persulfidation,persulfidation,unclassified,unclear,"human (cells, patient swabs), mouse, hamster",,unknown,False,open_access,10.1371/journal.ppat.1013164,40388397,PMC12129340,,2025,unknown,prior_round_screen,,0,
prior:10.1016/j.cellsig.2025.112075,prior_persulfidation_screen,abstract_prior_round,persulfidation,persulfidation,unclassified,unclear,mouse (vascular tissue); cultured VSMCs,,True,False,paywalled,10.1016/j.cellsig.2025.112075,40840764,,,2025,unknown,prior_round_screen,,0,
prior:10.1093/jxb/eraf100,prior_persulfidation_screen,abstract_prior_round,persulfidation,persulfidation,unclassified,unclear,plants (general),,unknown,False,paywalled,10.1093/jxb/eraf100,40059712,,,2025,unknown,prior_round_screen,,0,
prior:10.1038/s41420-025-02736-x,prior_persulfidation_screen,abstract_prior_round,persulfidation,persulfidation,unclassified,unclear,rat,,True,False,open_access,10.1038/s41420-025-02736-x,41053008,PMC12500895,,2025,unknown,prior_round_screen,,0,
prior:10.1016/j.phymed.2025.156868,prior_persulfidation_screen,abstract_prior_round,persulfidation,persulfidation,differential_alkylation,seen_but_unmodified,mouse (C57BL/6) and rat cardiomyocyte (H9c2),,True,False,paywalled,10.1016/j.phymed.2025.156868,40513321,,,2025,rdTOP-ABPP (reducing dimethyl labeling with tandem orthogonal proteolysis-activity-based protein profiling),prior_round_screen,,0,
prior:10.1002/advs.202406695,prior_persulfidation_screen,abstract_prior_round,persulfidation,persulfidation,unclassified,unclear,unknown,,True,False,open_access,10.1002/advs.202406695,39495652,PMC11714204,,2025,unknown,prior_round_screen,,0,
prior:10.1172/jci176942,prior_persulfidation_screen,abstract_prior_round,persulfidation,persulfidation,unclassified,unclear,mouse (mdx),,unknown,False,open_access,10.1172/jci176942,39808494,PMC11870723,,2025,chemo-proteomics (unspecified),prior_round_screen,,0,
prior:10.1016/j.foodchem.2025.145372,prior_persulfidation_screen,abstract_prior_round,persulfidation,persulfidation,unclassified,unclear,Agaricus bisporus,,True,False,paywalled,10.1016/j.foodchem.2025.145372,40609360,,,2025,unknown,prior_round_screen,,0,
prior:,prior_persulfidation_screen,abstract_prior_round,persulfidation,persulfidation,unclassified,unclear,Agaricus bisporus (mushroom),,True,False,paywalled,,,,,2025,unknown,prior_round_screen,,0,
prior:10.1016/j.bbadis.2025.167659,prior_persulfidation_screen,abstract_prior_round,persulfidation,persulfidation,unclassified,unclear,human,,unknown,False,paywalled,10.1016/j.bbadis.2025.167659,39788217,,,2025,unknown,prior_round_screen,,0,
prior:10.1016/j.freeradbiomed.2025.05.436,prior_persulfidation_screen,abstract_prior_round,persulfidation,persulfidation,unclassified,unclear,mouse,,True,False,paywalled,10.1016/j.freeradbiomed.2025.05.436,40473048,,,2025,unknown,prior_round_screen,,0,
prior:10.1016/j.redox.2025.103809,prior_persulfidation_screen,abstract_prior_round,persulfidation,persulfidation,capture_enrichment,not_pulled_down,mouse (dietary model); human liver tissue,,True,True,open_access,10.1016/j.redox.2025.103809,40889425,PMC12421645,,2025,dimedone-switch mass spectrometry,prior_round_screen,,0,
prior:10.1016/j.redox.2025.103627,prior_persulfidation_screen,abstract_prior_round,persulfidation,persulfidation,unclassified,unclear,Arabidopsis thaliana,,unknown,True,open_access,10.1016/j.redox.2025.103627,40220625,PMC12018006,,2025,unknown,prior_round_screen,,0,
prior:10.1016/j.molp.2025.09.013,prior_persulfidation_screen,abstract_prior_round,persulfidation,persulfidation,unclassified,unclear,soybean (Glycine max) / Sinorhizobium fredii,,True,False,paywalled,10.1016/j.molp.2025.09.013,40958419,,,2025,unknown,prior_round_screen,,0,
prior:10.1016/j.neurot.2025.e00726,prior_persulfidation_screen,abstract_prior_round,persulfidation,persulfidation,unclassified,unclear,"human (brain tissue, inferred from context)",,unknown,False,open_access,10.1016/j.neurot.2025.e00726,40887391,PMC12664503,,2025,unknown,prior_round_screen,,0,
prior:10.2147/dmso.s505138,prior_persulfidation_screen,abstract_prior_round,persulfidation,persulfidation,unclassified,unclear,"multiple (cardiomyocytes, endothelial cells, diabetes models)",,unknown,False,open_access,10.2147/dmso.s505138,40330316,PMC12053776,,2025,unknown,prior_round_screen,,0,
prior:10.1093/bioinformatics/btaf078,prior_persulfidation_screen,abstract_prior_round,persulfidation,persulfidation,unclassified,unclear,unknown,,unknown,False,open_access,10.1093/bioinformatics/btaf078,39977366,PMC11908646,,2025,unknown,prior_round_screen,,0,
prior:10.1172/jci181299,prior_persulfidation_screen,abstract_prior_round,persulfidation,persulfidation,unclassified,unclear,mouse (SOXD knockout model),,True,True,open_access,10.1172/jci181299,41178722,PMC12578401,,2025,mass spectrometry persulfidome analysis,prior_round_screen,,0,
prior:10.3390/biom15121699,prior_persulfidation_screen,abstract_prior_round,persulfidation,persulfidation,capture_enrichment,not_pulled_down,unknown,,unknown,False,open_access,10.3390/biom15121699,41463355,PMC12731006,,2025,ABPP / TOP-ABPP / IsoTOP-ABPP,prior_round_screen,,0,
prior:10.1093/plphys/kiae560,prior_persulfidation_screen,abstract_prior_round,persulfidation,persulfidation,unclassified,unclear,tomato (Solanum lycopersicum),,True,False,paywalled,10.1093/plphys/kiae560,39431534,,,2025,unknown,prior_round_screen,,0,
prior:10.1016/j.ejphar.2025.177760,prior_persulfidation_screen,abstract_prior_round,persulfidation,persulfidation,unclassified,unclear,Sprague-Dawley rat,,False,False,paywalled,10.1016/j.ejphar.2025.177760,40419134,,,2025,unknown,prior_round_screen,,0,
prior:10.1016/j.redox.2025.103736,prior_persulfidation_screen,abstract_prior_round,persulfidation,persulfidation,unclassified,unclear,human (vascular smooth muscle cells),,False,False,open_access,10.1016/j.redox.2025.103736,40580755,PMC12269417,,2025,unknown,prior_round_screen,,0,
prior:,prior_persulfidation_screen,abstract_prior_round,persulfidation,persulfidation,unclassified,unclear,rat (OVA model); human bronchial epithelial cells (BEAS-2B),,unknown,False,paywalled,,,,,2025,unknown,prior_round_screen,,0,
prior:10.1016/j.jep.2025.119649,prior_persulfidation_screen,abstract_prior_round,persulfidation,persulfidation,unclassified,unclear,rat (OVA model) and human BEAS-2B cells,,unknown,False,paywalled,10.1016/j.jep.2025.119649,40222689,,,2025,unknown,prior_round_screen,,0,
prior:10.1002/mnfr.202300622,prior_persulfidation_screen,abstract_prior_round,persulfidation,persulfidation,unclassified,unclear,broiler chicken (Arbor Acres),,unknown,False,paywalled,10.1002/mnfr.202300622,38339885,,,2024,unknown,prior_round_screen,,0,
prior:10.1021/acs.analchem.4c02717,prior_persulfidation_screen,abstract_prior_round,persulfidation,persulfidation,capture_enrichment,not_pulled_down,unknown,,True,True,paywalled,10.1021/acs.analchem.4c02717,39171919,,,2024,reducible covalent capture,prior_round_screen,,0,
prior:10.3389/fphar.2024.1404532,prior_persulfidation_screen,abstract_prior_round,persulfidation,persulfidation,unclassified,unclear,"human (cancer cell lines: KYSE450, A549, HCT8)",,unknown,False,open_access,10.3389/fphar.2024.1404532,38828455,PMC11143879,,2024,unknown,prior_round_screen,,0,
prior:10.1016/j.bpc.2024.107317,prior_persulfidation_screen,abstract_prior_round,persulfidation,persulfidation,unclassified,unclear,unknown,,unknown,False,paywalled,10.1016/j.bpc.2024.107317,39236424,,,2024,unknown,prior_round_screen,,0,
prior:10.1016/j.scitotenv.2024.175332,prior_persulfidation_screen,abstract_prior_round,persulfidation,persulfidation,unclassified,unclear,mouse (AML12 cells and liver),,unknown,False,paywalled,10.1016/j.scitotenv.2024.175332,39117219,,,2024,unknown,prior_round_screen,,0,
prior:10.1016/j.redox.2024.103222,prior_persulfidation_screen,abstract_prior_round,persulfidation,persulfidation,unclassified,unclear,mouse (transgenic I278T model),,unknown,False,open_access,10.1016/j.redox.2024.103222,38843767,PMC11190558,,2024,unknown,prior_round_screen,,0,
prior:10.1038/s41418-024-01365-8,prior_persulfidation_screen,abstract_prior_round,persulfidation,persulfidation,unclassified,unclear,"mouse, human kidney tissue",,unknown,False,paywalled,10.1038/s41418-024-01365-8,39169174,PMC11618416,,2024,unknown,prior_round_screen,,0,
prior:10.1016/j.fct.2024.114746,prior_persulfidation_screen,abstract_prior_round,persulfidation,persulfidation,unclassified,unclear,mouse (GC-1 spg cells),,False,False,paywalled,10.1016/j.fct.2024.114746,38768936,,,2024,unknown,prior_round_screen,,0,
prior:,prior_persulfidation_screen,abstract_prior_round,persulfidation,persulfidation,capture_enrichment,not_pulled_down,mouse (C2C12 myoblasts),,True,False,paywalled,,,,,2024,biotin switch assay,prior_round_screen,,0,
prior:10.1016/j.heliyon.2024.e38661,prior_persulfidation_screen,abstract_prior_round,persulfidation,persulfidation,capture_enrichment,not_pulled_down,mouse (C2C12 myoblasts),,True,False,open_access,10.1016/j.heliyon.2024.e38661,39416846,PMC11481675,,2024,biotin switch assay,prior_round_screen,,0,
prior:10.3390/plants13243490,prior_persulfidation_screen,abstract_prior_round,persulfidation,persulfidation,unclassified,unclear,Rice (Oryza sativa),,False,False,open_access,10.3390/plants13243490,39771188,PMC11728468,,2024,unknown,prior_round_screen,,0,
prior:10.3390/biomedicines12091951,prior_persulfidation_screen,abstract_prior_round,persulfidation,persulfidation,unclassified,unclear,human (atherosclerosis context),,unknown,False,open_access,10.3390/biomedicines12091951,39335465,PMC11429404,,2024,unknown,prior_round_screen,,0,
prior:10.1021/acsami.4c02761,prior_persulfidation_screen,abstract_prior_round,persulfidation,persulfidation,unclassified,unclear,"human (cancer cells, breast cancer patients)",,False,False,paywalled,10.1021/acsami.4c02761,38747624,,,2024,unknown,prior_round_screen,,0,
prior:10.1016/j.niox.2024.01.003,prior_persulfidation_screen,abstract_prior_round,persulfidation,persulfidation,unclassified,unclear,unknown,,unknown,False,paywalled,10.1016/j.niox.2024.01.003,38307376,,,2024,unknown,prior_round_screen,,0,
prior:10.1016/j.freeradbiomed.2024.02.024,prior_persulfidation_screen,abstract_prior_round,persulfidation,persulfidation,unclassified,unclear,human (diabetic aortic endothelium),,True,False,paywalled,10.1016/j.freeradbiomed.2024.02.024,38479633,,,2024,unknown,prior_round_screen,,0,
prior:10.1002/jcsm.13560,prior_persulfidation_screen,abstract_prior_round,persulfidation,persulfidation,capture_enrichment,not_pulled_down,mouse (Mus musculus) and C2C12 myotubes,,unknown,False,open_access,10.1002/jcsm.13560,39189428,PMC11446701,,2024,biotin-switch assay (for S-sulfhydration detection),prior_round_screen,,0,
prior:10.3892/mmr.2024.13259,prior_persulfidation_screen,abstract_prior_round,persulfidation,persulfidation,capture_enrichment,not_pulled_down,human (THP-1 macrophages),,unknown,False,open_access,10.3892/mmr.2024.13259,38873985,PMC11188054,,2024,biotin switch assay,prior_round_screen,,0,
prior:10.3390/ijms25179679,prior_persulfidation_screen,abstract_prior_round,persulfidation,persulfidation,unclassified,unclear,Arabidopsis thaliana,,True,False,open_access,10.3390/ijms25179679,39273626,PMC11395816,,2024,unknown,prior_round_screen,,0,
prior:10.1016/j.freeradbiomed.2024.10.294,prior_persulfidation_screen,abstract_prior_round,persulfidation,persulfidation,unclassified,unclear,mouse and HepG2 cells,,True,False,paywalled,10.1016/j.freeradbiomed.2024.10.294,39427745,,,2024,unknown,prior_round_screen,,0,
prior:10.1016/j.ejphar.2024.176345,prior_persulfidation_screen,abstract_prior_round,persulfidation,persulfidation,unclassified,unclear,unknown,,unknown,False,paywalled,10.1016/j.ejphar.2024.176345,38244760,,,2024,unknown,prior_round_screen,,0,
prior:10.1038/s41419-024-07167-7,prior_persulfidation_screen,abstract_prior_round,persulfidation,persulfidation,unclassified,unclear,human,,True,False,open_access,10.1038/s41419-024-07167-7,39461943,PMC11513031,,2024,unknown,prior_round_screen,,0,
prior:10.3390/antiox13111402,prior_persulfidation_screen,abstract_prior_round,persulfidation,persulfidation,unclassified,unclear,human,,True,False,open_access,10.3390/antiox13111402,39594544,PMC11591423,,2024,unknown,prior_round_screen,,0,
prior:10.1093/jxb/erad436,prior_persulfidation_screen,abstract_prior_round,persulfidation,persulfidation,capture_enrichment,not_pulled_down,Phaseolus vulgaris (common bean) nodules; rhizobia bacteroids,,True,True,open_access,10.1093/jxb/erad436,37952184,PMC11103110,,2024,tag-switch method,prior_round_screen,,0,
prior:10.3390/antiox13060719,prior_persulfidation_screen,abstract_prior_round,persulfidation,persulfidation,capture_enrichment,not_pulled_down,Capsicum annuum (sweet pepper),,False,True,paywalled,10.3390/antiox13060719,38929158,,,2024,dimedone switch method,prior_round_screen,,0,
prior:10.1128/mbio.02387-24,prior_persulfidation_screen,abstract_prior_round,persulfidation,persulfidation,unclassified,unclear,"mixed (E. coli, human microbiome, mouse)",,unknown,False,open_access,10.1128/mbio.02387-24,39254316,PMC11481575,,2024,unknown,prior_round_screen,,0,
prior:10.1515/hsz-2024-0038,prior_persulfidation_screen,abstract_prior_round,persulfidation,persulfidation,unclassified,unclear,Arabidopsis (plant mitochondria focus),,unknown,False,paywalled,10.1515/hsz-2024-0038,39303198,,,2024,unknown,prior_round_screen,,0,
prior:10.1042/ebc20230095,prior_persulfidation_screen,abstract_prior_round,persulfidation,persulfidation,unclassified,unclear,mammalian cells and tissues,,unknown,False,open_access,10.1042/ebc20230095,39290133,PMC11625863,,2024,unknown,prior_round_screen,,0,
prior:10.3389/fcell.2024.1453901,prior_persulfidation_screen,abstract_prior_round,persulfidation,persulfidation,unclassified,unclear,unknown,,unknown,False,open_access,10.3389/fcell.2024.1453901,39252788,PMC11381397,,2024,unknown,prior_round_screen,,0,
prior:10.1021/jacs.4c05711,prior_persulfidation_screen,abstract_prior_round,persulfidation,persulfidation,differential_alkylation,seen_but_unmodified,human,,unknown,False,paywalled,10.1021/jacs.4c05711,39541547,PMC11995717,,2024,STRP (scalable thiol reactivity profiling),prior_round_screen,,0,
prior:10.1101/2024.03.13.584820,prior_persulfidation_screen,abstract_prior_round,persulfidation,persulfidation,unclassified,unclear,mouse (SOX-deficient knockout),,unknown,True,paywalled,10.1101/2024.03.13.584820,,,,2024,mass spectrometric analysis of total protein persulfidome,prior_round_screen,,0,
prior:10.1016/j.freeradbiomed.2024.08.041,prior_persulfidation_screen,abstract_prior_round,persulfidation,persulfidation,unclassified,unclear,human,,unknown,False,paywalled,10.1016/j.freeradbiomed.2024.08.041,39218121,,,2024,unknown,prior_round_screen,,0,
prior:10.1016/j.plaphy.2024.108810,prior_persulfidation_screen,abstract_prior_round,persulfidation,persulfidation,unclassified,unclear,seed (unspecified species),,unknown,False,paywalled,10.1016/j.plaphy.2024.108810,38857563,,,2024,unknown,prior_round_screen,,0,
prior:10.1016/j.redox.2024.103125,prior_persulfidation_screen,abstract_prior_round,persulfidation,persulfidation,unclassified,unclear,mouse and human macrophages,,unknown,True,open_access,10.1016/j.redox.2024.103125,38574432,PMC11000178,,2024,unknown,prior_round_screen,,0,
prior:10.3390/antiox12030652,prior_persulfidation_screen,abstract_prior_round,persulfidation,persulfidation,unclassified,unclear,mammals (general),,unknown,False,open_access,10.3390/antiox12030652,36978900,PMC10044936,,2023,unknown,prior_round_screen,,0,
prior:10.1016/j.jare.2022.03.010,prior_persulfidation_screen,abstract_prior_round,persulfidation,persulfidation,capture_enrichment,not_pulled_down,mouse,,unknown,False,open_access,10.1016/j.jare.2022.03.010,36725190,PMC9936422,,2023,biotin switch assay,prior_round_screen,,0,
prior:10.1021/acschembio.3c00360,prior_persulfidation_screen,abstract_prior_round,persulfidation,persulfidation,capture_enrichment,not_pulled_down,bacteria,,True,True,paywalled,10.1021/acschembio.3c00360,37561838,PMC10569480,,2023,isoTOP-ABPP,prior_round_screen,,0,
prior:10.1089/ars.2023.0352,prior_persulfidation_screen,abstract_prior_round,persulfidation,persulfidation,unclassified,unclear,unknown,,unknown,False,open_access,10.1089/ars.2023.0352,37288744,PMC10433728,,2023,unknown,prior_round_screen,,0,
prior:10.1161/circulationaha.122.062743,prior_persulfidation_screen,abstract_prior_round,persulfidation,persulfidation,unclassified,unclear,"mouse, human plasma/tissue",,True,False,paywalled,10.1161/circulationaha.122.062743,36951067,,,2023,unknown,prior_round_screen,,0,
prior:10.1016/j.redox.2023.102694,prior_persulfidation_screen,abstract_prior_round,persulfidation,persulfidation,unclassified,unclear,"human endothelial cells, mice",,unknown,False,paywalled,10.1016/j.redox.2023.102694,37030150,PMC10119959,,2023,unknown,prior_round_screen,,0,
prior:10.1002/jcsm.13347,prior_persulfidation_screen,abstract_prior_round,persulfidation,persulfidation,capture_enrichment,not_pulled_down,mouse (db/db) and human cardiomyocytes,,True,False,open_access,10.1002/jcsm.13347,37899701,PMC10751422,,2023,biotin-switch assay,prior_round_screen,,0,
prior:10.1038/s41467-023-39078-0,prior_persulfidation_screen,abstract_prior_round,persulfidation,persulfidation,capture_enrichment,not_pulled_down,Arabidopsis thaliana,,True,True,open_access,10.1038/s41467-023-39078-0,37277371,PMC10241878,,2023,FAT-switch (fluorous affinity tag-switch),prior_round_screen,,0,
prior:10.3390/ijms24032898,prior_persulfidation_screen,abstract_prior_round,persulfidation,persulfidation,unclassified,unclear,"human (HEK293T, MDA-MB-231 cells)",,True,False,open_access,10.3390/ijms24032898,36769221,PMC9917502,,2023,PEG-switch,prior_round_screen,,0,
prior:10.1007/s11064-022-03840-5,prior_persulfidation_screen,abstract_prior_round,persulfidation,persulfidation,unclassified,unclear,mouse (primary astrocytes),,False,False,open_access,10.1007/s11064-022-03840-5,36482035,PMC10066098,,2023,unknown,prior_round_screen,,0,
prior:10.1016/j.tjnut.2023.08.024,prior_persulfidation_screen,abstract_prior_round,persulfidation,persulfidation,unclassified,unclear,chicken (Gallus gallus),,unknown,False,paywalled,10.1016/j.tjnut.2023.08.024,37611831,,,2023,unknown,prior_round_screen,,0,
prior:10.1089/ars.2023.0267,prior_persulfidation_screen,abstract_prior_round,persulfidation,persulfidation,unclassified,unclear,plants,,unknown,False,paywalled,10.1089/ars.2023.0267,36924280,,,2023,unknown,prior_round_screen,,0,
prior:10.21203/rs.3.rs-3042139/v1,prior_persulfidation_screen,abstract_prior_round,persulfidation,persulfidation,unclassified,unclear,Ganoderma lucidum,,True,True,paywalled,10.21203/rs.3.rs-3042139/v1,,,,2023,quantitative proteomic mass spectrometry,prior_round_screen,,0,
prior:10.1016/j.biopha.2022.114200,prior_persulfidation_screen,abstract_prior_round,persulfidation,persulfidation,unclassified,unclear,mouse (db/db) and rat (neonatal cardiomyocytes),,unknown,False,paywalled,10.1016/j.biopha.2022.114200,36750014,,,2023,unknown,prior_round_screen,,0,
prior:10.1210/endocr/bqad107,prior_persulfidation_screen,abstract_prior_round,persulfidation,persulfidation,capture_enrichment,not_pulled_down,human,,True,True,paywalled,10.1210/endocr/bqad107,37439247,PMC10413431,,2023,Tag-Switch + low-pH quantitative thiol reactivity profiling,prior_round_screen,,0,
prior:10.1021/acsorginorgau.3c00004,prior_persulfidation_screen,abstract_prior_round,persulfidation,persulfidation,unclassified,unclear,unknown,,False,False,open_access,10.1021/acsorginorgau.3c00004,37810413,PMC10557059,,2023,unknown,prior_round_screen,,0,
prior:10.1111/nph.18838,prior_persulfidation_screen,abstract_prior_round,persulfidation,persulfidation,unclassified,unclear,Arabidopsis,,unknown,True,paywalled,10.1111/nph.18838,36840421,,,2023,label-free quantitative proteomics,prior_round_screen,,0,
prior:10.3389/fcell.2023.1332049,prior_persulfidation_screen,abstract_prior_round,persulfidation,persulfidation,unclassified,unclear,unknown,,unknown,False,open_access,10.3389/fcell.2023.1332049,38259518,PMC10801156,,2023,unknown,prior_round_screen,,0,
prior:10.3390/antiox12040789,prior_persulfidation_screen,abstract_prior_round,persulfidation,persulfidation,unclassified,unclear,Arabidopsis thaliana (plant leaf tissue),,False,True,open_access,10.3390/antiox12040789,37107163,PMC10135009,,2023,label-free quantitative proteomics,prior_round_screen,,0,
prior:10.1080/13510002.2022.2163354,prior_persulfidation_screen,abstract_prior_round,persulfidation,persulfidation,unclassified,unclear,mouse,,True,False,open_access,10.1080/13510002.2022.2163354,36661247,PMC9869992,,2023,unknown,prior_round_screen,,0,
prior:10.1016/j.phrs.2023.106788,prior_persulfidation_screen,abstract_prior_round,persulfidation,persulfidation,unclassified,unclear,mouse (BMSCs); human inferred,,False,False,paywalled,10.1016/j.phrs.2023.106788,37146925,,,2023,unknown,prior_round_screen,,0,
prior:10.3390/ijms24098001,prior_persulfidation_screen,abstract_prior_round,persulfidation,persulfidation,unclassified,unclear,Soybean (Glycine max),,True,False,open_access,10.3390/ijms24098001,37175708,PMC10178856,,2023,unknown,prior_round_screen,,0,
prior:10.1093/jxb/erad165,prior_persulfidation_screen,abstract_prior_round,persulfidation,persulfidation,unclassified,unclear,Arabidopsis,,unknown,True,open_access,10.1093/jxb/erad165,37148339,PMC10433926,,2023,unknown,prior_round_screen,,0,
prior:10.3389/fphar.2023.1303465,prior_persulfidation_screen,abstract_prior_round,persulfidation,persulfidation,unclassified,unclear,unknown,,unknown,False,open_access,10.3389/fphar.2023.1303465,38074127,PMC10704606,,2023,unknown,prior_round_screen,,0,
prior:10.3390/antiox12020423,prior_persulfidation_screen,abstract_prior_round,persulfidation,persulfidation,unclassified,unclear,Synechococcus sp. PCC7002,,True,False,open_access,10.3390/antiox12020423,36829981,PMC9952342,,2023,unknown,prior_round_screen,,0,
prior:10.1016/j.micres.2023.127366,prior_persulfidation_screen,abstract_prior_round,persulfidation,persulfidation,capture_enrichment,not_pulled_down,mixed (eukaryotes and bacteria),,unknown,False,paywalled,10.1016/j.micres.2023.127366,36989759,,,2023,"biotin-switch, modified biotin-switch, alkylation-based cysteine-labelled assay, Tag-switch (review of methods)",prior_round_screen,,0,
prior:10.1016/j.bioactmat.2021.07.011,prior_persulfidation_screen,abstract_prior_round,persulfidation,persulfidation,unclassified,unclear,rat,,False,False,open_access,10.1016/j.bioactmat.2021.07.011,34820564,PMC8586025,,2022,unknown,prior_round_screen,,0,
prior:10.1002/chem.202200776,prior_persulfidation_screen,abstract_prior_round,persulfidation,persulfidation,unclassified,unclear,unknown,,False,False,paywalled,10.1002/chem.202200776,35470499,,,2022,unknown,prior_round_screen,,0,
prior:10.1111/plb.13319,prior_persulfidation_screen,abstract_prior_round,persulfidation,persulfidation,unclassified,unclear,legumes,,unknown,False,paywalled,10.1111/plb.13319,34693601,,,2022,unknown,prior_round_screen,,0,
prior:10.1016/j.redox.2022.102519,prior_persulfidation_screen,abstract_prior_round,persulfidation,persulfidation,unclassified,unclear,mouse,,True,False,open_access,10.1016/j.redox.2022.102519,36327794,PMC9626384,,2022,unknown,prior_round_screen,,0,
prior:10.1016/bs.mie.2022.07.024,prior_persulfidation_screen,abstract_prior_round,persulfidation,persulfidation,capture_enrichment,not_pulled_down,plants (general),,unknown,False,paywalled,10.1016/bs.mie.2022.07.024,36280359,,,2022,dimedone switch method,prior_round_screen,,0,
prior:10.3389/fphys.2022.844539,prior_persulfidation_screen,abstract_prior_round,persulfidation,persulfidation,unclassified,unclear,mouse,,False,False,open_access,10.3389/fphys.2022.844539,35464091,PMC9019569,,2022,unknown,prior_round_screen,,0,
prior:10.3390/cells11213465,prior_persulfidation_screen,abstract_prior_round,persulfidation,persulfidation,unclassified,unclear,mouse (db/db),,True,False,open_access,10.3390/cells11213465,36359861,PMC9658184,,2022,LC-MS/MS ubiquitylation analysis,prior_round_screen,,0,
prior:10.1002/1873-3468.14433,prior_persulfidation_screen,abstract_prior_round,persulfidation,persulfidation,unclassified,unclear,Arabidopsis thaliana,,unknown,False,paywalled,10.1002/1873-3468.14433,35735749,,,2022,unknown,prior_round_screen,,0,
prior:10.1016/j.bioorg.2021.105536,prior_persulfidation_screen,abstract_prior_round,persulfidation,persulfidation,capture_enrichment,not_pulled_down,murine (BV-2 microglia cells); 5XFAD mice,,True,False,paywalled,10.1016/j.bioorg.2021.105536,34894577,,,2022,isoTOP-ABPP / QTRP (quantitative thiol reactivity profiling),prior_round_screen,,0,
prior:10.1089/ars.2021.0029,prior_persulfidation_screen,abstract_prior_round,persulfidation,persulfidation,unclassified,unclear,human (in vivo and in vitro),,True,False,paywalled,10.1089/ars.2021.0029,34409847,,,2022,unknown,prior_round_screen,,0,
prior:10.1038/s41401-021-00794-2,prior_persulfidation_screen,abstract_prior_round,persulfidation,persulfidation,differential_alkylation,seen_but_unmodified,neonatal mice,,unknown,False,paywalled,10.1038/s41401-021-00794-2,34737419,PMC9253102,,2022,TMT-based proteomics,prior_round_screen,,0,
prior:10.3389/fnut.2022.951000,prior_persulfidation_screen,abstract_prior_round,persulfidation,persulfidation,unclassified,unclear,human,,unknown,True,open_access,10.3389/fnut.2022.951000,36466423,PMC9713250,,2022,unknown,prior_round_screen,,0,
prior:10.1002/anie.202114373,prior_persulfidation_screen,abstract_prior_round,persulfidation,persulfidation,differential_alkylation,seen_but_unmodified,unknown,,False,False,paywalled,10.1002/anie.202114373,34811855,,,2022,rdTOP-ABPP,prior_round_screen,,0,
prior:10.1002/chem.202200540,prior_persulfidation_screen,abstract_prior_round,persulfidation,persulfidation,capture_enrichment,not_pulled_down,"human cell lines (HepG2, H9c2)",,unknown,False,paywalled,10.1002/chem.202200540,35390207,,,2022,"LC-MS/MS, tag-switch strategy",prior_round_screen,,0,
prior:10.1016/j.niox.2022.09.005,prior_persulfidation_screen,abstract_prior_round,persulfidation,persulfidation,unclassified,unclear,"murine (ATDC5 chondrocytes, RAW 264.7 macrophages)",,False,False,paywalled,10.1016/j.niox.2022.09.005,36216240,,,2022,unknown,prior_round_screen,,0,
prior:10.1016/j.arr.2022.101579,prior_persulfidation_screen,abstract_prior_round,persulfidation,persulfidation,unclassified,unclear,unknown,,unknown,False,paywalled,10.1016/j.arr.2022.101579,35124235,,,2022,unknown,prior_round_screen,,0,
prior:10.3389/fpls.2022.958490,prior_persulfidation_screen,abstract_prior_round,persulfidation,persulfidation,unclassified,unclear,plants,,unknown,False,open_access,10.3389/fpls.2022.958490,36051294,PMC9426629,,2022,unknown,prior_round_screen,,0,
prior:10.1016/j.redox.2022.102433,prior_persulfidation_screen,abstract_prior_round,persulfidation,persulfidation,unclassified,unclear,human (PDI); mammalian cell lines,,False,False,open_access,10.1016/j.redox.2022.102433,35987086,PMC9411671,,2022,SSP4 (fluorescent probe),prior_round_screen,,0,
prior:10.3390/antiox11040732,prior_persulfidation_screen,abstract_prior_round,persulfidation,persulfidation,unclassified,unclear,rat (adjuvant-induced arthritis model),,unknown,False,open_access,10.3390/antiox11040732,35453416,PMC9030249,,2022,unknown,prior_round_screen,,0,
prior:10.3390/antiox11061095,prior_persulfidation_screen,abstract_prior_round,persulfidation,persulfidation,capture_enrichment,not_pulled_down,human adipocytes,,unknown,True,open_access,10.3390/antiox11061095,35739994,PMC9220337,,2022,dimedone-switch with label-free quantitative mass spectrometry,prior_round_screen,,0,
prior:10.1007/s10815-021-02314-x,prior_persulfidation_screen,abstract_prior_round,persulfidation,persulfidation,capture_enrichment,not_pulled_down,human sperm; mouse spermatogonial cells,,True,True,open_access,10.1007/s10815-021-02314-x,34664184,PMC8666411,,2021,biotin-switch assay,prior_round_screen,,0,
prior:10.1016/j.freeradbiomed.2020.12.440,prior_persulfidation_screen,abstract_prior_round,persulfidation,persulfidation,unclassified,unclear,unknown,,True,False,paywalled,10.1016/j.freeradbiomed.2020.12.440,33418108,,,2021,unknown,prior_round_screen,,0,
prior:10.1152/ajpcell.00040.2020,prior_persulfidation_screen,abstract_prior_round,persulfidation,persulfidation,unclassified,unclear,unknown,,unknown,False,paywalled,10.1152/ajpcell.00040.2020,33264075,PMC7948008,,2021,unknown,prior_round_screen,,0,
prior:10.1126/sciadv.abe7006,prior_persulfidation_screen,abstract_prior_round,persulfidation,persulfidation,capture_enrichment,not_pulled_down,unknown,,unknown,False,open_access,10.1126/sciadv.abe7006,33883133,PMC8059920,,2021,ProPerDP,prior_round_screen,,0,
prior:10.1016/j.bioorg.2020.104536,prior_persulfidation_screen,abstract_prior_round,persulfidation,persulfidation,differential_alkylation,seen_but_unmodified,mouse (HCC model H22),,unknown,False,paywalled,10.1016/j.bioorg.2020.104536,33342565,,,2021,QTRP (Quantitative Thiol Reactivity Profiling),prior_round_screen,,0,
prior:10.3390/molecules26072027,prior_persulfidation_screen,abstract_prior_round,persulfidation,persulfidation,unclassified,unclear,Emiliania huxleyi,,unknown,False,open_access,10.3390/molecules26072027,33918234,PMC8038017,,2021,Trans-Proteomic Pipeline (Comet/PeptideProphet) global PTM search,prior_round_screen,,0,
prior:10.3389/fmolb.2021.635470,prior_persulfidation_screen,abstract_prior_round,persulfidation,persulfidation,unclassified,unclear,Arabidopsis,,False,False,open_access,10.3389/fmolb.2021.635470,33778005,PMC7991836,,2021,unknown,prior_round_screen,,0,
prior:10.1002/hep.31247,prior_persulfidation_screen,abstract_prior_round,persulfidation,persulfidation,unclassified,unclear,"mouse, human liver tissue",,True,False,paywalled,10.1002/hep.31247,32219872,,,2021,unknown,prior_round_screen,,0,
prior:10.1038/s41438-020-00453-3,prior_persulfidation_screen,abstract_prior_round,persulfidation,persulfidation,unclassified,unclear,Brassica rapa (heading Chinese cabbage),,unknown,False,open_access,10.1038/s41438-020-00453-3,33518701,PMC7848000,,2021,unknown,prior_round_screen,,0,
prior:10.1038/s41598-021-87646-5,prior_persulfidation_screen,abstract_prior_round,persulfidation,persulfidation,unclassified,unclear,rat,,True,False,open_access,10.1038/s41598-021-87646-5,33854181,PMC8046973,,2021,unknown,prior_round_screen,,0,
prior:10.1093/jxb/erab239,prior_persulfidation_screen,abstract_prior_round,persulfidation,persulfidation,unclassified,unclear,plants (general),,unknown,False,open_access,10.1093/jxb/erab239,34077530,PMC8355753,,2021,unknown,prior_round_screen,,0,
prior:10.1111/jcmm.16781,prior_persulfidation_screen,abstract_prior_round,persulfidation,persulfidation,unclassified,unclear,db/db mice; H9c2 cells,,True,False,open_access,10.1111/jcmm.16781,34562065,PMC8500968,,2021,unknown,prior_round_screen,,0,
prior:10.3390/antiox10040508,prior_persulfidation_screen,abstract_prior_round,persulfidation,persulfidation,capture_enrichment,not_pulled_down,Arabidopsis thaliana,,unknown,True,open_access,10.3390/antiox10040508,33805243,PMC8064375,,2021,tag-switch method,prior_round_screen,,0,
prior:10.3390/biom11111553,prior_persulfidation_screen,abstract_prior_round,persulfidation,persulfidation,unclassified,unclear,unknown,,unknown,False,open_access,10.3390/biom11111553,34827552,PMC8616024,,2021,unknown,prior_round_screen,,0,
prior:10.3389/fpls.2021.678111,prior_persulfidation_screen,abstract_prior_round,persulfidation,persulfidation,unclassified,unclear,Arabidopsis thaliana,,False,False,open_access,10.3389/fpls.2021.678111,34194454,PMC8236860,,2021,unknown,prior_round_screen,,0,
prior:10.1002/cbic.202000870,prior_persulfidation_screen,abstract_prior_round,persulfidation,persulfidation,capture_enrichment,not_pulled_down,human,,True,True,paywalled,10.1002/cbic.202000870,33442901,PMC8942723,,2021,SP3-FAIMS chemoproteomics,prior_round_screen,,0,
prior:10.1172/jci138276,prior_persulfidation_screen,abstract_prior_round,persulfidation,persulfidation,unclassified,unclear,"mouse, human (patient specimens)",,False,False,paywalled,10.1172/jci138276,34255747,PMC8409594,,2021,unknown,prior_round_screen,,0,
prior:10.3390/antiox10111686,prior_persulfidation_screen,abstract_prior_round,persulfidation,persulfidation,unclassified,unclear,higher plants,,unknown,False,open_access,10.3390/antiox10111686,34829557,PMC8614790,,2021,unknown,prior_round_screen,,0,
prior:10.1016/j.celrep.2021.109958,prior_persulfidation_screen,abstract_prior_round,persulfidation,persulfidation,unclassified,unclear,mouse (Mus musculus),,unknown,True,open_access,10.1016/j.celrep.2021.109958,34758301,PMC8595646,,2021,unknown,prior_round_screen,,0,
prior:10.1038/s41596-020-0352-2,prior_persulfidation_screen,abstract_prior_round,persulfidation,persulfidation,differential_alkylation,seen_but_unmodified,unknown,,True,False,paywalled,10.1038/s41596-020-0352-2,32690958,,,2020,QTRP (quantitative thiol reactivity profiling),prior_round_screen,,0,
prior:10.1105/tpc.20.00766,prior_persulfidation_screen,abstract_prior_round,persulfidation,persulfidation,unclassified,unclear,Arabidopsis thaliana,,True,False,paywalled,10.1105/tpc.20.00766,33037147,,,2020,unknown,prior_round_screen,,0,
prior:10.1021/acs.accounts.9b00562,prior_persulfidation_screen,abstract_prior_round,persulfidation,persulfidation,capture_enrichment,not_pulled_down,unknown,,unknown,False,paywalled,10.1021/acs.accounts.9b00562,31869209,PMC7061859,,2020,"activity-based probes (dimedone, C-nucleophiles, ENS)",prior_round_screen,,0,
prior:10.1016/j.abb.2019.108237,prior_persulfidation_screen,abstract_prior_round,persulfidation,persulfidation,unclassified,unclear,mouse (NIH-3T3),,False,False,paywalled,10.1016/j.abb.2019.108237,31881188,,,2020,unknown,prior_round_screen,,0,
prior:10.1126/sciadv.aax8358,prior_persulfidation_screen,abstract_prior_round,persulfidation,persulfidation,unclassified,unclear,mouse (liver); human cell culture,,True,True,open_access,10.1126/sciadv.aax8358,31911946,PMC6938701,,2020,quantitative mass spectrometry,prior_round_screen,,0,
prior:10.1089/ars.2019.7777,prior_persulfidation_screen,abstract_prior_round,persulfidation,persulfidation,differential_alkylation,seen_but_unmodified,"mouse, human (cells, tissues, serum)",,True,True,paywalled,10.1089/ars.2019.7777,31411056,,,2020,low-pH QTRP (quantitative thiol reactivity profiling),prior_round_screen,,0,
prior:10.1074/mcp.ra119.001910,prior_persulfidation_screen,abstract_prior_round,persulfidation,persulfidation,differential_alkylation,seen_but_unmodified,human (two cell lines),,True,True,paywalled,10.1074/mcp.ra119.001910,32132231,PMC7196587,,2020,TMT-based proteomics with selective persulfide trapping and tagging,prior_round_screen,,0,
prior:10.1126/sciadv.abb6477,prior_persulfidation_screen,abstract_prior_round,persulfidation,persulfidation,capture_enrichment,not_pulled_down,Escherichia coli,,unknown,False,open_access,10.1126/sciadv.abb6477,32851181,PMC7428339,,2020,ProPerDP,prior_round_screen,,0,
prior:10.14336/ad.2019.0530,prior_persulfidation_screen,abstract_prior_round,persulfidation,persulfidation,unclassified,unclear,mouse (db/db) and rat cardiomyocytes,,True,False,open_access,10.14336/ad.2019.0530,32257542,PMC7069459,,2020,S-sulfhydration assay,prior_round_screen,,0,
prior:10.1111/bph.14691,prior_persulfidation_screen,abstract_prior_round,persulfidation,persulfidation,unclassified,unclear,"human valvular cells, ApoE−/− mice",,unknown,False,open_access,10.1111/bph.14691,31017307,PMC7024713,,2020,unknown,prior_round_screen,,0,
prior:10.1111/jcmm.15587,prior_persulfidation_screen,abstract_prior_round,persulfidation,persulfidation,unclassified,unclear,db/db mice and C2C12 myoblasts,,True,False,open_access,10.1111/jcmm.15587,32633463,PMC7417732,,2020,unknown,prior_round_screen,,0,
prior:10.1128/mbio.01254-20,prior_persulfidation_screen,abstract_prior_round,persulfidation,persulfidation,unclassified,unclear,Acinetobacter baumannii,,True,True,open_access,10.1128/mbio.01254-20,32576676,PMC7315123,,2020,unknown,prior_round_screen,,0,
prior:10.1101/2020.04.27.064287,prior_persulfidation_screen,abstract_prior_round,persulfidation,persulfidation,unclassified,unclear,mouse (Mus musculus),,True,True,paywalled,10.1101/2020.04.27.064287,,,,2020,unknown,prior_round_screen,,0,
prior:10.1101/843854,prior_persulfidation_screen,abstract_prior_round,persulfidation,persulfidation,unclassified,unclear,human (patients) and animal models,,True,False,paywalled,10.1101/843854,,,,2019,immunoprecipitation and maleimide assays,prior_round_screen,,0,
prior:10.1101/520411,prior_persulfidation_screen,abstract_prior_round,persulfidation,persulfidation,unclassified,unclear,pancreatic beta cells (human),,True,True,paywalled,10.1101/520411,,,,2019,unknown,prior_round_screen,,0,
prior:10.1007/978-1-4939-9148-8_27,prior_persulfidation_screen,abstract_prior_round,persulfidation,persulfidation,unclassified,unclear,human (peripheral blood mononuclear cells),,unknown,True,paywalled,10.1007/978-1-4939-9148-8_27,30868541,,,2019,SNOFlo (S-nitrosyl fluorescence labelling),prior_round_screen,,0,
prior:10.1016/j.msec.2019.04.039,prior_persulfidation_screen,abstract_prior_round,persulfidation,persulfidation,unclassified,unclear,human (in vitro),,False,False,paywalled,10.1016/j.msec.2019.04.039,31147018,,,2019,unknown,prior_round_screen,,0,
prior:10.1007/978-1-4939-9528-8_4,prior_persulfidation_screen,abstract_prior_round,persulfidation,persulfidation,capture_enrichment,not_pulled_down,unknown,,unknown,False,paywalled,10.1007/978-1-4939-9528-8_4,31148105,,,2019,tag-switch method,prior_round_screen,,0,
prior:10.1093/jxb/erz031,prior_persulfidation_screen,abstract_prior_round,persulfidation,persulfidation,unclassified,unclear,plants (multiple species),,unknown,False,paywalled,10.1093/jxb/erz031,30715479,,,2019,unknown,prior_round_screen,,0,
prior:10.1007/978-1-4939-9528-8_5,prior_persulfidation_screen,abstract_prior_round,persulfidation,persulfidation,capture_enrichment,not_pulled_down,unknown,,unknown,False,paywalled,10.1007/978-1-4939-9528-8_5,31148106,,,2019,ProPerDP (Protein Persulfide Detection Protocol),prior_round_screen,,0,
prior:10.3892/ijmm.2019.4076,prior_persulfidation_screen,abstract_prior_round,persulfidation,persulfidation,unclassified,unclear,rat (Sprague-Dawley); human cells (HUVECs),,False,False,open_access,10.3892/ijmm.2019.4076,30747216,PMC6365080,,2019,unknown,prior_round_screen,,0,
prior:10.1016/j.cmet.2019.10.007,prior_persulfidation_screen,abstract_prior_round,persulfidation,persulfidation,capture_enrichment,not_pulled_down,multiple (evolutionarily conserved study),,unknown,True,paywalled,10.1016/j.cmet.2019.10.007,31735592,PMC7185476,,2019,dimedone-based persulfide probe bioconjugation,prior_round_screen,,0,
prior:10.1021/acs.analchem.9b04112,prior_persulfidation_screen,abstract_prior_round,persulfidation,persulfidation,capture_enrichment,not_pulled_down,human (HeLa cells),,True,True,paywalled,10.1021/acs.analchem.9b04112,31668058,,,2019,SSQPer (cleavable isotope-coded affinity tag + strong cation exchange),prior_round_screen,,0,
prior:10.1021/acs.analchem.8b02426,prior_persulfidation_screen,abstract_prior_round,persulfidation,persulfidation,differential_alkylation,seen_but_unmodified,unknown,,True,True,paywalled,10.1021/acs.analchem.8b02426,29989794,,,2018,rdTOP-ABPP (reductive dimethyl labeling tandem orthogonal proteolysis ABPP),prior_round_screen,,0,
prior:10.1016/j.phrs.2018.06.012,prior_persulfidation_screen,abstract_prior_round,persulfidation,persulfidation,unclassified,unclear,mouse (C57BL/6J),,False,False,paywalled,10.1016/j.phrs.2018.06.012,29909116,PMC6086735,,2018,unknown,prior_round_screen,,0,
prior:10.1039/c7ra12220a,prior_persulfidation_screen,abstract_prior_round,persulfidation,persulfidation,unclassified,unclear,unknown,,False,False,paywalled,10.1039/c7ra12220a,30294423,PMC6168208,,2018,unknown,prior_round_screen,,0,
prior:10.3389/fpls.2018.01369,prior_persulfidation_screen,abstract_prior_round,persulfidation,persulfidation,unclassified,unclear,Arabidopsis (plants generally),,unknown,False,open_access,10.3389/fpls.2018.01369,30283480,PMC6157319,,2018,shotgun proteomics,prior_round_screen,,0,
prior:10.1111/bph.13825,prior_persulfidation_screen,abstract_prior_round,persulfidation,persulfidation,capture_enrichment,not_pulled_down,various (cardiovascular proteins),,unknown,False,paywalled,10.1111/bph.13825,28432761,PMC5866969,,2018,"biotin switch, maleimide, tag-switch, mass spectrometry (reviewed)",prior_round_screen,,0,
prior:10.1002/nau.23291,prior_persulfidation_screen,abstract_prior_round,persulfidation,persulfidation,unclassified,unclear,human,,False,False,paywalled,10.1002/nau.23291,28431196,,,2018,unknown,prior_round_screen,,0,
prior:10.1007/978-94-024-1079-2_44,prior_persulfidation_screen,abstract_prior_round,persulfidation,persulfidation,unclassified,unclear,human (neutrophils),,False,False,paywalled,10.1007/978-94-024-1079-2_44,28849482,,,2017,unknown,prior_round_screen,,0,
prior:10.1021/acschembio.7b00020,prior_persulfidation_screen,abstract_prior_round,persulfidation,persulfidation,capture_enrichment,not_pulled_down,pancreatic cancer cell lines,,True,False,paywalled,10.1021/acschembio.7b00020,28186401,,,2017,isoTOP-ABPP,prior_round_screen,,0,
prior:10.1038/s41598-017-03776-9,prior_persulfidation_screen,abstract_prior_round,persulfidation,persulfidation,unclassified,unclear,murine cardiomyocytes (HL1 cells) and mice,,False,False,open_access,10.1038/s41598-017-03776-9,28623294,PMC5473925,,2017,unknown,prior_round_screen,,0,
prior:10.1016/j.freeradbiomed.2017.01.026,prior_persulfidation_screen,abstract_prior_round,persulfidation,persulfidation,capture_enrichment,not_pulled_down,"human cell lines (SH-SY5Y, HEK293)",,True,False,paywalled,10.1016/j.freeradbiomed.2017.01.026,28108276,,,2017,tag-switch technique,prior_round_screen,,0,
prior:10.1016/j.chembiol.2017.08.022,prior_persulfidation_screen,abstract_prior_round,persulfidation,persulfidation,differential_alkylation,seen_but_unmodified,human cells,,True,True,paywalled,10.1016/j.chembiol.2017.08.022,28988947,,,2017,Multiplexed Thiol Reactivity Profiling (MTRP),prior_round_screen,,0,
prior:10.1093/jxb/erx294,prior_persulfidation_screen,abstract_prior_round,persulfidation,persulfidation,capture_enrichment,not_pulled_down,Arabidopsis thaliana,,unknown,True,open_access,10.1093/jxb/erx294,28992305,PMC5853657,,2017,tag-switch method,prior_round_screen,,0,
prior:10.1021/acs.biochem.6b00931,prior_persulfidation_screen,abstract_prior_round,persulfidation,persulfidation,unclassified,unclear,Methanosarcina acetivorans,,True,True,paywalled,10.1021/acs.biochem.6b00931,28165724,,,2017,mass spectrometry (tryptic peptides),prior_round_screen,,0,
prior:10.1016/bs.mie.2016.10.016,prior_persulfidation_screen,abstract_prior_round,persulfidation,persulfidation,unclassified,unclear,unknown,,unknown,False,paywalled,10.1016/bs.mie.2016.10.016,28137558,,,2017,SNOFlo,prior_round_screen,,0,
prior:10.1074/jbc.m117.774943,prior_persulfidation_screen,abstract_prior_round,persulfidation,persulfidation,unclassified,unclear,human (hemoglobin); mollusk (HbI),,False,False,paywalled,10.1074/jbc.m117.774943,28213526,PMC5392699,,2017,unknown,prior_round_screen,,0,
prior:10.1208/s12249-017-0712-6,prior_persulfidation_screen,abstract_prior_round,persulfidation,persulfidation,unclassified,unclear,unknown,,False,False,paywalled,10.1208/s12249-017-0712-6,28101725,,,2017,unknown,prior_round_screen,,0,
prior:10.1126/sciadv.1500968,prior_persulfidation_screen,abstract_prior_round,persulfidation,persulfidation,capture_enrichment,not_pulled_down,"human (HEK293, A549), mouse, yeast",,False,False,open_access,10.1126/sciadv.1500968,26844296,PMC4737208,,2016,ProPerDP,prior_round_screen,,0,
prior:,prior_persulfidation_screen,abstract_prior_round,persulfidation,persulfidation,unclassified,unclear,rat,,unknown,False,paywalled,,,,,2016,unknown,prior_round_screen,,0,
prior:10.1016/j.phrs.2016.09.030,prior_persulfidation_screen,abstract_prior_round,persulfidation,persulfidation,unclassified,unclear,mouse,,False,False,paywalled,10.1016/j.phrs.2016.09.030,27720932,,,2016,unknown,prior_round_screen,,0,
prior:10.1039/c5sc04818d,prior_persulfidation_screen,abstract_prior_round,persulfidation,persulfidation,capture_enrichment,not_pulled_down,"human (HIV plasma), likely also recombinant/cell culture",,unknown,unknown,open_access,10.1039/c5sc04818d,27170841,PMC4845716,,2016,tag-switch assay,prior_round_screen,,0,
prior:10.1038/srep29808,prior_persulfidation_screen,abstract_prior_round,persulfidation,persulfidation,capture_enrichment,not_pulled_down,HEK293 (human),,True,True,open_access,10.1038/srep29808,27411966,PMC4944133,,2016,qPerS-SID (Quantitative Persulfide Site Identification),prior_round_screen,,0,
prior:10.1016/j.phrs.2016.08.023,prior_persulfidation_screen,abstract_prior_round,persulfidation,persulfidation,capture_enrichment,not_pulled_down,"mouse, human cell lines (HepG2, HEK293)",,True,False,paywalled,10.1016/j.phrs.2016.08.023,27553984,PMC5107138,,2016,biotin switch assay,prior_round_screen,,0,
prior:10.1074/mcp.o115.056051,prior_persulfidation_screen,abstract_prior_round,persulfidation,persulfidation,unclassified,unclear,unknown,,unknown,False,paywalled,10.1074/mcp.o115.056051,26518762,PMC4762510,,2016,unknown,prior_round_screen,,0,
prior:10.1016/j.bbagen.2015.08.003,prior_persulfidation_screen,abstract_prior_round,persulfidation,persulfidation,capture_enrichment,not_pulled_down,human hepatocytes (HepG2) and mouse liver,,True,False,paywalled,10.1016/j.bbagen.2015.08.003,26272431,,,2015,biotin switch assay and tag switch assay,prior_round_screen,,0,
prior:10.7554/elife.10067,prior_persulfidation_screen,abstract_prior_round,persulfidation,persulfidation,unclassified,unclear,pancreatic β cells (mouse/human unspecified),,unknown,True,open_access,10.7554/elife.10067,26595448,PMC4733038,,2015,unknown,prior_round_screen,,0,
prior:10.1016/j.freeradbiomed.2015.03.022,prior_persulfidation_screen,abstract_prior_round,persulfidation,persulfidation,unclassified,unclear,unknown,,unknown,False,paywalled,10.1016/j.freeradbiomed.2015.03.022,25843657,PMC4457640,,2015,unknown,prior_round_screen,,0,
prior:10.1016/bs.mie.2014.11.033,prior_persulfidation_screen,abstract_prior_round,persulfidation,persulfidation,capture_enrichment,not_pulled_down,unknown,,unknown,False,paywalled,10.1016/bs.mie.2014.11.033,25747474,,,2015,tag-switch,prior_round_screen,,0,
prior:10.1016/j.talanta.2014.04.063,prior_persulfidation_screen,abstract_prior_round,persulfidation,persulfidation,unclassified,unclear,sulfate-reducing bacteria (mixed environmental),,False,False,paywalled,10.1016/j.talanta.2014.04.063,25127594,,,2014,cysteine protease inhibition assay (papain-based),prior_round_screen,,0,
prior:10.1002/anie.201305876,prior_persulfidation_screen,abstract_prior_round,persulfidation,persulfidation,capture_enrichment,not_pulled_down,unknown,,unknown,False,paywalled,10.1002/anie.201305876,24288186,PMC4306352,,2014,tag-switch,prior_round_screen,,0,
prior:10.1016/j.bcp.2014.10.011,prior_persulfidation_screen,abstract_prior_round,persulfidation,persulfidation,unclassified,unclear,rabbit,,False,False,paywalled,10.1016/j.bcp.2014.10.011,25451691,,,2014,unknown,prior_round_screen,,0,
prior:10.1111/bph.12773,prior_persulfidation_screen,abstract_prior_round,persulfidation,persulfidation,unclassified,unclear,cancer and non-cancer cell lines,,False,False,paywalled,10.1111/bph.12773,24827113,PMC4241097,,2014,unknown,prior_round_screen,,0,
prior:10.1534/g3.113.006213,prior_persulfidation_screen,abstract_prior_round,persulfidation,persulfidation,unclassified,unclear,Saccharomyces cerevisiae,,False,False,open_access,10.1534/g3.113.006213,23708297,PMC3737166,,2013,RITE (recombination-induced tag exchange),prior_round_screen,,0,
prior:10.1089/ars.2012.4744,prior_persulfidation_screen,abstract_prior_round,persulfidation,persulfidation,unclassified,unclear,unknown,,unknown,unknown,paywalled,10.1089/ars.2012.4744,22770551,PMC3518544,,2013,unknown,prior_round_screen,,0,
prior:10.1111/febs.12535,prior_persulfidation_screen,abstract_prior_round,persulfidation,persulfidation,unclassified,unclear,unknown,,unknown,False,paywalled,10.1111/febs.12535,24103186,PMC3928805,,2013,unknown,prior_round_screen,,0,
prior:10.1073/pnas.1208787109,prior_persulfidation_screen,abstract_prior_round,persulfidation,persulfidation,unclassified,unclear,Escherichia coli,,True,False,paywalled,10.1073/pnas.1208787109,23019358,PMC3465412,,2012,"resonance Raman, UV-visible absorption/CD spectroscopy, MS with selective ³⁴S labeling",prior_round_screen,,0,
computed:abiotech2025_ath_sno:NEG_A_not_observed,computed_in_this_study,computed_by_us,s_nitrosylation,s_nitrosylation,capture_enrichment,not_pulled_down,Arabidopsis thaliana,5736,yes,yes,open_access,10.1007/s42994-025-00227-2,,,,,PAT-switch SNO,computed_in_this_study,,1,
computed:abiotech2025_ath_sno:NEG_B_observed_unmodified,computed_in_this_study,computed_by_us,s_nitrosylation,s_nitrosylation,differential_or_observed_negative,seen_but_unmodified,Arabidopsis thaliana,5736,yes,yes,open_access,10.1007/s42994-025-00227-2,,,,,PAT-switch SNO,computed_in_this_study,,1,
computed:cysboost2019_human_sno_hela:NEG_A_not_observed,computed_in_this_study,computed_by_us,s_nitrosylation,s_nitrosylation,capture_enrichment,not_pulled_down,Homo sapiens,8184,yes,yes,open_access,10.1038/s41467-019-10182-4,31097712,,,,Cys-BOOST HeLa,computed_in_this_study,,1,
computed:cysboost2019_human_sno_hela:NEG_B_observed_unmodified,computed_in_this_study,computed_by_us,s_nitrosylation,s_nitrosylation,differential_or_observed_negative,seen_but_unmodified,Homo sapiens,8184,yes,yes,open_access,10.1038/s41467-019-10182-4,31097712,,,,Cys-BOOST HeLa,computed_in_this_study,,1,
computed:cysboost2019_human_sno_shsy5y:NEG_A_not_observed,computed_in_this_study,computed_by_us,s_nitrosylation,s_nitrosylation,capture_enrichment,not_pulled_down,Homo sapiens,2134,yes,yes,open_access,10.1038/s41467-019-10182-4,31097712,,,,Cys-BOOST SH-SY5Y,computed_in_this_study,,1,
computed:cysboost2019_human_sno_shsy5y:NEG_B_observed_unmodified,computed_in_this_study,computed_by_us,s_nitrosylation,s_nitrosylation,differential_or_observed_negative,seen_but_unmodified,Homo sapiens,2134,yes,yes,open_access,10.1038/s41467-019-10182-4,31097712,,,,Cys-BOOST SH-SY5Y,computed_in_this_study,,1,
computed:fps2020_ath_sulfenyl:NEG_A_not_observed,computed_in_this_study,computed_by_us,sulfenylation,sulfenylation,capture_enrichment,not_pulled_down,Arabidopsis thaliana,1745,yes,yes,open_access,10.3389/fpls.2020.00777,32714340,,,,YAP1C peptide reporter,computed_in_this_study,,1,
computed:fps2020_ath_sulfenyl:NEG_B_observed_unmodified,computed_in_this_study,computed_by_us,sulfenylation,sulfenylation,differential_or_observed_negative,seen_but_unmodified,Arabidopsis thaliana,1745,yes,yes,open_access,10.3389/fpls.2020.00777,32714340,,,,YAP1C peptide reporter,computed_in_this_study,,1,
computed:natcomm2023_ath_sno:NEG_A_not_observed,computed_in_this_study,computed_by_us,s_nitrosylation,s_nitrosylation,capture_enrichment,not_pulled_down,Arabidopsis thaliana,1985,yes,yes,open_access,10.1038/s41467-023-39078-0,37277371,,,,FAT-switch SNO,computed_in_this_study,,1,
computed:natcomm2023_ath_sno:NEG_B_observed_unmodified,computed_in_this_study,computed_by_us,s_nitrosylation,s_nitrosylation,differential_or_observed_negative,seen_but_unmodified,Arabidopsis thaliana,1985,yes,yes,open_access,10.1038/s41467-023-39078-0,37277371,,,,FAT-switch SNO,computed_in_this_study,,0,negatives 0 < 30
computed:qpers_sid_tierB:NEG_A_not_observed,computed_in_this_study,computed_by_us,persulfidation,persulfidation,capture_enrichment,not_pulled_down,Homo sapiens,724,yes,yes,open_access,10.1038/srep29808,27411966,,,,qPerS-SID tier B,computed_in_this_study,,1,
computed:qpers_sid_tierB:NEG_B_observed_unmodified,computed_in_this_study,computed_by_us,persulfidation,persulfidation,differential_or_observed_negative,seen_but_unmodified,Homo sapiens,724,yes,yes,open_access,10.1038/srep29808,27411966,,,,qPerS-SID tier B,computed_in_this_study,,1,
computed:qtrp_S1_ph5:NEG_A_not_observed,computed_in_this_study,computed_by_us,persulfidation,persulfidation,capture_enrichment,not_pulled_down,Homo sapiens,277,yes,yes,paywalled,10.1089/ars.2019.7777,31411056,,,,low-pH QTRP arm S1,computed_in_this_study,,1,
computed:qtrp_S1_ph5:NEG_B_observed_unmodified,computed_in_this_study,computed_by_us,persulfidation,persulfidation,differential_or_observed_negative,seen_but_unmodified,Homo sapiens,277,yes,yes,paywalled,10.1089/ars.2019.7777,31411056,,,,low-pH QTRP arm S1,computed_in_this_study,,1,
computed:qtrp_S2_ph5:NEG_A_not_observed,computed_in_this_study,computed_by_us,persulfidation,persulfidation,capture_enrichment,not_pulled_down,Homo sapiens,80,yes,yes,paywalled,10.1089/ars.2019.7777,31411056,,,,low-pH QTRP arm S2,computed_in_this_study,,1,
computed:qtrp_S2_ph5:NEG_B_observed_unmodified,computed_in_this_study,computed_by_us,persulfidation,persulfidation,differential_or_observed_negative,seen_but_unmodified,Homo sapiens,80,yes,yes,paywalled,10.1089/ars.2019.7777,31411056,,,,low-pH QTRP arm S2,computed_in_this_study,,1,
attempt:micspec2023_mtb_sulfenyl,obtainability_attempt,observed,sulfenylation,sulfenylation,unclear,unclear,Mycobacterium tuberculosis,,unclear,yes,open_access,10.1128/spectrum.03386-22,,PMC10101118,,,,obtainability_attempt,,0,supplementary tables are protein-level (accession + abundance ratio + SOH site COUNT); no cysteine positions
attempt:fps2022_bnapus_sulfenyl,obtainability_attempt,observed,sulfenylation,sulfenylation,unclear,unclear,Brassica napus,,unclear,yes,open_access,10.3389/fpls.2022.1014544,,PMC9580371,,,,obtainability_attempt,,0,"site table present (Table S2, 1373 sites) but protein accessions are Genoscope GSBRNA2T ids; no reachable reference proteome for that namespace"
attempt:pnas2019_ath_sulfenyl,obtainability_attempt,observed,sulfenylation,sulfenylation,unclear,unclear,Arabidopsis thaliana,,unclear,yes,open_access,10.1073/pnas.1906722116,,PMC6800369,,,,obtainability_attempt,,0,"only the appendix PDF is served by the open-access supplementary endpoint; the site dataset file is on the publisher site, which was not retrievable"
attempt:natchem2021_human_sulfenyl,obtainability_attempt,observed,sulfenylation,sulfenylation,unclear,unclear,Homo sapiens,,unclear,yes,unclear,10.1038/s41557-021-00767-2,,PMC9121980,,,,obtainability_attempt,,0,no supplementary files served by the open-access supplementary endpoint
attempt:natchembio2023_human_redoxome,obtainability_attempt,observed,cys_oxidation_other,cys_oxidation_other,unclear,unclear,Homo sapiens,,unclear,yes,unclear,10.1038/s41589-023-01330-5,,PMC12262106,,,,obtainability_attempt,,0,no supplementary files served by the open-access supplementary endpoint
attempt:fcdb2022_human_sulfenyl,obtainability_attempt,observed,sulfenylation,sulfenylation,unclear,unclear,Homo sapiens,,unclear,yes,open_access,10.3389/fcell.2022.888873,,PMC9086853,,,,obtainability_attempt,,0,supplementary served as PDF data sheets only; no machine-readable site table
attempt:bcc2025_mouse_sulfenyl,obtainability_attempt,observed,sulfenylation,sulfenylation,unclear,unclear,Mus musculus,,unclear,yes,open_access,10.1021/acs.bioconjchem.5c00418,,PMC12635961,,,,obtainability_attempt,,0,supplementary served as a single PDF; no machine-readable site table
attempt:rb2023_dmel_redox_cys,obtainability_attempt,observed,cys_oxidation_other,cys_oxidation_other,unclear,unclear,Drosophila melanogaster,,unclear,yes,open_access,10.1016/j.redox.2023.102723,,PMC10189289,,,,obtainability_attempt,,0,machine-readable site table present but out of the three declared families and no local Drosophila proteome; not attempted this round
attempt:jacs2026_bact_sulfenyl,obtainability_attempt,observed,sulfenylation,sulfenylation,unclear,unclear,gut bacteria,,unclear,yes,open_access,10.1021/jacs.5c18912,,PMC12903841,,,,obtainability_attempt,,0,machine-readable tables present but the target proteomes are strain-level bacterial assemblies; not attempted this round
attempt:lysis_oxidant_abpp_local,obtainability_attempt,observed,cys_oxidation_other,cys_oxidation_other,unclear,unclear,Homo sapiens,,unclear,yes,open_access,,,local copy,,,,obtainability_attempt,,0,"the site files staged in this study hold only a handful of sulfinyl/sulfonyl sites (1 and 54 rows); the large table is the carbamidomethyl cysteinome, i.e. a negative set without a matching positive set"
