cell_id,scenario,K,pi_x,size,rho,theta,within_log2or,design,method,n_datasets,n_finite,flag0,flag0_mcse,cover,cover_mcse,cover_within,miss_lo,miss_hi,w0,w0_ci_lo,w0_ci_hi,w0_vs_zero,w0_vs_zero_ci_lo,w0_vs_zero_ci_hi,mean_width,mean_point,bias,mean_K_eff,mean_n11
0,null_iid,44,0.15,nb,0.0,0.0,0.0,full,pct,4000,4000,0.0675,0.003966854862482367,0.9325,0.003966854862482367,0.9325,0.02225,0.04525,1.0587506932161337,1.0347916294990884,1.1065115241790577,1.0587506932161337,1.0347916294990884,1.1065115241790577,2.474398962354815,-0.028432732596184215,-0.028432732596184215,44.0,8.30675
0,null_iid,44,0.15,nb,0.0,0.0,0.0,full,bca,4000,4000,0.05,0.0034460121880225555,0.95,0.003446012188022557,0.95,0.0265,0.0235,0.9977750910885699,0.9715445997348555,1.0356377710276543,0.9977750910885699,0.9715445997348555,1.0356377710276543,2.39403206216028,-0.028432732596184215,-0.028432732596184215,44.0,8.30675
0,null_iid,44,0.15,nb,0.0,0.0,0.0,full,cr0,4000,4000,0.055,0.003604684452209375,0.945,0.003604684452209376,0.945,0.033,0.022,1.0206947933254922,0.9952549717960791,1.0461420278212705,1.0206947933254922,0.9952549717960791,1.0461420278212705,2.265394337872248,-0.02843273259618425,-0.02843273259618425,44.0,8.30675
0,null_iid,44,0.15,nb,0.0,0.0,0.0,full,cr1t,4000,4000,0.04425,0.003251612580705149,0.95575,0.0032516125807051494,0.95575,0.028,0.01625,0.9806460007848474,0.9562043563220415,1.0050947673529762,0.9806460007848474,0.9562043563220415,1.0050947673529762,2.3579112173451513,-0.02843273259618425,-0.02843273259618425,44.0,8.30675
0,null_iid,44,0.15,nb,0.0,0.0,0.0,full,mdt,4000,4000,0.0375,0.0030039037101744787,0.9625,0.0030039037101744783,0.9625,0.025,0.0125,0.9447085833972061,0.9247406192029052,0.9718432533234824,0.9447085833972061,0.9247406192029052,0.9718432533234824,2.4458907179666967,-0.02843273259618425,-0.02843273259618425,44.0,8.30675
0,null_iid,44,0.15,nb,0.0,0.0,0.0,full_mh,pct,4000,3996,0.06381381381381382,0.0038665686465114797,0.9361861861861862,0.003866568646511479,0.9361861861861862,0.016516516516516516,0.0472972972972973,1.0720277473451727,1.0382484851435079,1.1022437376034584,1.0720277473451727,1.0382484851435079,1.1022437376034584,2.645535703692401,-0.08864595545032679,-0.08864595545032679,44.0,8.30675
0,null_iid,44,0.15,nb,0.0,0.0,0.0,sub,pct,4000,4000,0.06475,0.003890932969738749,0.93525,0.0038909329697387482,0.93525,0.029,0.03575,1.083319073364743,1.0476134024014112,1.1181579992024104,1.083319073364743,1.0476134024014112,1.1181579992024104,3.2886071213600783,-0.020514114028035643,-0.020514114028035643,37.1185,8.30675
0,null_iid,44,0.15,nb,0.0,0.0,0.0,sub,bca,4000,4000,0.041,0.003135243212256427,0.959,0.0031352432122564284,0.959,0.01925,0.02175,0.9635052260142393,0.9312065914370505,0.9936895422662506,0.9635052260142393,0.9312065914370505,0.9936895422662506,3.2651975762066723,-0.020514114028035643,-0.020514114028035643,37.1185,8.30675
0,null_iid,44,0.15,nb,0.0,0.0,0.0,sub,cr0,4000,4000,0.04675,0.003337830039861227,0.95325,0.0033378300398612254,0.95325,0.0215,0.02525,0.9908854639140949,0.9653983545054091,1.0137540219839443,0.9908854639140949,0.9653983545054091,1.0137540219839443,3.075250316314693,-0.020514114028035633,-0.020514114028035633,37.1185,8.30675
0,null_iid,44,0.15,nb,0.0,0.0,0.0,sub,cr1t,4000,4000,0.0365,0.0029651201493362794,0.9635,0.0029651201493362785,0.9635,0.01725,0.01925,0.944039217461738,0.918846035750576,0.9660805227037152,0.944039217461738,0.918846035750576,0.9660805227037152,3.2270819753050435,-0.020514114028035633,-0.020514114028035633,37.1185,8.30675
0,null_iid,44,0.15,nb,0.0,0.0,0.0,sub,mdt,4000,4000,0.02525,0.002480546184814949,0.97475,0.002480546184814949,0.97475,0.0125,0.01275,0.880270818604576,0.856696022305916,0.8984430776575727,0.880270818604576,0.856696022305916,0.8984430776575727,3.5012328019378987,-0.020514114028035633,-0.020514114028035633,37.1185,8.30675
0,null_iid,44,0.15,nb,0.0,0.0,0.0,rc,pct,4000,4000,0.0065,0.0012706051707749343,0.9935,0.0012706051707749293,0.9935,0.002,0.0045,0.6573737366378517,0.636122955964029,0.6832579687892568,0.6573737366378517,0.636122955964029,0.6832579687892568,3.9319480978611026,-0.027538976508156673,-0.027538976508156673,,
1,null_iid,44,0.15,lognormal,0.0,0.0,0.0,full,pct,4000,4000,0.06525,0.0039048827607240655,0.93475,0.0039048827607240663,0.93475,0.0275,0.03775,1.066098901858643,1.0318463278267138,1.0970798018984722,1.066098901858643,1.0318463278267138,1.0970798018984722,2.4818858158060646,0.000679122985934442,0.000679122985934442,44.0,8.43725
1,null_iid,44,0.15,lognormal,0.0,0.0,0.0,full,bca,4000,4000,0.04875,0.0034049022563063394,0.95125,0.003404902256306338,0.95125,0.032,0.01675,0.9931274383541896,0.9669876559035161,1.0227493023206085,0.9931274383541896,0.9669876559035161,1.0227493023206085,2.4033459410257767,0.000679122985934442,0.000679122985934442,44.0,8.43725
1,null_iid,44,0.15,lognormal,0.0,0.0,0.0,full,cr0,4000,4000,0.06,0.0037549966711037173,0.94,0.003754996671103719,0.94,0.043,0.017,1.0457302369239405,1.0206231694616574,1.088686729365638,1.0457302369239405,1.0206231694616574,1.088686729365638,2.238000745445408,0.0006791229859344234,0.0006791229859344234,44.0,8.43725
1,null_iid,44,0.15,lognormal,0.0,0.0,0.0,full,cr1t,4000,4000,0.0515,0.0034945582696529753,0.9485,0.0034945582696529753,0.9485,0.03775,0.01375,1.0046991338107396,0.9805771872118876,1.0459701511571182,1.0046991338107396,0.9805771872118876,1.0459701511571182,2.3293988926753126,0.0006791229859344234,0.0006791229859344234,44.0,8.43725
1,null_iid,44,0.15,lognormal,0.0,0.0,0.0,full,mdt,4000,4000,0.0415,0.0031534802203280108,0.9585,0.00315348022032801,0.9585,0.03075,0.01075,0.9622206898947577,0.9334401088475017,0.9906182118097376,0.9622206898947577,0.9334401088475017,0.9906182118097376,2.4590131287901924,0.0006791229859344234,0.0006791229859344234,44.0,8.43725
1,null_iid,44,0.15,lognormal,0.0,0.0,0.0,full_mh,pct,4000,3995,0.0658322903629537,0.003923498729448034,0.9341677096370463,0.003923498729448034,0.9341677096370463,0.02327909887359199,0.0425531914893617,1.0695593736479287,1.0356940242415933,1.1008178631938128,1.0695593736479287,1.0356940242415933,1.1008178631938128,2.6446249532826274,-0.05906457391432668,-0.05906457391432668,44.0,8.43725
1,null_iid,44,0.15,lognormal,0.0,0.0,0.0,sub,pct,4000,4000,0.0685,0.00399398766898447,0.9315,0.00399398766898447,0.9315,0.0315,0.037,1.087191490684772,1.0528904684275693,1.1315786204806233,1.087191490684772,1.0528904684275693,1.1315786204806233,3.304539741305426,0.005430800075707189,0.005430800075707189,34.43175,8.43725
1,null_iid,44,0.15,lognormal,0.0,0.0,0.0,sub,bca,4000,4000,0.04075,0.003126077314303023,0.95925,0.0031260773143030212,0.95925,0.01775,0.023,0.964959898754112,0.9403975681066017,0.9899266239206641,0.964959898754112,0.9403975681066017,0.9899266239206641,3.282483232369215,0.005430800075707189,0.005430800075707189,34.43175,8.43725
1,null_iid,44,0.15,lognormal,0.0,0.0,0.0,sub,cr0,4000,4000,0.05375,0.00356584272998684,0.94625,0.003565842729986839,0.94625,0.02525,0.0285,1.016195205618776,0.9800497698775735,1.0549555428725907,1.016195205618776,0.9800497698775735,1.0549555428725907,3.0451034395283028,0.0054308000757071935,0.0054308000757071935,34.43175,8.43725
1,null_iid,44,0.15,lognormal,0.0,0.0,0.0,sub,cr1t,4000,4000,0.043,0.003207452259972079,0.957,0.0032074522599720807,0.957,0.0185,0.0245,0.9640805293029021,0.9334898884602044,0.9988455638745799,0.9640805293029021,0.9334898884602044,0.9988455638745799,3.208666319195369,0.0054308000757071935,0.0054308000757071935,34.43175,8.43725
1,null_iid,44,0.15,lognormal,0.0,0.0,0.0,sub,mdt,4000,4000,0.0265,0.0025395742753461653,0.9735,0.0025395742753461636,0.9735,0.01125,0.01525,0.8841136651246768,0.8614116547074706,0.9160798364916789,0.8841136651246768,0.8614116547074706,0.9160798364916789,3.544771905947871,0.0054308000757071935,0.0054308000757071935,34.43175,8.43725
1,null_iid,44,0.15,lognormal,0.0,0.0,0.0,rc,pct,4000,4000,0.00575,0.0011955059075554582,0.99425,0.0011955059075554617,0.99425,0.00175,0.004,0.6642031341742995,0.6428697263715217,0.6988928744688598,0.6642031341742995,0.6428697263715217,0.6988928744688598,3.9702948017618653,0.00019323381872822344,0.00019323381872822344,,
2,null_iid,44,0.35,nb,0.0,-6.406853007629837e-16,0.0,full,pct,4000,4000,0.0605,0.003769607075014583,0.9395,0.003769607075014583,0.9395,0.028,0.0325,1.060360254487253,1.022234998647687,1.1073734699060038,1.0603602544872541,1.0222349986476864,1.107373469906003,1.7473481050365587,-0.0016936526212482312,-0.0016936526212475904,44.0,19.61575
2,null_iid,44,0.35,nb,0.0,-6.406853007629837e-16,0.0,full,bca,4000,4000,0.0555,0.003620074239570233,0.9445,0.0036200742395702326,0.9445,0.02825,0.02725,1.0269835320321608,0.9948407029836794,1.0729729154960403,1.0269835320321599,0.9948407029836785,1.0729729154960415,1.7434746004374104,-0.0016936526212482312,-0.0016936526212475904,44.0,19.61575
2,null_iid,44,0.35,nb,0.0,-6.406853007629837e-16,0.0,full,cr0,4000,4000,0.05575,0.0036277381899745744,0.94425,0.003627738189974573,0.94425,0.03025,0.0255,1.0336482454276654,0.9963126040453543,1.0805279967035781,1.0336482454276648,0.9963126040453553,1.0805279967035772,1.6852364708975982,-0.0016936526212482255,-0.0016936526212475848,44.0,19.61575
2,null_iid,44,0.35,nb,0.0,-6.406853007629837e-16,0.0,full,cr1t,4000,4000,0.04825,0.0033882863478460613,0.95175,0.0033882863478460618,0.95175,0.027,0.02125,0.9930912009400951,0.9572204904713827,1.0381315410173972,0.9930912009400942,0.9572204904713836,1.0381315410173964,1.7540601705311964,-0.0016936526212482255,-0.0016936526212475848,44.0,19.61575
2,null_iid,44,0.35,nb,0.0,-6.406853007629837e-16,0.0,full,mdt,4000,4000,0.045,0.0032777660075118237,0.955,0.003277766007511825,0.955,0.02575,0.01925,0.9700496507865736,0.9355124022441528,1.0111505733935067,0.9700496507865742,0.9355124022441537,1.0111505733935076,1.8008286131032933,-0.0016936526212482255,-0.0016936526212475848,44.0,19.61575
2,null_iid,44,0.35,nb,0.0,-6.406853007629837e-16,0.0,full_mh,pct,4000,4000,0.057,0.003665753674212167,0.943,0.003665753674212168,0.943,0.0255,0.0315,1.048968933440288,1.004807032575779,1.1023497983968267,1.0489689334402872,1.0048070325757796,1.1023497983968273,1.8376602368420722,-0.015149916429422264,-0.015149916429421624,44.0,19.61575
2,null_iid,44,0.35,nb,0.0,-6.406853007629837e-16,0.0,sub,pct,4000,4000,0.055,0.003604684452209375,0.94425,0.003627738189974573,0.945,0.02625,0.0295,1.029863185042743,0.9966882475749644,1.0641598599846376,1.0298631850427438,0.9966882475749638,1.064159859984638,2.284193358775115,-0.00019022677116511667,-0.000190226771164476,37.08075,19.61575
2,null_iid,44,0.35,nb,0.0,-6.406853007629837e-16,0.0,sub,bca,4000,4000,0.04975,0.0034378386196853394,0.95,0.003446012188022557,0.95025,0.02325,0.02675,0.999801045773287,0.9646298258859146,1.0326556883646172,0.9998010457732875,0.9646298258859153,1.0326556883646163,2.284396461389314,-0.00019022677116511667,-0.000190226771164476,37.08075,19.61575
2,null_iid,44,0.35,nb,0.0,-6.406853007629837e-16,0.0,sub,cr0,4000,4000,0.048,0.0033799408278844174,0.952,0.0033799408278844187,0.952,0.0225,0.0255,0.9904437440111881,0.9616083637710348,1.0275346546855804,0.9904437440111875,0.9616083637710354,1.0275346546855797,2.232089978190052,-0.00019022677116513375,-0.00019022677116449307,37.08075,19.61575
2,null_iid,44,0.35,nb,0.0,-6.406853007629837e-16,0.0,sub,cr1t,4000,4000,0.04175,0.0031625518770448655,0.95825,0.0031625518770448634,0.95825,0.0195,0.02225,0.9439118107294124,0.9178562958811687,0.9825260566622613,0.9439118107294131,0.9178562958811692,0.9825260566622608,2.342357384578246,-0.00019022677116513375,-0.00019022677116449307,37.08075,19.61575
2,null_iid,44,0.35,nb,0.0,-6.406853007629837e-16,0.0,sub,mdt,4000,4000,0.035,0.002905813139209058,0.965,0.0029058131392090594,0.965,0.01725,0.01775,0.9060184776888996,0.8822427969870134,0.9464817434320411,0.9060184776889003,0.8822427969870128,0.9464817434320416,2.4398448294391524,-0.00019022677116513375,-0.00019022677116449307,37.08075,19.61575
2,null_iid,44,0.35,nb,0.0,-6.406853007629837e-16,0.0,rc,pct,4000,4000,0.0055,0.0011693748329770057,0.9945,0.0011693748329770005,0.9945,0.0035,0.002,0.6695118078363111,0.6486553608163835,0.691415479494177,0.6695118078363116,0.6486553608163831,0.6914154794941765,2.723020896736104,-0.0017555563054983585,-0.0017555563054977177,,
3,null_iid,44,0.35,lognormal,0.0,-6.406853007629837e-16,0.0,full,pct,4000,4000,0.06575,0.003918766945736886,0.93425,0.003918766945736885,0.93425,0.03075,0.035,1.07447116052852,1.0366814143675733,1.1122049431942145,1.0744711605285193,1.0366814143675724,1.1122049431942136,1.7713217844082438,-0.0034568036412076855,-0.003456803641207045,44.0,19.59525
3,null_iid,44,0.35,lognormal,0.0,-6.406853007629837e-16,0.0,full,bca,4000,4000,0.0565,0.0036506078261023876,0.9435,0.003650607826102387,0.9435,0.02975,0.02675,1.0364555566958542,0.998509548015075,1.0737412416558616,1.0364555566958553,0.9985095480150761,1.0737412416558607,1.765530045054365,-0.0034568036412076855,-0.003456803641207045,44.0,19.59525
3,null_iid,44,0.35,lognormal,0.0,-6.406853007629837e-16,0.0,full,cr0,4000,4000,0.06325,0.0038486828103911084,0.93675,0.0038486828103911092,0.93675,0.03625,0.027,1.0690341413387798,1.033735963841073,1.1165442109106918,1.0690341413387805,1.033735963841074,1.1165442109106924,1.681235878922331,-0.003456803641207685,-0.0034568036412070445,44.0,19.59525
3,null_iid,44,0.35,lognormal,0.0,-6.406853007629837e-16,0.0,full,cr1t,4000,4000,0.05525,0.0036123897041985932,0.94475,0.003612389704198594,0.94475,0.031,0.02425,1.0270886677013045,0.9931754775640826,1.072734594404732,1.0270886677013051,0.9931754775640834,1.0727345944047326,1.7498961976030383,-0.003456803641207685,-0.0034568036412070445,44.0,19.59525
3,null_iid,44,0.35,lognormal,0.0,-6.406853007629837e-16,0.0,full,mdt,4000,4000,0.04725,0.003354751760562918,0.95275,0.0033547517605629186,0.95275,0.027,0.02025,0.9863474136802935,0.9559495550749899,1.0311834048388093,0.9863474136802928,0.9559495550749907,1.0311834048388084,1.825892284754232,-0.003456803641207685,-0.0034568036412070445,44.0,19.59525
3,null_iid,44,0.35,lognormal,0.0,-6.406853007629837e-16,0.0,full_mh,pct,4000,4000,0.06875,0.00400073235483205,0.93125,0.004000732354832049,0.93125,0.03,0.03875,1.0711533575799166,1.04304346410511,1.1102472655109423,1.071153357579916,1.0430434641051107,1.110247265510943,1.8684364255900061,-0.019446803410642793,-0.01944680341064215,44.0,19.59525
3,null_iid,44,0.35,lognormal,0.0,-6.406853007629837e-16,0.0,sub,pct,4000,4000,0.064,0.003869883719183304,0.93475,0.0039048827607240663,0.936,0.03525,0.03,1.056266402466206,1.0250275365240504,1.0769891449773488,1.0562664024662054,1.025027536524051,1.0769891449773494,2.310920468132942,0.0018850438113352584,0.0018850438113358992,34.4795,19.59525
3,null_iid,44,0.35,lognormal,0.0,-6.406853007629837e-16,0.0,sub,bca,4000,4000,0.052,0.003510555511596419,0.9475,0.0035264624625820132,0.948,0.02775,0.02475,1.0071297585675827,0.9795335617235754,1.0349691870772015,1.0071297585675831,0.979533561723575,1.0349691870772006,2.3095626464809214,0.0018850438113352584,0.0018850438113358992,34.4795,19.59525
3,null_iid,44,0.35,lognormal,0.0,-6.406853007629837e-16,0.0,sub,cr0,4000,4000,0.058,0.003695808436594083,0.942,0.0036958084365940843,0.942,0.0305,0.0275,1.0326759526544431,1.003921975714196,1.0684435382260373,1.0326759526544427,1.0039219757141968,1.0684435382260367,2.2260948738527997,0.001885043811335259,0.0018850438113358998,34.4795,19.59525
3,null_iid,44,0.35,lognormal,0.0,-6.406853007629837e-16,0.0,sub,cr1t,4000,4000,0.0465,0.0033293298875299217,0.9535,0.0033293298875299213,0.9535,0.0255,0.021,0.9829786053951322,0.9552528749653656,1.015870855213744,0.9829786053951317,0.9552528749653652,1.0158708552137445,2.3453925188452653,0.001885043811335259,0.0018850438113358998,34.4795,19.59525
3,null_iid,44,0.35,lognormal,0.0,-6.406853007629837e-16,0.0,sub,mdt,4000,4000,0.035,0.002905813139209058,0.965,0.0029058131392090594,0.965,0.01925,0.01575,0.9301585774165371,0.914042714035116,0.9687531317039016,0.9301585774165377,0.9140427140351168,0.9687531317039021,2.481880096877924,0.001885043811335259,0.0018850438113358998,34.4795,19.59525
3,null_iid,44,0.35,lognormal,0.0,-6.406853007629837e-16,0.0,rc,pct,4000,4000,0.0055,0.0011693748329770057,0.9945,0.0011693748329770005,0.9945,0.00225,0.00325,0.6713620719331858,0.6447841682042036,0.6903561920461748,0.6713620719331863,0.6447841682042029,0.6903561920461743,2.757344469032738,-0.0036657435431917966,-0.003665743543191156,,
4,null_iid,164,0.15,nb,0.0,0.0,0.0,full,pct,3000,3000,0.06233333333333333,0.004413913187822074,0.9376666666666666,0.004413913187822075,0.9376666666666666,0.024666666666666667,0.03766666666666667,1.063641053039631,1.0152641240454259,1.1087169457236485,1.063641053039631,1.0152641240454259,1.1087169457236485,1.2081291731848427,0.0012845392306441552,0.0012845392306441552,164.0,31.345
4,null_iid,164,0.15,nb,0.0,0.0,0.0,full,bca,3000,3000,0.056666666666666664,0.00422119870635327,0.9433333333333334,0.004221198706353269,0.9433333333333334,0.028,0.028666666666666667,1.0424943404299405,0.9953852313294365,1.082117808196776,1.0424943404299405,0.9953852313294365,1.082117808196776,1.2008389351133777,0.0012845392306441552,0.0012845392306441552,164.0,31.345
4,null_iid,164,0.15,nb,0.0,0.0,0.0,full,cr0,3000,3000,0.06,0.0043358966777357595,0.94,0.004335896677735762,0.94,0.034,0.026,1.0367094255179723,1.005278356428993,1.0831430751282034,1.0367094255179723,1.005278356428993,1.0831430751282034,1.1858528379377742,0.0012845392306441513,0.0012845392306441513,164.0,31.345
4,null_iid,164,0.15,nb,0.0,0.0,0.0,full,cr1t,3000,3000,0.057,0.004232847741178509,0.943,0.00423284774117851,0.943,0.033,0.024,1.0258703277282042,0.9947678795845996,1.0718185000615117,1.0258703277282042,0.9947678795845996,1.0718185000615117,1.1983822722407882,0.0012845392306441513,0.0012845392306441513,164.0,31.345
4,null_iid,164,0.15,nb,0.0,0.0,0.0,full,mdt,3000,3000,0.05433333333333333,0.004138486930518698,0.9456666666666667,0.004138486930518699,0.9456666666666667,0.032,0.022333333333333334,1.01687081880112,0.9860439545144051,1.0597895754618691,1.01687081880112,0.9860439545144051,1.0597895754618691,1.2098970429394087,0.0012845392306441513,0.0012845392306441513,164.0,31.345
4,null_iid,164,0.15,nb,0.0,0.0,0.0,full_mh,pct,3000,3000,0.06266666666666666,0.004424912637764937,0.9373333333333334,0.004424912637764936,0.9373333333333334,0.023666666666666666,0.039,1.0573392069809573,1.0208387442277316,1.1003950381411955,1.0573392069809573,1.0208387442277316,1.1003950381411955,1.247247203811363,-0.01585203025976627,-0.01585203025976627,164.0,31.345
4,null_iid,164,0.15,nb,0.0,0.0,0.0,sub,pct,3000,3000,0.05266666666666667,0.004078107767453303,0.9473333333333334,0.004078107767453302,0.9473333333333334,0.024666666666666667,0.028,1.0130026043254632,0.9846861772937948,1.0520230032160935,1.0130026043254632,0.9846861772937948,1.0520230032160935,1.5766503427031244,0.001873409462637228,0.001873409462637228,138.57,31.345
4,null_iid,164,0.15,nb,0.0,0.0,0.0,sub,bca,3000,3000,0.04666666666666667,0.0038509258146099917,0.9533333333333334,0.003850925814609991,0.9533333333333334,0.022333333333333334,0.024333333333333332,0.9894621633747138,0.9645026107886451,1.0306643143164191,0.9894621633747138,0.9645026107886451,1.0306643143164191,1.575836012573172,0.001873409462637228,0.001873409462637228,138.57,31.345
4,null_iid,164,0.15,nb,0.0,0.0,0.0,sub,cr0,3000,3000,0.04933333333333333,0.003953882292783282,0.9506666666666667,0.003953882292783283,0.9506666666666667,0.02266666666666667,0.02666666666666667,0.9979063392637192,0.9648326073154344,1.0215505269275724,0.9979063392637192,0.9648326073154344,1.0215505269275724,1.5574473695896704,0.0018734094626372392,0.0018734094626372392,138.57,31.345
4,null_iid,164,0.15,nb,0.0,0.0,0.0,sub,cr1t,3000,3000,0.04566666666666667,0.003811439895114978,0.9543333333333334,0.0038114398951149767,0.9543333333333334,0.021666666666666667,0.024,0.9850052483946139,0.9535751408561237,1.0093822601511313,0.9850052483946139,0.9535751408561237,1.0093822601511313,1.5770157898665218,0.0018734094626372392,0.0018734094626372392,138.57,31.345
4,null_iid,164,0.15,nb,0.0,0.0,0.0,sub,mdt,3000,3000,0.04066666666666666,0.0036061470153470306,0.9593333333333334,0.003606147015347029,0.9593333333333334,0.019333333333333334,0.021333333333333333,0.9660704788098005,0.9362827079972812,0.9913278128397013,0.9660704788098005,0.9362827079972812,0.9913278128397013,1.6079491173544376,0.0018734094626372392,0.0018734094626372392,138.57,31.345
4,null_iid,164,0.15,nb,0.0,0.0,0.0,rc,pct,3000,3000,0.0036666666666666666,0.001103512909186268,0.9963333333333333,0.001103512909186274,0.9963333333333333,0.0016666666666666668,0.002,0.6749819650442574,0.651641419248232,0.721715020328766,0.6749819650442574,0.651641419248232,0.721715020328766,1.869677715548302,0.0014916758246231337,0.0014916758246231337,,
5,null_iid,164,0.15,lognormal,0.0,0.0,0.0,full,pct,3000,3000,0.05333333333333334,0.00410239315883176,0.9466666666666667,0.00410239315883176,0.9466666666666667,0.021333333333333333,0.032,1.0076017315864436,0.9831185584030877,1.0538716575791054,1.0076017315864436,0.9831185584030877,1.0538716575791054,1.2071323810996777,-0.0033823246225367864,-0.0033823246225367864,164.0,31.374666666666666
5,null_iid,164,0.15,lognormal,0.0,0.0,0.0,full,bca,3000,3000,0.048666666666666664,0.0039284527158591,0.9513333333333334,0.003928452715859098,0.9513333333333334,0.024666666666666667,0.024,0.9984292618101561,0.9573570570080541,1.0287829810251228,0.9984292618101561,0.9573570570080541,1.0287829810251228,1.199890202296598,-0.0033823246225367864,-0.0033823246225367864,164.0,31.374666666666666
5,null_iid,164,0.15,lognormal,0.0,0.0,0.0,full,cr0,3000,3000,0.051,0.004016590594023742,0.949,0.004016590594023744,0.949,0.029,0.022,1.0030760963216867,0.9613319290986645,1.043833183692012,1.0030760963216867,0.9613319290986645,1.043833183692012,1.180031637999542,-0.0033823246225367864,-0.0033823246225367864,164.0,31.374666666666666
5,null_iid,164,0.15,lognormal,0.0,0.0,0.0,full,cr1t,3000,3000,0.04833333333333333,0.003915661809631599,0.9516666666666667,0.003915661809631599,0.9516666666666667,0.027333333333333334,0.021,0.9925886447455835,0.9512809249007225,1.0329196049439555,0.9925886447455835,0.9512809249007225,1.0329196049439555,1.192499566911788,-0.0033823246225367864,-0.0033823246225367864,164.0,31.374666666666666
5,null_iid,164,0.15,lognormal,0.0,0.0,0.0,full,mdt,3000,3000,0.04533333333333334,0.0037981671993310238,0.9546666666666667,0.0037981671993310238,0.9546666666666667,0.025666666666666667,0.019666666666666666,0.9807007243850904,0.937712827395025,1.0153773441040808,0.9807007243850904,0.937712827395025,1.0153773441040808,1.2102258082730968,-0.0033823246225367864,-0.0033823246225367864,164.0,31.374666666666666
5,null_iid,164,0.15,lognormal,0.0,0.0,0.0,full_mh,pct,3000,3000,0.05733333333333333,0.0042444560790998185,0.9426666666666667,0.004244456079099819,0.9426666666666667,0.020666666666666667,0.03666666666666667,1.033311142533925,0.9960862675236999,1.0567528359650242,1.033311142533925,0.9960862675236999,1.0567528359650242,1.2477034990116624,-0.016603787532511006,-0.016603787532511006,164.0,31.374666666666666
5,null_iid,164,0.15,lognormal,0.0,0.0,0.0,sub,pct,3000,3000,0.051666666666666666,0.004041337329079003,0.9483333333333334,0.004041337329079002,0.9483333333333334,0.026333333333333334,0.025333333333333333,1.0085696490146285,0.9773735776073214,1.0592640648520348,1.0085696490146285,0.9773735776073214,1.0592640648520348,1.578603194974814,-0.0050594624155259815,-0.0050594624155259815,128.59333333333333,31.374666666666666
5,null_iid,164,0.15,lognormal,0.0,0.0,0.0,sub,bca,3000,3000,0.048666666666666664,0.0039284527158591,0.9513333333333334,0.003928452715859098,0.9513333333333334,0.024666666666666667,0.024,0.9908423896882204,0.9515092359980244,1.0310051835054819,0.9908423896882204,0.9515092359980244,1.0310051835054819,1.5782905196409032,-0.0050594624155259815,-0.0050594624155259815,128.59333333333333,31.374666666666666
5,null_iid,164,0.15,lognormal,0.0,0.0,0.0,sub,cr0,3000,3000,0.048,0.0039028194936481498,0.952,0.003902819493648151,0.952,0.023,0.025,0.9873876780618362,0.9525453149798668,1.0370319014431273,0.9873876780618362,0.9525453149798668,1.0370319014431273,1.5536825080695933,-0.0050594624155259685,-0.0050594624155259685,128.59333333333333,31.374666666666666
5,null_iid,164,0.15,lognormal,0.0,0.0,0.0,sub,cr1t,3000,3000,0.046,0.003824656847352452,0.954,0.003824656847352454,0.954,0.022,0.024,0.9745438900599906,0.940440281217676,1.0225253342750995,0.9745438900599906,0.940440281217676,1.0225253342750995,1.5747659340922682,-0.0050594624155259685,-0.0050594624155259685,128.59333333333333,31.374666666666666
5,null_iid,164,0.15,lognormal,0.0,0.0,0.0,sub,mdt,3000,3000,0.042,0.0036622397518458563,0.958,0.003662239751845858,0.958,0.019666666666666666,0.022333333333333334,0.953311183231662,0.9207882688011588,0.9990540761073446,0.953311183231662,0.9207882688011588,0.9990540761073446,1.6136951184712158,-0.0050594624155259685,-0.0050594624155259685,128.59333333333333,31.374666666666666
5,null_iid,164,0.15,lognormal,0.0,0.0,0.0,rc,pct,3000,3000,0.004333333333333333,0.001199243588761343,0.9956666666666667,0.0011992435887613385,0.9956666666666667,0.0013333333333333333,0.003,0.6667939717437156,0.6371194869251653,0.69216654236148,0.6667939717437156,0.6371194869251653,0.69216654236148,1.8700824348023248,-0.004768170411091299,-0.004768170411091299,,
6,null_iid,164,0.35,nb,0.0,-6.406853007629837e-16,0.0,full,pct,3000,3000,0.051333333333333335,0.004028987557779341,0.9486666666666667,0.004028987557779342,0.9486666666666667,0.024333333333333332,0.027,1.0054004983287435,0.9734956080218962,1.04570602929071,1.005400498328742,0.9734956080218976,1.0457060292907088,0.8931193210153918,-0.006259620837851057,-0.006259620837850416,164.0,73.11333333333333
6,null_iid,164,0.35,nb,0.0,-6.406853007629837e-16,0.0,full,bca,3000,3000,0.04933333333333333,0.003953882292783282,0.9506666666666667,0.003953882292783283,0.9506666666666667,0.025333333333333333,0.024,0.994211724948867,0.9725515714496631,1.0362006210128922,0.9942117249488658,0.9725515714496614,1.0362006210128907,0.8927992362646361,-0.006259620837851057,-0.006259620837850416,164.0,73.11333333333333
6,null_iid,164,0.35,nb,0.0,-6.406853007629837e-16,0.0,full,cr0,3000,3000,0.05,0.003979112128771107,0.95,0.003979112128771109,0.95,0.02666666666666667,0.023333333333333334,0.9999973216879801,0.9768727298533689,1.043318692736824,0.9999973216879814,0.9768727298533705,1.0433186927368225,0.8864686107175425,-0.006259620837851068,-0.006259620837850427,164.0,73.11333333333333
6,null_iid,164,0.35,nb,0.0,-6.406853007629837e-16,0.0,full,cr1t,3000,3000,0.048,0.0039028194936481498,0.952,0.003902819493648151,0.952,0.025333333333333333,0.02266666666666667,0.9895420595938142,0.9666592420752015,1.032410493140956,0.9895420595938157,0.966659242075203,1.0324104931409543,0.8958348236778154,-0.006259620837851068,-0.006259620837850427,164.0,73.11333333333333
6,null_iid,164,0.35,nb,0.0,-6.406853007629837e-16,0.0,full,mdt,3000,3000,0.04733333333333333,0.003876978586858968,0.9526666666666667,0.003876978586858968,0.9526666666666667,0.025,0.022333333333333334,0.9817138671826449,0.9605442181683581,1.0227256606024202,0.9817138671826433,0.9605442181683597,1.0227256606024215,0.9022010745169226,-0.006259620837851068,-0.006259620837850427,164.0,73.11333333333333
6,null_iid,164,0.35,nb,0.0,-6.406853007629837e-16,0.0,full_mh,pct,3000,3000,0.051333333333333335,0.004028987557779341,0.9486666666666667,0.004028987557779342,0.9486666666666667,0.024,0.027333333333333334,1.0077859703917937,0.9659164531710094,1.0547373716978379,1.0077859703917922,0.9659164531710109,1.0547373716978363,0.9151817069058001,-0.009453671262628225,-0.009453671262627585,164.0,73.11333333333333
6,null_iid,164,0.35,nb,0.0,-6.406853007629837e-16,0.0,sub,pct,3000,3000,0.05366666666666667,0.004114468598962915,0.9463333333333334,0.004114468598962914,0.9463333333333334,0.024333333333333332,0.029333333333333333,1.023015727477259,0.9796964060793185,1.0582225621774144,1.0230157274772602,0.9796964060793175,1.058222562177413,1.1651528420262107,-0.010053100347074656,-0.010053100347074016,138.42266666666666,73.11333333333333
6,null_iid,164,0.35,nb,0.0,-6.406853007629837e-16,0.0,sub,bca,3000,3000,0.05266666666666667,0.004078107767453303,0.9473333333333334,0.004078107767453302,0.9473333333333334,0.023666666666666666,0.029,1.0070214722269901,0.9752071996987136,1.0482177589611863,1.007021472226991,0.9752071996987147,1.048217758961185,1.1653456891170473,-0.010053100347074656,-0.010053100347074016,138.42266666666666,73.11333333333333
6,null_iid,164,0.35,nb,0.0,-6.406853007629837e-16,0.0,sub,cr0,3000,3000,0.05266666666666667,0.004078107767453303,0.9473333333333334,0.004078107767453302,0.9473333333333334,0.024,0.028666666666666667,1.0101053770806347,0.9749726932299174,1.0461730863581618,1.0101053770806339,0.9749726932299188,1.0461730863581609,1.1598535313753666,-0.010053100347074668,-0.010053100347074028,138.42266666666666,73.11333333333333
6,null_iid,164,0.35,nb,0.0,-6.406853007629837e-16,0.0,sub,cr1t,3000,3000,0.049666666666666665,0.00396652193946993,0.9503333333333334,0.003966521939469929,0.9503333333333334,0.023333333333333334,0.026333333333333334,0.9980649279926945,0.9633592414052209,1.0335355025705848,0.9980649279926934,0.9633592414052221,1.0335355025705837,1.1744434669219883,-0.010053100347074668,-0.010053100347074028,138.42266666666666,73.11333333333333
6,null_iid,164,0.35,nb,0.0,-6.406853007629837e-16,0.0,sub,mdt,3000,3000,0.04766666666666667,0.0038899252587316535,0.9523333333333334,0.0038899252587316522,0.9523333333333334,0.022333333333333334,0.025333333333333333,0.9892640574944471,0.9521668839790025,1.0208237628555534,0.989264057494446,0.9521668839790015,1.0208237628555525,1.18698071902057,-0.010053100347074668,-0.010053100347074028,138.42266666666666,73.11333333333333
6,null_iid,164,0.35,nb,0.0,-6.406853007629837e-16,0.0,rc,pct,3000,3000,0.004,0.0011523888232710345,0.996,0.0011523888232710352,0.996,0.001,0.003,0.6747177228800836,0.649182351801785,0.7049482119007969,0.6747177228800845,0.649182351801784,0.7049482119007979,1.3723914350519262,-0.006049568308715908,-0.006049568308715267,,
7,null_iid,164,0.35,lognormal,0.0,-6.406853007629837e-16,0.0,full,pct,3000,3000,0.055,0.004162331077653483,0.945,0.004162331077653484,0.945,0.029333333333333333,0.025666666666666667,1.0188642690868093,0.9893284677242794,1.0655269981353555,1.018864269086811,0.9893284677242777,1.065526998135357,0.8938030869832122,-0.002130045700299488,-0.0021300457002988472,164.0,73.02366666666667
7,null_iid,164,0.35,lognormal,0.0,-6.406853007629837e-16,0.0,full,bca,3000,3000,0.05366666666666667,0.004114468598962915,0.9463333333333334,0.004114468598962914,0.9463333333333334,0.029666666666666668,0.024,1.01646323977695,0.9856521173229008,1.0704611025379602,1.0164632397769486,0.9856521173229021,1.0704611025379616,0.8932409524346291,-0.002130045700299488,-0.0021300457002988472,164.0,73.02366666666667
7,null_iid,164,0.35,lognormal,0.0,-6.406853007629837e-16,0.0,full,cr0,3000,3000,0.056666666666666664,0.00422119870635327,0.9433333333333334,0.004221198706353269,0.9433333333333334,0.03266666666666666,0.024,1.0271435767151944,0.9918592007227178,1.071534945029518,1.0271435767151929,0.9918592007227193,1.0715349450295162,0.8833304835395193,-0.002130045700299481,-0.0021300457002988403,164.0,73.02366666666667
7,null_iid,164,0.35,lognormal,0.0,-6.406853007629837e-16,0.0,full,cr1t,3000,3000,0.054,0.004126499727371856,0.946,0.004126499727371858,0.946,0.03166666666666667,0.022333333333333334,1.0164044926496805,0.9814890250440859,1.0603317363304883,1.0164044926496787,0.9814890250440872,1.0603317363304865,0.8926635398069436,-0.002130045700299481,-0.0021300457002988403,164.0,73.02366666666667
7,null_iid,164,0.35,lognormal,0.0,-6.406853007629837e-16,0.0,full,mdt,3000,3000,0.051333333333333335,0.004028987557779341,0.9486666666666667,0.004028987557779342,0.9486666666666667,0.03,0.021333333333333333,1.0080416367187532,0.9690462339254157,1.0493557500714679,1.0080416367187515,0.9690462339254172,1.049355750071466,0.9035395187996852,-0.002130045700299481,-0.0021300457002988403,164.0,73.02366666666667
7,null_iid,164,0.35,lognormal,0.0,-6.406853007629837e-16,0.0,full_mh,pct,3000,3000,0.054,0.004126499727371856,0.946,0.004126499727371858,0.946,0.027666666666666666,0.026333333333333334,1.0170980383147497,0.983910516351673,1.0429767164502242,1.0170980383147485,0.9839105163516746,1.0429767164502257,0.9162616801027648,-0.005303466475905481,-0.0053034664759048404,164.0,73.02366666666667
7,null_iid,164,0.35,lognormal,0.0,-6.406853007629837e-16,0.0,sub,pct,3000,3000,0.062,0.004402877846742211,0.938,0.004402877846742213,0.938,0.034333333333333334,0.027666666666666666,1.0402277292789353,1.0128435341248574,1.077451774117973,1.040227729278934,1.0128435341248563,1.0774517741179743,1.1655983389630395,-0.0014267333609369463,-0.0014267333609363055,128.63166666666666,73.02366666666667
7,null_iid,164,0.35,lognormal,0.0,-6.406853007629837e-16,0.0,sub,bca,3000,3000,0.057666666666666665,0.004256024053120558,0.9423333333333334,0.004256024053120557,0.9423333333333334,0.03266666666666666,0.025,1.0324705381856074,0.9992368152735374,1.066570209155929,1.0324705381856065,0.9992368152735385,1.066570209155928,1.1657881151991036,-0.0014267333609369463,-0.0014267333609363055,128.63166666666666,73.02366666666667
7,null_iid,164,0.35,lognormal,0.0,-6.406853007629837e-16,0.0,sub,cr0,3000,3000,0.058333333333333334,0.004279040217757387,0.9416666666666667,0.004279040217757387,0.9416666666666667,0.03333333333333333,0.025,1.0304645957179461,1.000775083012133,1.0671917641311728,1.0304645957179477,1.0007750830121318,1.067191764131174,1.1559236408925724,-0.0014267333609369484,-0.0014267333609363077,128.63166666666666,73.02366666666667
7,null_iid,164,0.35,lognormal,0.0,-6.406853007629837e-16,0.0,sub,cr1t,3000,3000,0.054,0.004126499727371856,0.946,0.004126499727371858,0.946,0.03,0.024,1.0171511244415956,0.9881509382158313,1.0528857373057017,1.0171511244415972,0.9881509382158302,1.0528857373057028,1.1716044557927692,-0.0014267333609369484,-0.0014267333609363077,128.63166666666666,73.02366666666667
7,null_iid,164,0.35,lognormal,0.0,-6.406853007629837e-16,0.0,sub,mdt,3000,3000,0.051666666666666666,0.004041337329079003,0.9483333333333334,0.004041337329079002,0.9483333333333334,0.028333333333333332,0.023333333333333334,1.007211604163353,0.9695500509597864,1.0388304894204905,1.007211604163352,0.9695500509597875,1.0388304894204918,1.1897595910019423,-0.0014267333609369484,-0.0014267333609363077,128.63166666666666,73.02366666666667
7,null_iid,164,0.35,lognormal,0.0,-6.406853007629837e-16,0.0,rc,pct,3000,3000,0.004,0.0011523888232710345,0.996,0.0011523888232710352,0.996,0.0023333333333333335,0.0016666666666666668,0.6765420885388344,0.6490571420224263,0.7007898912508278,0.6765420885388352,0.6490571420224273,0.7007898912508288,1.3788038725711498,-0.002020813956200997,-0.0020208139562003565,,
8,null_iid,776,0.15,nb,0.0,0.0,0.0,full,pct,1000,1000,0.054,0.007147307185227175,0.946,0.0071473071852271785,0.946,0.029,0.025,1.0255587996379563,0.9552415337314722,1.0648116063319597,1.0255587996379563,0.9552415337314722,1.0648116063319597,0.5478315285613197,-0.004076556249305791,-0.004076556249305791,776.0,148.242
8,null_iid,776,0.15,nb,0.0,0.0,0.0,full,bca,1000,1000,0.055,0.00720936890441875,0.945,0.007209368904418752,0.945,0.031,0.024,1.0195011543294352,0.9540465531189085,1.05441348326354,1.0195011543294352,0.9540465531189085,1.05441348326354,0.5473735160194121,-0.004076556249305791,-0.004076556249305791,776.0,148.242
8,null_iid,776,0.15,nb,0.0,0.0,0.0,full,cr0,1000,1000,0.053,0.00708456067798138,0.947,0.007084560677981384,0.947,0.032,0.021,1.0141359765567912,0.9496690766784995,1.0731442831050042,1.0141359765567912,0.9496690766784995,1.0731442831050042,0.5466286699661858,-0.004076556249305788,-0.004076556249305788,776.0,148.242
8,null_iid,776,0.15,nb,0.0,0.0,0.0,full,cr1t,1000,1000,0.053,0.00708456067798138,0.947,0.007084560677981384,0.947,0.032,0.021,1.0118995536111621,0.94757481933734,1.0707777321156047,1.0118995536111621,0.94757481933734,1.0707777321156047,0.547836786815223,-0.004076556249305788,-0.004076556249305788,776.0,148.242
8,null_iid,776,0.15,nb,0.0,0.0,0.0,full,mdt,1000,1000,0.053,0.00708456067798138,0.947,0.007084560677981384,0.947,0.032,0.021,1.0100126431080794,0.9458686968272149,1.06877740920325,1.0100126431080794,0.9458686968272149,1.06877740920325,0.548942827883289,-0.004076556249305788,-0.004076556249305788,776.0,148.242
8,null_iid,776,0.15,nb,0.0,0.0,0.0,full_mh,pct,1000,1000,0.058,0.007391616873188166,0.942,0.007391616873188169,0.942,0.028,0.03,1.0263559965258542,0.9571321429719216,1.0869426637384847,1.0263559965258542,0.9571321429719216,1.0869426637384847,0.5594062874128344,-0.009097580994083612,-0.009097580994083612,776.0,148.242
8,null_iid,776,0.15,nb,0.0,0.0,0.0,sub,pct,1000,1000,0.046,0.006624499981130651,0.954,0.006624499981130654,0.954,0.019,0.027,0.9538432160015741,0.9251192437714714,1.039642546670946,0.9538432160015741,0.9251192437714714,1.039642546670946,0.7138019540635587,-0.008159578518180527,-0.008159578518180527,655.82,148.242
8,null_iid,776,0.15,nb,0.0,0.0,0.0,sub,bca,1000,1000,0.045,0.0065555320150236475,0.955,0.00655553201502365,0.955,0.019,0.026,0.9503151088060828,0.9148674216453196,1.0429204431722865,0.9503151088060828,0.9148674216453196,1.0429204431722865,0.7137549023027313,-0.008159578518180527,-0.008159578518180527,655.82,148.242
8,null_iid,776,0.15,nb,0.0,0.0,0.0,sub,cr0,1000,1000,0.043,0.006414904519944158,0.957,0.006414904519944161,0.957,0.017,0.026,0.950160302359281,0.912128742918538,1.039310333678547,0.950160302359281,0.912128742918538,1.039310333678547,0.7130498867373201,-0.008159578518180518,-0.008159578518180518,655.82,148.242
8,null_iid,776,0.15,nb,0.0,0.0,0.0,sub,cr1t,1000,1000,0.043,0.006414904519944158,0.957,0.006414904519944161,0.957,0.017,0.026,0.9477115177779565,0.909730799549811,1.0365864096459454,0.9477115177779565,0.909730799549811,1.0365864096459454,0.7149164240168063,-0.008159578518180518,-0.008159578518180518,655.82,148.242
8,null_iid,776,0.15,nb,0.0,0.0,0.0,sub,mdt,1000,1000,0.042,0.0063431853196954605,0.958,0.006343185319695463,0.958,0.017,0.025,0.9439457184880278,0.9061740655917497,1.032364523541407,0.9439457184880278,0.9061740655917497,1.032364523541407,0.7177628338966047,-0.008159578518180518,-0.008159578518180518,655.82,148.242
8,null_iid,776,0.15,nb,0.0,0.0,0.0,rc,pct,1000,1000,0.003,0.001729450779872038,0.997,0.0017294507798720387,0.997,0.001,0.002,0.6758401709431334,0.6404070047163152,0.7214634337365978,0.6758401709431334,0.6404070047163152,0.7214634337365978,0.8409725997645255,-0.004410977306226758,-0.004410977306226758,,
9,null_iid,776,0.15,lognormal,0.0,0.0,0.0,full,pct,1000,1000,0.046,0.006624499981130651,0.954,0.006624499981130654,0.954,0.027,0.019,0.9717056958098902,0.9080704702359771,1.0517891182697552,0.9717056958098902,0.9080704702359771,1.0517891182697552,0.5477899936650219,0.006779281694109195,0.006779281694109195,776.0,148.726
9,null_iid,776,0.15,lognormal,0.0,0.0,0.0,full,bca,1000,1000,0.045,0.0065555320150236475,0.955,0.00655553201502365,0.955,0.028,0.017,0.9863022790047665,0.930218236013066,1.0599679585273585,0.9863022790047665,0.930218236013066,1.0599679585273585,0.5471972603504374,0.006779281694109195,0.006779281694109195,776.0,148.726
9,null_iid,776,0.15,lognormal,0.0,0.0,0.0,full,cr0,1000,1000,0.043,0.006414904519944158,0.957,0.006414904519944161,0.957,0.027,0.016,0.974199518785657,0.9322380658730278,1.0552621231549875,0.974199518785657,0.9322380658730278,1.0552621231549875,0.5455419587092908,0.006779281694109196,0.006779281694109196,776.0,148.726
9,null_iid,776,0.15,lognormal,0.0,0.0,0.0,full,cr1t,1000,1000,0.043,0.006414904519944158,0.957,0.006414904519944161,0.957,0.027,0.016,0.9720511656971198,0.9301822482612855,1.0529350067914702,0.9720511656971198,0.9301822482612855,1.0529350067914702,0.5467476737922816,0.006779281694109196,0.006779281694109196,776.0,148.726
9,null_iid,776,0.15,lognormal,0.0,0.0,0.0,full,mdt,1000,1000,0.042,0.0063431853196954605,0.958,0.006343185319695463,0.958,0.027,0.015,0.96832298723757,0.9275305067164369,1.0498159192091576,0.96832298723757,0.9275305067164369,1.0498159192091576,0.5484735294709706,0.006779281694109196,0.006779281694109196,776.0,148.726
9,null_iid,776,0.15,lognormal,0.0,0.0,0.0,full_mh,pct,1000,1000,0.044,0.006485676526007136,0.956,0.006485676526007139,0.956,0.022,0.022,0.9694741583949797,0.9194835960638087,1.0709692369781831,0.9694741583949797,0.9194835960638087,1.0709692369781831,0.5587466742524204,0.002867870357662193,0.002867870357662193,776.0,148.726
9,null_iid,776,0.15,lognormal,0.0,0.0,0.0,sub,pct,1000,1000,0.051,0.00695693898205238,0.949,0.006956938982052382,0.949,0.03,0.021,1.0015437347052523,0.9700960809960468,1.071037228125019,1.0015437347052523,0.9700960809960468,1.071037228125019,0.7148289977338602,0.012549329804826988,0.012549329804826988,609.056,148.726
9,null_iid,776,0.15,lognormal,0.0,0.0,0.0,sub,bca,1000,1000,0.053,0.00708456067798138,0.947,0.007084560677981384,0.947,0.032,0.021,1.0038245890090998,0.9627118027294252,1.0585008401264964,1.0038245890090998,0.9627118027294252,1.0585008401264964,0.7148232795939573,0.012549329804826988,0.012549329804826988,609.056,148.726
9,null_iid,776,0.15,lognormal,0.0,0.0,0.0,sub,cr0,1000,1000,0.051,0.00695693898205238,0.949,0.006956938982052382,0.949,0.03,0.021,1.0026282789427474,0.9577556051800487,1.0552718381633466,1.0026282789427474,0.9577556051800487,1.0552718381633466,0.713501207015745,0.01254932980482698,0.01254932980482698,609.056,148.726
9,null_iid,776,0.15,lognormal,0.0,0.0,0.0,sub,cr1t,1000,1000,0.05,0.006892024376045111,0.95,0.006892024376045114,0.95,0.03,0.02,0.9998097287885999,0.9550506114177304,1.0522815531949972,0.9998097287885999,0.9550506114177304,1.0522815531949972,0.7155133274572316,0.01254932980482698,0.01254932980482698,609.056,148.726
9,null_iid,776,0.15,lognormal,0.0,0.0,0.0,sub,mdt,1000,1000,0.049,0.006826346021115542,0.951,0.006826346021115546,0.951,0.03,0.019,0.9952869890714353,0.950666555541339,1.0467917575448775,0.9952869890714353,0.950666555541339,1.0467917575448775,0.719147420678158,0.01254932980482698,0.01254932980482698,609.056,148.726
9,null_iid,776,0.15,lognormal,0.0,0.0,0.0,rc,pct,1000,1000,0.003,0.001729450779872038,0.997,0.0017294507798720387,0.997,0.002,0.001,0.655158725671664,0.6198630979914428,0.7158804731009666,0.655158725671664,0.6198630979914428,0.7158804731009666,0.8403705702250536,0.005649481136146889,0.005649481136146889,,
10,null_iid,776,0.35,nb,0.0,-6.406853007629837e-16,0.0,full,pct,1000,1000,0.057,0.007331507348424334,0.943,0.007331507348424336,0.943,0.032,0.025,1.0261971288838285,0.9606120766272347,1.0685452278524727,1.0261971288838256,0.960612076627238,1.068545227852476,0.408765932573983,0.003117545364681517,0.0031175453646821575,776.0,346.427
10,null_iid,776,0.35,nb,0.0,-6.406853007629837e-16,0.0,full,bca,1000,1000,0.054,0.007147307185227175,0.946,0.0071473071852271785,0.946,0.03,0.024,1.0170657494793252,0.9617180402404307,1.0626481194202655,1.017065749479328,0.9617180402404337,1.0626481194202684,0.4087694572223551,0.003117545364681517,0.0031175453646821575,776.0,346.427
10,null_iid,776,0.35,nb,0.0,-6.406853007629837e-16,0.0,full,cr0,1000,1000,0.056,0.007270763371201128,0.944,0.007270763371201131,0.944,0.032,0.024,1.009905910418232,0.9447356839116677,1.0577612412291908,1.0099059104182349,0.9447356839116645,1.057761241229194,0.40839300328973765,0.0031175453646815118,0.0031175453646821523,776.0,346.427
10,null_iid,776,0.35,nb,0.0,-6.406853007629837e-16,0.0,full,cr1t,1000,1000,0.054,0.007147307185227175,0.946,0.0071473071852271785,0.946,0.031,0.023,1.0076788158242171,0.9426523059328803,1.0554286136865678,1.00767881582422,0.9426523059328772,1.055428613686571,0.40929560224843065,0.0031175453646815118,0.0031175453646821523,776.0,346.427
10,null_iid,776,0.35,nb,0.0,-6.406853007629837e-16,0.0,full,mdt,1000,1000,0.054,0.007147307185227175,0.946,0.0071473071852271785,0.946,0.031,0.023,1.0062648318600371,0.9413055179855933,1.0538872645856752,1.00626483186004,0.9413055179855901,1.053887264585678,0.409907992128813,0.0031175453646815118,0.0031175453646821523,776.0,346.427
10,null_iid,776,0.35,nb,0.0,-6.406853007629837e-16,0.0,full_mh,pct,1000,1000,0.05,0.006892024376045111,0.95,0.006892024376045114,0.95,0.026,0.024,0.9990708963344174,0.9465049472043856,1.0684048783164786,0.99907089633442,0.9465049472043888,1.0684048783164817,0.41665419153468874,0.0011565261428663526,0.0011565261428669934,776.0,346.427
10,null_iid,776,0.35,nb,0.0,-6.406853007629837e-16,0.0,sub,pct,1000,1000,0.056,0.007270763371201128,0.944,0.007270763371201131,0.944,0.03,0.026,1.0470160678656542,0.9661345257279462,1.1076148199617648,1.047016067865652,0.9661345257279486,1.1076148199617624,0.532980310127354,0.004056802043624984,0.004056802043625625,655.506,346.427
10,null_iid,776,0.35,nb,0.0,-6.406853007629837e-16,0.0,sub,bca,1000,1000,0.057,0.007331507348424334,0.943,0.007331507348424336,0.943,0.03,0.027,1.0479363843190554,0.9644861020527227,1.1009322854073866,1.0479363843190581,0.9644861020527251,1.1009322854073893,0.5330007971860139,0.004056802043624984,0.004056802043625625,655.506,346.427
10,null_iid,776,0.35,nb,0.0,-6.406853007629837e-16,0.0,sub,cr0,1000,1000,0.058,0.007391616873188166,0.942,0.007391616873188169,0.942,0.031,0.027,1.0464724411254602,0.9643442249723052,1.1010154322089258,1.0464724411254627,0.9643442249723028,1.1010154322089232,0.5329924136683557,0.004056802043624991,0.004056802043625632,655.506,346.427
10,null_iid,776,0.35,nb,0.0,-6.406853007629837e-16,0.0,sub,cr1t,1000,1000,0.058,0.007391616873188166,0.942,0.007391616873188169,0.942,0.031,0.027,1.0437717504467336,0.9617933259167971,1.0980338391774498,1.0437717504467359,0.9617933259167947,1.0980338391774471,0.534388252313406,0.004056802043624991,0.004056802043625632,655.506,346.427
10,null_iid,776,0.35,nb,0.0,-6.406853007629837e-16,0.0,sub,mdt,1000,1000,0.058,0.007391616873188166,0.942,0.007391616873188169,0.942,0.031,0.027,1.0415458660379457,0.9597237077683541,1.095631305533855,1.0415458660379482,0.9597237077683517,1.0956313055338525,0.5355830136469779,0.004056802043624991,0.004056802043625632,655.506,346.427
10,null_iid,776,0.35,nb,0.0,-6.406853007629837e-16,0.0,rc,pct,1000,1000,0.004,0.001995995991979944,0.996,0.0019959959919799443,0.996,0.002,0.002,0.6770792403467926,0.6361911381916515,0.7036760095765923,0.6770792403467902,0.6361911381916535,0.7036760095765943,0.6277390425790602,0.0027473787306406413,0.002747378730641282,,
11,null_iid,776,0.35,lognormal,0.0,-6.406853007629837e-16,0.0,full,pct,1000,1000,0.057,0.007331507348424334,0.943,0.007331507348424336,0.943,0.028,0.029,1.0303415977345258,0.9855715061759704,1.1079382888304954,1.030341597734529,0.9855715061759736,1.107938288830492,0.40840943143746344,0.0039019801812944224,0.003901980181295063,776.0,347.24
11,null_iid,776,0.35,lognormal,0.0,-6.406853007629837e-16,0.0,full,bca,1000,1000,0.058,0.007391616873188166,0.942,0.007391616873188169,0.942,0.029,0.029,1.037984819850641,0.9779773576758106,1.1071582872414605,1.037984819850644,0.9779773576758076,1.1071582872414634,0.4083876370992823,0.0039019801812944224,0.003901980181295063,776.0,347.24
11,null_iid,776,0.35,lognormal,0.0,-6.406853007629837e-16,0.0,full,cr0,1000,1000,0.056,0.007270763371201128,0.944,0.007270763371201131,0.944,0.031,0.025,1.0212057290067278,0.9682014041521713,1.0855905754734327,1.021205729006731,0.9682014041521744,1.0855905754734356,0.4079083770111913,0.0039019801812944133,0.003901980181295054,776.0,347.24
11,null_iid,776,0.35,lognormal,0.0,-6.406853007629837e-16,0.0,full,cr1t,1000,1000,0.056,0.007270763371201128,0.944,0.007270763371201131,0.944,0.031,0.025,1.0189537154924133,0.9660662784034649,1.0831965773029013,1.0189537154924162,0.966066278403468,1.0831965773029044,0.40880990488597524,0.0039019801812944133,0.003901980181295054,776.0,347.24
11,null_iid,776,0.35,lognormal,0.0,-6.406853007629837e-16,0.0,full,mdt,1000,1000,0.056,0.007270763371201128,0.944,0.007270763371201131,0.944,0.031,0.025,1.0165890668429378,0.9634924168096592,1.0807303814558755,1.0165890668429405,0.9634924168096624,1.0807303814558784,0.40990099147980513,0.0039019801812944133,0.003901980181295054,776.0,347.24
11,null_iid,776,0.35,lognormal,0.0,-6.406853007629837e-16,0.0,full_mh,pct,1000,1000,0.058,0.007391616873188166,0.942,0.007391616873188169,0.942,0.028,0.03,1.0340681222579444,0.9743000640757605,1.1103008495042437,1.0340681222579478,0.9743000640757574,1.1103008495042406,0.4163661063080022,0.0032260181894047247,0.0032260181894053653,776.0,347.24
11,null_iid,776,0.35,lognormal,0.0,-6.406853007629837e-16,0.0,sub,pct,1000,1000,0.051,0.00695693898205238,0.949,0.006956938982052382,0.949,0.024,0.027,1.0006626874760332,0.9424222089188985,1.0632095999387394,1.0006626874760307,0.9424222089188959,1.0632095999387368,0.5325906670352638,0.002914944510210205,0.0029149445102108454,609.176,347.24
11,null_iid,776,0.35,lognormal,0.0,-6.406853007629837e-16,0.0,sub,bca,1000,1000,0.049,0.006826346021115542,0.951,0.006826346021115546,0.951,0.023,0.026,0.9933740808670538,0.9412664098117715,1.0681738209902896,0.9933740808670514,0.9412664098117738,1.068173820990292,0.5326316879981157,0.002914944510210205,0.0029149445102108454,609.176,347.24
11,null_iid,776,0.35,lognormal,0.0,-6.406853007629837e-16,0.0,sub,cr0,1000,1000,0.05,0.006892024376045111,0.95,0.006892024376045114,0.95,0.024,0.026,0.9985127018634216,0.9403380817927449,1.0849526718303655,0.9985127018634242,0.9403380817927425,1.0849526718303681,0.5319648458234447,0.0029149445102102057,0.0029149445102108463,609.176,347.24
11,null_iid,776,0.35,lognormal,0.0,-6.406853007629837e-16,0.0,sub,cr1t,1000,1000,0.05,0.006892024376045111,0.95,0.006892024376045114,0.95,0.024,0.026,0.9956999198730656,0.9377422900043284,1.0819035397616723,0.9956999198730683,0.937742290004326,1.0819035397616752,0.5334646712321625,0.0029149445102102057,0.0029149445102108463,609.176,347.24
11,null_iid,776,0.35,lognormal,0.0,-6.406853007629837e-16,0.0,sub,mdt,1000,1000,0.048,0.006759881655768835,0.952,0.006759881655768837,0.952,0.023,0.025,0.9927122190900961,0.9346554249316806,1.0784157437235433,0.9927122190900987,0.9346554249316781,1.0784157437235462,0.5352452283034693,0.0029149445102102057,0.0029149445102108463,609.176,347.24
11,null_iid,776,0.35,lognormal,0.0,-6.406853007629837e-16,0.0,rc,pct,1000,1000,0.005,0.0022304708023195463,0.995,0.002230470802319547,0.995,0.004,0.001,0.6554727847762392,0.6445335926261754,0.7188905723560549,0.6554727847762413,0.6445335926261776,0.7188905723560529,0.6280967994154516,0.0026235861814721544,0.002623586181472795,,
12,null_iid,1475,0.15,nb,0.0,0.0,0.0,full,pct,1000,1000,0.072,0.008174105455644672,0.928,0.00817410545564467,0.928,0.039,0.033,1.0727669265139774,1.0239193863901328,1.1391903364456752,1.0727669265139774,1.0239193863901328,1.1391903364456752,0.3956788448278767,0.008025912082931278,0.008025912082931278,1475.0,283.313
12,null_iid,1475,0.15,nb,0.0,0.0,0.0,full,bca,1000,1000,0.07,0.008068457101577725,0.93,0.008068457101577721,0.93,0.039,0.031,1.0762277460375251,1.0208206111085403,1.1322061889462895,1.0762277460375251,1.0208206111085403,1.1322061889462895,0.39543680237341766,0.008025912082931278,0.008025912082931278,1475.0,283.313
12,null_iid,1475,0.15,nb,0.0,0.0,0.0,full,cr0,1000,1000,0.071,0.008121514637061242,0.929,0.008121514637061239,0.929,0.04,0.031,1.0683837913272445,1.0295731628453033,1.1395450463036891,1.0683837913272445,1.0295731628453033,1.1395450463036891,0.39515293366821563,0.008025912082931278,0.008025912082931278,1475.0,283.313
12,null_iid,1475,0.15,nb,0.0,0.0,0.0,full,cr1t,1000,1000,0.07,0.008068457101577725,0.93,0.008068457101577721,0.93,0.04,0.03,1.0671445799280028,1.0283789676411943,1.138223295428403,1.0671445799280028,1.0283789676411943,1.138223295428403,0.3956118012191133,0.008025912082931278,0.008025912082931278,1475.0,283.313
12,null_iid,1475,0.15,nb,0.0,0.0,0.0,full,mdt,1000,1000,0.07,0.008068457101577725,0.93,0.008068457101577721,0.93,0.04,0.03,1.0660150582612795,1.02726506965566,1.137026461755563,1.0660150582612795,1.02726506965566,1.137026461755563,0.3960303024709429,0.008025912082931278,0.008025912082931278,1475.0,283.313
12,null_iid,1475,0.15,nb,0.0,0.0,0.0,full_mh,pct,1000,1000,0.063,0.007683163410991596,0.937,0.007683163410991592,0.937,0.033,0.03,1.047021471417399,0.9823524928251677,1.1026064226151508,1.047021471417399,0.9823524928251677,1.1026064226151508,0.40316170729152423,0.005894170223170978,0.005894170223170978,1475.0,283.313
12,null_iid,1475,0.15,nb,0.0,0.0,0.0,sub,pct,1000,1000,0.061,0.0075682891065286355,0.939,0.007568289106528638,0.939,0.034,0.027,1.0452437054658827,0.9881039122090245,1.1278227713140199,1.0452437054658827,0.9881039122090245,1.1278227713140199,0.5164759390448317,0.007055441661700294,0.007055441661700294,1245.626,283.313
12,null_iid,1475,0.15,nb,0.0,0.0,0.0,sub,bca,1000,1000,0.066,0.007851369307324678,0.934,0.007851369307324675,0.934,0.038,0.028,1.0462664984459842,1.0017428467260165,1.1114945615481768,1.0462664984459842,1.0017428467260165,1.1114945615481768,0.5165414314981694,0.007055441661700294,0.007055441661700294,1245.626,283.313
12,null_iid,1475,0.15,nb,0.0,0.0,0.0,sub,cr0,1000,1000,0.061,0.0075682891065286355,0.939,0.007568289106528638,0.939,0.033,0.028,1.0471081991485045,0.9798334578173422,1.115180651341476,1.0471081991485045,0.9798334578173422,1.115180651341476,0.5162646402389289,0.0070554416617002935,0.0070554416617002935,1245.626,283.313
12,null_iid,1475,0.15,nb,0.0,0.0,0.0,sub,cr1t,1000,1000,0.061,0.0075682891065286355,0.939,0.007568289106528638,0.939,0.033,0.028,1.0456786387501007,0.9784933898656935,1.1136394550701298,1.0456786387501007,0.9784933898656935,1.1136394550701298,0.5169749117292427,0.0070554416617002935,0.0070554416617002935,1245.626,283.313
12,null_iid,1475,0.15,nb,0.0,0.0,0.0,sub,mdt,1000,1000,0.061,0.0075682891065286355,0.939,0.007568289106528638,0.939,0.033,0.028,1.0435877624986776,0.976486004406481,1.1115887558064101,1.0435877624986776,0.976486004406481,1.1115887558064101,0.5180545457956314,0.0070554416617002935,0.0070554416617002935,1245.626,283.313
12,null_iid,1475,0.15,nb,0.0,0.0,0.0,rc,pct,1000,1000,0.005,0.0022304708023195463,0.995,0.002230470802319547,0.995,0.002,0.003,0.7082666231007744,0.6613519200857899,0.7438994831289997,0.7082666231007744,0.6613519200857899,0.7438994831289997,0.6092126473497157,0.008008077605884381,0.008008077605884381,,
13,null_iid,1475,0.15,lognormal,0.0,0.0,0.0,full,pct,1000,1000,0.049,0.006826346021115542,0.951,0.006826346021115546,0.951,0.028,0.021,0.996189543078152,0.9562848669375861,1.0713441972593982,0.996189543078152,0.9562848669375861,1.0713441972593982,0.3961368609966204,0.004655876681659328,0.004655876681659328,1475.0,282.56
13,null_iid,1475,0.15,lognormal,0.0,0.0,0.0,full,bca,1000,1000,0.051,0.00695693898205238,0.949,0.006956938982052382,0.949,0.033,0.018,1.0008546489342687,0.9629605282617623,1.0694920446422482,1.0008546489342687,0.9629605282617623,1.0694920446422482,0.39591203418125576,0.004655876681659328,0.004655876681659328,1475.0,282.56
13,null_iid,1475,0.15,lognormal,0.0,0.0,0.0,full,cr0,1000,1000,0.052,0.007021111023192838,0.948,0.007021111023192843,0.948,0.034,0.018,1.0142863567153322,0.9538719510266538,1.0628092950944386,1.0142863567153322,0.9538719510266538,1.0628092950944386,0.39561859810029537,0.004655876681659326,0.004655876681659326,1475.0,282.56
13,null_iid,1475,0.15,lognormal,0.0,0.0,0.0,full,cr1t,1000,1000,0.052,0.007021111023192838,0.948,0.007021111023192843,0.948,0.034,0.018,1.0131098925780626,0.9527655611649541,1.0615765495170608,1.0131098925780626,0.9527655611649541,1.0615765495170608,0.3960780063995445,0.004655876681659326,0.004655876681659326,1475.0,282.56
13,null_iid,1475,0.15,lognormal,0.0,0.0,0.0,full,mdt,1000,1000,0.052,0.007021111023192838,0.948,0.007021111023192843,0.948,0.034,0.018,1.0114689731755317,0.9511768335544591,1.059782909511763,1.0114689731755317,0.9511768335544591,1.059782909511763,0.39674429933969074,0.004655876681659326,0.004655876681659326,1475.0,282.56
13,null_iid,1475,0.15,lognormal,0.0,0.0,0.0,full_mh,pct,1000,1000,0.056,0.007270763371201128,0.944,0.007270763371201131,0.944,0.034,0.022,1.0070282498599423,0.954583902656696,1.0941239934818734,1.0070282498599423,0.954583902656696,1.0941239934818734,0.4037921268898831,0.002903962791787625,0.002903962791787625,1475.0,282.56
13,null_iid,1475,0.15,lognormal,0.0,0.0,0.0,sub,pct,1000,1000,0.06,0.007509993342207435,0.94,0.007509993342207438,0.94,0.03,0.03,1.057393403810622,0.9848282135924671,1.1293791398691937,1.057393403810622,0.9848282135924671,1.1293791398691937,0.5167233240180735,0.003690618145745156,0.003690618145745156,1157.381,282.56
13,null_iid,1475,0.15,lognormal,0.0,0.0,0.0,sub,bca,1000,1000,0.061,0.0075682891065286355,0.939,0.007568289106528638,0.939,0.03,0.031,1.0500194307574997,0.97959376723912,1.1367422355026189,1.0500194307574997,0.97959376723912,1.1367422355026189,0.5168142857213165,0.003690618145745156,0.003690618145745156,1157.381,282.56
13,null_iid,1475,0.15,lognormal,0.0,0.0,0.0,sub,cr0,1000,1000,0.061,0.0075682891065286355,0.939,0.007568289106528638,0.939,0.031,0.03,1.0531844091984621,0.989476021639959,1.1308714807377482,1.0531844091984621,0.989476021639959,1.1308714807377482,0.5163465209544797,0.0036906181457451543,0.0036906181457451543,1157.381,282.56
13,null_iid,1475,0.15,lognormal,0.0,0.0,0.0,sub,cr1t,1000,1000,0.061,0.0075682891065286355,0.939,0.007568289106528638,0.939,0.031,0.03,1.0516229522216338,0.988035205612585,1.129193341564771,1.0516229522216338,0.988035205612585,1.129193341564771,0.5171112111338521,0.0036906181457451543,0.0036906181457451543,1157.381,282.56
13,null_iid,1475,0.15,lognormal,0.0,0.0,0.0,sub,mdt,1000,1000,0.059,0.007451107300260815,0.941,0.007451107300260817,0.941,0.029,0.03,1.0487060259262369,0.9857484915316495,1.1261599008979606,1.0487060259262369,0.9857484915316495,1.1261599008979606,0.5184978465208101,0.0036906181457451543,0.0036906181457451543,1157.381,282.56
13,null_iid,1475,0.15,lognormal,0.0,0.0,0.0,rc,pct,1000,1000,0.007,0.0026364749192814255,0.993,0.002636474919281427,0.993,0.004,0.003,0.6735356554532135,0.6223572219088931,0.7132440511492407,0.6735356554532135,0.6223572219088931,0.7132440511492407,0.6091841695208159,0.004297810407377095,0.004297810407377095,,
14,null_iid,1475,0.35,nb,0.0,-6.406853007629837e-16,0.0,full,pct,1000,1000,0.043,0.006414904519944158,0.957,0.006414904519944161,0.957,0.021,0.022,0.9754516459547583,0.9227123486976148,1.0275360018019362,0.9754516459547543,0.9227123486976188,1.0275360018019404,0.296540846537339,0.003647938056523837,0.0036479380565244777,1475.0,659.531
14,null_iid,1475,0.35,nb,0.0,-6.406853007629837e-16,0.0,full,bca,1000,1000,0.044,0.006485676526007136,0.956,0.006485676526007139,0.956,0.024,0.02,0.9721715147180365,0.9217979792260971,1.0405860479423084,0.9721715147180319,0.9217979792261011,1.0405860479423126,0.2965596002872528,0.003647938056523837,0.0036479380565244777,1475.0,659.531
14,null_iid,1475,0.35,nb,0.0,-6.406853007629837e-16,0.0,full,cr0,1000,1000,0.045,0.0065555320150236475,0.955,0.00655553201502365,0.955,0.024,0.021,0.9641428103149872,0.9230302984344161,1.0414756765181967,0.9641428103149827,0.9230302984344119,1.0414756765181923,0.29652282502303445,0.0036479380565238545,0.003647938056524495,1475.0,659.531
14,null_iid,1475,0.35,nb,0.0,-6.406853007629837e-16,0.0,full,cr1t,1000,1000,0.044,0.006485676526007136,0.956,0.006485676526007139,0.956,0.024,0.02,0.9630245073505114,0.9219596816046305,1.0402676756660216,0.9630245073505068,0.9219596816046262,1.0402676756660174,0.29686715930708113,0.0036479380565238545,0.003647938056524495,1475.0,659.531
14,null_iid,1475,0.35,nb,0.0,-6.406853007629837e-16,0.0,full,mdt,1000,1000,0.044,0.006485676526007136,0.956,0.006485676526007139,0.956,0.024,0.02,0.9622699310150457,0.9212829568025322,1.0394361354754864,0.9622699310150412,0.921282956802528,1.039436135475482,0.29710001706635125,0.0036479380565238545,0.003647938056524495,1475.0,659.531
14,null_iid,1475,0.35,nb,0.0,-6.406853007629837e-16,0.0,full_mh,pct,1000,1000,0.04,0.0061967733539318665,0.96,0.00619677335393187,0.96,0.024,0.016,0.9530747635501843,0.9189182974551872,1.0228807018609893,0.9530747635501801,0.9189182974551828,1.0228807018609851,0.3018941801574821,0.0032740310017792635,0.003274031001779904,1475.0,659.531
14,null_iid,1475,0.35,nb,0.0,-6.406853007629837e-16,0.0,sub,pct,1000,1000,0.056,0.007270763371201128,0.944,0.007270763371201131,0.944,0.029,0.027,1.0211476688316603,0.9537808233523266,1.0718152171502144,1.021147668831657,0.9537808233523233,1.071815217150211,0.3868316936459519,0.0053465460719855674,0.005346546071986208,1247.14,659.531
14,null_iid,1475,0.35,nb,0.0,-6.406853007629837e-16,0.0,sub,bca,1000,1000,0.053,0.00708456067798138,0.947,0.007084560677981384,0.947,0.027,0.026,1.0045485189116514,0.9581353102915957,1.0836061023510382,1.0045485189116545,0.9581353102915924,1.0836061023510348,0.38688925150387754,0.0053465460719855674,0.005346546071986208,1247.14,659.531
14,null_iid,1475,0.35,nb,0.0,-6.406853007629837e-16,0.0,sub,cr0,1000,1000,0.053,0.00708456067798138,0.947,0.007084560677981384,0.947,0.027,0.026,1.0192414261202352,0.9442873631696481,1.0799922205511734,1.019241426120238,0.9442873631696448,1.0799922205511767,0.38687736026480996,0.005346546071985557,0.005346546071986198,1247.14,659.531
14,null_iid,1475,0.35,nb,0.0,-6.406853007629837e-16,0.0,sub,cr1t,1000,1000,0.053,0.00708456067798138,0.947,0.007084560677981384,0.947,0.027,0.026,1.0178424583800694,0.9430000273263146,1.0785128046454173,1.0178424583800723,0.9430000273263114,1.0785128046454207,0.3874089643919667,0.005346546071985557,0.005346546071986198,1247.14,659.531
14,null_iid,1475,0.35,nb,0.0,-6.406853007629837e-16,0.0,sub,mdt,1000,1000,0.053,0.00708456067798138,0.947,0.007084560677981384,0.947,0.027,0.026,1.016649199053028,0.9419248488985941,1.0772389932927708,1.0166491990530309,0.9419248488985907,1.0772389932927742,0.3878620112442585,0.005346546071985557,0.005346546071986198,1247.14,659.531
14,null_iid,1475,0.35,nb,0.0,-6.406853007629837e-16,0.0,rc,pct,1000,1000,0.004,0.001995995991979944,0.996,0.0019959959919799443,0.996,0.004,0.0,0.6645221079932169,0.6124617182056078,0.7084595388308825,0.6645221079932141,0.6124617182056049,0.7084595388308856,0.4553424618778884,0.0036912107246252004,0.003691210724625841,,
15,null_iid,1475,0.35,lognormal,0.0,-6.406853007629837e-16,0.0,full,pct,1000,1000,0.054,0.007147307185227175,0.946,0.0071473071852271785,0.946,0.034,0.02,1.038740936797059,0.9518915954879131,1.1503671482958047,1.0387409367970548,0.9518915954879175,1.1503671482958089,0.29641642550122155,0.0013782862403342784,0.0013782862403349191,1475.0,658.009
15,null_iid,1475,0.35,lognormal,0.0,-6.406853007629837e-16,0.0,full,bca,1000,1000,0.053,0.00708456067798138,0.947,0.007084560677981384,0.947,0.035,0.018,1.0376238917239002,0.9479443947691232,1.1233627989602655,1.0376238917238962,0.9479443947691273,1.1233627989602697,0.29640019894353214,0.0013782862403342784,0.0013782862403349191,1475.0,658.009
15,null_iid,1475,0.35,lognormal,0.0,-6.406853007629837e-16,0.0,full,cr0,1000,1000,0.052,0.007021111023192838,0.948,0.007021111023192843,0.948,0.034,0.018,1.0067893443028275,0.9594988627361803,1.148350296669149,1.0067893443028229,0.9594988627361846,1.1483502966691443,0.29622041465410753,0.0013782862403342992,0.00137828624033494,1475.0,658.009
15,null_iid,1475,0.35,lognormal,0.0,-6.406853007629837e-16,0.0,full,cr1t,1000,1000,0.052,0.007021111023192838,0.948,0.007021111023192843,0.948,0.034,0.018,1.0056215759014129,0.9583859462562476,1.1470183326413292,1.0056215759014082,0.9583859462562518,1.1470183326413248,0.29656439776701626,0.0013782862403342992,0.00137828624033494,1475.0,658.009
15,null_iid,1475,0.35,lognormal,0.0,-6.406853007629837e-16,0.0,full,mdt,1000,1000,0.051,0.00695693898205238,0.949,0.006956938982052382,0.949,0.034,0.017,1.0041036387337774,0.9574188116670562,1.1457615594565382,1.004103638733773,0.9574188116670604,1.1457615594565338,0.29698023240962684,0.0013782862403342992,0.00137828624033494,1475.0,658.009
15,null_iid,1475,0.35,lognormal,0.0,-6.406853007629837e-16,0.0,full_mh,pct,1000,1000,0.051,0.00695693898205238,0.949,0.006956938982052382,0.949,0.034,0.017,1.007387838683249,0.9329766297392451,1.1022489007367278,1.0073878386832533,0.9329766297392497,1.1022489007367233,0.30168889185125886,0.000918008783134395,0.0009180087831350357,1475.0,658.009
15,null_iid,1475,0.35,lognormal,0.0,-6.406853007629837e-16,0.0,sub,pct,1000,1000,0.058,0.007391616873188166,0.942,0.007391616873188169,0.942,0.031,0.027,1.0231147017776772,0.950652643600775,1.0761550807974678,1.0231147017776807,0.9506526436007782,1.0761550807974645,0.38647731563321713,0.0020055962421004435,0.002005596242101084,1158.623,658.009
15,null_iid,1475,0.35,lognormal,0.0,-6.406853007629837e-16,0.0,sub,bca,1000,1000,0.057,0.007331507348424334,0.943,0.007331507348424336,0.943,0.03,0.027,1.021417245387597,0.9485658801428085,1.0651991197964388,1.0214172453875936,0.9485658801428053,1.065199119796442,0.3865180700180483,0.0020055962421004435,0.002005596242101084,1158.623,658.009
15,null_iid,1475,0.35,lognormal,0.0,-6.406853007629837e-16,0.0,sub,cr0,1000,1000,0.056,0.007270763371201128,0.944,0.007270763371201131,0.944,0.03,0.026,1.0214481465635388,0.9674827914310905,1.0848393279360362,1.021448146563542,0.9674827914310938,1.0848393279360395,0.3864249063649413,0.002005596242100447,0.0020055962421010876,1158.623,658.009
15,null_iid,1475,0.35,lognormal,0.0,-6.406853007629837e-16,0.0,sub,cr1t,1000,1000,0.056,0.007270763371201128,0.944,0.007270763371201131,0.944,0.03,0.026,1.0199435577214382,0.9660606826045944,1.0832488167319279,1.0199435577214415,0.9660606826045978,1.0832488167319312,0.38699660069820313,0.002005596242100447,0.0020055962421010876,1158.623,658.009
15,null_iid,1475,0.35,lognormal,0.0,-6.406853007629837e-16,0.0,sub,mdt,1000,1000,0.055,0.00720936890441875,0.945,0.007209368904418752,0.945,0.03,0.025,1.0183269720255124,0.9645352142912572,1.0814862763280473,1.0183269720255157,0.9645352142912604,1.0814862763280508,0.3876813703328073,0.002005596242100447,0.0020055962421010876,1158.623,658.009
15,null_iid,1475,0.35,lognormal,0.0,-6.406853007629837e-16,0.0,rc,pct,1000,1000,0.003,0.001729450779872038,0.997,0.0017294507798720387,0.997,0.003,0.0,0.696426028761437,0.6412196705004424,0.7494132931362203,0.6964260287614342,0.6412196705004453,0.7494132931362174,0.4548039996926983,0.0019361768625792148,0.0019361768625798556,,
16,null_re,44,0.15,nb,0.0,3.2034265038149176e-16,0.0,full,pct,4000,4000,0.0695,0.004020875215671335,0.9305,0.004020875215671335,0.9305,0.025,0.0445,1.0874266934815404,1.0514273523059514,1.1318920474694194,1.0874266934815406,1.0514273523059512,1.1318920474694196,2.6585459838614733,-0.011531458771764454,-0.011531458771764775,44.0,8.3575
16,null_re,44,0.15,nb,0.0,3.2034265038149176e-16,0.0,full,bca,4000,4000,0.05125,0.0034865254014562978,0.94875,0.0034865254014562986,0.94875,0.02825,0.023,1.0036218188462322,0.965502301182906,1.0333571746045669,1.003621818846232,0.9655023011829064,1.0333571746045667,2.577635230373253,-0.011531458771764454,-0.011531458771764775,44.0,8.3575
16,null_re,44,0.15,nb,0.0,3.2034265038149176e-16,0.0,full,cr0,4000,4000,0.0655,0.003911833010239573,0.9345,0.003911833010239573,0.9345,0.04175,0.02375,1.0550215776999665,1.0259098428830347,1.0905197457922158,1.0550215776999663,1.0259098428830349,1.090519745792216,2.370738854534529,-0.011531458771764477,-0.011531458771764798,44.0,8.3575
16,null_re,44,0.15,nb,0.0,3.2034265038149176e-16,0.0,full,cr1t,4000,4000,0.05375,0.00356584272998684,0.94625,0.003565842729986839,0.94625,0.03575,0.018,1.0136259121518465,0.9856564285110798,1.0477312458936165,1.0136259121518465,0.9856564285110803,1.0477312458936165,2.467557919189165,-0.011531458771764477,-0.011531458771764798,44.0,8.3575
16,null_re,44,0.15,nb,0.0,3.2034265038149176e-16,0.0,full,mdt,4000,4000,0.0435,0.003225203481952728,0.9565,0.0032252034819527276,0.9565,0.0305,0.013,0.9674828829513271,0.9394314322066212,1.0043359632492095,0.9674828829513274,0.939431432206621,1.0043359632492093,2.616784699251385,-0.011531458771764477,-0.011531458771764798,44.0,8.3575
16,null_re,44,0.15,nb,0.0,3.2034265038149176e-16,0.0,full_mh,pct,4000,3996,0.07532532532532532,0.004174959336083138,0.9246746746746747,0.004174959336083138,0.9246746746746747,0.022772772772772773,0.052552552552552555,1.1001731123789142,1.0700295040705483,1.140436855571621,1.100173112378914,1.0700295040705485,1.1404368555716209,2.7783610195287496,-0.07769328022856582,-0.07769328022856614,44.0,8.3575
16,null_re,44,0.15,nb,0.0,3.2034265038149176e-16,0.0,sub,pct,4000,4000,0.066,0.003925684653662339,0.93325,0.0039463412643865456,0.934,0.03125,0.0355,1.0842103746703737,1.0478986547670317,1.125136199212127,1.0842103746703735,1.047898654767032,1.1251361992121272,3.476838648689022,-0.001198840763404899,-0.0011988407634052193,36.18975,8.3575
16,null_re,44,0.15,nb,0.0,3.2034265038149176e-16,0.0,sub,bca,4000,4000,0.0435,0.003225203481952728,0.95575,0.0032516125807051494,0.9565,0.0195,0.02475,0.9641840284913311,0.938000229837872,1.000829783664399,0.964184028491331,0.9380002298378721,1.0008297836643991,3.4607622779171376,-0.001198840763404899,-0.0011988407634052193,36.18975,8.3575
16,null_re,44,0.15,nb,0.0,3.2034265038149176e-16,0.0,sub,cr0,4000,4000,0.04825,0.0033882863478460613,0.95175,0.0033882863478460618,0.95175,0.023,0.02525,0.9949834590970346,0.9724435085441167,1.026647688017829,0.9949834590970347,0.9724435085441164,1.0266476880178292,3.1829288540390555,-0.0011988407634049008,-0.001198840763405221,36.18975,8.3575
16,null_re,44,0.15,nb,0.0,3.2034265038149176e-16,0.0,sub,cr1t,4000,4000,0.039,0.0030610047370103824,0.961,0.0030610047370103837,0.961,0.01825,0.02075,0.9441432602659137,0.9229274614957333,0.9769524970998725,0.9441432602659138,0.9229274614957331,0.9769524970998728,3.3451762031833843,-0.0011988407634049008,-0.001198840763405221,36.18975,8.3575
16,null_re,44,0.15,nb,0.0,3.2034265038149176e-16,0.0,sub,mdt,4000,4000,0.027,0.002562762181709415,0.973,0.002562762181709416,0.973,0.01175,0.01525,0.8633045050255838,0.8406681176719364,0.8937507055673976,0.8633045050255839,0.8406681176719366,0.8937507055673977,3.7649750303373373,-0.0011988407634049008,-0.001198840763405221,36.18975,8.3575
16,null_re,44,0.15,nb,0.0,3.2034265038149176e-16,0.0,rc,pct,4000,4000,0.00625,0.0012460876273360554,0.99375,0.0012460876273360532,0.99375,0.00125,0.005,0.6899437294676405,0.6739073459952163,0.714625110096023,0.6899437294676406,0.6739073459952164,0.7146251100960231,4.124400257413133,-0.014677286185091403,-0.014677286185091724,,
17,null_re,44,0.15,lognormal,0.0,3.2034265038149176e-16,0.0,full,pct,4000,4000,0.068,0.003980452235613436,0.932,0.003980452235613435,0.932,0.02625,0.04175,1.0938275133666933,1.0444787334498968,1.1379780798843433,1.0938275133666933,1.044478733449897,1.1379780798843435,2.7327362644571247,-0.01678535244177388,-0.0167853524417742,44.0,8.408
17,null_re,44,0.15,lognormal,0.0,3.2034265038149176e-16,0.0,full,bca,4000,4000,0.05825,0.0037032734674879195,0.94175,0.0037032734674879203,0.94175,0.03275,0.0255,1.0329813858869679,1.006165503364935,1.076323201680776,1.032981385886968,1.0061655033649348,1.076323201680776,2.647945950512479,-0.01678535244177388,-0.0167853524417742,44.0,8.408
17,null_re,44,0.15,lognormal,0.0,3.2034265038149176e-16,0.0,full,cr0,4000,4000,0.07475,0.004158197851834374,0.92525,0.004158197851834373,0.92525,0.04725,0.0275,1.090792906029793,1.0646487227066967,1.138710930926131,1.090792906029793,1.0646487227066965,1.1387109309261307,2.3741377165248294,-0.016785352441773895,-0.016785352441774214,44.0,8.408
17,null_re,44,0.15,lognormal,0.0,3.2034265038149176e-16,0.0,full,cr1t,4000,4000,0.06175,0.0038058158619407745,0.93825,0.0038058158619407732,0.93825,0.03975,0.022,1.0479936881989023,1.0228753188418396,1.094031563367251,1.0479936881989023,1.0228753188418394,1.0940315633672506,2.4710955879646006,-0.016785352441773895,-0.016785352441774214,44.0,8.408
17,null_re,44,0.15,lognormal,0.0,3.2034265038149176e-16,0.0,full,mdt,4000,4000,0.04375,0.0032340353082488137,0.95625,0.0032340353082488124,0.95625,0.02825,0.0155,0.9680983074790663,0.9429827429239384,1.0025098191960455,0.9680983074790667,0.9429827429239386,1.0025098191960455,2.695041349424409,-0.016785352441773895,-0.016785352441774214,44.0,8.408
17,null_re,44,0.15,lognormal,0.0,3.2034265038149176e-16,0.0,full_mh,pct,4000,3994,0.06735102653980972,0.003965766937436438,0.9326489734601903,0.003965766937436439,0.9326489734601903,0.019529293940911366,0.047821732598898346,1.0977357251638449,1.0556961135450678,1.1239889000676684,1.0977357251638453,1.0556961135450673,1.1239889000676682,2.815446453276358,-0.08544521273050978,-0.0854452127305101,44.0,8.408
17,null_re,44,0.15,lognormal,0.0,3.2034265038149176e-16,0.0,sub,pct,4000,4000,0.07275,0.004106623841429843,0.92675,0.0041196006329497535,0.92725,0.03625,0.037,1.135299128374094,1.0966550889007736,1.1799790154247454,1.135299128374094,1.0966550889007733,1.1799790154247451,3.559955511858323,0.0016422152361749464,0.0016422152361746261,33.6675,8.408
17,null_re,44,0.15,lognormal,0.0,3.2034265038149176e-16,0.0,sub,bca,4000,4000,0.051,0.00347846949102619,0.94875,0.0034865254014562986,0.949,0.02675,0.0245,1.0082579635834539,0.9729713838279186,1.069693478407664,1.0082579635834539,0.9729713838279188,1.069693478407664,3.548513069845553,0.0016422152361749464,0.0016422152361746261,33.6675,8.408
17,null_re,44,0.15,lognormal,0.0,3.2034265038149176e-16,0.0,sub,cr0,4000,4000,0.06475,0.003890932969738749,0.93525,0.0038909329697387482,0.93525,0.0335,0.03125,1.0762436383738123,1.0428674840115184,1.134549782899835,1.0762436383738125,1.0428674840115182,1.134549782899835,3.193612392823169,0.0016422152361749464,0.0016422152361746261,33.6675,8.408
17,null_re,44,0.15,lognormal,0.0,3.2034265038149176e-16,0.0,sub,cr1t,4000,4000,0.055,0.003604684452209375,0.945,0.003604684452209376,0.945,0.02875,0.02625,1.0207266122546839,0.9875018432820764,1.073488120916424,1.0207266122546836,0.9875018432820762,1.0734881209164242,3.3706761882705076,0.0016422152361749464,0.0016422152361746261,33.6675,8.408
17,null_re,44,0.15,lognormal,0.0,3.2034265038149176e-16,0.0,sub,mdt,4000,4000,0.03375,0.002855299349455325,0.96625,0.0028552993494553223,0.96625,0.0175,0.01625,0.9040951807087013,0.8754394041916209,0.9389219013811724,0.9040951807087012,0.875439404191621,0.9389219013811723,3.912037692470119,0.0016422152361749464,0.0016422152361746261,33.6675,8.408
17,null_re,44,0.15,lognormal,0.0,3.2034265038149176e-16,0.0,rc,pct,4000,4000,0.006,0.001221065108829173,0.994,0.0012210651088291734,0.994,0.002,0.004,0.7042548885003399,0.6780067748008699,0.7288745323078778,0.70425488850034,0.6780067748008698,0.7288745323078777,4.21849392857027,-0.017105866739337245,-0.017105866739337564,,
18,null_re,44,0.35,nb,0.0,3.2034265038149176e-16,0.0,full,pct,4000,4000,0.0685,0.00399398766898447,0.9315,0.00399398766898447,0.9315,0.0325,0.036,1.0720785648152826,1.044886941333449,1.0967237831891783,1.0720785648152822,1.0448869413334492,1.0967237831891787,1.9297456736343146,0.0019294279456944644,0.0019294279456941441,44.0,19.58
18,null_re,44,0.35,nb,0.0,3.2034265038149176e-16,0.0,full,bca,4000,4000,0.06625,0.003932586219652406,0.93375,0.003932586219652407,0.93375,0.034,0.03225,1.0578584850225092,1.0325042957605732,1.087751135638836,1.0578584850225088,1.0325042957605732,1.0877511356388363,1.9235635981953605,0.0019294279456944644,0.0019294279456941441,44.0,19.58
18,null_re,44,0.35,nb,0.0,3.2034265038149176e-16,0.0,full,cr0,4000,4000,0.07075,0.004054147182207374,0.92925,0.004054147182207374,0.92925,0.03975,0.031,1.0796001824930619,1.0534364313149889,1.1029831607184077,1.0796001824930623,1.0534364313149893,1.1029831607184073,1.8283631053347127,0.0019294279456944627,0.0019294279456941424,44.0,19.58
18,null_re,44,0.35,nb,0.0,3.2034265038149176e-16,0.0,full,cr1t,4000,4000,0.0595,0.0037403124869454423,0.9405,0.0037403124869454423,0.9405,0.034,0.0255,1.0372401312630184,1.0121029618308972,1.0597056363611836,1.0372401312630188,1.0121029618308974,1.0597056363611832,1.9030319813979557,0.0019294279456944627,0.0019294279456941424,44.0,19.58
18,null_re,44,0.35,nb,0.0,3.2034265038149176e-16,0.0,full,mdt,4000,4000,0.0505,0.00346228789964093,0.9495,0.003462287899640929,0.9495,0.02925,0.02125,1.001104207726409,0.9742293251531026,1.0271437959055518,1.0011042077264094,0.9742293251531021,1.027143795905552,1.9845381717612822,0.0019294279456944627,0.0019294279456941424,44.0,19.58
18,null_re,44,0.35,nb,0.0,3.2034265038149176e-16,0.0,full_mh,pct,4000,4000,0.06725,0.003960032749233269,0.93275,0.00396003274923327,0.93275,0.02975,0.0375,1.0670195855765514,1.0418951918567108,1.0980142716225236,1.067019585576551,1.041895191856711,1.0980142716225234,2.026661930765708,-0.014728794454377404,-0.014728794454377725,44.0,19.58
18,null_re,44,0.35,nb,0.0,3.2034265038149176e-16,0.0,sub,pct,4000,4000,0.06725,0.003960032749233269,0.93225,0.0039736613311906685,0.93275,0.03375,0.034,1.0760409534053406,1.0438662338353633,1.1027381142810804,1.0760409534053408,1.0438662338353633,1.1027381142810806,2.4492426789897364,0.0059659064807542515,0.0059659064807539314,36.16225,19.58
18,null_re,44,0.35,nb,0.0,3.2034265038149176e-16,0.0,sub,bca,4000,4000,0.05925,0.003732942455356096,0.94025,0.0037476638556572803,0.94075,0.03025,0.0295,1.0403121011062333,1.0062808463456498,1.077394972098598,1.0403121011062337,1.0062808463456503,1.077394972098598,2.4478031136461023,0.0059659064807542515,0.0059659064807539314,36.16225,19.58
18,null_re,44,0.35,nb,0.0,3.2034265038149176e-16,0.0,sub,cr0,4000,4000,0.063,0.003841581705495798,0.937,0.003841581705495796,0.937,0.03275,0.03025,1.0687523168558157,1.0303636375698078,1.0985994301344377,1.068752316855816,1.0303636375698075,1.0985994301344375,2.364000578067882,0.005965906480754247,0.005965906480753927,36.16225,19.58
18,null_re,44,0.35,nb,0.0,3.2034265038149176e-16,0.0,sub,cr1t,4000,4000,0.053,0.00354228033899069,0.947,0.003542280338990692,0.947,0.027,0.026,1.0142328732861678,0.980849238385793,1.0467420695616596,1.014232873286168,0.9808492383857927,1.0467420695616596,2.484623723937025,0.005965906480754247,0.005965906480753927,36.16225,19.58
18,null_re,44,0.35,nb,0.0,3.2034265038149176e-16,0.0,sub,mdt,4000,4000,0.04025,0.0031076493326950517,0.95975,0.003107649332695052,0.95975,0.02075,0.0195,0.9601476386206085,0.9307019137550108,0.9838460638275486,0.9601476386206088,0.9307019137550105,0.9838460638275489,2.652510220376738,0.005965906480754247,0.005965906480753927,36.16225,19.58
18,null_re,44,0.35,nb,0.0,3.2034265038149176e-16,0.0,rc,pct,4000,4000,0.00825,0.001430204312327438,0.99175,0.0014302043123274363,0.99175,0.0035,0.00475,0.7070012882263605,0.6878573066149916,0.7322885400664811,0.7070012882263603,0.6878573066149918,0.7322885400664813,2.8739045141147956,0.0009948349288254733,0.000994834928825153,,
19,null_re,44,0.35,lognormal,0.0,3.2034265038149176e-16,0.0,full,pct,4000,4000,0.06475,0.003890932969738749,0.93525,0.0038909329697387482,0.93525,0.02725,0.0375,1.0693505266283965,1.0360952240661976,1.104327413102092,1.0693505266283962,1.0360952240661974,1.1043274131020924,1.9858181809913953,-0.0010386063003908763,-0.0010386063003911966,44.0,19.648
19,null_re,44,0.35,lognormal,0.0,3.2034265038149176e-16,0.0,full,bca,4000,4000,0.06825,0.003987227655276282,0.9315,0.00399398766898447,0.93175,0.03325,0.03525,1.0748808048669507,1.0542878318570459,1.1142684011062987,1.0748808048669503,1.054287831857046,1.1142684011062987,1.974850839500194,-0.0010386063003908763,-0.0010386063003911966,44.0,19.648
19,null_re,44,0.35,lognormal,0.0,3.2034265038149176e-16,0.0,full,cr0,4000,4000,0.081,0.0043139019460344714,0.919,0.004313901946034471,0.919,0.04225,0.03875,1.1212567859390952,1.0907591416322489,1.1545671348831272,1.1212567859390958,1.0907591416322486,1.154567134883127,1.8432666106283946,-0.0010386063003908657,-0.001038606300391186,44.0,19.648
19,null_re,44,0.35,lognormal,0.0,3.2034265038149176e-16,0.0,full,cr1t,4000,4000,0.06825,0.003987227655276282,0.93175,0.003987227655276283,0.93175,0.036,0.03225,1.0772622630920046,1.0479612486081082,1.1092656206973532,1.0772622630920052,1.0479612486081082,1.109265620697353,1.9185441338396985,-0.0010386063003908657,-0.001038606300391186,44.0,19.648
19,null_re,44,0.35,lognormal,0.0,3.2034265038149176e-16,0.0,full,mdt,4000,4000,0.05,0.0034460121880225555,0.95,0.003446012188022557,0.95,0.02825,0.02175,0.9991141452554152,0.9729213586894252,1.031353076385353,0.9991141452554154,0.9729213586894251,1.0313530763853525,2.0548053008546403,-0.0010386063003908657,-0.001038606300391186,44.0,19.648
19,null_re,44,0.35,lognormal,0.0,3.2034265038149176e-16,0.0,full_mh,pct,4000,4000,0.06275,0.0038344633751021795,0.93725,0.0038344633751021787,0.93725,0.0235,0.03925,1.0531484354545229,1.0293372816017965,1.0893201979286176,1.0531484354545229,1.0293372816017963,1.0893201979286178,2.090971764959129,-0.017547510756579277,-0.017547510756579596,44.0,19.648
19,null_re,44,0.35,lognormal,0.0,3.2034265038149176e-16,0.0,sub,pct,4000,4000,0.06475,0.003890932969738749,0.9345,0.003911833010239573,0.93525,0.0305,0.035,1.0731117185030337,1.034737225077111,1.0979012792942078,1.0731117185030337,1.0347372250771112,1.0979012792942076,2.5024489259520246,-0.0074360791958368476,-0.007436079195837168,33.68775,19.648
19,null_re,44,0.35,lognormal,0.0,3.2034265038149176e-16,0.0,sub,bca,4000,4000,0.06125,0.0037913862075763267,0.93825,0.0038058158619407732,0.93875,0.02925,0.0325,1.0524845574088932,1.017778944845665,1.0935021999335541,1.0524845574088932,1.0177789448456644,1.093502199933554,2.497034494357865,-0.0074360791958368476,-0.007436079195837168,33.68775,19.648
19,null_re,44,0.35,lognormal,0.0,3.2034265038149176e-16,0.0,sub,cr0,4000,4000,0.072,0.004087052727822336,0.928,0.004087052727822335,0.928,0.034,0.038,1.076401205186262,1.0471331049747028,1.1065336103586396,1.0764012051862621,1.0471331049747024,1.1065336103586392,2.3704634127836712,-0.007436079195836851,-0.007436079195837171,33.68775,19.648
19,null_re,44,0.35,lognormal,0.0,3.2034265038149176e-16,0.0,sub,cr1t,4000,4000,0.055,0.003604684452209375,0.945,0.003604684452209376,0.945,0.02775,0.02725,1.0180832376294013,0.9919129319227927,1.0487489911253804,1.0180832376294013,0.9919129319227928,1.0487489911253807,2.5017427616085155,-0.007436079195836851,-0.007436079195837171,33.68775,19.648
19,null_re,44,0.35,lognormal,0.0,3.2034265038149176e-16,0.0,sub,mdt,4000,4000,0.0385,0.003042110698183089,0.9615,0.003042110698183088,0.9615,0.01725,0.02125,0.941912756475609,0.9171995826712162,0.9801109766763199,0.9419127564756089,0.9171995826712159,0.98011097667632,2.7373106622538472,-0.007436079195836851,-0.007436079195837171,33.68775,19.648
19,null_re,44,0.35,lognormal,0.0,3.2034265038149176e-16,0.0,rc,pct,4000,4000,0.007,0.0013182374596407127,0.993,0.0013182374596407134,0.993,0.00325,0.00375,0.7107349491438164,0.6910507384663995,0.7368849735522185,0.7107349491438163,0.6910507384663994,0.7368849735522186,2.9412690382878006,-0.0011081463384355042,-0.0011081463384358245,,
20,null_re,164,0.15,nb,0.0,3.2034265038149176e-16,0.0,full,pct,3000,3000,0.051333333333333335,0.004028987557779341,0.9486666666666667,0.004028987557779342,0.9486666666666667,0.019,0.03233333333333333,1.0066547342226637,0.9710547571378567,1.0474559291373564,1.0066547342226633,0.971054757137856,1.047455929137356,1.2919955422824325,-0.009583241153852598,-0.00958324115385292,164.0,31.201333333333334
20,null_re,164,0.15,nb,0.0,3.2034265038149176e-16,0.0,full,bca,3000,3000,0.04933333333333333,0.003953882292783282,0.9506666666666667,0.003953882292783283,0.9506666666666667,0.023,0.026333333333333334,0.9938858795492329,0.9617946220743224,1.035559731166779,0.9938858795492324,0.961794622074322,1.0355597311667786,1.284561603813663,-0.009583241153852598,-0.00958324115385292,164.0,31.201333333333334
20,null_re,164,0.15,nb,0.0,3.2034265038149176e-16,0.0,full,cr0,3000,3000,0.04933333333333333,0.003953882292783282,0.9506666666666667,0.003953882292783283,0.9506666666666667,0.02666666666666667,0.02266666666666667,0.9949031001072014,0.9636671696867667,1.0309726160220847,0.994903100107202,0.9636671696867674,1.0309726160220845,1.2623082532166472,-0.009583241153852598,-0.00958324115385292,164.0,31.201333333333334
20,null_re,164,0.15,nb,0.0,3.2034265038149176e-16,0.0,full,cr1t,3000,3000,0.046,0.003824656847352452,0.954,0.003824656847352454,0.954,0.025,0.021,0.9845010995774796,0.9535917498710307,1.0201934982398255,0.9845010995774801,0.9535917498710313,1.020193498239825,1.2756454969477788,-0.009583241153852598,-0.00958324115385292,164.0,31.201333333333334
20,null_re,164,0.15,nb,0.0,3.2034265038149176e-16,0.0,full,mdt,3000,3000,0.043,0.0037036468514155068,0.957,0.0037036468514155085,0.957,0.023333333333333334,0.019666666666666666,0.9681914388661809,0.9369570957387854,1.0023219555045302,0.9681914388661813,0.9369570957387849,1.0023219555045295,1.2977788303768576,-0.009583241153852598,-0.00958324115385292,164.0,31.201333333333334
20,null_re,164,0.15,nb,0.0,3.2034265038149176e-16,0.0,full_mh,pct,3000,3000,0.05266666666666667,0.004078107767453303,0.9473333333333334,0.004078107767453302,0.9473333333333334,0.017666666666666667,0.035,1.0044836178384962,0.9718901222583916,1.0451638625605262,1.0044836178384955,0.971890122258391,1.0451638625605257,1.3333628758177782,-0.023969592614930965,-0.023969592614931284,164.0,31.201333333333334
20,null_re,164,0.15,nb,0.0,3.2034265038149176e-16,0.0,sub,pct,3000,3000,0.055,0.004162331077653483,0.945,0.004162331077653484,0.945,0.029333333333333333,0.025666666666666667,1.0151206515248474,0.9919342086949398,1.057617716772763,1.0151206515248477,0.9919342086949393,1.0576177167727625,1.653413159851809,-0.0018336500955709845,-0.0018336500955713048,135.39733333333334,31.201333333333334
20,null_re,164,0.15,nb,0.0,3.2034265038149176e-16,0.0,sub,bca,3000,3000,0.051666666666666666,0.004041337329079003,0.9483333333333334,0.004041337329079002,0.9483333333333334,0.027,0.024666666666666667,1.0042507212694585,0.9718510453874869,1.0428255202906684,1.0042507212694582,0.9718510453874873,1.042825520290668,1.6530911825767027,-0.0018336500955709845,-0.0018336500955713048,135.39733333333334,31.201333333333334
20,null_re,164,0.15,nb,0.0,3.2034265038149176e-16,0.0,sub,cr0,3000,3000,0.049,0.0039411927128725896,0.951,0.00394119271287259,0.951,0.025333333333333333,0.023666666666666666,0.9973182956629014,0.9769863004480646,1.0265336540452819,0.997318295662902,0.9769863004480641,1.0265336540452814,1.6259837771000571,-0.0018336500955709683,-0.0018336500955712886,135.39733333333334,31.201333333333334
20,null_re,164,0.15,nb,0.0,3.2034265038149176e-16,0.0,sub,cr1t,3000,3000,0.045,0.0037848381735551126,0.955,0.003784838173555114,0.955,0.023333333333333334,0.021666666666666667,0.9851485346937873,0.9646739337588033,1.013765905939997,0.9851485346937877,0.9646739337588036,1.0137659059399975,1.64692408164906,-0.0018336500955709683,-0.0018336500955712886,135.39733333333334,31.201333333333334
20,null_re,164,0.15,nb,0.0,3.2034265038149176e-16,0.0,sub,mdt,3000,3000,0.04,0.0035777087639996636,0.96,0.003577708763999665,0.96,0.02033333333333333,0.019666666666666666,0.9561231573175731,0.9387987675390044,0.9832970112056814,0.9561231573175735,0.9387987675390047,0.9832970112056809,1.6970380997707253,-0.0018336500955709683,-0.0018336500955712886,135.39733333333334,31.201333333333334
20,null_re,164,0.15,nb,0.0,3.2034265038149176e-16,0.0,rc,pct,3000,3000,0.005333333333333333,0.0013297730243527638,0.9946666666666667,0.0013297730243527598,0.9946666666666667,0.0023333333333333335,0.003,0.6758414829983855,0.6523804262306241,0.704867566420646,0.6758414829983859,0.6523804262306244,0.7048675664206463,1.9313844268698643,-0.010878079858577827,-0.010878079858578148,,
21,null_re,164,0.15,lognormal,0.0,3.2034265038149176e-16,0.0,full,pct,3000,3000,0.054,0.004126499727371856,0.946,0.004126499727371858,0.946,0.022333333333333334,0.03166666666666667,1.0263174141881228,0.9870062032482777,1.0662677340361193,1.0263174141881233,0.9870062032482773,1.06626773403612,1.319957373940873,0.004985620923549474,0.004985620923549154,164.0,31.459333333333333
21,null_re,164,0.15,lognormal,0.0,3.2034265038149176e-16,0.0,full,bca,3000,3000,0.05466666666666667,0.004150430588996047,0.9453333333333334,0.0041504305889960465,0.9453333333333334,0.027666666666666666,0.027,1.0201517730763985,0.9862188352087792,1.0634509539741552,1.020151773076399,0.9862188352087797,1.0634509539741546,1.312166589519534,0.004985620923549474,0.004985620923549154,164.0,31.459333333333333
21,null_re,164,0.15,lognormal,0.0,3.2034265038149176e-16,0.0,full,cr0,3000,3000,0.05466666666666667,0.004150430588996047,0.9453333333333334,0.0041504305889960465,0.9453333333333334,0.030666666666666665,0.024,1.0264400828563396,0.9862581394597136,1.0592830944509959,1.02644008285634,0.9862581394597142,1.0592830944509954,1.2826236818391983,0.004985620923549472,0.004985620923549152,164.0,31.459333333333333
21,null_re,164,0.15,lognormal,0.0,3.2034265038149176e-16,0.0,full,cr1t,3000,3000,0.05266666666666667,0.004078107767453303,0.9473333333333334,0.004078107767453302,0.9473333333333334,0.029333333333333333,0.023333333333333334,1.015708354023201,0.9759465245014353,1.0482079824039863,1.0157083540232015,0.9759465245014358,1.0482079824039858,1.2961755734761413,0.004985620923549472,0.004985620923549152,164.0,31.459333333333333
21,null_re,164,0.15,lognormal,0.0,3.2034265038149176e-16,0.0,full,mdt,3000,3000,0.04833333333333333,0.003915661809631599,0.9516666666666667,0.003915661809631599,0.9516666666666667,0.02666666666666667,0.021666666666666667,0.990341440560444,0.9526940806437438,1.0289869769307909,0.9903414405604436,0.9526940806437433,1.0289869769307904,1.3350478637065608,0.004985620923549472,0.004985620923549152,164.0,31.459333333333333
21,null_re,164,0.15,lognormal,0.0,3.2034265038149176e-16,0.0,full_mh,pct,3000,3000,0.05533333333333333,0.0041741887657186574,0.9446666666666667,0.004174188765718658,0.9446666666666667,0.02,0.035333333333333335,1.0328880075506712,0.9854511730240902,1.0728964105126848,1.0328880075506708,0.9854511730240908,1.0728964105126841,1.3610821167869362,-0.011940716364106386,-0.011940716364106707,164.0,31.459333333333333
21,null_re,164,0.15,lognormal,0.0,3.2034265038149176e-16,0.0,sub,pct,3000,3000,0.057666666666666665,0.004256024053120558,0.9423333333333334,0.004256024053120557,0.9423333333333334,0.028,0.029666666666666668,1.0301574518013477,0.9965892176750856,1.0799088236950678,1.030157451801348,0.9965892176750852,1.0799088236950674,1.675102743986542,0.00331786019357206,0.0033178601935717395,125.90433333333333,31.459333333333333
21,null_re,164,0.15,lognormal,0.0,3.2034265038149176e-16,0.0,sub,bca,3000,3000,0.057,0.004232847741178509,0.943,0.00423284774117851,0.943,0.026,0.031,1.0199245360289733,0.9888638369756623,1.062482489553323,1.0199245360289728,0.9888638369756618,1.0624824895533227,1.6748734067210032,0.00331786019357206,0.0033178601935717395,125.90433333333333,31.459333333333333
21,null_re,164,0.15,lognormal,0.0,3.2034265038149176e-16,0.0,sub,cr0,3000,3000,0.05533333333333333,0.0041741887657186574,0.9446666666666667,0.004174188765718658,0.9446666666666667,0.027,0.028333333333333332,1.011286716137179,0.9878061067837904,1.0595988285902975,1.0112867161371795,0.987806106783791,1.059598828590297,1.6388436243964564,0.003317860193572067,0.0033178601935717465,125.90433333333333,31.459333333333333
21,null_re,164,0.15,lognormal,0.0,3.2034265038149176e-16,0.0,sub,cr1t,3000,3000,0.04933333333333333,0.003953882292783282,0.9506666666666667,0.003953882292783283,0.9506666666666667,0.023333333333333334,0.026,0.9979202334704498,0.9745820645276639,1.0450525631048744,0.9979202334704496,0.9745820645276635,1.045052563104874,1.661606644914396,0.003317860193572067,0.0033178601935717465,125.90433333333333,31.459333333333333
21,null_re,164,0.15,lognormal,0.0,3.2034265038149176e-16,0.0,sub,mdt,3000,3000,0.044,0.003744507088167057,0.956,0.003744507088167059,0.956,0.020666666666666667,0.023333333333333334,0.9667114389115921,0.9437289568738135,1.0111527764116908,0.9667114389115924,0.9437289568738131,1.01115277641169,1.7337176616609689,0.003317860193572067,0.0033178601935717465,125.90433333333333,31.459333333333333
21,null_re,164,0.15,lognormal,0.0,3.2034265038149176e-16,0.0,rc,pct,3000,3000,0.004,0.0011523888232710345,0.996,0.0011523888232710352,0.996,0.0023333333333333335,0.0016666666666666668,0.7041908885105506,0.6820624510643809,0.7276016579719066,0.7041908885105509,0.6820624510643812,0.7276016579719062,1.9615027931230524,0.006449591061617809,0.006449591061617489,,
22,null_re,164,0.35,nb,0.0,3.2034265038149176e-16,0.0,full,pct,3000,3000,0.056666666666666664,0.00422119870635327,0.9433333333333334,0.004221198706353269,0.9433333333333334,0.023333333333333334,0.03333333333333333,1.0235947240121395,0.9941148290272318,1.0520048869167264,1.02359472401214,0.9941148290272326,1.0520048869167256,0.979543934098046,-0.010825303758872721,-0.010825303758873042,164.0,73.12
22,null_re,164,0.35,nb,0.0,3.2034265038149176e-16,0.0,full,bca,3000,3000,0.05533333333333333,0.0041741887657186574,0.9446666666666667,0.004174188765718658,0.9446666666666667,0.025666666666666667,0.029666666666666668,1.018245974259493,0.9889231112564718,1.048995828058265,1.0182459742594936,0.9889231112564709,1.048995828058264,0.9795062825776419,-0.010825303758872721,-0.010825303758873042,164.0,73.12
22,null_re,164,0.35,nb,0.0,3.2034265038149176e-16,0.0,full,cr0,3000,3000,0.05633333333333333,0.004209508636760705,0.9436666666666667,0.004209508636760705,0.9436666666666667,0.027,0.029333333333333333,1.0141149886463703,0.9847560242962055,1.0565237810886863,1.0141149886463696,0.9847560242962048,1.0565237810886856,0.9697261453233652,-0.010825303758872721,-0.010825303758873042,164.0,73.12
22,null_re,164,0.35,nb,0.0,3.2034265038149176e-16,0.0,full,cr1t,3000,3000,0.051666666666666666,0.004041337329079003,0.9483333333333334,0.004041337329079002,0.9483333333333334,0.024333333333333332,0.027333333333333334,1.0035121222486658,0.9744601143877207,1.0454775184633474,1.0035121222486654,0.9744601143877201,1.0454775184633467,0.979972037259563,-0.010825303758872721,-0.010825303758873042,164.0,73.12
22,null_re,164,0.35,nb,0.0,3.2034265038149176e-16,0.0,full,mdt,3000,3000,0.04833333333333333,0.003915661809631599,0.9516666666666667,0.003915661809631599,0.9516666666666667,0.023,0.025333333333333333,0.9925743386553222,0.9660552359375856,1.033664409842173,0.9925743386553215,0.9660552359375864,1.0336644098421723,0.9917825906917797,-0.010825303758872721,-0.010825303758873042,164.0,73.12
22,null_re,164,0.35,nb,0.0,3.2034265038149176e-16,0.0,full_mh,pct,3000,3000,0.05533333333333333,0.0041741887657186574,0.9446666666666667,0.004174188765718658,0.9446666666666667,0.020666666666666667,0.034666666666666665,1.0174704207076415,0.9847779524274262,1.0463719263886595,1.017470420707642,0.9847779524274268,1.0463719263886588,1.0000679780968675,-0.015663200019528596,-0.015663200019528915,164.0,73.12
22,null_re,164,0.35,nb,0.0,3.2034265038149176e-16,0.0,sub,pct,3000,3000,0.05466666666666667,0.004150430588996047,0.9453333333333334,0.0041504305889960465,0.9453333333333334,0.023666666666666666,0.031,1.0181739037030821,0.9889137185266069,1.0710682914387086,1.0181739037030826,0.9889137185266064,1.0710682914387093,1.232321126650438,-0.012926968974552682,-0.012926968974553003,135.51833333333335,73.12
22,null_re,164,0.35,nb,0.0,3.2034265038149176e-16,0.0,sub,bca,3000,3000,0.05366666666666667,0.004114468598962915,0.9463333333333334,0.004114468598962914,0.9463333333333334,0.024333333333333332,0.029333333333333333,1.0121443700227961,0.9888832802579348,1.0577723165335455,1.0121443700227963,0.9888832802579353,1.0577723165335462,1.2328888636876576,-0.012926968974552682,-0.012926968974553003,135.51833333333335,73.12
22,null_re,164,0.35,nb,0.0,3.2034265038149176e-16,0.0,sub,cr0,3000,3000,0.05433333333333333,0.004138486930518698,0.9456666666666667,0.004138486930518699,0.9456666666666667,0.025,0.029333333333333333,1.0200867898873363,0.9868366737521336,1.0705942340929242,1.0200867898873358,0.986836673752133,1.0705942340929249,1.2253232428813534,-0.012926968974552689,-0.01292696897455301,135.51833333333335,73.12
22,null_re,164,0.35,nb,0.0,3.2034265038149176e-16,0.0,sub,cr1t,3000,3000,0.051,0.004016590594023742,0.949,0.004016590594023744,0.949,0.023333333333333334,0.027666666666666666,1.0063694390191442,0.9750242133000565,1.0569356093534532,1.0063694390191444,0.9750242133000572,1.0569356093534537,1.2410888152624162,-0.012926968974552689,-0.01292696897455301,135.51833333333335,73.12
22,null_re,164,0.35,nb,0.0,3.2034265038149176e-16,0.0,sub,mdt,3000,3000,0.04633333333333333,0.0038378186319642377,0.9536666666666667,0.003837818631964238,0.9536666666666667,0.020666666666666667,0.025666666666666667,0.9872946501824459,0.9567206288808308,1.0406651660209807,0.9872946501824454,0.9567206288808312,1.0406651660209811,1.263645903900913,-0.012926968974552689,-0.01292696897455301,135.51833333333335,73.12
22,null_re,164,0.35,nb,0.0,3.2034265038149176e-16,0.0,rc,pct,3000,3000,0.0036666666666666666,0.001103512909186268,0.9963333333333333,0.001103512909186274,0.9963333333333333,0.0006666666666666666,0.003,0.7012938003294208,0.6783569190598496,0.7270105547676377,0.7012938003294203,0.6783569190598501,0.7270105547676372,1.4358898860041778,-0.010743168904376106,-0.010743168904376427,,
23,null_re,164,0.35,lognormal,0.0,3.2034265038149176e-16,0.0,full,pct,3000,3000,0.06066666666666667,0.004358372105202516,0.9393333333333334,0.004358372105202515,0.9393333333333334,0.02666666666666667,0.034,1.055064552236378,1.0164009873294924,1.0876062281881258,1.055064552236377,1.016400987329492,1.0876062281881251,1.017576525478953,0.004875255488533046,0.004875255488532726,164.0,73.27333333333333
23,null_re,164,0.35,lognormal,0.0,3.2034265038149176e-16,0.0,full,bca,3000,3000,0.065,0.004500925830685653,0.935,0.004500925830685651,0.935,0.031,0.034,1.0508513443246066,1.0243918308794497,1.1048816720820587,1.0508513443246061,1.0243918308794489,1.1048816720820593,1.0184925289207458,0.004875255488533046,0.004875255488532726,164.0,73.27333333333333
23,null_re,164,0.35,lognormal,0.0,3.2034265038149176e-16,0.0,full,cr0,3000,3000,0.06533333333333333,0.00451164747769182,0.9346666666666666,0.004511647477691821,0.9346666666666666,0.03266666666666666,0.03266666666666666,1.0537012188873762,1.0292702495421846,1.0942668216649072,1.0537012188873756,1.029270249542184,1.0942668216649065,1.0048735312469819,0.0048752554885330415,0.0048752554885327214,164.0,73.27333333333333
23,null_re,164,0.35,lognormal,0.0,3.2034265038149176e-16,0.0,full,cr1t,3000,3000,0.063,0.004435876463563881,0.937,0.004435876463563879,0.937,0.03166666666666667,0.03133333333333333,1.0426844669686677,1.0185089304953236,1.0828259446012123,1.042684466968667,1.018508930495323,1.0828259446012116,1.0154907819629237,0.0048752554885330415,0.0048752554885327214,164.0,73.27333333333333
23,null_re,164,0.35,lognormal,0.0,3.2034265038149176e-16,0.0,full,mdt,3000,3000,0.057666666666666665,0.004256024053120558,0.9423333333333334,0.004256024053120557,0.9423333333333334,0.029333333333333333,0.028333333333333332,1.0212165708889633,0.9969257411582806,1.0659485895381997,1.021216570888964,0.9969257411582813,1.0659485895382006,1.0408678912793097,0.0048752554885330415,0.0048752554885327214,164.0,73.27333333333333
23,null_re,164,0.35,lognormal,0.0,3.2034265038149176e-16,0.0,full_mh,pct,3000,3000,0.05733333333333333,0.0042444560790998185,0.9426666666666667,0.004244456079099819,0.9426666666666667,0.025,0.03233333333333333,1.0379389466427689,0.9959426209381771,1.0907266756780931,1.0379389466427682,0.9959426209381779,1.0907266756780924,1.0375714652358525,0.0015579460551250867,0.0015579460551247665,164.0,73.27333333333333
23,null_re,164,0.35,lognormal,0.0,3.2034265038149176e-16,0.0,sub,pct,3000,3000,0.05266666666666667,0.004078107767453303,0.9473333333333334,0.004078107767453302,0.9473333333333334,0.025666666666666667,0.027,1.0094454905634451,0.9800065456889491,1.074868232765982,1.0094454905634445,0.9800065456889486,1.0748682327659813,1.267275970038536,0.00171775518301038,0.0017177551830100596,125.781,73.27333333333333
23,null_re,164,0.35,lognormal,0.0,3.2034265038149176e-16,0.0,sub,bca,3000,3000,0.05566666666666667,0.0041860040169151335,0.9443333333333334,0.004186004016915132,0.9443333333333334,0.02666666666666667,0.029,1.03774380676487,0.9925030065530626,1.082794963780476,1.0377438067648703,0.992503006553063,1.0827949637804763,1.2683885787020917,0.00171775518301038,0.0017177551830100596,125.781,73.27333333333333
23,null_re,164,0.35,lognormal,0.0,3.2034265038149176e-16,0.0,sub,cr0,3000,3000,0.05633333333333333,0.004209508636760705,0.9436666666666667,0.004209508636760705,0.9436666666666667,0.027333333333333334,0.029,1.0351149779028816,0.9900424469666096,1.0675990119937169,1.035114977902882,0.990042446966609,1.0675990119937173,1.2566520297471866,0.0017177551830103782,0.001717755183010058,125.781,73.27333333333333
23,null_re,164,0.35,lognormal,0.0,3.2034265038149176e-16,0.0,sub,cr1t,3000,3000,0.053,0.004090273014522788,0.947,0.004090273014522789,0.947,0.026,0.027,1.021313068309814,0.9766657887993738,1.0523301543695767,1.0213130683098144,0.9766657887993732,1.052330154369577,1.2741140998476366,0.0017177551830103782,0.001717755183010058,125.781,73.27333333333333
23,null_re,164,0.35,lognormal,0.0,3.2034265038149176e-16,0.0,sub,mdt,3000,3000,0.048,0.0039028194936481498,0.952,0.003902819493648151,0.952,0.024,0.024,0.9921071100880269,0.9515474926194593,1.028580357363974,0.9921071100880274,0.9515474926194587,1.0285803573639745,1.3137811302163045,0.0017177551830103782,0.001717755183010058,125.781,73.27333333333333
23,null_re,164,0.35,lognormal,0.0,3.2034265038149176e-16,0.0,rc,pct,3000,3000,0.008666666666666666,0.0016922918932181445,0.9913333333333333,0.0016922918932181488,0.9913333333333333,0.0036666666666666666,0.005,0.7086060676220463,0.6805481166617018,0.750418105542363,0.7086060676220467,0.6805481166617012,0.7504181055423624,1.468604299127214,0.005546889935398778,0.005546889935398458,,
24,null_re,776,0.15,nb,0.0,3.2034265038149176e-16,0.0,full,pct,1000,1000,0.053,0.00708456067798138,0.947,0.007084560677981384,0.947,0.018,0.035,1.0120294630633575,0.9528128678702433,1.0974995440468356,1.0120294630633584,0.9528128678702446,1.097499544046837,0.5885716069102104,-0.010096573093853525,-0.010096573093853846,776.0,147.624
24,null_re,776,0.15,nb,0.0,3.2034265038149176e-16,0.0,full,bca,1000,1000,0.054,0.007147307185227175,0.946,0.0071473071852271785,0.946,0.022,0.032,1.0202738325693923,0.9646384619562257,1.0765300264304012,1.0202738325693934,0.9646384619562246,1.0765300264304003,0.5878522348654671,-0.010096573093853525,-0.010096573093853846,776.0,147.624
24,null_re,776,0.15,nb,0.0,3.2034265038149176e-16,0.0,full,cr0,1000,1000,0.055,0.00720936890441875,0.945,0.007209368904418752,0.945,0.024,0.031,1.010789381700281,0.9542549171314947,1.0582870367729753,1.0107893817002802,0.9542549171314958,1.0582870367729764,0.58625911796075,-0.010096573093853534,-0.010096573093853855,776.0,147.624
24,null_re,776,0.15,nb,0.0,3.2034265038149176e-16,0.0,full,cr1t,1000,1000,0.055,0.00720936890441875,0.945,0.007209368904418752,0.945,0.024,0.031,1.008560338831585,0.9521505468675605,1.0559532497199446,1.008560338831584,0.9521505468675615,1.055953249719946,0.5875548229927489,-0.010096573093853534,-0.010096573093853855,776.0,147.624
24,null_re,776,0.15,nb,0.0,3.2034265038149176e-16,0.0,full,mdt,1000,1000,0.052,0.007021111023192838,0.948,0.007021111023192843,0.948,0.021,0.031,1.0060412292523973,0.9494464056505326,1.0506036670490708,1.0060412292523964,0.9494464056505337,1.050603667049072,0.5897714475315684,-0.010096573093853534,-0.010096573093853855,776.0,147.624
24,null_re,776,0.15,nb,0.0,3.2034265038149176e-16,0.0,full_mh,pct,1000,1000,0.053,0.00708456067798138,0.947,0.007084560677981384,0.947,0.018,0.035,1.0087385526508699,0.9609640276528585,1.089776074953599,1.008738552650869,0.9609640276528596,1.0897760749535979,0.5986352536714077,-0.013620956020825326,-0.013620956020825647,776.0,147.624
24,null_re,776,0.15,nb,0.0,3.2034265038149176e-16,0.0,sub,pct,1000,1000,0.038,0.006046155803483731,0.962,0.006046155803483734,0.962,0.018,0.02,0.9461051653279565,0.901943821148537,1.00919946956098,0.9461051653279556,0.9019438211485379,1.009199469560981,0.7463483218582807,-0.003858900646384941,-0.0038589006463852615,641.888,147.624
24,null_re,776,0.15,nb,0.0,3.2034265038149176e-16,0.0,sub,bca,1000,1000,0.038,0.006046155803483731,0.962,0.006046155803483734,0.962,0.018,0.02,0.9532691430501942,0.8841652564201194,1.00636769939431,0.9532691430501933,0.8841652564201186,1.0063676993943091,0.7462322491579192,-0.003858900646384941,-0.0038589006463852615,641.888,147.624
24,null_re,776,0.15,nb,0.0,3.2034265038149176e-16,0.0,sub,cr0,1000,1000,0.035,0.005811626278418116,0.965,0.005811626278418119,0.965,0.017,0.018,0.9452683058018185,0.8928528906433342,0.9788190874786926,0.9452683058018194,0.8928528906433333,0.9788190874786935,0.7449959579799442,-0.0038589006463849345,-0.003858900646385255,641.888,147.624
24,null_re,776,0.15,nb,0.0,3.2034265038149176e-16,0.0,sub,cr1t,1000,1000,0.034,0.005730968504537431,0.966,0.005730968504537434,0.966,0.016,0.018,0.9427630430739721,0.8905446498095305,0.9762338974836233,0.942763043073973,0.8905446498095296,0.9762338974836242,0.7469891440325416,-0.0038589006463849345,-0.003858900646385255,641.888,147.624
24,null_re,776,0.15,nb,0.0,3.2034265038149176e-16,0.0,sub,mdt,1000,1000,0.034,0.005730968504537431,0.966,0.005730968504537434,0.966,0.016,0.018,0.937636031408882,0.8856902030279529,0.9708519951126268,0.9376360314088829,0.885690203027952,0.9708519951126277,0.7517578666914811,-0.0038589006463849345,-0.003858900646385255,641.888,147.624
24,null_re,776,0.15,nb,0.0,3.2034265038149176e-16,0.0,rc,pct,1000,1000,0.007,0.0026364749192814255,0.993,0.002636474919281427,0.993,0.004,0.003,0.7038463934452026,0.6645381049995213,0.7561736692904344,0.7038463934452033,0.664538104999522,0.7561736692904336,0.8691126707522621,-0.009848328294851442,-0.009848328294851763,,
25,null_re,776,0.15,lognormal,0.0,3.2034265038149176e-16,0.0,full,pct,1000,1000,0.056,0.007270763371201128,0.944,0.007270763371201131,0.944,0.029,0.027,1.0298990274669728,0.9535824036730642,1.093992522091422,1.0298990274669717,0.9535824036730652,1.093992522091423,0.6093412846620215,0.0012916194128589776,0.0012916194128586573,776.0,147.951
25,null_re,776,0.15,lognormal,0.0,3.2034265038149176e-16,0.0,full,bca,1000,1000,0.061,0.0075682891065286355,0.939,0.007568289106528638,0.939,0.038,0.023,1.0402346357797432,0.9825922528682985,1.1186559805089982,1.0402346357797445,0.9825922528682974,1.118655980508997,0.6094571791421421,0.0012916194128589776,0.0012916194128586573,776.0,147.951
25,null_re,776,0.15,lognormal,0.0,3.2034265038149176e-16,0.0,full,cr0,1000,1000,0.055,0.00720936890441875,0.945,0.007209368904418752,0.945,0.031,0.024,1.0286253352912749,0.9544763736551769,1.098443035507921,1.0286253352912742,0.9544763736551758,1.0984430355079222,0.6075058890996118,0.0012916194128589824,0.0012916194128586621,776.0,147.951
25,null_re,776,0.15,lognormal,0.0,3.2034265038149176e-16,0.0,full,cr1t,1000,1000,0.055,0.00720936890441875,0.945,0.007209368904418752,0.945,0.031,0.024,1.0263569596932507,0.952371515024335,1.0960206944551791,1.0263569596932498,0.9523715150243339,1.0960206944551802,0.6088485521190176,0.0012916194128589824,0.0012916194128586621,776.0,147.951
25,null_re,776,0.15,lognormal,0.0,3.2034265038149176e-16,0.0,full,mdt,1000,1000,0.055,0.00720936890441875,0.945,0.007209368904418752,0.945,0.031,0.024,1.0205167217244384,0.9450996389872597,1.086911159478369,1.0205167217244393,0.9450996389872586,1.08691115947837,0.6136137803350894,0.0012916194128589824,0.0012916194128586621,776.0,147.951
25,null_re,776,0.15,lognormal,0.0,3.2034265038149176e-16,0.0,full_mh,pct,1000,1000,0.053,0.00708456067798138,0.947,0.007084560677981384,0.947,0.022,0.031,1.0298359792505718,0.9817650076477208,1.0906078076978578,1.0298359792505707,0.9817650076477219,1.0906078076978567,0.6200756607258431,-0.002642443253729697,-0.0026424432537300174,776.0,147.951
25,null_re,776,0.15,lognormal,0.0,3.2034265038149176e-16,0.0,sub,pct,1000,1000,0.056,0.007270763371201128,0.944,0.007270763371201131,0.944,0.03,0.026,1.0162834114648944,0.9549757457506441,1.0868390633508878,1.0162834114648955,0.954975745750645,1.0868390633508869,0.767099531146342,0.007886879653580455,0.007886879653580134,595.72,147.951
25,null_re,776,0.15,lognormal,0.0,3.2034265038149176e-16,0.0,sub,bca,1000,1000,0.056,0.007270763371201128,0.944,0.007270763371201131,0.944,0.032,0.024,1.0363019773533364,0.951302511017911,1.113012314102307,1.0363019773533375,0.9513025110179117,1.113012314102306,0.7678588520803596,0.007886879653580455,0.007886879653580134,595.72,147.951
25,null_re,776,0.15,lognormal,0.0,3.2034265038149176e-16,0.0,sub,cr0,1000,1000,0.055,0.00720936890441875,0.945,0.007209368904418752,0.945,0.03,0.025,1.0218459241903441,0.956764675723373,1.0920884085031095,1.0218459241903448,0.9567646757233739,1.0920884085031102,0.7657888120863476,0.007886879653580457,0.007886879653580136,595.72,147.951
25,null_re,776,0.15,lognormal,0.0,3.2034265038149176e-16,0.0,sub,cr1t,1000,1000,0.054,0.007147307185227175,0.946,0.0071473071852271785,0.946,0.029,0.025,1.0189729545654962,0.9539844340177666,1.088962726765766,1.0189729545654969,0.9539844340177676,1.0889627267657667,0.7679974342861342,0.007886879653580457,0.007886879653580136,595.72,147.951
25,null_re,776,0.15,lognormal,0.0,3.2034265038149176e-16,0.0,sub,mdt,1000,1000,0.053,0.00708456067798138,0.947,0.007084560677981384,0.947,0.029,0.024,1.0061446009548645,0.9458071085161541,1.0781824768827293,1.0061446009548654,0.9458071085161551,1.0781824768827302,0.7765411243691627,0.007886879653580457,0.007886879653580136,595.72,147.951
25,null_re,776,0.15,lognormal,0.0,3.2034265038149176e-16,0.0,rc,pct,1000,1000,0.003,0.001729450779872038,0.997,0.0017294507798720387,0.997,0.0,0.003,0.7147105340404624,0.6809251092793822,0.753879352450199,0.714710534040463,0.6809251092793831,0.7538793524501982,0.8874461891232428,0.002572995400155331,0.0025729954001550105,,
26,null_re,776,0.35,nb,0.0,3.2034265038149176e-16,0.0,full,pct,1000,1000,0.049,0.006826346021115542,0.951,0.006826346021115546,0.951,0.016,0.033,0.9896624807436227,0.9506271883243811,1.0533311821464253,0.9896624807436214,0.9506271883243824,1.053331182146424,0.45147161176103623,-0.006610018080192553,-0.006610018080192873,776.0,345.739
26,null_re,776,0.35,nb,0.0,3.2034265038149176e-16,0.0,full,bca,1000,1000,0.047,0.006692607862410586,0.953,0.00669260786241059,0.953,0.016,0.031,0.9906325788799647,0.9411673527187577,1.0524832678389393,0.990632578879966,0.9411673527187592,1.052483267838938,0.45156750587770816,-0.006610018080192553,-0.006610018080192873,776.0,345.739
26,null_re,776,0.35,nb,0.0,3.2034265038149176e-16,0.0,full,cr0,1000,1000,0.049,0.006826346021115542,0.951,0.006826346021115546,0.951,0.017,0.032,0.9889545040753354,0.9461567891516061,1.063929947005352,0.9889545040753368,0.9461567891516045,1.0639299470053507,0.45091813655594587,-0.0066100180801925475,-0.006610018080192868,776.0,345.739
26,null_re,776,0.35,nb,0.0,3.2034265038149176e-16,0.0,full,cr1t,1000,1000,0.049,0.006826346021115542,0.951,0.006826346021115546,0.951,0.017,0.032,0.98677361256155,0.9440702772810725,1.0615837159268506,0.9867736125615515,0.944070277281071,1.061583715926849,0.45191472130943744,-0.0066100180801925475,-0.006610018080192868,776.0,345.739
26,null_re,776,0.35,nb,0.0,3.2034265038149176e-16,0.0,full,mdt,1000,1000,0.049,0.006826346021115542,0.951,0.006826346021115546,0.951,0.017,0.032,0.9843346624548586,0.9416732863219409,1.0590590879081596,0.98433466245486,0.9416732863219395,1.0590590879081583,0.4530932206096143,-0.0066100180801925475,-0.006610018080192868,776.0,345.739
26,null_re,776,0.35,nb,0.0,3.2034265038149176e-16,0.0,full_mh,pct,1000,1000,0.051,0.00695693898205238,0.949,0.006956938982052382,0.949,0.019,0.032,1.0034671438894223,0.9365692541648266,1.07288700683903,1.003467143889421,0.9365692541648252,1.0728870068390284,0.4581319582195708,-0.006899578084903194,-0.006899578084903514,776.0,345.739
26,null_re,776,0.35,nb,0.0,3.2034265038149176e-16,0.0,sub,pct,1000,1000,0.056,0.007270763371201128,0.944,0.007270763371201131,0.944,0.026,0.03,1.0296302262518808,0.9825672168701689,1.0808840109747095,1.029630226251882,0.9825672168701677,1.0808840109747084,0.5663993651105058,-0.004917329339010131,-0.0049173293390104515,641.605,345.739
26,null_re,776,0.35,nb,0.0,3.2034265038149176e-16,0.0,sub,bca,1000,1000,0.06,0.007509993342207435,0.94,0.007509993342207438,0.94,0.026,0.034,1.0352270353887836,0.9843214703143711,1.0943631470256039,1.035227035388785,0.9843214703143699,1.094363147025605,0.5664086284678621,-0.004917329339010131,-0.0049173293390104515,641.605,345.739
26,null_re,776,0.35,nb,0.0,3.2034265038149176e-16,0.0,sub,cr0,1000,1000,0.058,0.007391616873188166,0.942,0.007391616873188169,0.942,0.028,0.03,1.0176615378412643,0.9855820192327375,1.0820392104039769,1.0176615378412657,0.9855820192327364,1.0820392104039755,0.5660225245621895,-0.004917329339010118,-0.0049173293390104384,641.605,345.739
26,null_re,776,0.35,nb,0.0,3.2034265038149176e-16,0.0,sub,cr1t,1000,1000,0.058,0.007391616873188166,0.942,0.007391616873188169,0.942,0.028,0.03,1.0150066259531727,0.9829256420268587,1.079267018394558,1.015006625953174,0.9829256420268576,1.0792670183945567,0.5675375476462597,-0.004917329339010118,-0.0049173293390104384,641.605,345.739
26,null_re,776,0.35,nb,0.0,3.2034265038149176e-16,0.0,sub,mdt,1000,1000,0.056,0.007270763371201128,0.944,0.007270763371201131,0.944,0.027,0.029,1.011319820091679,0.9796667266866138,1.076256017719887,1.01131982009168,0.9796667266866127,1.0762560177198857,0.5697543135402359,-0.004917329339010118,-0.0049173293390104384,641.605,345.739
26,null_re,776,0.35,nb,0.0,3.2034265038149176e-16,0.0,rc,pct,1000,1000,0.003,0.001729450779872038,0.997,0.0017294507798720387,0.997,0.002,0.001,0.6816763735537912,0.6479093057986931,0.7347361279016138,0.6816763735537921,0.6479093057986921,0.7347361279016128,0.6575796785448251,-0.005911722531582601,-0.005911722531582921,,
27,null_re,776,0.35,lognormal,0.0,3.2034265038149176e-16,0.0,full,pct,1000,1000,0.045,0.0065555320150236475,0.955,0.00655553201502365,0.955,0.024,0.021,0.9750048825638229,0.9174400806468789,1.0485176735320236,0.9750048825638243,0.9174400806468804,1.048517673532025,0.47708540538371047,0.003004215463168469,0.0030042154631681485,776.0,345.79
27,null_re,776,0.35,lognormal,0.0,3.2034265038149176e-16,0.0,full,bca,1000,1000,0.048,0.006759881655768835,0.952,0.006759881655768837,0.952,0.027,0.021,0.9966969438252136,0.9355032371034885,1.0703294001171717,0.9966969438252121,0.9355032371034899,1.0703294001171704,0.47793215185799853,0.003004215463168469,0.0030042154631681485,776.0,345.79
27,null_re,776,0.35,lognormal,0.0,3.2034265038149176e-16,0.0,full,cr0,1000,1000,0.045,0.0065555320150236475,0.955,0.00655553201502365,0.955,0.025,0.02,0.9781617446489378,0.9318002493698961,1.0652409784393182,0.9781617446489388,0.9318002493698948,1.0652409784393195,0.47745071378648857,0.0030042154631684825,0.003004215463168162,776.0,345.79
27,null_re,776,0.35,lognormal,0.0,3.2034265038149176e-16,0.0,full,cr1t,1000,1000,0.045,0.0065555320150236475,0.955,0.00655553201502365,0.955,0.025,0.02,0.9760046538634434,0.9297453972528175,1.0628918562092853,0.9760046538634444,0.9297453972528161,1.0628918562092866,0.4785059388114511,0.0030042154631684825,0.003004215463168162,776.0,345.79
27,null_re,776,0.35,lognormal,0.0,3.2034265038149176e-16,0.0,full,mdt,1000,1000,0.044,0.006485676526007136,0.956,0.006485676526007139,0.956,0.024,0.02,0.9566986346106163,0.9259819927569416,1.0552337492139994,0.9566986346106174,0.9259819927569403,1.0552337492139978,0.48162980019824186,0.0030042154631684825,0.003004215463168162,776.0,345.79
27,null_re,776,0.35,lognormal,0.0,3.2034265038149176e-16,0.0,full_mh,pct,1000,1000,0.052,0.007021111023192838,0.948,0.007021111023192843,0.948,0.026,0.026,1.0035738323124355,0.918440013854301,1.061428779221784,1.003573832312434,0.9184400138542995,1.0614287792217854,0.48379231844233633,0.0019796638488699825,0.001979663848869662,776.0,345.79
27,null_re,776,0.35,lognormal,0.0,3.2034265038149176e-16,0.0,sub,pct,1000,1000,0.049,0.006826346021115542,0.951,0.006826346021115546,0.951,0.022,0.027,0.9906299485761514,0.9329663704573583,1.066876488362003,0.9906299485761504,0.9329663704573571,1.066876488362004,0.5872773131748754,-0.0007992190139570021,-0.0007992190139573225,595.217,345.79
27,null_re,776,0.35,lognormal,0.0,3.2034265038149176e-16,0.0,sub,bca,1000,1000,0.053,0.00708456067798138,0.947,0.007084560677981384,0.947,0.025,0.028,1.0026023880292223,0.9477053189801904,1.072220295772843,1.0026023880292234,0.9477053189801916,1.0722202957728442,0.5881327353329753,-0.0007992190139570021,-0.0007992190139573225,595.217,345.79
27,null_re,776,0.35,lognormal,0.0,3.2034265038149176e-16,0.0,sub,cr0,1000,1000,0.05,0.006892024376045111,0.95,0.006892024376045114,0.95,0.021,0.029,0.9995191229058334,0.9155132367815696,1.0764261939188307,0.9995191229058344,0.9155132367815686,1.0764261939188315,0.5881673623123806,-0.0007992190139569972,-0.0007992190139573176,595.217,345.79
27,null_re,776,0.35,lognormal,0.0,3.2034265038149176e-16,0.0,sub,cr1t,1000,1000,0.049,0.006826346021115542,0.951,0.006826346021115546,0.951,0.021,0.028,0.9966082210475546,0.9129060220383863,1.0733140926080018,0.9966082210475555,0.9129060220383853,1.073314092608003,0.5898652383174431,-0.0007992190139569972,-0.0007992190139573176,595.217,345.79
27,null_re,776,0.35,lognormal,0.0,3.2034265038149176e-16,0.0,sub,mdt,1000,1000,0.047,0.006692607862410586,0.953,0.00669260786241059,0.953,0.021,0.026,0.9909607578481879,0.905113878999899,1.0498999885483074,0.9909607578481889,0.9051138789998978,1.0498999885483085,0.5947859533489204,-0.0007992190139569972,-0.0007992190139573176,595.217,345.79
27,null_re,776,0.35,lognormal,0.0,3.2034265038149176e-16,0.0,rc,pct,1000,1000,0.006,0.002442130217658346,0.994,0.002442130217658347,0.994,0.004,0.002,0.702055107524761,0.6558843828529046,0.7468112901426738,0.702055107524762,0.6558843828529035,0.7468112901426749,0.6753024980758446,0.002472824733470569,0.0024728247334702487,,
28,null_re,1475,0.15,nb,0.0,3.2034265038149176e-16,0.0,full,pct,1000,1000,0.048,0.006759881655768835,0.952,0.006759881655768837,0.952,0.02,0.028,0.9713777771009848,0.9401795769004443,1.0865886750712002,0.9713777771009832,0.9401795769004426,1.0865886750711986,0.4262554299678171,-0.0002702205094952169,-0.00027022050949553723,1475.0,281.895
28,null_re,1475,0.15,nb,0.0,3.2034265038149176e-16,0.0,full,bca,1000,1000,0.048,0.006759881655768835,0.952,0.006759881655768837,0.952,0.021,0.027,0.9866896374595397,0.9375535960100769,1.0781926499724739,0.9866896374595414,0.9375535960100755,1.0781926499724754,0.42601534617649184,-0.0002702205094952169,-0.00027022050949553723,1475.0,281.895
28,null_re,1475,0.15,nb,0.0,3.2034265038149176e-16,0.0,full,cr0,1000,1000,0.047,0.006692607862410586,0.953,0.00669260786241059,0.953,0.021,0.026,0.9867220406672185,0.9355276618851082,1.074152700333338,0.9867220406672199,0.9355276618851097,1.0741527003333367,0.42571823791525104,-0.00027022050949522156,-0.0002702205094955419,1475.0,281.895
28,null_re,1475,0.15,nb,0.0,3.2034265038149176e-16,0.0,full,cr1t,1000,1000,0.046,0.006624499981130651,0.954,0.006624499981130654,0.954,0.02,0.026,0.9855775482005571,0.9344425494448743,1.0729067976141238,0.9855775482005587,0.9344425494448757,1.0729067976141222,0.4262125991322897,-0.00027022050949522156,-0.0002702205094955419,1475.0,281.895
28,null_re,1475,0.15,nb,0.0,3.2034265038149176e-16,0.0,full,mdt,1000,1000,0.046,0.006624499981130651,0.954,0.006624499981130654,0.954,0.02,0.026,0.9835266272901596,0.9318758416803885,1.0710071651031772,0.983526627290161,0.9318758416803901,1.0710071651031756,0.4270750547784119,-0.00027022050949522156,-0.0002702205094955419,1475.0,281.895
28,null_re,1475,0.15,nb,0.0,3.2034265038149176e-16,0.0,full_mh,pct,1000,1000,0.049,0.006826346021115542,0.951,0.006826346021115546,0.951,0.019,0.03,0.9850507857582548,0.9348071056947803,1.1028635021669706,0.9850507857582532,0.9348071056947789,1.102863502166969,0.4335534535338868,-0.0025386492355857597,-0.00253864923558608,1475.0,281.895
28,null_re,1475,0.15,nb,0.0,3.2034265038149176e-16,0.0,sub,pct,1000,1000,0.048,0.006759881655768835,0.952,0.006759881655768837,0.952,0.025,0.023,0.9898332246194917,0.9385208576917841,1.098481635359632,0.9898332246194931,0.9385208576917853,1.0984816353596334,0.540282519229042,0.001837230781442229,0.0018372307814419088,1218.899,281.895
28,null_re,1475,0.15,nb,0.0,3.2034265038149176e-16,0.0,sub,bca,1000,1000,0.049,0.006826346021115542,0.951,0.006826346021115546,0.951,0.026,0.023,0.9866094751242812,0.933252081488182,1.0902550657415575,0.9866094751242825,0.9332520814881807,1.0902550657415586,0.540270358282532,0.001837230781442229,0.0018372307814419088,1218.899,281.895
28,null_re,1475,0.15,nb,0.0,3.2034265038149176e-16,0.0,sub,cr0,1000,1000,0.049,0.006826346021115542,0.951,0.006826346021115546,0.951,0.026,0.023,0.9917397420737782,0.9322620360695003,1.0949031629129753,0.9917397420737794,0.9322620360694991,1.094903162912974,0.5401419922870746,0.001837230781442236,0.0018372307814419158,1218.899,281.895
28,null_re,1475,0.15,nb,0.0,3.2034265038149176e-16,0.0,sub,cr1t,1000,1000,0.048,0.006759881655768835,0.952,0.006759881655768837,0.952,0.026,0.022,0.9903603274126752,0.9309610210414239,1.0933689153973771,0.9903603274126763,0.9309610210414226,1.093368915397376,0.5409015135078723,0.001837230781442236,0.0018372307814419158,1218.899,281.895
28,null_re,1475,0.15,nb,0.0,3.2034265038149176e-16,0.0,sub,mdt,1000,1000,0.046,0.006624499981130651,0.954,0.006624499981130654,0.954,0.026,0.02,0.9866844118204254,0.928128749967157,1.0900736265649857,0.9866844118204265,0.9281287499671559,1.0900736265649846,0.5427500858956639,0.001837230781442236,0.0018372307814419158,1218.899,281.895
28,null_re,1475,0.15,nb,0.0,3.2034265038149176e-16,0.0,rc,pct,1000,1000,0.005,0.0022304708023195463,0.995,0.002230470802319547,0.995,0.002,0.003,0.6806509132299687,0.6517561983666755,0.7191603870995814,0.6806509132299677,0.6517561983666744,0.7191603870995804,0.6306164146014818,7.250463893595049e-05,7.250463893563015e-05,,
29,null_re,1475,0.15,lognormal,0.0,3.2034265038149176e-16,0.0,full,pct,1000,1000,0.044,0.006485676526007136,0.956,0.006485676526007139,0.956,0.019,0.025,0.974605770030443,0.9368523728994902,1.041071277379679,0.9746057700304415,0.9368523728994886,1.0410712773796775,0.4408470334771889,0.0005914650400163271,0.0005914650400160067,1475.0,281.477
29,null_re,1475,0.15,lognormal,0.0,3.2034265038149176e-16,0.0,full,bca,1000,1000,0.044,0.006485676526007136,0.956,0.006485676526007139,0.956,0.024,0.02,0.9846677257071657,0.9500175057124611,1.0418195505718657,0.9846677257071642,0.9500175057124627,1.0418195505718673,0.4409285161480752,0.0005914650400163271,0.0005914650400160067,1475.0,281.477
29,null_re,1475,0.15,lognormal,0.0,3.2034265038149176e-16,0.0,full,cr0,1000,1000,0.046,0.006624499981130651,0.954,0.006624499981130654,0.954,0.025,0.021,0.9820945945483309,0.9328308612042289,1.0362393843776425,0.9820945945483325,0.9328308612042276,1.0362393843776443,0.4400990390702948,0.000591465040016341,0.0005914650400160207,1475.0,281.477
29,null_re,1475,0.15,lognormal,0.0,3.2034265038149176e-16,0.0,full,cr1t,1000,1000,0.045,0.0065555320150236475,0.955,0.00655553201502365,0.955,0.024,0.021,0.9809554694262751,0.9317488767655356,1.0350374570666072,0.9809554694262766,0.9317488767655343,1.0350374570666088,0.4406100998546243,0.000591465040016341,0.0005914650400160207,1475.0,281.477
29,null_re,1475,0.15,lognormal,0.0,3.2034265038149176e-16,0.0,full,mdt,1000,1000,0.044,0.006485676526007136,0.956,0.006485676526007139,0.956,0.024,0.02,0.976770936098637,0.9287234975955052,1.0310342309321356,0.9767709360986385,0.9287234975955037,1.0310342309321372,0.4424222711531922,0.000591465040016341,0.0005914650400160207,1475.0,281.477
29,null_re,1475,0.15,lognormal,0.0,3.2034265038149176e-16,0.0,full_mh,pct,1000,1000,0.041,0.006270486424512854,0.959,0.006270486424512857,0.959,0.02,0.021,0.9673446030673136,0.9154388773945247,1.0246156890516747,0.9673446030673123,0.9154388773945231,1.0246156890516762,0.4477282048328707,-0.0006851754474269743,-0.0006851754474272946,1475.0,281.477
29,null_re,1475,0.15,lognormal,0.0,3.2034265038149176e-16,0.0,sub,pct,1000,1000,0.05,0.006892024376045111,0.95,0.006892024376045114,0.95,0.025,0.025,0.9885366226255013,0.9389047111404072,1.0408065898232206,0.9885366226255025,0.9389047111404085,1.0408065898232193,0.5513347535935389,0.0002856907577504417,0.0002856907577501214,1132.487,281.477
29,null_re,1475,0.15,lognormal,0.0,3.2034265038149176e-16,0.0,sub,bca,1000,1000,0.051,0.00695693898205238,0.949,0.006956938982052382,0.949,0.027,0.024,1.0013292908440699,0.931274400856272,1.0368165878597115,1.0013292908440687,0.9312744008562708,1.0368165878597129,0.5515883691586876,0.0002856907577504417,0.0002856907577501214,1132.487,281.477
29,null_re,1475,0.15,lognormal,0.0,3.2034265038149176e-16,0.0,sub,cr0,1000,1000,0.046,0.006624499981130651,0.954,0.006624499981130654,0.954,0.025,0.021,0.9887385505159919,0.9362383723034604,1.0292620844605531,0.9887385505159908,0.9362383723034592,1.0292620844605544,0.5510630885029644,0.0002856907577504484,0.00028569075775012806,1132.487,281.477
29,null_re,1475,0.15,lognormal,0.0,3.2034265038149176e-16,0.0,sub,cr1t,1000,1000,0.046,0.006624499981130651,0.954,0.006624499981130654,0.954,0.025,0.021,0.987259218849824,0.9348119278654831,1.0277360509795235,0.9872592188498229,0.9348119278654818,1.0277360509795246,0.5518973613104602,0.0002856907577504484,0.00028569075775012806,1132.487,281.477
29,null_re,1475,0.15,lognormal,0.0,3.2034265038149176e-16,0.0,sub,mdt,1000,1000,0.044,0.006485676526007136,0.956,0.006485676526007139,0.956,0.023,0.021,0.982597594479205,0.9294115181451792,1.023745607909477,0.982597594479204,0.9294115181451803,1.0237456079094784,0.55498189447653,0.0002856907577504484,0.00028569075775012806,1132.487,281.477
29,null_re,1475,0.15,lognormal,0.0,3.2034265038149176e-16,0.0,rc,pct,1000,1000,0.006,0.002442130217658346,0.994,0.002442130217658347,0.994,0.002,0.004,0.6928457761817942,0.6430359921958692,0.7467427647737421,0.6928457761817951,0.6430359921958682,0.7467427647737411,0.6415526946067819,0.0006180988448430207,0.0006180988448427003,,
30,null_re,1475,0.35,nb,0.0,3.2034265038149176e-16,0.0,full,pct,1000,1000,0.046,0.006624499981130651,0.954,0.006624499981130654,0.954,0.029,0.017,0.9913241565029333,0.9261431861110236,1.0653689419211632,0.9913241565029313,0.9261431861110215,1.065368941921161,0.3281698333897499,0.004087120068702039,0.004087120068701719,1475.0,658.288
30,null_re,1475,0.35,nb,0.0,3.2034265038149176e-16,0.0,full,bca,1000,1000,0.048,0.006759881655768835,0.952,0.006759881655768837,0.952,0.031,0.017,0.9875213091892282,0.9129722060370524,1.0506352542633102,0.9875213091892264,0.9129722060370504,1.0506352542633122,0.32819677540460707,0.004087120068702039,0.004087120068701719,1475.0,658.288
30,null_re,1475,0.35,nb,0.0,3.2034265038149176e-16,0.0,full,cr0,1000,1000,0.047,0.006692607862410586,0.953,0.00669260786241059,0.953,0.032,0.015,0.9697519852468814,0.9157329705902892,1.0526137419470418,0.9697519852468794,0.9157329705902872,1.0526137419470438,0.32801928277341985,0.004087120068702042,0.004087120068701722,1475.0,658.288
30,null_re,1475,0.35,nb,0.0,3.2034265038149176e-16,0.0,full,cr1t,1000,1000,0.047,0.006692607862410586,0.953,0.00669260786241059,0.953,0.032,0.015,0.968627176236945,0.9146708178835301,1.0513928221253381,0.9686271762369432,0.9146708178835281,1.0513928221253401,0.32840019201667464,0.004087120068702042,0.004087120068701722,1475.0,658.288
30,null_re,1475,0.35,nb,0.0,3.2034265038149176e-16,0.0,full,mdt,1000,1000,0.047,0.006692607862410586,0.953,0.00669260786241059,0.953,0.032,0.015,0.9674743038005849,0.9134411689940675,1.0500103482965317,0.9674743038005829,0.9134411689940655,1.0500103482965337,0.3288508085639079,0.004087120068702042,0.004087120068701722,1475.0,658.288
30,null_re,1475,0.35,nb,0.0,3.2034265038149176e-16,0.0,full_mh,pct,1000,1000,0.049,0.006826346021115542,0.951,0.006826346021115546,0.951,0.029,0.02,0.9833204748787334,0.9076942648224291,1.0743943931520066,0.9833204748787351,0.9076942648224271,1.0743943931520086,0.3325128772289179,0.0041739519236661405,0.0041739519236658204,1475.0,658.288
30,null_re,1475,0.35,nb,0.0,3.2034265038149176e-16,0.0,sub,pct,1000,1000,0.05,0.006892024376045111,0.95,0.006892024376045114,0.95,0.023,0.027,0.9986981536846423,0.9342270273402961,1.071361659436956,0.9986981536846407,0.9342270273402945,1.0713616594369577,0.4110601885193968,0.005171618326130119,0.005171618326129799,1220.126,658.288
30,null_re,1475,0.35,nb,0.0,3.2034265038149176e-16,0.0,sub,bca,1000,1000,0.051,0.00695693898205238,0.949,0.006956938982052382,0.949,0.023,0.028,1.000807461240245,0.9455426763669607,1.073503015439903,1.0008074612402436,0.9455426763669623,1.0735030154399046,0.41103305618313823,0.005171618326130119,0.005171618326129799,1220.126,658.288
30,null_re,1475,0.35,nb,0.0,3.2034265038149176e-16,0.0,sub,cr0,1000,1000,0.049,0.006826346021115542,0.951,0.006826346021115546,0.951,0.024,0.025,0.9934175756453126,0.9414362133476063,1.0724406109318028,0.9934175756453111,0.9414362133476079,1.0724406109318043,0.4111891505222401,0.005171618326130117,0.005171618326129797,1220.126,658.288
30,null_re,1475,0.35,nb,0.0,3.2034265038149176e-16,0.0,sub,cr1t,1000,1000,0.049,0.006826346021115542,0.951,0.006826346021115546,0.951,0.024,0.025,0.9920142515003969,0.940122395328474,1.0709140769234815,0.9920142515003952,0.9401223953284756,1.070914076923483,0.411766770314488,0.005171618326130117,0.005171618326129797,1220.126,658.288
30,null_re,1475,0.35,nb,0.0,3.2034265038149176e-16,0.0,sub,mdt,1000,1000,0.049,0.006826346021115542,0.951,0.006826346021115546,0.951,0.024,0.025,0.9899870261535161,0.9380091139118443,1.0689461367033288,0.9899870261535144,0.9380091139118458,1.0689461367033304,0.4126118592178358,0.005171618326130117,0.005171618326129797,1220.126,658.288
30,null_re,1475,0.35,nb,0.0,3.2034265038149176e-16,0.0,rc,pct,1000,1000,0.008,0.0028170906978654416,0.992,0.0028170906978654425,0.992,0.005,0.003,0.6706331863322005,0.6421559790603147,0.7553369953063477,0.6706331863321993,0.6421559790603162,0.7553369953063491,0.4777154304326635,0.004657434126812268,0.004657434126811948,,
31,null_re,1475,0.35,lognormal,0.0,3.2034265038149176e-16,0.0,full,pct,1000,1000,0.046,0.006624499981130651,0.954,0.006624499981130654,0.954,0.018,0.028,0.9869039670719213,0.936114759282387,1.0277065674222994,0.9869039670719195,0.9361147592823891,1.0277065674222974,0.3447513701759938,-0.0002459822352193857,-0.000245982235219706,1475.0,658.523
31,null_re,1475,0.35,lognormal,0.0,3.2034265038149176e-16,0.0,full,bca,1000,1000,0.046,0.006624499981130651,0.954,0.006624499981130654,0.954,0.019,0.027,0.9913012023331298,0.9472273819619748,1.03883249068246,0.9913012023331316,0.9472273819619766,1.038832490682462,0.3451107019157239,-0.0002459822352193857,-0.000245982235219706,1475.0,658.523
31,null_re,1475,0.35,lognormal,0.0,3.2034265038149176e-16,0.0,full,cr0,1000,1000,0.045,0.0065555320150236475,0.955,0.00655553201502365,0.955,0.019,0.026,0.9749955089826989,0.9377672708025709,1.0303777348397474,0.974995508982697,0.9377672708025689,1.0303777348397456,0.3452359506528634,-0.00024598223521940163,-0.00024598223521972196,1475.0,658.523
31,null_re,1475,0.35,lognormal,0.0,3.2034265038149176e-16,0.0,full,cr1t,1000,1000,0.044,0.006485676526007136,0.956,0.006485676526007139,0.956,0.019,0.025,0.9738646180437424,0.9366795606545437,1.029182606417824,0.9738646180437405,0.9366795606545417,1.029182606417822,0.34563685258641935,-0.00024598223521940163,-0.00024598223521972196,1475.0,658.523
31,null_re,1475,0.35,lognormal,0.0,3.2034265038149176e-16,0.0,full,mdt,1000,1000,0.043,0.006414904519944158,0.957,0.006414904519944161,0.957,0.019,0.024,0.9716457102786985,0.9348317889996093,1.026756285739275,0.9716457102786966,0.9348317889996073,1.026756285739273,0.34682900739667605,-0.00024598223521940163,-0.00024598223521972196,1475.0,658.523
31,null_re,1475,0.35,lognormal,0.0,3.2034265038149176e-16,0.0,full_mh,pct,1000,1000,0.046,0.006624499981130651,0.954,0.006624499981130654,0.954,0.019,0.027,0.985688833551851,0.927371076154096,1.0646892862193162,0.9856888335518493,0.9273710761540981,1.0646892862193142,0.3497821039872595,-0.0009806155067316072,-0.0009806155067319275,1475.0,658.523
31,null_re,1475,0.35,lognormal,0.0,3.2034265038149176e-16,0.0,sub,pct,1000,1000,0.052,0.007021111023192838,0.948,0.007021111023192843,0.948,0.024,0.028,1.01712866518442,0.9493240006273043,1.103495309439476,1.0171286651844185,0.9493240006273058,1.1034953094394744,0.4249776995182459,-0.00026031483953229583,-0.00026031483953261616,1133.088,658.523
31,null_re,1475,0.35,lognormal,0.0,3.2034265038149176e-16,0.0,sub,bca,1000,1000,0.053,0.00708456067798138,0.947,0.007084560677981384,0.947,0.025,0.028,1.0120389050387086,0.956095284795428,1.104468106058072,1.0120389050387102,0.9560952847954265,1.1044681060580737,0.4251680399917362,-0.00026031483953229583,-0.00026031483953261616,1133.088,658.523
31,null_re,1475,0.35,lognormal,0.0,3.2034265038149176e-16,0.0,sub,cr0,1000,1000,0.05,0.006892024376045111,0.95,0.006892024376045114,0.95,0.022,0.028,1.0002315997845956,0.9390452545632805,1.1060694855417827,1.0002315997845974,0.9390452545632821,1.1060694855417812,0.4254638514425321,-0.0002603148395323047,-0.00026031483953262505,1133.088,658.523
31,null_re,1475,0.35,lognormal,0.0,3.2034265038149176e-16,0.0,sub,cr1t,1000,1000,0.05,0.006892024376045111,0.95,0.006892024376045114,0.95,0.022,0.028,0.9986962836313091,0.9376928409384039,1.1043660792247967,0.9986962836313108,0.9376928409384054,1.1043660792247951,0.4261075560651427,-0.0002603148395323047,-0.00026031483953262505,1133.088,658.523
31,null_re,1475,0.35,lognormal,0.0,3.2034265038149176e-16,0.0,sub,mdt,1000,1000,0.05,0.006892024376045111,0.95,0.006892024376045114,0.95,0.022,0.028,0.9958840930234081,0.9344028678006824,1.1005024883372545,0.9958840930234097,0.9344028678006838,1.100502488337253,0.4279565117339954,-0.0002603148395323047,-0.00026031483953262505,1133.088,658.523
31,null_re,1475,0.35,lognormal,0.0,3.2034265038149176e-16,0.0,rc,pct,1000,1000,0.007,0.0026364749192814255,0.993,0.002636474919281427,0.993,0.004,0.003,0.7083460011500338,0.6831309189461335,0.7357317330757622,0.7083460011500352,0.6831309189461323,0.7357317330757637,0.48687856377212724,-0.0007748978932159238,-0.0007748978932162442,,
32,null_conf15,44,0.15,nb,0.15,0.1683446642666858,0.0,full,pct,4000,4000,0.07625,0.004196306039244516,0.93125,0.004000732354832049,0.92375,0.0275,0.04125,1.078088984359338,1.049628337942625,1.1194759699302763,1.1074283475215008,1.0720090050307163,1.1403910824510755,2.5916534998555187,0.15526354294789685,-0.01308112131878894,44.0,9.08225
32,null_conf15,44,0.15,nb,0.15,0.1683446642666858,0.0,full,bca,4000,4000,0.06875,0.00400073235483205,0.9445,0.0036200742395702326,0.93125,0.032,0.0235,1.0271237166482539,0.9921909854183163,1.055170655652084,1.0787105048734575,1.0511878202629337,1.1081655170807332,2.5146351526825925,0.15526354294789685,-0.01308112131878894,44.0,9.08225
32,null_conf15,44,0.15,nb,0.15,0.1683446642666858,0.0,full,cr0,4000,4000,0.0875,0.0044677665001653785,0.93225,0.0039736613311906685,0.9125,0.0445,0.02325,1.0810501778315964,1.0453503862257616,1.1107473550088198,1.1668507801363586,1.1213919314991916,1.2064578941280906,2.317197113174836,0.15526354294789685,-0.01308112131878894,44.0,9.08225
32,null_conf15,44,0.15,nb,0.15,0.1683446642666858,0.0,full,cr1t,4000,4000,0.075,0.004164582812239421,0.9405,0.0037403124869454423,0.925,0.039,0.0205,1.0386332334314516,1.0043341872366012,1.0671651885505335,1.121067295077796,1.077392105973441,1.1591203528504102,2.411829576252284,0.15526354294789685,-0.01308112131878894,44.0,9.08225
32,null_conf15,44,0.15,nb,0.15,0.1683446642666858,0.0,full,mdt,4000,4000,0.06125,0.0037913862075763267,0.9545,0.003295062594246124,0.93875,0.0305,0.015,0.9763632728174281,0.9457999463670961,1.0144681351325007,1.0465526732352222,1.018528392338568,1.0876727830596857,2.5654280144175305,0.15526354294789685,-0.01308112131878894,44.0,9.08225
32,null_conf15,44,0.15,nb,0.15,0.1683446642666858,0.0,full_mh,pct,4000,3998,0.06803401700850426,0.003982370779204171,0.9317158579289645,0.003989149177298827,0.9319659829914958,0.02126063031515758,0.04702351175587794,1.0757560760151852,1.046594025868267,1.1172892862038277,1.0755393320605666,1.0446716135621268,1.1135593018448096,2.7186601159325607,0.09559114951942764,-0.07275351474725815,44.0,9.08225
32,null_conf15,44,0.15,nb,0.15,0.1683446642666858,0.0,sub,pct,4000,4000,0.07675,0.004208902395518337,0.9305,0.004020875215671335,0.92325,0.0365,0.033,1.0964207676999735,1.0609294798837834,1.1507719523743356,1.1325688346868288,1.0986148999309766,1.1693633806702735,3.4335253433735997,0.1663771165018755,-0.0019675477648102846,36.17975,9.08225
32,null_conf15,44,0.15,nb,0.15,0.1683446642666858,0.0,sub,bca,4000,4000,0.0515,0.0034945582696529753,0.95125,0.003404902256306338,0.9485,0.02525,0.0235,0.993244367616091,0.9571764133849029,1.0285132188433004,1.0058789031089703,0.9744430502912333,1.0441979096952425,3.414299882310753,0.1663771165018755,-0.0019675477648102846,36.17975,9.08225
32,null_conf15,44,0.15,nb,0.15,0.1683446642666858,0.0,sub,cr0,4000,4000,0.06225,0.003820174652421012,0.9435,0.003650607826102387,0.93775,0.0305,0.026,1.0279685421186362,0.9981421936773793,1.0592616243152861,1.0550781207536695,1.0195653791491834,1.0906604605084087,3.135773693962525,0.1663771165018755,-0.0019675477648102846,36.17975,9.08225
32,null_conf15,44,0.15,nb,0.15,0.1683446642666858,0.0,sub,cr1t,4000,4000,0.0505,0.00346228789964093,0.95625,0.0032340353082488124,0.9495,0.02325,0.0205,0.9806772949385634,0.9511080398806181,1.0060120551146847,1.0006074246845706,0.9707398658147183,1.0370081038967187,3.295725637759188,0.1663771165018755,-0.0019675477648102846,36.17975,9.08225
32,null_conf15,44,0.15,nb,0.15,0.1683446642666858,0.0,sub,mdt,4000,4000,0.0315,0.002761691058029482,0.9735,0.0025395742753461636,0.9685,0.0135,0.013,0.8927359501672579,0.8602863949406729,0.9164997129062706,0.9037437704670793,0.8835660896346661,0.9329967164333378,3.717118857766338,0.1663771165018755,-0.0019675477648102846,36.17975,9.08225
32,null_conf15,44,0.15,nb,0.15,0.1683446642666858,0.0,rc,pct,4000,4000,0.007,0.0013182374596407127,0.994,0.0012210651088291734,0.993,0.00275,0.00325,0.6759098555493327,0.6533305013140984,0.7057181948871842,0.7115486724830171,0.6932840351570735,0.7345414467689678,4.097552779544189,0.15648302668538247,-0.01186163758130332,,
33,null_conf15,44,0.15,lognormal,0.15,0.1683446642666858,0.0,full,pct,4000,4000,0.08775,0.004473531532804927,0.9175,0.00435010775728602,0.91225,0.0345,0.048,1.1314386480574998,1.1045808419264493,1.1796210592911578,1.1648742911925982,1.142771211966673,1.202589633576378,2.6753271247800576,0.16504468270235614,-0.003299981564329646,44.0,9.192
33,null_conf15,44,0.15,lognormal,0.15,0.1683446642666858,0.0,full,bca,4000,4000,0.09125,0.004553115348308233,0.9295,0.004047522390302493,0.90875,0.04175,0.02875,1.0964849567053423,1.0553291575736894,1.1241531080446348,1.173959519829879,1.1234878169790752,1.2303649815079725,2.594900341243625,0.16504468270235614,-0.003299981564329646,44.0,9.192
33,null_conf15,44,0.15,lognormal,0.15,0.1683446642666858,0.0,full,cr0,4000,4000,0.11425,0.005029834428189462,0.91325,0.0044504055292748325,0.88575,0.05525,0.0315,1.1644583959788148,1.1352917452254225,1.2037838905874563,1.2531141835048012,1.2226078295788305,1.3067647195848753,2.338308107513028,0.16504468270235617,-0.003299981564329618,44.0,9.192
33,null_conf15,44,0.15,lognormal,0.15,0.1683446642666858,0.0,full,cr1t,4000,4000,0.10275,0.004800844652246102,0.925,0.00416458281223942,0.89725,0.04775,0.02725,1.118768780407419,1.0907465355555424,1.156551268638994,1.203945998957279,1.1746366165918003,1.2554914599422162,2.4338027265895836,0.16504468270235617,-0.003299981564329618,44.0,9.192
33,null_conf15,44,0.15,lognormal,0.15,0.1683446642666858,0.0,full,mdt,4000,4000,0.07575,0.004183656818502206,0.9425,0.0036808202210920327,0.92425,0.0355,0.022,1.044260849961012,1.0032301215558168,1.0742332052390167,1.1126647974256436,1.0815909635685836,1.154635014476139,2.6635916786805813,0.16504468270235617,-0.003299981564329618,44.0,9.192
33,null_conf15,44,0.15,lognormal,0.15,0.1683446642666858,0.0,full_mh,pct,4000,3995,0.07709637046307885,0.004220236133488581,0.925657071339174,0.004150367012405219,0.9229036295369212,0.027284105131414268,0.047058823529411764,1.114635972158101,1.0865351953226996,1.1472123649906898,1.1348120596603108,1.1062710995243774,1.1713896709443647,2.7804488141513355,0.10392251098912018,-0.0644221532775656,44.0,9.192
33,null_conf15,44,0.15,lognormal,0.15,0.1683446642666858,0.0,sub,pct,4000,4000,0.07925,0.004271107511524382,0.9235,0.004202610795684036,0.92075,0.04,0.0365,1.1230847637953771,1.0878745403267271,1.1694580382287438,1.1650211670714157,1.1256356917259307,1.2116369100140123,3.5260670194910357,0.15964647207376004,-0.008698192192925752,33.5205,9.192
33,null_conf15,44,0.15,lognormal,0.15,0.1683446642666858,0.0,sub,bca,4000,4000,0.05975,0.003747663855657281,0.947,0.003542280338990692,0.94025,0.0275,0.0255,1.018890009526252,0.9815886427877031,1.0593035668180066,1.0483124615371762,1.0184701211052813,1.0844570815817955,3.512257145399601,0.15964647207376004,-0.008698192192925752,33.5205,9.192
33,null_conf15,44,0.15,lognormal,0.15,0.1683446642666858,0.0,sub,cr0,4000,4000,0.0745,0.0041517993087335035,0.93625,0.0038628337234470752,0.9255,0.03375,0.03,1.0756594109268895,1.0442280577748513,1.11718461929779,1.1054194797137542,1.0815293197526326,1.1544654187158658,3.1684170872950976,0.15964647207376004,-0.008698192192925752,33.5205,9.192
33,null_conf15,44,0.15,lognormal,0.15,0.1683446642666858,0.0,sub,cr1t,4000,4000,0.0625,0.0038273277230987156,0.946,0.0035736535926135893,0.9375,0.029,0.025,1.0145375013617008,0.9895290034030686,1.0567014997570428,1.0515811871800307,1.0249580905017117,1.0933612212311268,3.345183597601187,0.15964647207376004,-0.008698192192925752,33.5205,9.192
33,null_conf15,44,0.15,lognormal,0.15,0.1683446642666858,0.0,sub,mdt,4000,3997,0.03627720790592945,0.0029575079311799147,0.9682261696272204,0.0027743172396402288,0.9637227920940705,0.016262196647485613,0.015511633725293971,0.894814159613276,0.8749421111479282,0.9351724460355465,0.9340276346586809,0.9047704257825429,0.9651570140144361,3.8962201665814185,0.15957574350560547,-0.008768920761080323,33.5205,9.192
33,null_conf15,44,0.15,lognormal,0.15,0.1683446642666858,0.0,rc,pct,4000,4000,0.0095,0.0015337657904647632,0.9915,0.0014515293658758641,0.9905,0.003,0.0055,0.7171862090807201,0.6918300080990353,0.7446067059528679,0.7685320489727204,0.7384380285980803,0.7967687468673419,4.219025934698908,0.1656517923337603,-0.0026928719329255,,
34,null_conf15,44,0.35,nb,0.15,0.1595190802145218,0.0,full,pct,4000,4000,0.0715,0.0040739339096259285,0.939,0.003784144553264319,0.9285,0.0275,0.0335,1.0444461381482022,1.0189121229690274,1.0784604867116605,1.09603050648741,1.062893986530491,1.1312977600521954,1.9087175587931362,0.14995880745002058,-0.009560272764501221,44.0,20.826
34,null_conf15,44,0.35,nb,0.15,0.1595190802145218,0.0,full,bca,4000,4000,0.07075,0.004054147182207374,0.9435,0.003650607826102387,0.92925,0.0285,0.028,1.043210911145473,0.9989553126992782,1.0869487942261136,1.1054354317316322,1.0698805484600782,1.1364865831413182,1.9030950363294246,0.14995880745002058,-0.009560272764501221,44.0,20.826
34,null_conf15,44,0.35,nb,0.15,0.1595190802145218,0.0,full,cr0,4000,4000,0.07925,0.004271107511524382,0.93625,0.0038628337234470752,0.92075,0.0335,0.03025,1.0531124375243814,1.0267588426132823,1.0819723759137956,1.1339031262164792,1.096370073239308,1.1723989021020214,1.8094535381597956,0.14995880745002058,-0.009560272764501221,44.0,20.826
34,null_conf15,44,0.35,nb,0.15,0.1595190802145218,0.0,full,cr1t,4000,4000,0.07,0.004034228550788862,0.9465,0.0035580103288214327,0.93,0.029,0.0245,1.0117916805182887,0.9864721162128093,1.0395192474163901,1.0894124015062274,1.0533520252409676,1.1263977265182932,1.8833501627355336,0.14995880745002058,-0.009560272764501221,44.0,20.826
34,null_conf15,44,0.35,nb,0.15,0.1595190802145218,0.0,full,mdt,4000,4000,0.058,0.003695808436594083,0.958,0.0031715926598477316,0.942,0.022,0.02,0.9688330569347033,0.9438227106873004,0.9941611619639817,1.0449022606301916,1.0098576461823439,1.0781267476156216,1.9665059844333388,0.14995880745002058,-0.009560272764501221,44.0,20.826
34,null_conf15,44,0.35,nb,0.15,0.1595190802145218,0.0,full_mh,pct,4000,4000,0.0665,0.003939471728544324,0.94,0.003754996671103719,0.9335,0.023,0.037,1.0467395885517363,1.0146945202079813,1.0760689238129364,1.0528700341894253,1.0313827282619425,1.0912699219157709,2.0039934030102278,0.13982275506416783,-0.019696325150353966,44.0,20.826
34,null_conf15,44,0.35,nb,0.15,0.1595190802145218,0.0,sub,pct,4000,4000,0.0695,0.004020875215671335,0.93475,0.0039048827607240663,0.9305,0.02975,0.0355,1.077343804836456,1.0351959185944153,1.1170137495110422,1.0834750036932763,1.047811590880795,1.1304498373286758,2.430231890641954,0.14996154732818415,-0.00955753288633765,36.21975,20.826
34,null_conf15,44,0.35,nb,0.15,0.1595190802145218,0.0,sub,bca,4000,4000,0.064,0.003869883719183304,0.94225,0.003688324060464318,0.936,0.026,0.03175,1.0380822325931294,1.0042771954698142,1.0869325558008973,1.06455717969824,1.0324128500937253,1.0968142319157974,2.429548018298543,0.14996154732818415,-0.00955753288633765,36.21975,20.826
34,null_conf15,44,0.35,nb,0.15,0.1595190802145218,0.0,sub,cr0,4000,4000,0.06975,0.004027559357104499,0.93775,0.0038201746524210126,0.93025,0.02775,0.0345,1.0605818555305124,1.0206867257846883,1.0935507969245004,1.0810112163455148,1.0457555038063122,1.1172880693005036,2.3463136837087597,0.14996154732818412,-0.009557532886337677,36.21975,20.826
34,null_conf15,44,0.35,nb,0.15,0.1595190802145218,0.0,sub,cr1t,4000,4000,0.05625,0.0036430048551985214,0.94825,0.0035025682541529424,0.94375,0.0225,0.02925,1.0109166203431683,0.9717973649034639,1.0425337029704729,1.0300245679393274,0.9976089300761738,1.0645374095004938,2.465816228179883,0.14996154732818412,-0.009557532886337677,36.21975,20.826
34,null_conf15,44,0.35,nb,0.15,0.1595190802145218,0.0,sub,mdt,4000,4000,0.04275,0.0031985323782947705,0.95925,0.0031260773143030212,0.95725,0.0175,0.02325,0.9521882963689422,0.9191056694396967,0.9834047841290695,0.9663517535423412,0.9407363050451057,0.9990916644115534,2.6346375759086533,0.14996154732818412,-0.009557532886337677,36.21975,20.826
34,null_conf15,44,0.35,nb,0.15,0.1595190802145218,0.0,rc,pct,4000,4000,0.0085,0.0014515293658758682,0.99425,0.0011955059075554617,0.9915,0.00225,0.0035,0.6927483048388124,0.6720999714979037,0.7135740912733192,0.7418017308196188,0.7121696594525353,0.7649794560510069,2.8577338172430893,0.14921775697110193,-0.010301323243419869,,
35,null_conf15,44,0.35,lognormal,0.15,0.1595190802145218,0.0,full,pct,4000,4000,0.07825,0.004246378972136143,0.9345,0.003911833010239573,0.92175,0.027,0.0385,1.075513669090332,1.0373241997587628,1.1104751320140929,1.0977625131712159,1.0682525149799504,1.136784074475743,1.9642843138974189,0.1442340674617014,-0.015285012752820404,44.0,20.887
35,null_conf15,44,0.35,lognormal,0.15,0.1595190802145218,0.0,full,bca,4000,4000,0.07975,0.004283396359782737,0.92675,0.0041196006329497535,0.92025,0.03675,0.0365,1.085017474371672,1.060978144298455,1.123825953405289,1.1227655197801536,1.0866438454084315,1.173668452464777,1.9524846615639972,0.1442340674617014,-0.015285012752820404,44.0,20.887
35,null_conf15,44,0.35,lognormal,0.15,0.1595190802145218,0.0,full,cr0,4000,4000,0.09375,0.004608712876172695,0.92325,0.004208902395518337,0.90625,0.03925,0.0375,1.1279147443215858,1.0892827751221656,1.1681510882255346,1.1751934381671478,1.1481688750719727,1.2098319901070085,1.8240381201096758,0.1442340674617014,-0.015285012752820404,44.0,20.887
35,null_conf15,44,0.35,lognormal,0.15,0.1595190802145218,0.0,full,cr1t,4000,4000,0.0825,0.004350107757286019,0.9335,0.003939471728544324,0.9175,0.03475,0.03175,1.0836589845251663,1.0465428099883831,1.122316583244814,1.1290826139442267,1.1031184080958774,1.162362060116507,1.8985303672610785,0.1442340674617014,-0.015285012752820404,44.0,20.887
35,null_conf15,44,0.35,lognormal,0.15,0.1595190802145218,0.0,full,mdt,4000,4000,0.06575,0.003918766945736886,0.94725,0.0035343824602043273,0.93425,0.02725,0.0255,1.0113549580029162,0.9815924962683432,1.0537849224098128,1.05914518133982,1.029995082624065,1.089336133998189,2.0350567970740276,0.1442340674617014,-0.015285012752820404,44.0,20.887
35,null_conf15,44,0.35,lognormal,0.15,0.1595190802145218,0.0,full_mh,pct,4000,4000,0.073,0.004113119254288648,0.929,0.004060757318530619,0.927,0.03025,0.04075,1.083490009534127,1.0527976012234317,1.1286830403755204,1.1122302437914737,1.0801864590056398,1.1505398584122069,2.0675688805609034,0.13070323095527348,-0.028815849259248322,44.0,20.887
35,null_conf15,44,0.35,lognormal,0.15,0.1595190802145218,0.0,sub,pct,4000,4000,0.07625,0.004196306039244516,0.93175,0.003987227655276283,0.92375,0.03275,0.0355,1.0770255284038075,1.0416359214002437,1.1140068513519044,1.1107842356787363,1.0797026279896307,1.1414449912504347,2.4899635433706515,0.14983946719152907,-0.009679613022992722,33.6545,20.887
35,null_conf15,44,0.35,lognormal,0.15,0.1595190802145218,0.0,sub,bca,4000,4000,0.073,0.004113119254288648,0.9345,0.003911833010239573,0.927,0.0325,0.033,1.0570284056656878,1.0323069285756021,1.0940162310809425,1.0934288878188638,1.0667229851375442,1.139138292637289,2.4843498045859396,0.14983946719152907,-0.009679613022992722,33.6545,20.887
35,null_conf15,44,0.35,lognormal,0.15,0.1595190802145218,0.0,sub,cr0,4000,4000,0.083,0.004362080925429972,0.927,0.004113119254288647,0.917,0.03575,0.03725,1.0921505235341247,1.058859283280926,1.1343556500178096,1.131562804845097,1.0924580531089805,1.1616379848705574,2.3543383618787206,0.14983946719152905,-0.00967961302299275,33.6545,20.887
35,null_conf15,44,0.35,lognormal,0.15,0.1595190802145218,0.0,sub,cr1t,4000,4000,0.06775,0.003973661331190669,0.9425,0.0036808202210920327,0.93225,0.02875,0.02875,1.034807074980991,1.0071413253739099,1.0757983106836904,1.0702021252046243,1.0400292206447292,1.1016412597599907,2.4848598186485042,0.14983946719152905,-0.00967961302299275,33.6545,20.887
35,null_conf15,44,0.35,lognormal,0.15,0.1595190802145218,0.0,sub,mdt,4000,4000,0.048,0.0033799408278844174,0.95625,0.0032340353082488124,0.952,0.021,0.02275,0.9592764632536941,0.9280708679768733,1.00271168327311,0.9953363909089346,0.9671602414399857,1.019287650477723,2.721879518152498,0.14983946719152905,-0.00967961302299275,33.6545,20.887
35,null_conf15,44,0.35,lognormal,0.15,0.1595190802145218,0.0,rc,pct,4000,4000,0.00875,0.0014725350165615758,0.994,0.0012210651088291734,0.99125,0.004,0.002,0.6927542896634068,0.674582002577525,0.730789399071741,0.7376016285732351,0.7174075976743983,0.755363190340243,2.9336601454000704,0.14495606728761046,-0.01456301292691134,,
36,null_conf15,164,0.15,nb,0.15,0.1683446642666858,0.0,full,pct,3000,3000,0.07666666666666666,0.004857601907968199,0.9436666666666667,0.004209508636760705,0.9233333333333333,0.025333333333333333,0.031,1.0285741505436545,0.9908413201666363,1.0553504104938705,1.0976319344431236,1.0656424980401278,1.1675533153383566,1.2561810724353726,0.16543359017139464,-0.0029110740952911496,164.0,34.32966666666667
36,null_conf15,164,0.15,nb,0.15,0.1683446642666858,0.0,full,bca,3000,3000,0.08866666666666667,0.0051898904577036085,0.945,0.004162331077653484,0.9113333333333333,0.03166666666666667,0.023333333333333334,1.0161022657441634,0.9837693275436454,1.0536111758543774,1.1502497567100847,1.1064870521895844,1.223883194402615,1.2497617232809797,0.16543359017139464,-0.0029110740952911496,164.0,34.32966666666667
36,null_conf15,164,0.15,nb,0.15,0.1683446642666858,0.0,full,cr0,3000,3000,0.09666666666666666,0.005395128117793627,0.9443333333333334,0.004186004016915132,0.9033333333333333,0.035,0.020666666666666667,1.017595597824981,0.9919045522483142,1.0611615366456217,1.1800073882379827,1.1383471889856154,1.2199880174484925,1.2287886197950508,0.16543359017139464,-0.0029110740952911496,164.0,34.32966666666667
36,null_conf15,164,0.15,nb,0.15,0.1683446642666858,0.0,full,cr1t,3000,3000,0.09333333333333334,0.005311064620902989,0.9466666666666667,0.00410239315883176,0.9066666666666666,0.034,0.019333333333333334,1.0069563406486015,0.9815339024063258,1.0500667849405372,1.167670068677711,1.1264454388940137,1.207232688811577,1.2417717031857245,0.16543359017139464,-0.0029110740952911496,164.0,34.32966666666667
36,null_conf15,164,0.15,nb,0.15,0.1683446642666858,0.0,full,mdt,3000,3000,0.08833333333333333,0.005181073104919338,0.9516666666666667,0.003915661809631599,0.9116666666666666,0.031,0.017333333333333333,0.9891941219648476,0.9682801968506994,1.0325901231681922,1.1424847624347039,1.1049185587265373,1.1896922250887154,1.2640983381897828,0.16543359017139464,-0.0029110740952911496,164.0,34.32966666666667
36,null_conf15,164,0.15,nb,0.15,0.1683446642666858,0.0,full_mh,pct,3000,3000,0.07366666666666667,0.004769342683182833,0.949,0.004016590594023744,0.9263333333333333,0.020666666666666667,0.030333333333333334,1.0082573670077188,0.9811273383212638,1.0507731675764376,1.1095886528226022,1.0762517967212555,1.1489840608667488,1.2932823362813612,0.15023849603683362,-0.01810616822985217,164.0,34.32966666666667
36,null_conf15,164,0.15,nb,0.15,0.1683446642666858,0.0,sub,pct,3000,3000,0.06966666666666667,0.0046480541528049575,0.9483333333333334,0.004041337329079002,0.9303333333333333,0.023666666666666666,0.028,1.0093362691132477,0.9720836169237789,1.0490252196675482,1.0873231399279284,1.0548533089634986,1.1310143732783395,1.6243197084997476,0.161282153869097,-0.007062510397588789,135.61433333333332,34.32966666666667
36,null_conf15,164,0.15,nb,0.15,0.1683446642666858,0.0,sub,bca,3000,3000,0.06566666666666666,0.004522335515916363,0.952,0.003902819493648151,0.9343333333333333,0.023333333333333334,0.024666666666666667,0.9888608653489337,0.959077260557717,1.0338318922975007,1.0712902398063477,1.0375949168714578,1.1106647412488964,1.6243898205379355,0.161282153869097,-0.007062510397588789,135.61433333333332,34.32966666666667
36,null_conf15,164,0.15,nb,0.15,0.1683446642666858,0.0,sub,cr0,3000,3000,0.06633333333333333,0.004543611713979024,0.9516666666666667,0.003915661809631599,0.9336666666666666,0.023333333333333334,0.025,0.9934793902575778,0.9637493766657182,1.0249979668017934,1.0784160076605644,1.0376956763104763,1.1090226550501332,1.5980995016634831,0.16128215386909703,-0.0070625103975887615,135.61433333333332,34.32966666666667
36,null_conf15,164,0.15,nb,0.15,0.1683446642666858,0.0,sub,cr1t,3000,3000,0.06433333333333334,0.0044793807442381865,0.9533333333333334,0.003850925814609991,0.9356666666666666,0.022333333333333334,0.024333333333333332,0.9811056908006599,0.9514102812706374,1.0126161746715385,1.0643372950833512,1.024235587062139,1.0943419564223542,1.6186446552038136,0.16128215386909703,-0.0070625103975887615,135.61433333333332,34.32966666666667
36,null_conf15,164,0.15,nb,0.15,0.1683446642666858,0.0,sub,mdt,3000,3000,0.057,0.004232847741178509,0.9606666666666667,0.003549000902705916,0.943,0.02,0.019333333333333334,0.9573181797161787,0.9244703346940688,0.9888321359200425,1.0364235341462207,0.9950174029045165,1.0667616849373498,1.6682052201061333,0.16128215386909703,-0.0070625103975887615,135.61433333333332,34.32966666666667
36,null_conf15,164,0.15,nb,0.15,0.1683446642666858,0.0,rc,pct,3000,3000,0.012,0.0019879637823662683,0.996,0.0011523888232710352,0.988,0.0023333333333333335,0.0016666666666666668,0.6774677867036458,0.6581923071736286,0.7052657350488157,0.7629406456355229,0.7434692341223799,0.7941733565551996,1.9066741769968012,0.16521828958465176,-0.0031263746820340277,,
37,null_conf15,164,0.15,lognormal,0.15,0.1683446642666858,0.0,full,pct,3000,3000,0.08333333333333333,0.0050460839234958196,0.9386666666666666,0.004380698405336588,0.9166666666666666,0.027,0.034333333333333334,1.0521959149055922,1.0147584003538714,1.1061300941507999,1.1489376685525534,1.1084748155385906,1.187873654356644,1.287748531672183,0.1660973398971854,-0.0022473243695003975,164.0,33.985
37,null_conf15,164,0.15,lognormal,0.15,0.1683446642666858,0.0,full,bca,3000,3000,0.101,0.005501484648104849,0.9376666666666666,0.004413913187822075,0.899,0.03266666666666666,0.029666666666666668,1.0646740065315345,1.0159807091682955,1.1052058699939862,1.1980307047102015,1.1619515210730693,1.2400383421430266,1.280678733269883,0.1660973398971854,-0.0022473243695003975,164.0,33.985
37,null_conf15,164,0.15,lognormal,0.15,0.1683446642666858,0.0,full,cr0,3000,3000,0.10833333333333334,0.00567442279655597,0.9376666666666666,0.004413913187822075,0.8916666666666667,0.035,0.027333333333333334,1.0766531367963657,1.024861349309889,1.1108047819370699,1.2232644185425239,1.1795040391515548,1.283221145866735,1.2531967869221823,0.1660973398971854,-0.0022473243695003975,164.0,33.985
37,null_conf15,164,0.15,lognormal,0.15,0.1683446642666858,0.0,full,cr1t,3000,3000,0.10533333333333333,0.005604707016494327,0.939,0.004369553752959221,0.8946666666666667,0.033666666666666664,0.027333333333333334,1.0653964159176423,1.0141461265939637,1.0991909957011219,1.210474834181697,1.1671719822520017,1.2698046965284853,1.2664377611039328,0.1660973398971854,-0.0022473243695003975,164.0,33.985
37,null_conf15,164,0.15,lognormal,0.15,0.1683446642666858,0.0,full,mdt,3000,3000,0.097,0.005403424839858514,0.9443333333333334,0.004186004016915132,0.903,0.030666666666666665,0.025,1.0242366764933388,0.9877065550140952,1.0656862243389158,1.175666636539283,1.1328554025471291,1.224367222617823,1.3056304695365835,0.1660973398971854,-0.0022473243695003975,164.0,33.985
37,null_conf15,164,0.15,lognormal,0.15,0.1683446642666858,0.0,full_mh,pct,3000,3000,0.082,0.005009191551538033,0.9413333333333334,0.004290489050947023,0.918,0.024,0.034666666666666665,1.0401149129721683,1.004643439541514,1.0867317185192877,1.126719091366172,1.0867946425066777,1.161854522774532,1.3291320545163585,0.15206012099396107,-0.016284543272724716,164.0,33.985
37,null_conf15,164,0.15,lognormal,0.15,0.1683446642666858,0.0,sub,pct,3000,3000,0.07766666666666666,0.004886530997055599,0.946,0.004126499727371858,0.9223333333333333,0.026,0.028,1.0099394717338794,0.9779194534221396,1.053541784751263,1.1238987068843969,1.0756481751809708,1.1556419128598587,1.6577795745538468,0.1697066025331418,0.0013619382664560031,125.859,33.985
37,null_conf15,164,0.15,lognormal,0.15,0.1683446642666858,0.0,sub,bca,3000,3000,0.07633333333333334,0.004847905236819836,0.9513333333333334,0.003928452715859098,0.9236666666666666,0.023,0.025666666666666667,0.9924141637009197,0.9651222893065178,1.0315954216798442,1.099025476681935,1.0720622821745107,1.1347377214981311,1.657653504400329,0.1697066025331418,0.0013619382664560031,125.859,33.985
37,null_conf15,164,0.15,lognormal,0.15,0.1683446642666858,0.0,sub,cr0,3000,3000,0.07766666666666666,0.004886530997055599,0.9473333333333334,0.004078107767453302,0.9223333333333333,0.025666666666666667,0.027,1.0075868993596815,0.9707876990098045,1.0459091538378658,1.1077237127672728,1.078280680227513,1.1441601577565506,1.6220076901672733,0.16970660253314182,0.0013619382664560309,125.859,33.985
37,null_conf15,164,0.15,lognormal,0.15,0.1683446642666858,0.0,sub,cr1t,3000,3000,0.07566666666666666,0.004828430463488186,0.952,0.003902819493648151,0.9243333333333333,0.022333333333333334,0.025666666666666667,0.9928739761131075,0.9573528074982451,1.0312091417491778,1.0918121518051644,1.0634779486472417,1.1283259361167555,1.644551669444827,0.16970660253314182,0.0013619382664560309,125.859,33.985
37,null_conf15,164,0.15,lognormal,0.15,0.1683446642666858,0.0,sub,mdt,3000,3000,0.061,0.00436955375295922,0.9586666666666667,0.003634321985776205,0.939,0.018,0.023333333333333334,0.9570939775408335,0.9108223087590481,0.9968829779347556,1.0450051375273417,1.0118983382563942,1.08235290215767,1.7183145344989461,0.16970660253314182,0.0013619382664560309,125.859,33.985
37,null_conf15,164,0.15,lognormal,0.15,0.1683446642666858,0.0,rc,pct,3000,3000,0.012,0.0019879637823662683,0.9946666666666667,0.0013297730243527598,0.988,0.0033333333333333335,0.002,0.6873135608101743,0.6670941413314426,0.7082840237261578,0.7841605878885352,0.7560272330187269,0.8099925822560657,1.9470107254360955,0.16554739300476023,-0.0027972712619255546,,
38,null_conf15,164,0.35,nb,0.15,0.1595190802145218,0.0,full,pct,3000,3000,0.10766666666666666,0.005659050437295276,0.945,0.004162331077653484,0.8923333333333333,0.026333333333333334,0.028666666666666667,1.0237500980343313,0.9879369049400958,1.0644700976666055,1.1940192570667865,1.1595334168831037,1.2367317516910958,0.9713287025359494,0.16111977908475614,0.0016006988702343405,164.0,77.83766666666666
38,null_conf15,164,0.35,nb,0.15,0.1595190802145218,0.0,full,bca,3000,3000,0.115,0.005824517147369385,0.9463333333333334,0.004114468598962914,0.885,0.028333333333333332,0.025333333333333333,1.0208182622116717,0.9808597490573701,1.072024972938434,1.222595582230821,1.180385093198728,1.2622125922757987,0.9717540649147459,0.16111977908475614,0.0016006988702343405,164.0,77.83766666666666
38,null_conf15,164,0.35,nb,0.15,0.1595190802145218,0.0,full,cr0,3000,3000,0.115,0.005824517147369385,0.9456666666666667,0.004138486930518699,0.885,0.029666666666666668,0.024666666666666667,1.0188331694646724,0.9814225564701339,1.0790300990161596,1.2248906251097702,1.1836897466066754,1.2700570103595612,0.9619945451784921,0.1611197790847562,0.001600698870234396,164.0,77.83766666666666
38,null_conf15,164,0.35,nb,0.15,0.1595190802145218,0.0,full,cr1t,3000,3000,0.11233333333333333,0.005765256731940494,0.949,0.004016590594023744,0.8876666666666667,0.027333333333333334,0.023666666666666666,1.0081809731177842,0.9711614989347985,1.0677485263078805,1.2120840382875253,1.1713139269214197,1.2567781958769109,0.9721587468973433,0.1611197790847562,0.001600698870234396,164.0,77.83766666666666
38,null_conf15,164,0.35,nb,0.15,0.1595190802145218,0.0,full,mdt,3000,3000,0.10866666666666666,0.005682083603228139,0.9503333333333334,0.003966521939469929,0.8913333333333333,0.027,0.02266666666666667,0.9962410985870389,0.9594136112462315,1.057909238050675,1.196967380608294,1.157711693917312,1.2415939944820487,0.9840406681167392,0.1611197790847562,0.001600698870234396,164.0,77.83766666666666
38,null_conf15,164,0.35,nb,0.15,0.1595190802145218,0.0,full_mh,pct,3000,3000,0.10466666666666667,0.005589023634337682,0.947,0.004090273014522789,0.8953333333333333,0.025666666666666667,0.027333333333333334,1.033329666216581,0.9711282036476093,1.067866184055571,1.1889816414171805,1.1409316607935547,1.2320764533898014,0.9924771826250344,0.15782426625027304,-0.0016948139642487536,164.0,77.83766666666666
38,null_conf15,164,0.35,nb,0.15,0.1595190802145218,0.0,sub,pct,3000,3000,0.10166666666666667,0.00551756454593134,0.9426666666666667,0.004244456079099819,0.8983333333333333,0.03133333333333333,0.026,1.0400426868884785,0.9969071635717689,1.0738179566400925,1.1620331810901625,1.1221406024106622,1.2151029616874502,1.2295450836482642,0.16564051612496117,0.006121435910439371,135.55333333333334,77.83766666666666
38,null_conf15,164,0.35,nb,0.15,0.1595190802145218,0.0,sub,bca,3000,3000,0.098,0.0054281979821422625,0.9446666666666667,0.004174188765718658,0.902,0.03166666666666667,0.023666666666666666,1.0238287307928255,0.9944173040098853,1.064787614107136,1.1662459645318444,1.1344642616641647,1.2300822935282916,1.2301921330280663,0.16564051612496117,0.006121435910439371,135.55333333333334,77.83766666666666
38,null_conf15,164,0.35,nb,0.15,0.1595190802145218,0.0,sub,cr0,3000,3000,0.09766666666666667,0.00541995968278021,0.9403333333333334,0.004324602315263818,0.9023333333333333,0.032,0.027666666666666666,1.0301451450592873,1.0040672831341106,1.0635520121210555,1.156539733607251,1.122069530892374,1.2065732017079258,1.222246385465784,0.16564051612496117,0.006121435910439371,135.55333333333334,77.83766666666666
38,null_conf15,164,0.35,nb,0.15,0.1595190802145218,0.0,sub,cr1t,3000,3000,0.09266666666666666,0.0052940077935830915,0.9446666666666667,0.004174188765718658,0.9073333333333333,0.030666666666666665,0.024666666666666667,1.0166935674427338,0.9907977812670364,1.048560504444335,1.14193413513922,1.1075971866567822,1.191125179434199,1.2379678992178411,0.16564051612496117,0.006121435910439371,135.55333333333334,77.83766666666666
38,null_conf15,164,0.35,nb,0.15,0.1595190802145218,0.0,sub,mdt,3000,3000,0.08633333333333333,0.005127698928008186,0.95,0.003979112128771109,0.9136666666666666,0.027666666666666666,0.022333333333333334,0.9996830811702477,0.9734902068433544,1.0363140040386816,1.125058694194913,1.0910680860937327,1.169641569810489,1.2606994760010235,0.16564051612496117,0.006121435910439371,135.55333333333334,77.83766666666666
38,null_conf15,164,0.35,nb,0.15,0.1595190802145218,0.0,rc,pct,3000,3000,0.017333333333333333,0.0023827777130126155,0.9923333333333333,0.001592470710237076,0.9826666666666667,0.0036666666666666666,0.004,0.7014922842905754,0.6762365422647734,0.7287746839080709,0.8229431022191374,0.79724074255659,0.8621163143281866,1.4343308561526795,0.162773289170374,0.0032542089558522114,,
39,null_conf15,164,0.35,lognormal,0.15,0.1595190802145218,0.0,full,pct,3000,3000,0.09666666666666666,0.005395128117793627,0.954,0.003824656847352454,0.9033333333333333,0.023333333333333334,0.02266666666666667,0.979368905070704,0.9528838203600458,1.0212010324009129,1.1672503897963589,1.130230250296073,1.1944042859228665,1.0068642539533035,0.15676995044386438,-0.002749129770657416,164.0,78.048
39,null_conf15,164,0.35,lognormal,0.15,0.1595190802145218,0.0,full,bca,3000,3000,0.10766666666666666,0.005659050437295276,0.9496666666666667,0.003991653328671755,0.8923333333333333,0.028333333333333332,0.022,1.0001929917039962,0.9633814940813187,1.0454877459152663,1.2142210847838164,1.1768770351367135,1.2430806892217978,1.008017058055213,0.15676995044386438,-0.002749129770657416,164.0,78.048
39,null_conf15,164,0.35,lognormal,0.15,0.1595190802145218,0.0,full,cr0,3000,3000,0.10833333333333334,0.00567442279655597,0.95,0.003979112128771109,0.8916666666666667,0.027333333333333334,0.02266666666666667,0.9971627733084345,0.9682648450857371,1.0378533321178192,1.1975898296586442,1.1653109612818422,1.244394556672139,0.9946537412464763,0.15676995044386438,-0.002749129770657416,164.0,78.048
39,null_conf15,164,0.35,lognormal,0.15,0.1595190802145218,0.0,full,cr1t,3000,3000,0.10533333333333333,0.005604707016494327,0.9523333333333334,0.0038899252587316522,0.8946666666666667,0.025666666666666667,0.022,0.98673714723987,0.9581413552399342,1.027002274452706,1.1850686805727115,1.153127297128782,1.2313840505873834,1.0051630121327924,0.15676995044386438,-0.002749129770657416,164.0,78.048
39,null_conf15,164,0.35,lognormal,0.15,0.1595190802145218,0.0,full,mdt,3000,3000,0.09833333333333333,0.005436416984524791,0.9576666666666667,0.003676104016583418,0.9016666666666666,0.022333333333333334,0.02,0.9634766893475536,0.9335818935695352,1.0013315176620352,1.1543706264346618,1.1276911708224646,1.1983108051379077,1.0312036342743667,0.15676995044386438,-0.002749129770657416,164.0,78.048
39,null_conf15,164,0.35,lognormal,0.15,0.1595190802145218,0.0,full_mh,pct,3000,3000,0.09133333333333334,0.005259643700085762,0.9506666666666667,0.003953882292783283,0.9086666666666666,0.02266666666666667,0.02666666666666667,0.9965263279330872,0.9686999849974886,1.034527252105095,1.1621713262636664,1.1234252616899978,1.2016748655040699,1.0273704708068936,0.15487811829727172,-0.0046409619172500804,164.0,78.048
39,null_conf15,164,0.35,lognormal,0.15,0.1595190802145218,0.0,sub,pct,3000,3000,0.074,0.004779260751762069,0.9533333333333334,0.003850925814609991,0.926,0.023333333333333334,0.023333333333333334,0.9848958667828203,0.9557226470294533,1.019252630465596,1.0985851991236273,1.0569427712402186,1.141003404167585,1.2569924567973234,0.15028131036955528,-0.00923776984496652,125.964,78.048
39,null_conf15,164,0.35,lognormal,0.15,0.1595190802145218,0.0,sub,bca,3000,3000,0.07766666666666666,0.004886530997055599,0.9503333333333334,0.003966521939469929,0.9223333333333333,0.024666666666666667,0.025,0.9971479337242564,0.9610950893677094,1.024301054573329,1.1161503820830758,1.0804226347922103,1.1605146976039893,1.2580233727434038,0.15028131036955528,-0.00923776984496652,125.964,78.048
39,null_conf15,164,0.35,lognormal,0.15,0.1595190802145218,0.0,sub,cr0,3000,3000,0.076,0.00483818147654674,0.951,0.00394119271287259,0.924,0.024333333333333332,0.024666666666666667,0.9974305786264208,0.978092439501446,1.0278800174257252,1.1227558271390372,1.0684049432550853,1.1688113529221436,1.2456843539072864,0.15028131036955528,-0.00923776984496652,125.964,78.048
39,null_conf15,164,0.35,lognormal,0.15,0.1595190802145218,0.0,sub,cr1t,3000,3000,0.072,0.0047193219852008405,0.9543333333333334,0.0038114398951149767,0.928,0.022333333333333334,0.023333333333333334,0.9835711265831738,0.9644789076844945,1.0146205884151216,1.1068224891009153,1.054303693903773,1.1531440905397754,1.2629773536455817,0.15028131036955528,-0.00923776984496652,125.964,78.048
39,null_conf15,164,0.35,lognormal,0.15,0.1595190802145218,0.0,sub,mdt,3000,3000,0.06466666666666666,0.00449017033414431,0.9603333333333334,0.003563388940424653,0.9353333333333333,0.018666666666666668,0.021,0.9579183237617735,0.9264188377111955,0.9839245316895651,1.0755573832114698,1.0256779252275166,1.116129284571532,1.3047102479711883,0.15028131036955528,-0.00923776984496652,125.964,78.048
39,null_conf15,164,0.35,lognormal,0.15,0.1595190802145218,0.0,rc,pct,3000,3000,0.011333333333333334,0.0019326052268797585,0.9943333333333333,0.0013704689654221284,0.9886666666666667,0.0026666666666666666,0.003,0.6884525704545843,0.6683847856646641,0.7105484360780858,0.8129368164239911,0.7980134810006108,0.8390249221318351,1.4608723282479716,0.1551361804849952,-0.0043828997295266015,,
40,null_conf15,776,0.15,nb,0.15,0.1683446642666858,0.0,full,pct,1000,1000,0.216,0.013013224043256921,0.942,0.007391616873188169,0.784,0.031,0.027,1.020331541545797,0.9759970937931247,1.1105240291856855,1.4529607553978823,1.3718092006786118,1.5258033857482356,0.5749411667748688,0.17497173469507038,0.0066270704283845905,776.0,162.222
40,null_conf15,776,0.15,nb,0.15,0.1683446642666858,0.0,full,bca,1000,1000,0.237,0.013447341744746431,0.935,0.0077958322198467015,0.763,0.039,0.026,1.0582490156787816,1.0049452943570447,1.1057618991328655,1.5091937716454484,1.421895741843568,1.6146478060008311,0.5744819282796847,0.17497173469507038,0.0066270704283845905,776.0,162.222
40,null_conf15,776,0.15,nb,0.15,0.1683446642666858,0.0,full,cr0,1000,1000,0.242,0.013543854695026818,0.938,0.00762600813007697,0.758,0.035,0.027,1.0431624896009473,0.977622744353524,1.1140049533151606,1.5052247177893698,1.4181432388103798,1.5698542219794516,0.5735862863052655,0.17497173469507038,0.0066270704283845905,776.0,162.222
40,null_conf15,776,0.15,nb,0.15,0.1683446642666858,0.0,full,cr1t,1000,1000,0.24,0.013505554412907307,0.94,0.007509993342207438,0.76,0.034,0.026,1.0408620559493538,0.9754668421982097,1.1115482943495687,1.501905321598909,1.4150158790156586,1.5663923016014294,0.57485398281468,0.17497173469507038,0.0066270704283845905,776.0,162.222
40,null_conf15,776,0.15,nb,0.15,0.1683446642666858,0.0,full,mdt,1000,1000,0.24,0.013505554412907307,0.94,0.007509993342207438,0.76,0.034,0.026,1.0360615917831577,0.9723540711570561,1.107046114956329,1.4915363243552389,1.4097012827547024,1.5594248738715004,0.577199179101242,0.17497173469507038,0.0066270704283845905,776.0,162.222
40,null_conf15,776,0.15,nb,0.15,0.1683446642666858,0.0,full_mh,pct,1000,1000,0.209,0.012857643641040918,0.943,0.007331507348424336,0.791,0.029,0.028,1.0224970026100626,0.9719004162774638,1.0676321595776481,1.429619126329798,1.3464822292456393,1.5008718880987884,0.58592146480207,0.1718545590716488,0.0035098948049629985,776.0,162.222
40,null_conf15,776,0.15,nb,0.15,0.1683446642666858,0.0,sub,pct,1000,1000,0.171,0.011906258858264422,0.946,0.0071473071852271785,0.829,0.027,0.027,1.009789787452688,0.959865436317192,1.0727757030712708,1.3081252421154286,1.2424180172463937,1.3848323985704178,0.7385651708985326,0.1745055195647974,0.006160855298111612,641.573,162.222
40,null_conf15,776,0.15,nb,0.15,0.1683446642666858,0.0,sub,bca,1000,1000,0.169,0.011850696182081457,0.946,0.0071473071852271785,0.831,0.026,0.028,1.0029704257478615,0.9456593146979871,1.046102629103534,1.311147902034665,1.2422303018449279,1.3905669043311135,0.7386407397479041,0.1745055195647974,0.006160855298111612,641.573,162.222
40,null_conf15,776,0.15,nb,0.15,0.1683446642666858,0.0,sub,cr0,1000,1000,0.163,0.011680368144883106,0.948,0.007021111023192843,0.837,0.025,0.027,1.0083557186117715,0.9386731770875559,1.062320416065727,1.3248288541111233,1.243885670012948,1.3817684957250413,0.7365473406013862,0.1745055195647974,0.006160855298111612,641.573,162.222
40,null_conf15,776,0.15,nb,0.15,0.1683446642666858,0.0,sub,cr1t,1000,1000,0.162,0.011651437679531225,0.949,0.006956938982052382,0.838,0.025,0.026,1.0057447874860617,0.936190183506159,1.0594481583334825,1.321359779462198,1.240548877835,1.378119063325995,0.738518829719912,0.1745055195647974,0.006160855298111612,641.573,162.222
40,null_conf15,776,0.15,nb,0.15,0.1683446642666858,0.0,sub,mdt,1000,1000,0.157,0.01150439046625244,0.95,0.006892024376045114,0.843,0.025,0.025,0.9992464785834764,0.9290168309078627,1.0528712748276767,1.312336620084356,1.2337334322741818,1.367178344334422,0.7434328723795864,0.1745055195647974,0.006160855298111612,641.573,162.222
40,null_conf15,776,0.15,nb,0.15,0.1683446642666858,0.0,rc,pct,1000,1000,0.051,0.00695693898205238,0.994,0.002442130217658347,0.949,0.002,0.004,0.7161501773971827,0.6701832674321174,0.7542620474342951,1.0044217860944942,0.9309651076292275,1.0444574440782526,0.8640137388621207,0.17467537722299886,0.006330712956313073,,
41,null_conf15,776,0.15,lognormal,0.15,0.1683446642666858,0.0,full,pct,1000,1000,0.171,0.011906258858264422,0.957,0.006414904519944161,0.829,0.017,0.026,0.9583886876774341,0.8941230728930986,1.0318177150568535,1.3533862471625593,1.3187551610419823,1.3946787673334538,0.5959393257806369,0.16875387540102832,0.00040921113434252976,776.0,161.183
41,null_conf15,776,0.15,lognormal,0.15,0.1683446642666858,0.0,full,bca,1000,1000,0.188,0.012355403676124872,0.957,0.006414904519944161,0.812,0.02,0.023,0.9827647748429127,0.9184867934743645,1.0394137655274107,1.4062106548370308,1.3635537161397238,1.4796544025266942,0.5961135293527868,0.16875387540102832,0.00040921113434252976,776.0,161.183
41,null_conf15,776,0.15,lognormal,0.15,0.1683446642666858,0.0,full,cr0,1000,1000,0.184,0.012253326079069307,0.959,0.006270486424512857,0.816,0.019,0.022,0.9687890321549235,0.9101870065428507,1.0548810200172118,1.4001169366348654,1.3357225532998318,1.4632395826986522,0.5945543901973251,0.16875387540102835,0.0004092111343425575,776.0,161.183
41,null_conf15,776,0.15,lognormal,0.15,0.1683446642666858,0.0,full,cr1t,1000,1000,0.183,0.012227469075814503,0.96,0.00619677335393187,0.817,0.018,0.022,0.9666526105398058,0.9081798170206364,1.052554744081233,1.3970293293356109,1.3327769516879693,1.4600127742101006,0.5958684288051258,0.16875387540102835,0.0004092111343425575,776.0,161.183
41,null_conf15,776,0.15,lognormal,0.15,0.1683446642666858,0.0,full,mdt,1000,1000,0.179,0.01212266472356635,0.961,0.006122009474020767,0.821,0.017,0.022,0.957221573835646,0.8995858309247938,1.0464289833317062,1.3849044422197023,1.3219481817068186,1.4445087890315094,0.6009356785800641,0.16875387540102835,0.0004092111343425575,776.0,161.183
41,null_conf15,776,0.15,lognormal,0.15,0.1683446642666858,0.0,full_mh,pct,1000,1000,0.16,0.01159310139695155,0.954,0.006624499981130654,0.84,0.016,0.03,0.9856160435598221,0.8990108331316742,1.056368646341922,1.3203427070304414,1.2732541065299197,1.4086723859725339,0.6062474689407782,0.16589903898375372,-0.0024456252829320735,776.0,161.183
41,null_conf15,776,0.15,lognormal,0.15,0.1683446642666858,0.0,sub,pct,1000,1000,0.137,0.010873407929439602,0.955,0.00655553201502365,0.863,0.018,0.027,0.9785325132340219,0.9071378694838782,1.0231902037737808,1.203513019740944,1.1614961363433944,1.282306208153866,0.7566366945346101,0.16658050400830968,-0.001764160258376113,595.548,161.183
41,null_conf15,776,0.15,lognormal,0.15,0.1683446642666858,0.0,sub,bca,1000,1000,0.142,0.011037934589405754,0.957,0.006414904519944161,0.858,0.018,0.025,0.982636635910546,0.9124307244019889,1.0349301474492203,1.2180256349973126,1.1754137032888015,1.2907887362435553,0.7573935279481955,0.16658050400830968,-0.001764160258376113,595.548,161.183
41,null_conf15,776,0.15,lognormal,0.15,0.1683446642666858,0.0,sub,cr0,1000,1000,0.14,0.010972693379476163,0.96,0.00619677335393187,0.86,0.013,0.027,0.967893318860403,0.9065727069386179,1.0056662460952537,1.2149635670827494,1.1588083352092189,1.2774171795936544,0.7556635777842551,0.16658050400830968,-0.001764160258376113,595.548,161.183
41,null_conf15,776,0.15,lognormal,0.15,0.1683446642666858,0.0,sub,cr1t,1000,1000,0.14,0.010972693379476163,0.962,0.006046155803483734,0.86,0.013,0.025,0.9650948590368397,0.9040538626424541,1.0027879144557936,1.211516681394393,1.1555355072544566,1.2738447586727448,0.757843849075874,0.16658050400830968,-0.001764160258376113,595.548,161.183
41,null_conf15,776,0.15,lognormal,0.15,0.1683446642666858,0.0,sub,mdt,1000,1000,0.136,0.010839926199010766,0.966,0.005730968504537434,0.864,0.012,0.022,0.9579659850186077,0.8943003276101141,0.9964352383323409,1.1986258272273127,1.1420091008458844,1.259777888025475,0.7667708571945575,0.16658050400830968,-0.001764160258376113,595.548,161.183
41,null_conf15,776,0.15,lognormal,0.15,0.1683446642666858,0.0,rc,pct,1000,1000,0.028,0.005216895628628198,0.996,0.0019959959919799443,0.972,0.002,0.002,0.647202058280107,0.605079121437673,0.7020370827888018,0.9380205078688586,0.9139977103047044,0.9811638788175311,0.8802453462300989,0.16790845092939816,-0.0004362133372876331,,
42,null_conf15,776,0.35,nb,0.15,0.1595190802145218,0.0,full,pct,1000,1000,0.289,0.0143345387090063,0.938,0.00762600813007697,0.711,0.028,0.034,1.0567042721909463,0.9884471936656785,1.1122744136055587,1.545557397573427,1.4900651065087227,1.6433960573827058,0.4495197634475752,0.1589530836146999,-0.0005659965998218996,776.0,367.31
42,null_conf15,776,0.35,nb,0.15,0.1595190802145218,0.0,full,bca,1000,1000,0.296,0.01443551176785915,0.937,0.007683163410991592,0.704,0.031,0.032,1.0513658070435434,0.9938419088843785,1.121014987419495,1.5791466025485652,1.5268398387590152,1.6755310120113722,0.44950212031132825,0.1589530836146999,-0.0005659965998218996,776.0,367.31
42,null_conf15,776,0.35,nb,0.15,0.1595190802145218,0.0,full,cr0,1000,1000,0.298,0.014463609508003178,0.938,0.00762600813007697,0.702,0.031,0.031,1.0483148750411606,0.9787582815093366,1.1173305479651172,1.5434102202486242,1.5146796118390102,1.6555172970093919,0.4488991308863993,0.1589530836146999,-0.0005659965998218996,776.0,367.31
42,null_conf15,776,0.35,nb,0.15,0.1595190802145218,0.0,full,cr1t,1000,1000,0.295,0.01442133835675455,0.938,0.00762600813007697,0.705,0.031,0.031,1.0460030790936923,0.9765998752111757,1.1148665552332895,1.5400066154945546,1.5113393652473315,1.6518664681703568,0.44989125338808866,0.1589530836146999,-0.0005659965998218996,776.0,367.31
42,null_conf15,776,0.35,nb,0.15,0.1595190802145218,0.0,full,mdt,1000,1000,0.293,0.014392741226048637,0.939,0.007568289106528638,0.707,0.03,0.031,1.0433092190971553,0.9729002688178446,1.1122690601114307,1.5356986164095054,1.507139917744786,1.64702242613063,0.4510907237755829,0.1589530836146999,-0.0005659965998218996,776.0,367.31
42,null_conf15,776,0.35,nb,0.15,0.1595190802145218,0.0,full_mh,pct,1000,1000,0.277,0.014151713677148785,0.944,0.007270763371201131,0.723,0.025,0.031,1.0268555381055566,0.9704704580227485,1.1258880028460594,1.5335497233789175,1.4613352034149576,1.605808929007832,0.456466425550644,0.15850662635240662,-0.0010124538621151813,776.0,367.31
42,null_conf15,776,0.35,nb,0.15,0.1595190802145218,0.0,sub,pct,1000,1000,0.204,0.01274299807737567,0.952,0.006759881655768837,0.796,0.028,0.02,0.9924486504107602,0.9366024380795595,1.0680273073257194,1.432446896477212,1.3515831970245131,1.5063394082394732,0.5658118324120556,0.16143590072960795,0.001916820515086154,641.362,367.31
42,null_conf15,776,0.35,nb,0.15,0.1595190802145218,0.0,sub,bca,1000,1000,0.202,0.012696298673235441,0.95,0.006892024376045114,0.798,0.03,0.02,0.9995111567057879,0.9289606692564321,1.0440390026241801,1.4407915032167395,1.3833953516851751,1.5100724150950806,0.5658826988274277,0.16143590072960795,0.001916820515086154,641.362,367.31
42,null_conf15,776,0.35,nb,0.15,0.1595190802145218,0.0,sub,cr0,1000,1000,0.201,0.012672766075328622,0.95,0.006892024376045114,0.799,0.029,0.021,0.9857799727121103,0.9432201820490204,1.0702432742628463,1.4389637469292236,1.3510696939308358,1.5152704744939323,0.5657467425099415,0.16143590072960795,0.001916820515086154,641.362,367.31
42,null_conf15,776,0.35,nb,0.15,0.1595190802145218,0.0,sub,cr1t,1000,1000,0.201,0.012672766075328622,0.951,0.006826346021115546,0.799,0.028,0.021,0.9830852351915017,0.9406537142057978,1.0673722874252662,1.4350783507526006,1.34754488494898,1.511180015471996,0.567261556118697,0.16143590072960795,0.001916820515086154,641.362,367.31
42,null_conf15,776,0.35,nb,0.15,0.1595190802145218,0.0,sub,mdt,1000,1000,0.197,0.012577400367325514,0.952,0.006759881655768837,0.803,0.028,0.02,0.9800996603325931,0.9370865490012873,1.06279472505413,1.4296519773652843,1.3417289751452426,1.5042299939819086,0.5695090674618805,0.16143590072960795,0.001916820515086154,641.362,367.31
42,null_conf15,776,0.35,nb,0.15,0.1595190802145218,0.0,rc,pct,1000,1000,0.079,0.008529888627643388,0.994,0.002442130217658347,0.921,0.004,0.002,0.7061056748211445,0.679366132451913,0.7506056582927884,1.0756530035408416,1.0301770494723201,1.1280671144749295,0.6579295872817837,0.15850302420193063,-0.0010160560125911655,,
43,null_conf15,776,0.35,lognormal,0.15,0.1595190802145218,0.0,full,pct,1000,1000,0.256,0.013800869537822608,0.943,0.007331507348424336,0.744,0.026,0.031,1.011968729438757,0.9494407251125454,1.100888379183181,1.4975704937235224,1.4485912927755953,1.5684074041826626,0.46845574945995233,0.1534155598549692,-0.006103520359552583,776.0,368.158
43,null_conf15,776,0.35,lognormal,0.15,0.1595190802145218,0.0,full,bca,1000,1000,0.273,0.014087973594523805,0.944,0.007270763371201131,0.727,0.028,0.028,1.03980347108124,0.9622878666984872,1.1255149196706078,1.5240422952513288,1.482677453856505,1.6200615094861617,0.46890272203698125,0.1534155598549692,-0.006103520359552583,776.0,368.158
43,null_conf15,776,0.35,lognormal,0.15,0.1595190802145218,0.0,full,cr0,1000,1000,0.267,0.013989674763910703,0.946,0.0071473071852271785,0.733,0.026,0.028,1.0162166272695878,0.9448858258061488,1.1022256138667013,1.523982561588637,1.435069718764116,1.5870437978364835,0.46840528077524046,0.1534155598549692,-0.006103520359552583,776.0,368.158
43,null_conf15,776,0.35,lognormal,0.15,0.1595190802145218,0.0,full,cr1t,1000,1000,0.266,0.013972973913952606,0.946,0.0071473071852271785,0.734,0.026,0.028,1.0139756159698297,0.9428021167270105,1.0997949312845883,1.5206217996708449,1.4319050318564317,1.5835439701533658,0.4694405142764718,0.1534155598549692,-0.006103520359552583,776.0,368.158
43,null_conf15,776,0.35,lognormal,0.15,0.1595190802145218,0.0,full,mdt,1000,1000,0.264,0.013939296969359681,0.949,0.006956938982052382,0.736,0.024,0.027,1.0073560883535753,0.9373241836738028,1.0957272967737646,1.5120872540895929,1.4209625060583555,1.5693883639185207,0.4722808060790931,0.1534155598549692,-0.006103520359552583,776.0,368.158
43,null_conf15,776,0.35,lognormal,0.15,0.1595190802145218,0.0,full_mh,pct,1000,1000,0.247,0.013637851736985557,0.943,0.007331507348424336,0.753,0.025,0.032,1.017560446895843,0.9690541503111908,1.0852146607494069,1.464527292868466,1.4168116294458202,1.5679583611020376,0.47555059611721423,0.1528231088985468,-0.006695971315974991,776.0,368.158
43,null_conf15,776,0.35,lognormal,0.15,0.1595190802145218,0.0,sub,pct,1000,1000,0.195,0.012528966437819204,0.952,0.006759881655768837,0.805,0.023,0.025,0.9896621382751594,0.9460904485235306,1.0460313058148765,1.38241597922223,1.3152740053056784,1.4531151266640825,0.580269665326948,0.1527262683139463,-0.006792811900575485,596.296,368.158
43,null_conf15,776,0.35,lognormal,0.15,0.1595190802145218,0.0,sub,bca,1000,1000,0.2,0.01264911064067352,0.953,0.00669260786241059,0.8,0.025,0.022,0.9914512203939506,0.9511841931384174,1.0494233929054115,1.3875813969923745,1.3335867594986648,1.4748216536601668,0.5805465488634755,0.1527262683139463,-0.006792811900575485,596.296,368.158
43,null_conf15,776,0.35,lognormal,0.15,0.1595190802145218,0.0,sub,cr0,1000,1000,0.201,0.012672766075328622,0.953,0.00669260786241059,0.799,0.023,0.024,0.9815966020205062,0.9472666647276681,1.041929832417673,1.3801372533672114,1.3178498015468318,1.4604854232316067,0.5806872720180977,0.15272626831394634,-0.006792811900575457,596.296,368.158
43,null_conf15,776,0.35,lognormal,0.15,0.1595190802145218,0.0,sub,cr1t,1000,1000,0.198,0.012601428490452978,0.954,0.006624499981130654,0.802,0.023,0.023,0.9788619142809797,0.9445233447832134,1.0389724545374277,1.376299305890989,1.3139337986205084,1.4564537710608265,0.5823603807594689,0.15272626831394634,-0.006792811900575457,596.296,368.158
43,null_conf15,776,0.35,lognormal,0.15,0.1595190802145218,0.0,sub,mdt,1000,1000,0.191,0.012430567163247218,0.957,0.006414904519944161,0.809,0.022,0.021,0.9732527682926982,0.9383731780725206,1.0319644678914295,1.3684147000930893,1.3067360282045668,1.445473753764365,0.5868093411904428,0.15272626831394634,-0.006792811900575457,596.296,368.158
43,null_conf15,776,0.35,lognormal,0.15,0.1595190802145218,0.0,rc,pct,1000,1000,0.072,0.008174105455644672,0.99,0.003146426544510456,0.928,0.001,0.009,0.7150720951974133,0.6740711114892994,0.7789073231829285,1.0818031191470203,1.0142040080949422,1.1263487567303974,0.6697758992165086,0.15323157807472007,-0.006287502139801726,,
44,null_conf15,1475,0.15,nb,0.15,0.1683446642666858,0.0,full,pct,1000,1000,0.345,0.015032464867745409,0.949,0.006956938982052382,0.655,0.019,0.032,1.002114463583167,0.9427550439635811,1.096895524785539,1.6444937066129703,1.5799641214182305,1.6982695744932519,0.4174718867494357,0.17073029256739997,0.0023856283007141765,1475.0,306.221
44,null_conf15,1475,0.15,nb,0.15,0.1683446642666858,0.0,full,bca,1000,1000,0.361,0.01518812035770062,0.95,0.006892024376045114,0.639,0.021,0.029,0.9970117767817327,0.9559317902326567,1.071457345765555,1.6775285916925975,1.6182476549422304,1.7390313985416574,0.41731816073575956,0.17073029256739997,0.0023856283007141765,1475.0,306.221
44,null_conf15,1475,0.15,nb,0.15,0.1683446642666858,0.0,full,cr0,1000,1000,0.359,0.01516967369457893,0.951,0.006826346021115546,0.641,0.02,0.029,0.9958695863611148,0.944758906117685,1.070367837766055,1.675257756965217,1.6333013710570419,1.732320307379792,0.4170396545619224,0.17073029256739997,0.0023856283007141765,1475.0,306.221
44,null_conf15,1475,0.15,nb,0.15,0.1683446642666858,0.0,full,cr1t,1000,1000,0.357,0.015150940564862632,0.951,0.006826346021115546,0.643,0.02,0.029,0.994714483715797,0.9436630864174055,1.069126325084275,1.6733146364069018,1.6314069154374036,1.730311000341002,0.4175239378573533,0.17073029256739997,0.0023856283007141765,1475.0,306.221
44,null_conf15,1475,0.15,nb,0.15,0.1683446642666858,0.0,full,mdt,1000,1000,0.356,0.015141466243399283,0.952,0.006759881655768837,0.644,0.02,0.028,0.9929502621828458,0.9416607624245698,1.0671982434033467,1.669039660909997,1.628682750686105,1.7256919376668476,0.4184244680004048,0.17073029256739997,0.0023856283007141765,1475.0,306.221
44,null_conf15,1475,0.15,nb,0.15,0.1683446642666858,0.0,full_mh,pct,1000,1000,0.344,0.015022117027902558,0.947,0.007084560677981384,0.656,0.02,0.033,1.0125550329117,0.9417335745161072,1.0950780286582484,1.6319219585043532,1.584174016326276,1.6911874402716585,0.42446244296656216,0.1701185686961707,0.0017739044294849127,1475.0,306.221
44,null_conf15,1475,0.15,nb,0.15,0.1683446642666858,0.0,sub,pct,1000,1000,0.251,0.013711272734505722,0.956,0.006485676526007139,0.749,0.021,0.023,0.9574400923598317,0.9167352601113771,1.0703864043191942,1.4545975265278188,1.3785624418457534,1.5492561661738637,0.5349375832466396,0.17381558530781513,0.00547092104112934,1218.005,306.221
44,null_conf15,1475,0.15,nb,0.15,0.1683446642666858,0.0,sub,bca,1000,1000,0.255,0.013783141876945184,0.956,0.006485676526007139,0.745,0.021,0.023,0.9588646205570567,0.9117055142364768,1.054440675958458,1.4642447573093178,1.379771320068527,1.5459980689956876,0.5350275331783291,0.17381558530781513,0.00547092104112934,1218.005,306.221
44,null_conf15,1475,0.15,nb,0.15,0.1683446642666858,0.0,sub,cr0,1000,1000,0.249,0.013674757767507255,0.955,0.00655553201502365,0.751,0.022,0.023,0.9703943052858315,0.9073398562308658,1.0550396868194372,1.4604784154150166,1.3810244357323835,1.532940190686156,0.5347806386741445,0.17381558530781513,0.00547092104112934,1218.005,306.221
44,null_conf15,1475,0.15,nb,0.15,0.1683446642666858,0.0,sub,cr1t,1000,1000,0.249,0.013674757767507255,0.955,0.00655553201502365,0.751,0.022,0.023,0.9690061345489946,0.9060526151636263,1.0535227725469953,1.4584834142506964,1.3790586571652734,1.5307743941200072,0.5355331734203542,0.17381558530781513,0.00547092104112934,1218.005,306.221
44,null_conf15,1475,0.15,nb,0.15,0.1683446642666858,0.0,sub,mdt,1000,1000,0.247,0.013637851736985557,0.955,0.00655553201502365,0.753,0.022,0.023,0.9659307764359453,0.9031667039483777,1.050581549606888,1.451332939457233,1.3747385108158396,1.5267113160342067,0.5374209927873824,0.17381558530781513,0.00547092104112934,1218.005,306.221
44,null_conf15,1475,0.15,nb,0.15,0.1683446642666858,0.0,rc,pct,1000,1000,0.103,0.009612023720320296,0.997,0.0017294507798720387,0.897,0.002,0.001,0.677506807886815,0.6318411601547618,0.7194218476257666,1.1258776101762435,1.0961850128788284,1.1593966975824965,0.6265424403542537,0.17020389837665978,0.0018592341099739895,,
45,null_conf15,1475,0.15,lognormal,0.15,0.1683446642666858,0.0,full,pct,1000,1000,0.31,0.014625320509308504,0.942,0.007391616873188169,0.69,0.015,0.043,1.0440420457537747,0.9716813731108183,1.1904832475122675,1.5774367816226007,1.5222150988097365,1.6642095690761884,0.4343673992730022,0.16333625080196182,-0.005008413464723971,1475.0,305.757
45,null_conf15,1475,0.15,lognormal,0.15,0.1683446642666858,0.0,full,bca,1000,1000,0.328,0.014846413708367418,0.94,0.007509993342207438,0.672,0.021,0.039,1.0474898875043297,0.9837559976429003,1.2145595599214984,1.6354513086253384,1.5553879771723573,1.7202812916444772,0.43461329481779676,0.16333625080196182,-0.005008413464723971,1475.0,305.757
45,null_conf15,1475,0.15,lognormal,0.15,0.1683446642666858,0.0,full,cr0,1000,1000,0.324,0.014799459449588015,0.939,0.007568289106528638,0.676,0.021,0.04,1.0291744442957738,0.9931702777043383,1.1952473631582838,1.622207822424435,1.551819798110101,1.7003644650222127,0.43388942020263144,0.16333625080196182,-0.005008413464723971,1475.0,305.757
45,null_conf15,1475,0.15,lognormal,0.15,0.1683446642666858,0.0,full,cr1t,1000,1000,0.321,0.0147634345597493,0.941,0.007451107300260817,0.679,0.02,0.039,1.0279807115627129,0.9920183059695462,1.1938610035285682,1.6203262341395825,1.5500198524360873,1.6983922233567876,0.43439327012666096,0.16333625080196182,-0.005008413464723971,1475.0,305.757
45,null_conf15,1475,0.15,lognormal,0.15,0.1683446642666858,0.0,full,mdt,1000,1000,0.318,0.014726710426975875,0.942,0.007391616873188169,0.682,0.019,0.039,1.0253355435598817,0.9859318744097711,1.1853668783940656,1.6148864546106665,1.5452907685211434,1.6939369770899417,0.43636547342286885,0.16333625080196182,-0.005008413464723971,1475.0,305.757
45,null_conf15,1475,0.15,lognormal,0.15,0.1683446642666858,0.0,full_mh,pct,1000,1000,0.299,0.014477534320456644,0.942,0.007391616873188169,0.701,0.016,0.042,1.0765173990627581,0.9660894179818301,1.192138204169769,1.5828060152643024,1.508238375019172,1.6371492652484927,0.4407858676489469,0.1623383154918198,-0.006006348774865999,1475.0,305.757
45,null_conf15,1475,0.15,lognormal,0.15,0.1683446642666858,0.0,sub,pct,1000,1000,0.222,0.013142145943490356,0.942,0.007391616873188169,0.778,0.024,0.034,1.02538496001346,0.9772550837393132,1.0874907597979666,1.4354595754702397,1.3728021361449982,1.4944069216846532,0.5485624371931968,0.1646163354848966,-0.003728328781789192,1132.234,305.757
45,null_conf15,1475,0.15,lognormal,0.15,0.1683446642666858,0.0,sub,bca,1000,1000,0.225,0.013205112646244258,0.945,0.007209368904418752,0.775,0.022,0.033,1.0259867629035067,0.9711379286630824,1.103345519336889,1.4514478237443038,1.389364512283007,1.5369687246481096,0.5487672520560369,0.1646163354848966,-0.003728328781789192,1132.234,305.757
45,null_conf15,1475,0.15,lognormal,0.15,0.1683446642666858,0.0,sub,cr0,1000,1000,0.218,0.0130566458173606,0.947,0.007084560677981384,0.782,0.019,0.034,1.0153435486975162,0.9692692680026197,1.094579268039526,1.4343566385425626,1.3781168912804087,1.4751545655169374,0.548478502594578,0.1646163354848966,-0.003728328781789192,1132.234,305.757
45,null_conf15,1475,0.15,lognormal,0.15,0.1683446642666858,0.0,sub,cr1t,1000,1000,0.218,0.0130566458173606,0.947,0.007084560677981384,0.782,0.019,0.034,1.0138682250937747,0.9677938123206467,1.0929130610795892,1.4322543317752126,1.3760539578451219,1.4729249087524698,0.5493090691933128,0.1646163354848966,-0.003728328781789192,1132.234,305.757
45,null_conf15,1475,0.15,lognormal,0.15,0.1683446642666858,0.0,sub,mdt,1000,1000,0.217,0.013034991369387246,0.947,0.007084560677981384,0.783,0.019,0.034,1.0061249512613013,0.9642179352138771,1.089542857373613,1.4268431678407798,1.3709399461762601,1.4611389263188566,0.5526892006570454,0.1646163354848966,-0.003728328781789192,1132.234,305.757
45,null_conf15,1475,0.15,lognormal,0.15,0.1683446642666858,0.0,rc,pct,1000,1000,0.089,0.00900438781928011,0.994,0.002442130217658347,0.911,0.0,0.006,0.7230310926375374,0.6691740930750164,0.7898844872980336,1.0934134569511806,1.0590684551612215,1.15077715939985,0.6372916650464893,0.16419333701013658,-0.004151327256549209,,
46,null_conf15,1475,0.35,nb,0.15,0.1595190802145218,0.0,full,pct,1000,1000,0.489,0.015807561481771943,0.938,0.00762600813007697,0.511,0.027,0.035,1.0351292941774555,0.9812814221287673,1.1056614966353153,1.7802485215700876,1.7325662585002186,1.875690652842699,0.3252342285048457,0.1605154537841046,0.0009963735695827924,1475.0,699.926
46,null_conf15,1475,0.35,nb,0.15,0.1595190802145218,0.0,full,bca,1000,1000,0.499,0.015811356678033673,0.942,0.007391616873188169,0.501,0.027,0.031,1.0391372180212628,0.9729718287449021,1.1230644532001712,1.8048359480498906,1.7560311105469393,1.8965012019450358,0.32523279510785,0.1605154537841046,0.0009963735695827924,1475.0,699.926
46,null_conf15,1475,0.35,nb,0.15,0.1595190802145218,0.0,full,cr0,1000,1000,0.496,0.01581088232832058,0.941,0.007451107300260817,0.504,0.026,0.033,1.0515552209332932,0.9855025689973165,1.0934534180440436,1.8099714539986553,1.7507577596484871,1.8981518740983818,0.3251544724608706,0.1605154537841046,0.0009963735695827924,1475.0,699.926
46,null_conf15,1475,0.35,nb,0.15,0.1595190802145218,0.0,full,cr1t,1000,1000,0.496,0.01581088232832058,0.941,0.007451107300260817,0.504,0.026,0.033,1.0503355288832168,0.9843594909878999,1.092185128548097,1.8078720799007861,1.7487270671289281,1.8959502201057166,0.325532054970651,0.1605154537841046,0.0009963735695827924,1475.0,699.926
46,null_conf15,1475,0.35,nb,0.15,0.1595190802145218,0.0,full,mdt,1000,1000,0.495,0.01581059771166163,0.942,0.007391616873188169,0.505,0.026,0.032,1.0490332575152228,0.9832026482457294,1.0907592991021786,1.80568770546416,1.746230832159503,1.8932820962109274,0.32598745728274015,0.1605154537841046,0.0009963735695827924,1475.0,699.926
46,null_conf15,1475,0.35,nb,0.15,0.1595190802145218,0.0,full_mh,pct,1000,1000,0.468,0.015778973350633434,0.941,0.007451107300260817,0.532,0.024,0.035,1.0264940196905734,0.973517067751555,1.0999177365464177,1.7731434623169926,1.7307932101709345,1.8531628526313744,0.3299068719686916,0.1596102119367962,9.113172227440125e-05,1475.0,699.926
46,null_conf15,1475,0.35,nb,0.15,0.1595190802145218,0.0,sub,pct,1000,1000,0.324,0.014799459449588015,0.938,0.00762600813007697,0.676,0.018,0.044,1.0329666482154176,0.9797239866207405,1.080231938442434,1.6119046197592464,1.5487634219959638,1.6812766578060656,0.4089918817461109,0.15792784269210666,-0.0015912375224151343,1219.907,699.926
46,null_conf15,1475,0.35,nb,0.15,0.1595190802145218,0.0,sub,bca,1000,1000,0.327,0.014834790190629594,0.942,0.007391616873188169,0.673,0.018,0.04,1.0381360538204356,0.9809405107344706,1.0841377157999843,1.6171613849882602,1.5381752891938645,1.683596185876886,0.4089974954994139,0.15792784269210666,-0.0015912375224151343,1219.907,699.926
46,null_conf15,1475,0.35,nb,0.15,0.1595190802145218,0.0,sub,cr0,1000,1000,0.325,0.014811313243598625,0.939,0.007568289106528638,0.675,0.018,0.043,1.0394968908101383,0.9802981104037624,1.0730738775082311,1.6057346388146423,1.5576670347855628,1.6667109114725982,0.4093055986096856,0.1579278426921066,-0.0015912375224151898,1219.907,699.926
46,null_conf15,1475,0.35,nb,0.15,0.1595190802145218,0.0,sub,cr1t,1000,1000,0.325,0.014811313243598625,0.939,0.007568289106528638,0.675,0.018,0.043,1.038042304774008,0.978941130870588,1.0716051149603933,1.6034900729390424,1.5554717434159047,1.6644074921664227,0.409880647916007,0.1579278426921066,-0.0015912375224151898,1219.907,699.926
46,null_conf15,1475,0.35,nb,0.15,0.1595190802145218,0.0,sub,mdt,1000,1000,0.322,0.014775520295407536,0.941,0.007451107300260817,0.678,0.018,0.041,1.0361395074093618,0.9767282760140051,1.0695564684966636,1.5995634952913325,1.5522028552519005,1.6610651742740339,0.41072806680281476,0.1579278426921066,-0.0015912375224151898,1219.907,699.926
46,null_conf15,1475,0.35,nb,0.15,0.1595190802145218,0.0,rc,pct,1000,1000,0.185,0.012279047194306243,0.994,0.002442130217658347,0.815,0.003,0.003,0.7358545929917809,0.6846411938287599,0.7752290768831237,1.2713158496225647,1.2295266227172807,1.3158477759718656,0.47512698162077793,0.1605292497824115,0.0010101695678897127,,
47,null_conf15,1475,0.35,lognormal,0.15,0.1595190802145218,0.0,full,pct,1000,1000,0.449,0.015728922404284407,0.946,0.0071473071852271785,0.551,0.028,0.026,1.0126564389085198,0.9654007346785968,1.0804838403719124,1.7912793126357955,1.7507616163030235,1.8636113955819815,0.34204399732621643,0.15907848945216996,-0.000440590762351839,1475.0,697.813
47,null_conf15,1475,0.35,lognormal,0.15,0.1595190802145218,0.0,full,bca,1000,1000,0.45,0.015732132722552274,0.947,0.007084560677981384,0.55,0.029,0.024,1.0099518952889348,0.9580225010284892,1.0996140715870295,1.8063135340147523,1.7718078229298573,1.9138815723105553,0.34230539529504905,0.15907848945216996,-0.000440590762351839,1475.0,697.813
47,null_conf15,1475,0.35,lognormal,0.15,0.1595190802145218,0.0,full,cr0,1000,1000,0.452,0.015738360778683402,0.949,0.006956938982052382,0.548,0.028,0.023,1.0149115593749378,0.9545707329930092,1.094948990209292,1.8147713644318404,1.763759917653582,1.8855753743716128,0.3421186350263923,0.15907848945216996,-0.000440590762351839,1475.0,697.813
47,null_conf15,1475,0.35,lognormal,0.15,0.1595190802145218,0.0,full,cr1t,1000,1000,0.449,0.015728922404284407,0.949,0.006956938982052382,0.551,0.028,0.023,1.0137343700691763,0.9534635326186591,1.0936789660089345,1.8126664229491298,1.7617141440156596,1.8833883077790483,0.3425159170071021,0.15907848945216996,-0.000440590762351839,1475.0,697.813
47,null_conf15,1475,0.35,lognormal,0.15,0.1595190802145218,0.0,full,mdt,1000,1000,0.446,0.01571890581433708,0.949,0.006956938982052382,0.554,0.028,0.023,1.010758243492973,0.9510568466937995,1.0914729426408714,1.8079840399737255,1.7551137922354934,1.878580016427493,0.3436615436399967,0.15907848945216996,-0.000440590762351839,1475.0,697.813
47,null_conf15,1475,0.35,lognormal,0.15,0.1595190802145218,0.0,full_mh,pct,1000,1000,0.438,0.015689359451551872,0.943,0.007331507348424336,0.562,0.032,0.025,1.0228192120131492,0.9714576418642603,1.094389918708443,1.7891626649666508,1.713376925704808,1.881823886006731,0.34656528965100347,0.15963949649889012,0.00012041628436831875,1475.0,697.813
47,null_conf15,1475,0.35,lognormal,0.15,0.1595190802145218,0.0,sub,pct,1000,1000,0.312,0.014651143300097777,0.958,0.006343185319695463,0.688,0.025,0.017,0.9786672471136777,0.9294668071077188,1.0356852335481914,1.601045704772397,1.5352506942849005,1.680164877154567,0.4226199704821518,0.15985673905474654,0.0003376588402247416,1132.623,697.813
47,null_conf15,1475,0.35,lognormal,0.15,0.1595190802145218,0.0,sub,bca,1000,1000,0.315,0.01468928180681411,0.955,0.00655553201502365,0.685,0.027,0.018,0.9783159776207315,0.9269866255173154,1.0305751831978445,1.6227674441256181,1.550082606726109,1.7051897523502735,0.42277739550708665,0.15985673905474654,0.0003376588402247416,1132.623,697.813
47,null_conf15,1475,0.35,lognormal,0.15,0.1595190802145218,0.0,sub,cr0,1000,1000,0.314,0.01467664811869522,0.958,0.006343185319695463,0.686,0.024,0.018,0.9659479255027315,0.9173790984088938,1.0371937129328714,1.5959655800194203,1.5405769139725514,1.6798518905179767,0.42295361627118006,0.15985673905474654,0.0003376588402247416,1132.623,697.813
47,null_conf15,1475,0.35,lognormal,0.15,0.1595190802145218,0.0,sub,cr1t,1000,1000,0.313,0.014663935351739656,0.959,0.006270486424512857,0.687,0.024,0.017,0.9644982828918857,0.9159973885251717,1.0355934972536733,1.5935429997123138,1.5382421833719861,1.6773195527952562,0.42359385623966317,0.15985673905474654,0.0003376588402247416,1132.623,697.813
47,null_conf15,1475,0.35,lognormal,0.15,0.1595190802145218,0.0,sub,mdt,1000,1000,0.311,0.014638271755914358,0.959,0.006270486424512857,0.689,0.024,0.017,0.9595508971757296,0.9111455020905204,1.0312834931838217,1.5893364999812327,1.5326177144404873,1.6703482252748998,0.42536242687915343,0.15985673905474654,0.0003376588402247416,1132.623,697.813
47,null_conf15,1475,0.35,lognormal,0.15,0.1595190802145218,0.0,rc,pct,1000,1000,0.17,0.011878552100319299,0.99,0.003146426544510456,0.83,0.005,0.005,0.7251098375621194,0.6936825029780211,0.782797930932975,1.2960703733171746,1.233158993735831,1.3545181201749323,0.48651981021979396,0.1586135492348327,-0.0009055309796890953,,
48,null_conf50,44,0.15,nb,0.5,0.5574762627955476,0.0,full,pct,4000,4000,0.151,0.00566124986200044,0.93,0.004034228550788861,0.849,0.02425,0.04575,1.0855192702270828,1.0540637260331756,1.1222370927362815,1.3714915801044023,1.3249050817392052,1.4303903620989056,2.4583987233502693,0.5335761780443115,-0.023900084751236172,44.0,10.9475
48,null_conf50,44,0.15,nb,0.5,0.5574762627955476,0.0,full,bca,4000,4000,0.17825,0.0060513828481595835,0.938,0.003813004065038485,0.82175,0.0325,0.0295,1.0425147460578428,1.0151089299670177,1.0670576018710307,1.443464713915969,1.391935758580161,1.5019625830957553,2.3918467348175123,0.5335761780443115,-0.023900084751236172,44.0,10.9475
48,null_conf50,44,0.15,nb,0.5,0.5574762627955476,0.0,full,cr0,4000,4000,0.21225,0.006465290741722292,0.92975,0.004040882870735059,0.78775,0.0395,0.03075,1.079371377982594,1.0548826586972406,1.1190291434216315,1.5464494726743967,1.4913488128204644,1.5975174633136517,2.2148365566059476,0.5335761780443115,-0.023900084751236172,44.0,10.9475
48,null_conf50,44,0.15,nb,0.5,0.5574762627955476,0.0,full,cr1t,4000,4000,0.19175,0.006224587084698871,0.941,0.0037255536501304086,0.80825,0.034,0.025,1.0370203043082624,1.0134924438855768,1.075122026127719,1.4857717514684887,1.4328330649191847,1.5348359978190953,2.3052886970276245,0.5335761780443115,-0.023900084751236172,44.0,10.9475
48,null_conf50,44,0.15,nb,0.5,0.5574762627955476,0.0,full,mdt,4000,4000,0.16275,0.0058365751408681445,0.955,0.003277766007511825,0.83725,0.025,0.02,0.9792860628042019,0.9564737719042165,1.0140014019595125,1.399517755452757,1.3423929605038054,1.4466715604027356,2.4640119661464484,0.5335761780443115,-0.023900084751236172,44.0,10.9475
48,null_conf50,44,0.15,nb,0.5,0.5574762627955476,0.0,full_mh,pct,4000,4000,0.12625,0.00525145069242776,0.926,0.004138961222335864,0.87375,0.02175,0.05225,1.101838119959946,1.0691989662649568,1.1474973325564413,1.3179380426413125,1.2778616214554204,1.3612116967903605,2.6109366110172587,0.4867900790354202,-0.07068618376012742,44.0,10.9475
48,null_conf50,44,0.15,nb,0.5,0.5574762627955476,0.0,sub,pct,4000,4000,0.13325,0.0053734169180326965,0.93025,0.004027559357104498,0.86675,0.03525,0.0345,1.0870692100157937,1.057451933025948,1.1396098097724146,1.3189486912678243,1.2759883062953734,1.3708920941196143,3.369516261571188,0.554499372349969,-0.002976890445578584,36.10825,10.9475
48,null_conf50,44,0.15,nb,0.5,0.5574762627955476,0.0,sub,bca,4000,4000,0.10525,0.004852124212651609,0.9535,0.0033293298875299213,0.89475,0.02,0.0265,0.9851076724804144,0.9627436020835373,1.0222196361675888,1.2029668649210128,1.1698557273846406,1.2445052879939982,3.3572763854008785,0.554499372349969,-0.002976890445578584,36.10825,10.9475
48,null_conf50,44,0.15,nb,0.5,0.5574762627955476,0.0,sub,cr0,4000,4000,0.12325,0.005197582070059116,0.942,0.0036958084365940843,0.87675,0.02625,0.03175,1.0307460238382107,1.0034963487247337,1.0535411039683058,1.2338831825213692,1.206336157620608,1.2794976414892079,3.0762800018941294,0.554499372349969,-0.002976890445578584,36.10825,10.9475
48,null_conf50,44,0.15,nb,0.5,0.5574762627955476,0.0,sub,cr1t,4000,4000,0.102,0.004785289959866591,0.95625,0.0032340353082488124,0.898,0.01925,0.0245,0.978573506579877,0.9545666545038769,1.0027017873788597,1.1774587598143338,1.1473022395744326,1.215586779697843,3.2336470176773173,0.554499372349969,-0.002976890445578584,36.10825,10.9475
48,null_conf50,44,0.15,nb,0.5,0.5574762627955476,0.0,sub,mdt,4000,4000,0.06525,0.0039048827607240655,0.96875,0.00275106513463422,0.93475,0.01325,0.018,0.8955602665325094,0.8715601451711327,0.9151256776889465,1.0636729311111532,1.038120815715817,1.0891068052385087,3.6585396683512843,0.554499372349969,-0.002976890445578584,36.10825,10.9475
48,null_conf50,44,0.15,nb,0.5,0.5574762627955476,0.0,rc,pct,4000,4000,0.027,0.002562762181709415,0.99475,0.0011426326509425479,0.973,0.0015,0.00375,0.6537890879825182,0.6315917093476974,0.6829407148661805,0.8962808398379284,0.8793351937702614,0.9209849703730085,4.065873725095213,0.5328919851774115,-0.024584277618136086,,
49,null_conf50,44,0.15,lognormal,0.5,0.5574762627955476,0.0,full,pct,4000,4000,0.141,0.005502703880820773,0.9295,0.004047522390302493,0.859,0.0195,0.051,1.106425568087614,1.0718519457359459,1.152949711115173,1.3071128523771427,1.2858479407460157,1.357578788639251,2.5502586215659258,0.5054177902442798,-0.05205847255126783,44.0,10.9055
49,null_conf50,44,0.15,lognormal,0.5,0.5574762627955476,0.0,full,bca,4000,4000,0.16475,0.005865309827707314,0.93625,0.0038628337234470752,0.83525,0.031,0.03275,1.0655562584024727,1.0360730656261834,1.089589277090824,1.40523449528315,1.3744493582853183,1.4608038721973589,2.4727021809686267,0.5054177902442798,-0.05205847255126783,44.0,10.9055
49,null_conf50,44,0.15,lognormal,0.5,0.5574762627955476,0.0,full,cr0,4000,4000,0.20775,0.006414630494034711,0.92225,0.004233938400000642,0.79225,0.0385,0.03925,1.1066893792502535,1.0725273512796931,1.1415903804134404,1.5386989132766828,1.4959037947599068,1.579034295628367,2.241660821028706,0.5054177902442799,-0.05205847255126772,44.0,10.9055
49,null_conf50,44,0.15,lognormal,0.5,0.5574762627955476,0.0,full,cr1t,4000,4000,0.19025,0.006205943471785736,0.93575,0.003876916864597435,0.80975,0.03175,0.0325,1.0632664347556262,1.0304448152792671,1.0967980324848134,1.4783252991823452,1.437209323965249,1.517078050398441,2.3332084427964164,0.5054177902442799,-0.05205847255126772,44.0,10.9055
49,null_conf50,44,0.15,lognormal,0.5,0.5574762627955476,0.0,full,mdt,4000,4000,0.14925,0.005634146729984941,0.9545,0.003295062594246124,0.85075,0.0205,0.025,0.97387206253334,0.9466135315719791,1.0145849190757061,1.3491413367181018,1.3102212705473042,1.3848440863458384,2.561257248848334,0.5054177902442799,-0.05205847255126772,44.0,10.9055
49,null_conf50,44,0.15,lognormal,0.5,0.5574762627955476,0.0,full_mh,pct,4000,3997,0.11933950462847136,0.005127778993280478,0.9264448336252189,0.004129041984452552,0.8806604953715287,0.017262947210407806,0.05629221916437328,1.1145912824509214,1.0728469369002849,1.152355176259201,1.2501816158045829,1.2169221393431358,1.2894822449352987,2.6762146244866347,0.4573378171967484,-0.10013844559879925,44.0,10.9055
49,null_conf50,44,0.15,lognormal,0.5,0.5574762627955476,0.0,sub,pct,4000,4000,0.11275,0.005000935849918493,0.93475,0.0039048827607240663,0.88725,0.02575,0.0395,1.0769747163402728,1.0331979766995167,1.1228710984077015,1.2655574743590743,1.2228858969658774,1.2959594183909797,3.4393747853621717,0.5007914764192198,-0.05668478637632779,33.58675,10.9055
49,null_conf50,44,0.15,lognormal,0.5,0.5574762627955476,0.0,sub,bca,4000,4000,0.0865,0.00444459643837323,0.953,0.003346303931205295,0.9135,0.0175,0.0295,0.985780438763867,0.9539254903850384,1.0205197494670968,1.1572753323342053,1.1144064617520628,1.1936244550515196,3.426773581690722,0.5007914764192198,-0.05668478637632779,33.58675,10.9055
49,null_conf50,44,0.15,lognormal,0.5,0.5574762627955476,0.0,sub,cr0,4000,4000,0.1105,0.004957059360144883,0.93925,0.0037768848771176484,0.8895,0.02175,0.039,1.0559946668239635,1.024282374945061,1.0910752223301414,1.2156240352100733,1.1826488324971864,1.241017711943344,3.081263965756009,0.5007914764192198,-0.05668478637632779,33.58675,10.9055
49,null_conf50,44,0.15,lognormal,0.5,0.5574762627955476,0.0,sub,cr1t,4000,4000,0.08975,0.004519262591950151,0.95025,0.003437838619685338,0.91025,0.018,0.03175,0.9982462157066458,0.9688288784887434,1.0379332518016933,1.151229927406072,1.1215898184409299,1.1813802750783107,3.2528175117105826,0.5007914764192198,-0.05668478637632779,33.58675,10.9055
49,null_conf50,44,0.15,lognormal,0.5,0.5574762627955476,0.0,sub,mdt,4000,4000,0.05375,0.00356584272998684,0.97175,0.002619729828627372,0.94625,0.00775,0.0205,0.8835388690219421,0.8585739489205708,0.9133803886160434,1.0147851591749544,0.9842356209329801,1.0536012601761622,3.786149145127194,0.5007914764192198,-0.05668478637632779,33.58675,10.9055
49,null_conf50,44,0.15,lognormal,0.5,0.5574762627955476,0.0,rc,pct,4000,4000,0.02125,0.002280265198392503,0.993,0.0013182374596407134,0.97875,0.0015,0.0055,0.65698288912489,0.6338906039262592,0.6786248820704046,0.8851384452173601,0.8584270737972236,0.9069658618641543,4.1818254524869705,0.5088457792076901,-0.04863048358785749,,
50,null_conf50,44,0.35,nb,0.5,0.5317875209984096,0.0,full,pct,4000,4000,0.197,0.006288700183662757,0.9355,0.003883933251228708,0.803,0.0235,0.041,1.0759537190997412,1.0352033469350348,1.1186750609138802,1.467361762180807,1.4354325922362172,1.5045554776819394,1.8769460220167276,0.5114960442521584,-0.020291476746251202,44.0,23.84625
50,null_conf50,44,0.35,nb,0.5,0.5317875209984096,0.0,full,bca,4000,4000,0.21925,0.006541777997991066,0.93625,0.0038628337234470752,0.78075,0.02925,0.0345,1.0692204065907962,1.0288660100179658,1.1020253345495776,1.5141509788526037,1.4686927489527213,1.5467565235960623,1.8739047412504446,0.5114960442521584,-0.020291476746251202,44.0,23.84625
50,null_conf50,44,0.35,nb,0.5,0.5317875209984096,0.0,full,cr0,4000,4000,0.234,0.006694101881507332,0.93125,0.004000732354832049,0.766,0.03025,0.0385,1.0643787498991142,1.0470570000787223,1.1103514400442287,1.5553873167557573,1.4983570677751554,1.583537440706427,1.7860458152907148,0.5114960442521584,-0.020291476746251202,44.0,23.84625
50,null_conf50,44,0.35,nb,0.5,0.5317875209984096,0.0,full,cr1t,4000,4000,0.21075,0.00644853544419196,0.942,0.0036958084365940843,0.78925,0.025,0.033,1.0226159389020106,1.0059738390313728,1.0667848080203142,1.494358903192334,1.4395663384096933,1.5214045064954353,1.858986487324677,0.5114960442521584,-0.020291476746251202,44.0,23.84625
50,null_conf50,44,0.35,nb,0.5,0.5317875209984096,0.0,full,mdt,4000,4000,0.1835,0.0061202073085803235,0.953,0.003346303931205295,0.8165,0.0195,0.0275,0.9873586196508497,0.9635952675716773,1.0239240524808184,1.4247533692241037,1.3833135941457178,1.4589120619196712,1.9414286002834196,0.5114960442521584,-0.020291476746251202,44.0,23.84625
50,null_conf50,44,0.35,nb,0.5,0.5317875209984096,0.0,full_mh,pct,4000,4000,0.185,0.006139523597153121,0.935,0.0038979161099233508,0.815,0.02275,0.04225,1.0716173843362777,1.039573045609448,1.1055103245482976,1.4248068993497292,1.3918266076247887,1.4728011797394882,1.9684107612645834,0.5058391531383383,-0.025948367860071375,44.0,23.84625
50,null_conf50,44,0.35,nb,0.5,0.5317875209984096,0.0,sub,pct,4000,4000,0.15525,0.005725981084058871,0.936,0.0038698837191833025,0.84475,0.03,0.034,1.069486783372715,1.0297410557042652,1.0972312545397962,1.3600376119008442,1.328190412460803,1.4076333866711608,2.41469746311906,0.5213138896915394,-0.01047363130687029,36.23325,23.84625
50,null_conf50,44,0.35,nb,0.5,0.5317875209984096,0.0,sub,bca,4000,4000,0.155,0.005722215480039178,0.94225,0.003688324060464318,0.845,0.0275,0.03025,1.0376351525870504,1.0051035056750597,1.073223337877094,1.3467086477621937,1.3069490880868528,1.3768910444417413,2.41457415467234,0.5213138896915394,-0.01047363130687029,36.23325,23.84625
50,null_conf50,44,0.35,nb,0.5,0.5317875209984096,0.0,sub,cr0,4000,4000,0.161,0.005811174580065548,0.93725,0.0038344633751021787,0.839,0.02875,0.034,1.0454889025002854,1.0220048728885711,1.0907565939507229,1.3581385662088066,1.3311322992567445,1.3853567670440647,2.3316876379950706,0.5213138896915395,-0.01047363130687018,36.23325,23.84625
50,null_conf50,44,0.35,nb,0.5,0.5317875209984096,0.0,sub,cr1t,4000,4000,0.1395,0.005478132665425328,0.95075,0.003421419204803762,0.8605,0.02175,0.0275,0.9968998659619214,0.9701477785243665,1.035824825255917,1.2931842357110026,1.2661261905426584,1.3171969710006144,2.4504210727021603,0.5213138896915395,-0.01047363130687018,36.23325,23.84625
50,null_conf50,44,0.35,nb,0.5,0.5317875209984096,0.0,sub,mdt,4000,4000,0.113,0.005005771668783945,0.96,0.003098386676965935,0.887,0.01725,0.02275,0.9343539504159998,0.9152825699278664,0.9782545198648557,1.211528830261432,1.1792209359125505,1.248888216420648,2.6193956983551705,0.5213138896915395,-0.01047363130687018,36.23325,23.84625
50,null_conf50,44,0.35,nb,0.5,0.5317875209984096,0.0,rc,pct,4000,4000,0.04325,0.0032163425462783035,0.994,0.0012210651088291734,0.95675,0.00225,0.00375,0.7040752008471494,0.6879446365714145,0.7297416912946748,0.9793745928636924,0.9530471625342763,1.000909596132395,2.852569100808334,0.511656972550385,-0.020130548448024643,,
51,null_conf50,44,0.35,lognormal,0.5,0.5317875209984096,0.0,full,pct,4000,4000,0.18075,0.006084394741878604,0.93475,0.0039048827607240663,0.81925,0.0225,0.04275,1.0713507568214475,1.0332603884765428,1.102433494544463,1.3959865892926238,1.3577638628842432,1.4448916440025246,1.9476306127459402,0.5071763153910251,-0.0246112056073845,44.0,23.8715
51,null_conf50,44,0.35,lognormal,0.5,0.5317875209984096,0.0,full,bca,4000,4000,0.213,0.006473619543964567,0.93375,0.003932586219652407,0.787,0.03025,0.036,1.0765648519062845,1.0428949442488398,1.1065342501966828,1.506767313579646,1.4527933823370645,1.5533883193700588,1.9391280869259242,0.5071763153910251,-0.0246112056073845,44.0,23.8715
51,null_conf50,44,0.35,lognormal,0.5,0.5317875209984096,0.0,full,cr0,4000,4000,0.229,0.006643775282172027,0.921,0.004264944313821693,0.771,0.0335,0.0455,1.1301827547953538,1.091407213961363,1.1563176088462175,1.5190664690277085,1.4932326638370754,1.5870067660610874,1.8162809567338631,0.5071763153910251,-0.0246112056073845,44.0,23.8715
51,null_conf50,44,0.35,lognormal,0.5,0.5317875209984096,0.0,full,cr1t,4000,4000,0.20725,0.006408928098754112,0.93275,0.00396003274923327,0.79275,0.028,0.03925,1.0858380055365229,1.0485838926559878,1.1109474116720968,1.4594631691271283,1.434642999659319,1.5247377066417633,1.8904564075831416,0.5071763153910251,-0.0246112056073845,44.0,23.8715
51,null_conf50,44,0.35,lognormal,0.5,0.5317875209984096,0.0,full,mdt,4000,4000,0.17,0.005939276050159649,0.94975,0.0034541618918342556,0.83,0.01975,0.0305,1.0004089891738743,0.968224710004435,1.0341435809013242,1.363889195193535,1.3237968490517487,1.4042235978075401,2.0306249473472384,0.5071763153910251,-0.0246112056073845,44.0,23.8715
51,null_conf50,44,0.35,lognormal,0.5,0.5317875209984096,0.0,full_mh,pct,4000,4000,0.16525,0.005872444923113371,0.93625,0.0038628337234470752,0.83475,0.0215,0.04225,1.0568067797164653,1.032211888830852,1.1144428021312538,1.3803482268294345,1.335276819286042,1.4202133256134732,2.0484602929418014,0.5008379850320678,-0.030949535966341868,44.0,23.8715
51,null_conf50,44,0.35,lognormal,0.5,0.5317875209984096,0.0,sub,pct,4000,4000,0.148,0.005614623762996057,0.9335,0.003939471728544324,0.852,0.028,0.0385,1.0691778483343017,1.0378908833959406,1.1047127175622609,1.3372437204387293,1.3085992132746622,1.3734021682429198,2.4877064027117504,0.5091792703596502,-0.022608250638759486,33.651,23.8715
51,null_conf50,44,0.35,lognormal,0.5,0.5317875209984096,0.0,sub,bca,4000,4000,0.14525,0.005571185634584437,0.935,0.0038979161099233508,0.85475,0.0305,0.0345,1.0671580871947846,1.0341408477125735,1.1010785828015468,1.348498931481856,1.3102074553924332,1.4019100541451428,2.4835767701572795,0.5091792703596502,-0.022608250638759486,33.651,23.8715
51,null_conf50,44,0.35,lognormal,0.5,0.5317875209984096,0.0,sub,cr0,4000,4000,0.1525,0.005684271061446665,0.92725,0.004106623841429842,0.8475,0.0315,0.04125,1.1174450071049782,1.072177347998778,1.1511577599079896,1.383424416652219,1.3314866074893161,1.4292894800746008,2.3560722402717085,0.5091792703596503,-0.022608250638759375,33.651,23.8715
51,null_conf50,44,0.35,lognormal,0.5,0.5317875209984096,0.0,sub,cr1t,4000,4000,0.13325,0.0053734169180326965,0.9385,0.003798609943123932,0.86675,0.026,0.0355,1.0559516132100049,1.0187800185235978,1.0926620769531215,1.3055054012027985,1.2635800667751351,1.3513890823732082,2.4868833853858865,0.5091792703596503,-0.022608250638759375,33.651,23.8715
51,null_conf50,44,0.35,lognormal,0.5,0.5317875209984096,0.0,sub,mdt,4000,4000,0.101,0.004764425463788893,0.95525,0.0032690762265508567,0.899,0.0175,0.02725,0.9699318846822175,0.9462344681730271,1.002548667352431,1.1899226998182264,1.1580110170874076,1.2334098567054517,2.736093411195453,0.5091792703596503,-0.022608250638759375,33.651,23.8715
51,null_conf50,44,0.35,lognormal,0.5,0.5317875209984096,0.0,rc,pct,4000,4000,0.0395,0.003079762572017525,0.9935,0.0012706051707749293,0.9605,0.0025,0.004,0.6960448456388654,0.6782106037561406,0.7256910863736795,0.9507557480393328,0.9254307282633771,0.9813948228031774,2.938293807067571,0.5086564323391991,-0.02313108865921054,,
52,null_conf50,164,0.15,nb,0.5,0.5574762627955476,0.0,full,pct,3000,3000,0.414,0.008992663676575478,0.942,0.00426755199148177,0.586,0.023666666666666666,0.034333333333333334,1.0404484053237804,0.9977248654861532,1.0938390639509417,1.818134703197714,1.7628826723315882,1.8604098131107225,1.2028001856382307,0.5584657897938011,0.0009895269982534982,164.0,41.262
52,null_conf50,164,0.15,nb,0.5,0.5574762627955476,0.0,full,bca,3000,3000,0.464,0.009105016932072853,0.9406666666666667,0.004313269791735303,0.536,0.03133333333333333,0.028,1.0473027659834453,1.004653808122877,1.0926133652346146,1.9058498574238825,1.8572670354332803,1.9559727540614626,1.198226987366958,0.5584657897938011,0.0009895269982534982,164.0,41.262
52,null_conf50,164,0.15,nb,0.5,0.5574762627955476,0.0,full,cr0,3000,3000,0.4756666666666667,0.009117892462787823,0.9386666666666666,0.004380698405336588,0.5243333333333333,0.03233333333333333,0.029,1.052990039530376,1.0109338684316869,1.0978862857024931,1.9080189735256108,1.8681631663225917,1.987808703234811,1.180553310683611,0.5584657897938011,0.0009895269982534982,164.0,41.262
52,null_conf50,164,0.15,nb,0.5,0.5574762627955476,0.0,full,cr1t,3000,3000,0.4673333333333333,0.009109205762832983,0.9413333333333334,0.004290489050947023,0.5326666666666666,0.030333333333333334,0.028333333333333332,1.0419807231981557,1.0003642615686597,1.086407566092291,1.888070081647403,1.8486309784707289,1.967025586585756,1.1930267514632773,0.5584657897938011,0.0009895269982534982,164.0,41.262
52,null_conf50,164,0.15,nb,0.5,0.5574762627955476,0.0,full,mdt,3000,3000,0.4523333333333333,0.00908713172364982,0.9453333333333334,0.0041504305889960465,0.5476666666666666,0.028,0.02666666666666667,1.0247174068603113,0.9837052642808042,1.0710651008279641,1.8551773633169322,1.8118942161498086,1.919706898322495,1.2167185591375176,0.5584657897938011,0.0009895269982534982,164.0,41.262
52,null_conf50,164,0.15,nb,0.5,0.5574762627955476,0.0,full_mh,pct,3000,3000,0.38966666666666666,0.008903680054815455,0.9423333333333334,0.004256024053120557,0.6103333333333333,0.022,0.035666666666666666,1.0429572702764889,0.995860037113414,1.0914181634296867,1.7581510595374006,1.701929707363498,1.827599866376393,1.2403296628560083,0.5486496827500514,-0.00882658004549619,164.0,41.262
52,null_conf50,164,0.15,nb,0.5,0.5574762627955476,0.0,sub,pct,3000,3000,0.29433333333333334,0.008320681506988519,0.936,0.004468556814006059,0.7056666666666667,0.03266666666666666,0.03133333333333333,1.0568807950414156,1.0313891221949545,1.0896460455796326,1.6164860643326535,1.5704884651153108,1.6731503730034945,1.59833312455321,0.5615425816960604,0.004066318900512789,135.52333333333334,41.262
52,null_conf50,164,0.15,nb,0.5,0.5574762627955476,0.0,sub,bca,3000,3000,0.29433333333333334,0.008320681506988519,0.94,0.004335896677735762,0.7056666666666667,0.03133333333333333,0.028666666666666667,1.0436095757605166,1.0115553407891886,1.0716679987696949,1.6047758675691723,1.5567023478286426,1.6464584245694998,1.598545455682134,0.5615425816960604,0.004066318900512789,135.52333333333334,41.262
52,null_conf50,164,0.15,nb,0.5,0.5574762627955476,0.0,sub,cr0,3000,3000,0.2866666666666667,0.008256086419300791,0.939,0.004369553752959221,0.7133333333333334,0.030333333333333334,0.030666666666666665,1.045844308275709,1.013513004228923,1.0694334154248095,1.594960707732354,1.5416977800668294,1.6333921970809107,1.5727680555140433,0.5615425816960604,0.004066318900512789,135.52333333333334,41.262
52,null_conf50,164,0.15,nb,0.5,0.5574762627955476,0.0,sub,cr1t,3000,3000,0.2773333333333333,0.00817352546448095,0.9416666666666667,0.004279040217757387,0.7226666666666667,0.028,0.030333333333333334,1.0320912535649405,1.0006331874457497,1.0563297574432207,1.5749509830446784,1.5215056325200305,1.6137994882760087,1.593007736335451,0.5615425816960604,0.004066318900512789,135.52333333333334,41.262
52,null_conf50,164,0.15,nb,0.5,0.5574762627955476,0.0,sub,mdt,3000,3000,0.258,0.007988241358396727,0.95,0.003979112128771109,0.742,0.023666666666666666,0.026333333333333334,0.9966086782078865,0.9675402925941305,1.0265172168123275,1.5219243090683026,1.4751035345800991,1.5648971111397212,1.644091620290462,0.5615425816960604,0.004066318900512789,135.52333333333334,41.262
52,null_conf50,164,0.15,nb,0.5,0.5574762627955476,0.0,rc,pct,3000,3000,0.14233333333333334,0.006378990399625831,0.9953333333333333,0.0012443055478041998,0.8576666666666667,0.0013333333333333333,0.0033333333333333335,0.6604301292407595,0.6338830976750008,0.6967629180320124,1.204055769485373,1.180664452625215,1.2158281606561718,1.8979613992797086,0.5581252395631208,0.0006489767675731395,,
53,null_conf50,164,0.15,lognormal,0.5,0.5574762627955476,0.0,full,pct,3000,3000,0.371,0.008819656077950735,0.9416666666666667,0.004279040217757387,0.629,0.025666666666666667,0.03266666666666666,1.0312474473436053,1.0010361815204616,1.062233811059233,1.7687740464107515,1.7151819428047563,1.8437220833718353,1.2412689142401372,0.5461763792918425,-0.011299883503705144,164.0,41.07533333333333
53,null_conf50,164,0.15,lognormal,0.5,0.5574762627955476,0.0,full,bca,3000,3000,0.423,0.009019811527964428,0.9386666666666666,0.004380698405336588,0.577,0.034,0.027333333333333334,1.0462199558585565,1.0091695171578587,1.0888994762560675,1.8898974399358972,1.8562437925773954,1.967950539167925,1.2362870812670754,0.5461763792918425,-0.011299883503705144,164.0,41.07533333333333
53,null_conf50,164,0.15,lognormal,0.5,0.5574762627955476,0.0,full,cr0,3000,3000,0.43133333333333335,0.009042213757129923,0.942,0.00426755199148177,0.5686666666666667,0.033,0.025,1.034597403459658,0.9990644951045398,1.0892171992774806,1.8955398333510085,1.8635556410954905,1.968231593361026,1.2119968277631545,0.5461763792918425,-0.011299883503705144,164.0,41.07533333333333
53,null_conf50,164,0.15,lognormal,0.5,0.5574762627955476,0.0,full,cr1t,3000,3000,0.424,0.009022638195117878,0.9436666666666667,0.004209508636760705,0.576,0.032,0.024333333333333332,1.0237803874731997,0.9886189859829139,1.077829117480725,1.8757214145034826,1.8440716262565042,1.9476531610749561,1.2248024931400894,0.5461763792918425,-0.011299883503705144,164.0,41.07533333333333
53,null_conf50,164,0.15,lognormal,0.5,0.5574762627955476,0.0,full,mdt,3000,3000,0.402,0.008951647892985961,0.951,0.00394119271287259,0.598,0.027333333333333334,0.021666666666666667,0.9925398085166837,0.9647642033201389,1.0358216544916774,1.8181325670827202,1.7788639069905066,1.885124682226813,1.2677456421686257,0.5461763792918425,-0.011299883503705144,164.0,41.07533333333333
53,null_conf50,164,0.15,lognormal,0.5,0.5574762627955476,0.0,full_mh,pct,3000,3000,0.3433333333333333,0.008669016775381845,0.94,0.004335896677735762,0.6566666666666666,0.023,0.037,1.0348672448161556,1.0053971496014986,1.0647708095423054,1.7407243386457738,1.695789933147723,1.7818163487530068,1.2801900559973782,0.5368757405403163,-0.020600522255231346,164.0,41.07533333333333
53,null_conf50,164,0.15,lognormal,0.5,0.5574762627955476,0.0,sub,pct,3000,3000,0.278,0.008179568040754556,0.9456666666666667,0.004138486930518699,0.722,0.023666666666666666,0.030666666666666665,1.0113449837044042,0.9880645909747553,1.0478754851358305,1.5717182914516774,1.5304347959838032,1.605692260576235,1.6323041204428774,0.54684864463634,-0.010627618159207652,125.93733333333333,41.07533333333333
53,null_conf50,164,0.15,lognormal,0.5,0.5574762627955476,0.0,sub,bca,3000,3000,0.281,0.008206481178515756,0.945,0.004162331077653484,0.719,0.026,0.029,1.0182069028428975,0.9866802679774422,1.0526533075625768,1.5832250546987907,1.5481304189913478,1.6214871449408081,1.6326522124840819,0.54684864463634,-0.010627618159207652,125.93733333333333,41.07533333333333
53,null_conf50,164,0.15,lognormal,0.5,0.5574762627955476,0.0,sub,cr0,3000,3000,0.27566666666666667,0.008158319997719212,0.9426666666666667,0.004244456079099819,0.7243333333333334,0.025333333333333333,0.032,1.0255129461222892,0.995805602514636,1.0524048281307643,1.574689236372324,1.5420159256445685,1.6074346160253012,1.5973579673042126,0.54684864463634,-0.010627618159207652,125.93733333333333,41.07533333333333
53,null_conf50,164,0.15,lognormal,0.5,0.5574762627955476,0.0,sub,cr1t,3000,3000,0.2673333333333333,0.008080144846519815,0.9473333333333334,0.004078107767453302,0.7326666666666667,0.02266666666666667,0.03,1.0119182820704666,0.9828623073113887,1.0384067363687162,1.5533317126855353,1.5214135219442741,1.5860172603381832,1.619539750266953,0.54684864463634,-0.010627618159207652,125.93733333333333,41.07533333333333
53,null_conf50,164,0.15,lognormal,0.5,0.5574762627955476,0.0,sub,mdt,3000,3000,0.24166666666666667,0.007815878898944313,0.959,0.003620267025142392,0.7583333333333333,0.018,0.023,0.9715951190599387,0.9408651563403,0.993426936212812,1.4830379324623435,1.4397469556409543,1.5234421229884985,1.6982477581069229,0.54684864463634,-0.010627618159207652,125.93733333333333,41.07533333333333
53,null_conf50,164,0.15,lognormal,0.5,0.5574762627955476,0.0,rc,pct,3000,3000,0.127,0.006079226924535717,0.9986666666666667,0.0006662220739752173,0.873,0.0003333333333333333,0.001,0.6491157138932376,0.6347953847476058,0.6783472740549794,1.1989276298776317,1.1776757294623492,1.225805442663064,1.9334780228008113,0.5456729268685481,-0.011803335926999559,,
54,null_conf50,164,0.35,nb,0.5,0.5317875209984096,0.0,full,pct,3000,3000,0.568,0.009043892967080051,0.941,0.004301898805566369,0.432,0.028333333333333332,0.030666666666666665,1.0356532632901614,1.003088713090504,1.068862427956801,1.9865211844125918,1.9467522264757458,2.03900242458027,0.963363575774192,0.5324150579818343,0.0006275369834246591,164.0,88.47466666666666
54,null_conf50,164,0.35,nb,0.5,0.5317875209984096,0.0,full,bca,3000,3000,0.59,0.00897960652441594,0.9436666666666667,0.004209508636760705,0.41,0.03166666666666667,0.024666666666666667,1.028327177201454,0.9929667802235526,1.0695295637144495,2.028002593071227,1.9935947343874005,2.087020903493193,0.9643094779429008,0.5324150579818343,0.0006275369834246591,164.0,88.47466666666666
54,null_conf50,164,0.35,nb,0.5,0.5317875209984096,0.0,full,cr0,3000,3000,0.5936666666666667,0.008967098296096227,0.9416666666666667,0.004279040217757387,0.4063333333333333,0.03133333333333333,0.027,1.0361162869300704,1.000435382461464,1.0729394571900563,2.025329626524321,1.9756556678988848,2.057767337389152,0.9551300639459864,0.5324150579818343,0.0006275369834246591,164.0,88.47466666666666
54,null_conf50,164,0.35,nb,0.5,0.5317875209984096,0.0,full,cr1t,3000,3000,0.5846666666666667,0.008996880117677008,0.9453333333333334,0.0041504305889960465,0.41533333333333333,0.029,0.025666666666666667,1.025283390576306,0.9899755403148316,1.0617215639089437,2.0041542177375784,1.9549996147598228,2.0362527829252453,0.965221737216218,0.5324150579818343,0.0006275369834246591,164.0,88.47466666666666
54,null_conf50,164,0.35,nb,0.5,0.5317875209984096,0.0,full,mdt,3000,3000,0.5716666666666667,0.009034450525421914,0.9473333333333334,0.004078107767453302,0.42833333333333334,0.027666666666666666,0.025,1.013896362391865,0.9793661985125812,1.0509240732763316,1.9788358101739107,1.9344612521286724,2.0142461309774933,0.9774352645700828,0.5324150579818343,0.0006275369834246591,164.0,88.47466666666666
54,null_conf50,164,0.35,nb,0.5,0.5317875209984096,0.0,full_mh,pct,3000,3000,0.5526666666666666,0.009077926015381528,0.9393333333333334,0.004358372105202515,0.44733333333333336,0.028333333333333332,0.03233333333333333,1.0427347862487577,1.005014685542622,1.0824352949205043,1.959281651699052,1.9129996506968876,2.01394230366095,0.9841637336768175,0.5320105789785003,0.00022305798009070177,164.0,88.47466666666666
54,null_conf50,164,0.35,nb,0.5,0.5317875209984096,0.0,sub,pct,3000,3000,0.4036666666666667,0.008957676203288606,0.9376666666666666,0.004413913187822075,0.5963333333333334,0.031,0.03133333333333333,1.0539733104002291,1.0208814735116674,1.079163049871407,1.769542507261472,1.7276185719098713,1.812195653178599,1.2261637959298524,0.533383184755866,0.0015956637574563448,135.35966666666667,88.47466666666666
54,null_conf50,164,0.35,nb,0.5,0.5317875209984096,0.0,sub,bca,3000,3000,0.4146666666666667,0.008994780379424173,0.938,0.004402877846742213,0.5853333333333334,0.03166666666666667,0.030333333333333334,1.0353941795961876,1.0141776912799267,1.0587598808656697,1.7646236617258755,1.7234451245582745,1.8316488105697444,1.2270568444844976,0.533383184755866,0.0015956637574563448,135.35966666666667,88.47466666666666
54,null_conf50,164,0.35,nb,0.5,0.5317875209984096,0.0,sub,cr0,3000,3000,0.4066666666666667,0.008968256777636867,0.9373333333333334,0.004424912637764936,0.5933333333333334,0.03,0.03266666666666666,1.0515837998431568,1.0169305262781276,1.0768004268255809,1.758372192736138,1.7205419700296067,1.8042069146548652,1.219230865530985,0.533383184755866,0.0015956637574563448,135.35966666666667,88.47466666666666
54,null_conf50,164,0.35,nb,0.5,0.5317875209984096,0.0,sub,cr1t,3000,3000,0.40066666666666667,0.008946747805560202,0.9406666666666667,0.004313269791735303,0.5993333333333334,0.028666666666666667,0.030666666666666665,1.038831269207035,1.00440160106981,1.063884094029642,1.7353927717188689,1.6985134924881895,1.7816146080762216,1.2349363286700648,0.533383184755866,0.0015956637574563448,135.35966666666667,88.47466666666666
54,null_conf50,164,0.35,nb,0.5,0.5317875209984096,0.0,sub,mdt,3000,3000,0.38166666666666665,0.008869370932638952,0.9446666666666667,0.004174188765718658,0.6183333333333333,0.027333333333333334,0.028,1.019337520183214,0.9872170131319912,1.0447785716541331,1.7054435484727453,1.669004316651883,1.7485416618665537,1.2581801785990616,0.533383184755866,0.0015956637574563448,135.35966666666667,88.47466666666666
54,null_conf50,164,0.35,nb,0.5,0.5317875209984096,0.0,rc,pct,3000,3000,0.24666666666666667,0.00787024400770019,0.9953333333333333,0.0012443055478041998,0.7533333333333333,0.0026666666666666666,0.002,0.6957505146068524,0.6712217804625482,0.7239044359114268,1.3703019703855626,1.3485263118659003,1.4068422555552191,1.43302137246769,0.5338223969413977,0.0020348759429880126,,
55,null_conf50,164,0.35,lognormal,0.5,0.5317875209984096,0.0,full,pct,3000,3000,0.505,0.009128252844876724,0.9403333333333334,0.004324602315263818,0.495,0.018333333333333333,0.04133333333333333,1.0463877974675848,1.0080906646791141,1.090822603070284,1.863777709721894,1.8390100200046493,1.922773603936441,1.0012793962467044,0.5109045590022968,-0.020882961996112837,164.0,88.16
55,null_conf50,164,0.35,lognormal,0.5,0.5317875209984096,0.0,full,bca,3000,3000,0.5373333333333333,0.009103226941076485,0.933,0.0045647562914135935,0.46266666666666667,0.027666666666666666,0.03933333333333333,1.0673327877210939,1.0364052553582166,1.0990551598910967,1.9989681227909102,1.940001154132196,2.0480036896053124,1.0032931580334994,0.5109045590022968,-0.020882961996112837,164.0,88.16
55,null_conf50,164,0.35,lognormal,0.5,0.5317875209984096,0.0,full,cr0,3000,3000,0.5276666666666666,0.009114723538604184,0.9336666666666666,0.0045436117139790256,0.4723333333333333,0.025,0.04133333333333333,1.0588364071585152,1.0274326027888976,1.1019659462711118,1.954489800061904,1.9146193786549852,2.0066791123038836,0.9899105490246007,0.5109045590022968,-0.020882961996112837,164.0,88.16
55,null_conf50,164,0.35,lognormal,0.5,0.5317875209984096,0.0,full,cr1t,3000,3000,0.5216666666666666,0.009120134420711783,0.936,0.004468556814006059,0.47833333333333333,0.023666666666666666,0.04033333333333333,1.0477659653567306,1.0166904968719375,1.0904445726261682,1.9340550422112257,1.8946014776263935,1.9856987000537683,1.000369704488978,0.5109045590022968,-0.020882961996112837,164.0,88.16
55,null_conf50,164,0.35,lognormal,0.5,0.5317875209984096,0.0,full,mdt,3000,3000,0.501,0.009128691034315928,0.9443333333333334,0.004186004016915132,0.499,0.018333333333333333,0.037333333333333336,1.0197237795532819,0.9930538952771938,1.0607237252446313,1.8827234551734402,1.846646654323824,1.9334938197401312,1.0266431624968666,0.5109045590022968,-0.020882961996112837,164.0,88.16
55,null_conf50,164,0.35,lognormal,0.5,0.5317875209984096,0.0,full_mh,pct,3000,3000,0.494,0.009128052001020443,0.9406666666666667,0.004313269791735303,0.506,0.021,0.03833333333333333,1.04020437033605,1.0075552533091874,1.080439618107032,1.8612472308438373,1.8164904035743348,1.918563480839713,1.0216083323682417,0.5102728093900972,-0.02151471160831242,164.0,88.16
55,null_conf50,164,0.35,lognormal,0.5,0.5317875209984096,0.0,sub,pct,3000,3000,0.3556666666666667,0.00874009704158348,0.9406666666666667,0.004313269791735303,0.6443333333333333,0.023333333333333334,0.036,1.0384024827392937,1.0069347235042103,1.0957262404598354,1.7296760978449746,1.6754129241569224,1.7714965004502705,1.256427051127952,0.5087785936057481,-0.023008927392661582,125.836,88.16
55,null_conf50,164,0.35,lognormal,0.5,0.5317875209984096,0.0,sub,bca,3000,3000,0.37,0.008814760348415605,0.9393333333333334,0.004358372105202515,0.63,0.02666666666666667,0.034,1.0505563222901504,1.0119923689671553,1.0896899168859213,1.7712270926486005,1.7222003841141527,1.812161347122799,1.2580455169082874,0.5087785936057481,-0.023008927392661582,125.836,88.16
55,null_conf50,164,0.35,lognormal,0.5,0.5317875209984096,0.0,sub,cr0,3000,3000,0.3606666666666667,0.008767101805846335,0.9386666666666666,0.004380698405336588,0.6393333333333333,0.025666666666666667,0.035666666666666666,1.045806907143401,1.009220500429608,1.1023902094537874,1.7532974755838728,1.7019148883279476,1.7964947739184263,1.246475196634401,0.5087785936057481,-0.023008927392661582,125.836,88.16
55,null_conf50,164,0.35,lognormal,0.5,0.5317875209984096,0.0,sub,cr1t,3000,3000,0.3516666666666667,0.008717744781425646,0.9426666666666667,0.004244456079099819,0.6483333333333333,0.023666666666666666,0.033666666666666664,1.0319854085779228,0.9959003917789913,1.0862180765984903,1.7291406977604988,1.6785508517404883,1.772705839316441,1.2638012565470693,0.5087785936057481,-0.023008927392661582,125.836,88.16
55,null_conf50,164,0.35,lognormal,0.5,0.5317875209984096,0.0,sub,mdt,3000,3000,0.333,0.008604475579603909,0.9496666666666667,0.003991653328671755,0.667,0.019,0.03133333333333333,1.0025807590623286,0.9687298854875652,1.059254819132989,1.672450221779689,1.6245844535762601,1.7253854525628958,1.306550733073232,0.5087785936057481,-0.023008927392661582,125.836,88.16
55,null_conf50,164,0.35,lognormal,0.5,0.5317875209984096,0.0,rc,pct,3000,3000,0.21733333333333332,0.007529930401527748,0.9946666666666667,0.0013297730243527598,0.7826666666666666,0.001,0.004333333333333333,0.7174955593982478,0.6921690081742207,0.7413075301661038,1.3151522483993636,1.2921189357471337,1.347571922595792,1.4648568979108083,0.5100784463423453,-0.02170907465606431,,
56,null_conf50,776,0.15,nb,0.5,0.5574762627955476,0.0,full,pct,1000,1000,0.973,0.005125524363418832,0.955,0.00655553201502365,0.027,0.02,0.025,0.9662595957848457,0.9221415763933255,1.0535503095916632,2.824237705866938,2.787627100806554,2.950890494893327,0.5538263504722931,0.5508233317721429,-0.006652931023404696,776.0,192.783
56,null_conf50,776,0.15,nb,0.5,0.5574762627955476,0.0,full,bca,1000,1000,0.976,0.004839834707921338,0.953,0.00669260786241059,0.024,0.024,0.023,0.9867071078399228,0.9187958730766536,1.0442951533138083,2.9445196772448585,2.8629200916554804,3.019958637456609,0.5534853386391242,0.5508233317721429,-0.006652931023404696,776.0,192.783
56,null_conf50,776,0.15,nb,0.5,0.5574762627955476,0.0,full,cr0,1000,1000,0.977,0.004740358636221528,0.956,0.006485676526007139,0.023,0.024,0.02,0.9567355599549906,0.9035970140621854,1.0154123212797814,2.8969635645112852,2.8524858483221087,2.984840412144351,0.5527145190150387,0.5508233317721429,-0.006652931023404696,776.0,192.783
56,null_conf50,776,0.15,nb,0.5,0.5574762627955476,0.0,full,cr1t,1000,1000,0.977,0.004740358636221528,0.957,0.006414904519944161,0.023,0.023,0.02,0.9546257192544894,0.9016043571181813,1.013173083675477,2.8905750368009078,2.8461954050770837,2.978258094051835,0.5539360863418509,0.5508233317721429,-0.006652931023404696,776.0,192.783
56,null_conf50,776,0.15,nb,0.5,0.5574762627955476,0.0,full,mdt,1000,1000,0.977,0.004740358636221528,0.959,0.006270486424512857,0.023,0.022,0.019,0.9500262802948366,0.8977805741763817,1.0093453439183782,2.880669073701243,2.834865893620311,2.9674511858463526,0.556434755996526,0.5508233317721429,-0.006652931023404696,776.0,192.783
56,null_conf50,776,0.15,nb,0.5,0.5574762627955476,0.0,full_mh,pct,1000,1000,0.96,0.00619677335393187,0.953,0.00669260786241059,0.04,0.022,0.025,0.9710192369867172,0.9161222931711382,1.0881096843988,2.7912524638705185,2.739894510513654,2.873827557725681,0.5651728942601114,0.5492177338494896,-0.008258528946058052,776.0,192.783
56,null_conf50,776,0.15,nb,0.5,0.5574762627955476,0.0,sub,pct,1000,1000,0.847,0.011383804285035824,0.95,0.006892024376045114,0.153,0.024,0.026,0.9996393331640933,0.9293724527716392,1.1019560974892968,2.385337693559158,2.3259582378542727,2.500141504048316,0.7266370143550016,0.5523121075909698,-0.005164155204577803,640.982,192.783
56,null_conf50,776,0.15,nb,0.5,0.5574762627955476,0.0,sub,bca,1000,1000,0.849,0.01132249972400088,0.949,0.006956938982052382,0.151,0.024,0.027,1.008420612009429,0.9264278531847203,1.07476919554347,2.397039852151014,2.3335966841907347,2.496681251561482,0.7268147953318808,0.5523121075909698,-0.005164155204577803,640.982,192.783
56,null_conf50,776,0.15,nb,0.5,0.5574762627955476,0.0,sub,cr0,1000,1000,0.846,0.011414201680362933,0.95,0.006892024376045114,0.154,0.024,0.026,0.9959630444184362,0.9277735452269936,1.0875596563995331,2.3879434511754534,2.306536740552052,2.4762145790001386,0.7253622388876981,0.5523121075909698,-0.005164155204577803,640.982,192.783
56,null_conf50,776,0.15,nb,0.5,0.5574762627955476,0.0,sub,cr1t,1000,1000,0.845,0.011444430960078356,0.952,0.006759881655768837,0.155,0.023,0.025,0.993314525481461,0.9253641003149884,1.0844880564310249,2.381256654405379,2.3003974725154737,2.469613409677114,0.7273056979172988,0.5523121075909698,-0.005164155204577803,640.982,192.783
56,null_conf50,776,0.15,nb,0.5,0.5574762627955476,0.0,sub,mdt,1000,1000,0.842,0.011534123287012326,0.953,0.00669260786241059,0.158,0.023,0.024,0.9884370434871638,0.91941075564148,1.0739719949401534,2.365725827172581,2.284331726506265,2.45354361754167,0.7323461468211672,0.5523121075909698,-0.005164155204577803,640.982,192.783
56,null_conf50,776,0.15,nb,0.5,0.5574762627955476,0.0,rc,pct,1000,1000,0.798,0.01269629867323544,0.998,0.0014127986409959495,0.202,0.001,0.001,0.6273220948230233,0.6067494050656542,0.6746018753531613,1.8674571035211125,1.8334313050074036,1.935356024740211,0.8602146613314967,0.5513089690906436,-0.006167293704903987,,
57,null_conf50,776,0.15,lognormal,0.5,0.5574762627955476,0.0,full,pct,1000,1000,0.951,0.006826346021115546,0.938,0.00762600813007697,0.049,0.024,0.038,1.065353750868039,0.9925160090842716,1.1252719361186692,2.782625112546491,2.7337751811475557,2.855203734540168,0.5745274970242188,0.5559673879076158,-0.0015088748879318326,776.0,194.342
57,null_conf50,776,0.15,lognormal,0.5,0.5574762627955476,0.0,full,bca,1000,1000,0.956,0.006485676526007139,0.93,0.008068457101577721,0.044,0.033,0.037,1.0615114566266621,1.0124233045355702,1.172807112352047,2.92826254794884,2.863705522133128,3.0011117254519637,0.5755498742493387,0.5559673879076158,-0.0015088748879318326,776.0,194.342
57,null_conf50,776,0.15,lognormal,0.5,0.5574762627955476,0.0,full,cr0,1000,1000,0.953,0.00669260786241059,0.934,0.007851369307324675,0.047,0.03,0.036,1.048992225370896,1.0023998204108484,1.1463070131442727,2.9018123021984934,2.824855945145888,2.960782195310588,0.5735693484867069,0.5559673879076158,-0.0015088748879318326,776.0,194.342
57,null_conf50,776,0.15,lognormal,0.5,0.5574762627955476,0.0,full,cr1t,1000,1000,0.953,0.00669260786241059,0.935,0.0077958322198467015,0.047,0.03,0.035,1.0466789356968915,1.000189278618739,1.143779120074514,2.8954130818113244,2.8186264327334896,2.9542529315908617,0.5748370075614512,0.5559673879076158,-0.0015088748879318326,776.0,194.342
57,null_conf50,776,0.15,lognormal,0.5,0.5574762627955476,0.0,full,mdt,1000,1000,0.953,0.00669260786241059,0.936,0.007739767438366605,0.047,0.029,0.035,1.0338639683818642,0.9938392447005038,1.1346979812346163,2.868701718531583,2.800527513502222,2.909527800211273,0.5800999523514611,0.5559673879076158,-0.0015088748879318326,776.0,194.342
57,null_conf50,776,0.15,lognormal,0.5,0.5574762627955476,0.0,full_mh,pct,1000,1000,0.936,0.007739767438366605,0.932,0.00796090447122687,0.064,0.027,0.041,1.087519135756152,1.0313195152173802,1.1487679680034022,2.7719716993083865,2.69319346099192,2.862489146503713,0.584292373662448,0.5526894026415355,-0.004786860154012085,776.0,194.342
57,null_conf50,776,0.15,lognormal,0.5,0.5574762627955476,0.0,sub,pct,1000,1000,0.855,0.011134406135937382,0.944,0.007270763371201131,0.145,0.021,0.035,1.033194382380188,0.9613171836961963,1.101443804479545,2.3340538426093476,2.27939270291202,2.3921875101995695,0.7420436578463409,0.5544085955593241,-0.003067667236223537,596.992,194.342
57,null_conf50,776,0.15,lognormal,0.5,0.5574762627955476,0.0,sub,bca,1000,1000,0.857,0.011070275515993268,0.943,0.007331507348424336,0.143,0.022,0.035,1.0403482521616634,0.9732968259558261,1.1018516075547296,2.343022303045117,2.298352884950314,2.408802673093542,0.7429136022430978,0.5544085955593241,-0.003067667236223537,596.992,194.342
57,null_conf50,776,0.15,lognormal,0.5,0.5574762627955476,0.0,sub,cr0,1000,1000,0.851,0.011260506205317771,0.942,0.007391616873188169,0.149,0.021,0.037,1.0250724006994474,0.9710350673966461,1.0993525994698672,2.327992685195031,2.2591466768807256,2.3779263861311666,0.7410075962457103,0.5544085955593241,-0.003067667236223537,596.992,194.342
57,null_conf50,776,0.15,lognormal,0.5,0.5574762627955476,0.0,sub,cr1t,1000,1000,0.849,0.01132249972400088,0.944,0.007270763371201131,0.151,0.021,0.035,1.0220831493310678,0.9682276668306087,1.0960514514425934,2.3213446826183235,2.252818407018953,2.3710976348885864,0.7431402602618931,0.5544085955593241,-0.003067667236223537,596.992,194.342
57,null_conf50,776,0.15,lognormal,0.5,0.5574762627955476,0.0,sub,mdt,1000,1000,0.845,0.011444430960078356,0.946,0.0071473071852271785,0.155,0.019,0.035,1.0151769366082959,0.9580858647184378,1.0874262737958775,2.2822520650390135,2.226149363169747,2.3406430861163416,0.7522008081697686,0.5544085955593241,-0.003067667236223537,596.992,194.342
57,null_conf50,776,0.15,lognormal,0.5,0.5574762627955476,0.0,rc,pct,1000,1000,0.801,0.012625331678811452,0.99,0.003146426544510456,0.199,0.005,0.005,0.7108605067793875,0.6794611255462161,0.7748388453805211,1.9113108635972424,1.868840158742014,1.9668530527521333,0.8713160166844993,0.5564972126289544,-0.000979050166593276,,
58,null_conf50,776,0.35,nb,0.5,0.5317875209984096,0.0,full,pct,1000,1000,0.996,0.0019959959919799443,0.94,0.007509993342207438,0.004,0.03,0.03,1.0399746451821301,0.9881208027006353,1.0851402248539572,3.25364427024906,3.15858318269479,3.405840084327133,0.44336483002476196,0.5306302841096423,-0.0011572368887673434,776.0,419.856
58,null_conf50,776,0.35,nb,0.5,0.5317875209984096,0.0,full,bca,1000,1000,0.996,0.0019959959919799443,0.943,0.007331507348424336,0.004,0.032,0.025,1.0401533585362004,0.9785132633079435,1.1020090192090097,3.3061675101877155,3.2203682504333324,3.4084851793218647,0.443420341091184,0.5306302841096423,-0.0011572368887673434,776.0,419.856
58,null_conf50,776,0.35,nb,0.5,0.5317875209984096,0.0,full,cr0,1000,1000,0.996,0.0019959959919799443,0.941,0.007451107300260817,0.004,0.03,0.029,1.0292785238060453,0.9887795036770457,1.0858027640993482,3.2775907561950186,3.1770493588001245,3.3652775657138068,0.4432584478999261,0.5306302841096424,-0.0011572368887672324,776.0,419.856
58,null_conf50,776,0.35,nb,0.5,0.5317875209984096,0.0,full,cr1t,1000,1000,0.996,0.0019959959919799443,0.942,0.007391616873188169,0.004,0.03,0.028,1.027008707764317,0.9865989980828175,1.0834082979999369,3.2703628505265687,3.170043172006971,3.3578562887446926,0.4442381037957998,0.5306302841096424,-0.0011572368887672324,776.0,419.856
58,null_conf50,776,0.35,nb,0.5,0.5317875209984096,0.0,full,mdt,1000,1000,0.996,0.0019959959919799443,0.942,0.007391616873188169,0.004,0.03,0.028,1.0240102883012612,0.9839392391623915,1.080257248695525,3.2607571278410696,3.1619191652362617,3.349369221488445,0.4454721054696083,0.5306302841096424,-0.0011572368887672324,776.0,419.856
58,null_conf50,776,0.35,nb,0.5,0.5317875209984096,0.0,full_mh,pct,1000,1000,0.995,0.002230470802319547,0.934,0.007851369307324675,0.005,0.03,0.036,1.0572049900246316,1.0036523060995295,1.1139373016237135,3.192153733398926,3.126224107724632,3.30706322579244,0.45100465570691967,0.5308652976670147,-0.0009222233313949113,776.0,419.856
58,null_conf50,776,0.35,nb,0.5,0.5317875209984096,0.0,sub,pct,1000,1000,0.95,0.006892024376045114,0.944,0.007270763371201131,0.05,0.027,0.029,1.0254406961031028,0.982692851911554,1.0764282917977535,2.7695791432800605,2.695965737727482,2.831576379906815,0.5624262884239032,0.5305165795037446,-0.001270941494665001,641.835,419.856
58,null_conf50,776,0.35,nb,0.5,0.5317875209984096,0.0,sub,bca,1000,1000,0.954,0.006624499981130654,0.944,0.007270763371201131,0.046,0.028,0.028,1.0219868821329918,0.984415772944279,1.06648995078436,2.797480353383417,2.7325003727490293,2.891823096359788,0.5624377500170837,0.5305165795037446,-0.001270941494665001,641.835,419.856
58,null_conf50,776,0.35,nb,0.5,0.5317875209984096,0.0,sub,cr0,1000,1000,0.95,0.006892024376045114,0.939,0.007568289106528638,0.05,0.029,0.032,1.0295011030321664,0.9853732319482185,1.0762453477464695,2.7826034259957595,2.710518803096853,2.8306860574461017,0.5622809149409366,0.5305165795037446,-0.001270941494665001,641.835,419.856
58,null_conf50,776,0.35,nb,0.5,0.5317875209984096,0.0,sub,cr1t,1000,1000,0.95,0.006892024376045114,0.94,0.007509993342207438,0.05,0.029,0.031,1.0266586142565377,0.9827586192064562,1.0733262111769677,2.7751525452644774,2.7035164420394895,2.8232328614545734,0.5637853272496821,0.5305165795037446,-0.001270941494665001,641.835,419.856
58,null_conf50,776,0.35,nb,0.5,0.5317875209984096,0.0,sub,mdt,1000,1000,0.949,0.006956938982052382,0.942,0.007391616873188169,0.051,0.028,0.03,1.023176332569447,0.9775913436032291,1.0698083218576169,2.765181926232025,2.693197748874041,2.814711402292685,0.5660781169860796,0.5305165795037446,-0.001270941494665001,641.835,419.856
58,null_conf50,776,0.35,nb,0.5,0.5317875209984096,0.0,rc,pct,1000,1000,0.956,0.006485676526007139,0.994,0.002442130217658347,0.044,0.002,0.004,0.7058497950606931,0.669297968252667,0.7464735280050511,2.246542319771183,2.1941263225747605,2.3062274031073655,0.6547911168373627,0.5311205783990883,-0.0006669425993213185,,
59,null_conf50,776,0.35,lognormal,0.5,0.5317875209984096,0.0,full,pct,1000,1000,0.992,0.0028170906978654425,0.942,0.007391616873188169,0.008,0.028,0.03,1.01779960168323,0.9644609784479444,1.0935256741124486,3.151136997594412,3.0908978210678373,3.2394845099978076,0.4665017951515889,0.5330241757416679,0.001236654743258292,776.0,421.232
59,null_conf50,776,0.35,lognormal,0.5,0.5317875209984096,0.0,full,bca,1000,1000,0.993,0.002636474919281427,0.938,0.00762600813007697,0.007,0.033,0.029,1.0405088831260658,0.9731011115599126,1.103273272263873,3.275677635016583,3.2343872775542564,3.31503054450829,0.467182918554632,0.5330241757416679,0.001236654743258292,776.0,421.232
59,null_conf50,776,0.35,lognormal,0.5,0.5317875209984096,0.0,full,cr0,1000,1000,0.991,0.0029864694875387575,0.944,0.007270763371201131,0.009,0.029,0.027,1.0239194985215394,0.9712504171035282,1.0793723128414259,3.1919235436809164,3.132797798765099,3.25807334435922,0.46633490483916307,0.533024175741668,0.001236654743258403,776.0,421.232
59,null_conf50,776,0.35,lognormal,0.5,0.5317875209984096,0.0,full,cr1t,1000,1000,0.991,0.0029864694875387575,0.946,0.0071473071852271785,0.009,0.027,0.027,1.0216615004681178,0.9691085675202638,1.076992027492009,3.1848845555976655,3.1258891977065306,3.2508884794552015,0.4673655625539609,0.533024175741668,0.001236654743258403,776.0,421.232
59,null_conf50,776,0.35,lognormal,0.5,0.5317875209984096,0.0,full,mdt,1000,1000,0.991,0.0029864694875387575,0.946,0.0071473071852271785,0.009,0.027,0.027,1.0173970853352727,0.9615123117557305,1.0724534102481984,3.1641380427502175,3.1099347787660014,3.2394402644460576,0.47036725523935247,0.533024175741668,0.001236654743258403,776.0,421.232
59,null_conf50,776,0.35,lognormal,0.5,0.5317875209984096,0.0,full_mh,pct,1000,1000,0.988,0.003443254274665176,0.942,0.007391616873188169,0.012,0.031,0.027,1.0362327909185776,0.9679985898449819,1.0849502625593317,3.1465553367093366,3.099811077279479,3.2168372659952404,0.47309705386855,0.5338624827033607,0.0020749617049510283,776.0,421.232
59,null_conf50,776,0.35,lognormal,0.5,0.5317875209984096,0.0,sub,pct,1000,1000,0.946,0.0071473071852271785,0.943,0.007331507348424336,0.054,0.027,0.03,1.0241465587309437,0.9552895324322512,1.1047410835958018,2.65232375094559,2.603212483879336,2.7875167998623525,0.5807128673785221,0.5340363403354322,0.0022488193370225895,596.701,421.232
59,null_conf50,776,0.35,lognormal,0.5,0.5317875209984096,0.0,sub,bca,1000,1000,0.945,0.007209368904418752,0.941,0.007451107300260817,0.055,0.029,0.03,1.0355802276419823,0.9766356877035048,1.1281497301466203,2.687432793591525,2.6402776598928748,2.805477323984168,0.5812923871140994,0.5340363403354322,0.0022488193370225895,596.701,421.232
59,null_conf50,776,0.35,lognormal,0.5,0.5317875209984096,0.0,sub,cr0,1000,1000,0.948,0.007021111023192843,0.943,0.007331507348424336,0.052,0.027,0.03,1.0260057085830043,0.9533681613437011,1.1048856879187523,2.6540106523454035,2.5938986843310063,2.7708460535506623,0.581112463244067,0.5340363403354322,0.0022488193370225895,596.701,421.232
59,null_conf50,776,0.35,lognormal,0.5,0.5317875209984096,0.0,sub,cr1t,1000,1000,0.947,0.007084560677981384,0.943,0.007331507348424336,0.053,0.027,0.03,1.0230513499539795,0.95068883208861,1.1016307844243163,2.6463129834303687,2.5864622059289246,2.7629288243653907,0.5827856676150676,0.5340363403354322,0.0022488193370225895,596.701,421.232
59,null_conf50,776,0.35,lognormal,0.5,0.5317875209984096,0.0,sub,mdt,1000,1000,0.946,0.0071473071852271785,0.944,0.007270763371201131,0.054,0.027,0.029,1.0152334919701174,0.9452274015073162,1.0952798266670287,2.6330178853449326,2.5697767063637085,2.7402420271567314,0.5874990690661142,0.5340363403354322,0.0022488193370225895,596.701,421.232
59,null_conf50,776,0.35,lognormal,0.5,0.5317875209984096,0.0,rc,pct,1000,1000,0.952,0.006759881655768837,0.991,0.0029864694875387575,0.048,0.002,0.007,0.7155835331607632,0.6772280242422399,0.7665250730584244,2.252890070761666,2.2001386098886644,2.2995424294178073,0.6695249399214963,0.5328329948647441,0.0010454738663344676,,
60,null_conf50,1475,0.15,nb,0.5,0.5574762627955476,0.0,full,pct,1000,1000,1.0,0.0,0.951,0.006826346021115546,0.0,0.023,0.026,0.9981156698964146,0.9482661906663121,1.0535329588509665,3.631090224255701,3.5513546037194454,3.683100622382099,0.4012062599618315,0.5577905066799627,0.00031424388441503304,1475.0,369.001
60,null_conf50,1475,0.15,nb,0.5,0.5574762627955476,0.0,full,bca,1000,1000,1.0,0.0,0.953,0.00669260786241059,0.0,0.025,0.022,0.99304246053417,0.9455490289226214,1.0655483701397164,3.676565588735141,3.63537253077355,3.7793204230122064,0.4013224141445861,0.5577905066799627,0.00031424388441503304,1475.0,369.001
60,null_conf50,1475,0.15,nb,0.5,0.5574762627955476,0.0,full,cr0,1000,1000,1.0,0.0,0.951,0.006826346021115546,0.0,0.025,0.024,0.9962869126099145,0.9524241938999418,1.0741062265979295,3.6873891697084287,3.6022530476741492,3.7872485181166984,0.4007942125385554,0.5577905066799627,0.00031424388441503304,1475.0,369.001
60,null_conf50,1475,0.15,nb,0.5,0.5574762627955476,0.0,full,cr1t,1000,1000,1.0,0.0,0.952,0.006759881655768837,0.0,0.025,0.023,0.9951313259106002,0.9513194832823016,1.0728603777832986,3.683112191033131,3.5980748178321527,3.7828557132337473,0.401259630970387,0.5577905066799627,0.00031424388441503304,1475.0,369.001
60,null_conf50,1475,0.15,nb,0.5,0.5574762627955476,0.0,full,mdt,1000,1000,1.0,0.0,0.952,0.006759881655768837,0.0,0.025,0.023,0.9932459759778017,0.9494246209219781,1.0708707573804805,3.6745215007049308,3.591035272613498,3.7691865627110754,0.40222842996189434,0.5577905066799627,0.00031424388441503304,1475.0,369.001
60,null_conf50,1475,0.15,nb,0.5,0.5574762627955476,0.0,full_mh,pct,1000,1000,1.0,0.0,0.943,0.007331507348424336,0.0,0.028,0.029,1.0276725675980303,0.9606203980071852,1.0761895974187468,3.548182512838625,3.4858204330523788,3.706949483175194,0.40870260059750935,0.5591297604295824,0.001653497634034773,1475.0,369.001
60,null_conf50,1475,0.15,nb,0.5,0.5574762627955476,0.0,sub,pct,1000,1000,0.98,0.0044271887242357325,0.939,0.007568289106528638,0.02,0.027,0.034,1.0657866225608341,0.9920422889902207,1.1114769738522068,2.985365800327087,2.9215079781032216,3.061706295605355,0.5262396128876395,0.558292541519849,0.0008162787243013447,1219.362,369.001
60,null_conf50,1475,0.15,nb,0.5,0.5574762627955476,0.0,sub,bca,1000,1000,0.98,0.0044271887242357325,0.941,0.007451107300260817,0.02,0.026,0.033,1.0593235483257197,0.9831418118332372,1.1043536718705,2.98258963062828,2.9211293543522583,3.075128364121393,0.5262624478232281,0.558292541519849,0.0008162787243013447,1219.362,369.001
60,null_conf50,1475,0.15,nb,0.5,0.5574762627955476,0.0,sub,cr0,1000,1000,0.979,0.00453420334788814,0.939,0.007568289106528638,0.021,0.026,0.035,1.0574911237498772,0.973897100529199,1.0972355168871184,2.9687485742145827,2.9003950719739793,3.0543864525594904,0.525611422168037,0.558292541519849,0.0008162787243013447,1219.362,369.001
60,null_conf50,1475,0.15,nb,0.5,0.5574762627955476,0.0,sub,cr1t,1000,1000,0.979,0.00453420334788814,0.939,0.007568289106528638,0.021,0.026,0.035,1.0559671316864445,0.9725424032120444,1.0956736893000314,2.964587030827924,2.8963736852827457,3.050095907769992,0.5263502495788602,0.558292541519849,0.0008162787243013447,1219.362,369.001
60,null_conf50,1475,0.15,nb,0.5,0.5574762627955476,0.0,sub,mdt,1000,1000,0.979,0.00453420334788814,0.939,0.007568289106528638,0.021,0.026,0.035,1.0518819981558372,0.96904445068745,1.0926321796159433,2.953430335041804,2.8852306994239263,3.039365290357416,0.5283009706618743,0.558292541519849,0.0008162787243013447,1219.362,369.001
60,null_conf50,1475,0.15,nb,0.5,0.5574762627955476,0.0,rc,pct,1000,1000,0.992,0.0028170906978654425,0.998,0.0014127986409959495,0.008,0.001,0.001,0.6589448194926264,0.609787936546582,0.691049741107093,2.4134080538878537,2.37664232202835,2.453266218518426,0.6201425070573446,0.5570259412029297,-0.0004503215926179305,,
61,null_conf50,1475,0.15,lognormal,0.5,0.5574762627955476,0.0,full,pct,1000,1000,1.0,0.0,0.952,0.006759881655768837,0.0,0.017,0.031,0.9869846338834717,0.9507361948893692,1.0287587654622252,3.4775989802567144,3.405409462445044,3.542143368800079,0.4184844986051594,0.5537666852726033,-0.0037095775229443184,1475.0,368.909
61,null_conf50,1475,0.15,lognormal,0.5,0.5574762627955476,0.0,full,bca,1000,1000,1.0,0.0,0.954,0.006624499981130654,0.0,0.021,0.025,0.9844078331249235,0.9391432706742235,1.0388454126875772,3.5819879445437652,3.5083292012287113,3.65343114172856,0.41890742989439167,0.5537666852726033,-0.0037095775229443184,1475.0,368.909
61,null_conf50,1475,0.15,lognormal,0.5,0.5574762627955476,0.0,full,cr0,1000,1000,1.0,0.0,0.957,0.006414904519944161,0.0,0.018,0.025,0.973574596137128,0.940538147283713,1.0266218810518355,3.5200840710901673,3.44996579310417,3.6013916737823597,0.4185496181298878,0.5537666852726033,-0.0037095775229443184,1475.0,368.909
61,null_conf50,1475,0.15,lognormal,0.5,0.5574762627955476,0.0,full,cr1t,1000,1000,1.0,0.0,0.957,0.006414904519944161,0.0,0.018,0.025,0.9724453533057237,0.939447223214107,1.0254311090202513,3.516001148508796,3.445964200256626,3.597214443042329,0.4190356548560169,0.5537666852726033,-0.0037095775229443184,1475.0,368.909
61,null_conf50,1475,0.15,lognormal,0.5,0.5574762627955476,0.0,full,mdt,1000,1000,1.0,0.0,0.958,0.006343185319695463,0.0,0.018,0.024,0.9698166332852755,0.932731809633816,1.0213204847927415,3.4967531421245437,3.429240636306347,3.587485675393038,0.421097191056197,0.5537666852726033,-0.0037095775229443184,1475.0,368.909
61,null_conf50,1475,0.15,lognormal,0.5,0.5574762627955476,0.0,full_mh,pct,1000,1000,1.0,0.0,0.953,0.00669260786241059,0.0,0.014,0.033,0.9911287368679322,0.9353074864614696,1.0280533500468376,3.4010909716243725,3.3389382282695115,3.5349408146190853,0.4261217495993614,0.552932255559244,-0.00454400723630366,1475.0,368.909
61,null_conf50,1475,0.15,lognormal,0.5,0.5574762627955476,0.0,sub,pct,1000,1000,0.979,0.00453420334788814,0.94,0.007509993342207438,0.021,0.022,0.038,1.0462056195606233,0.9650777539355735,1.0784578061297412,2.882410852284185,2.833634780624503,2.941275159667336,0.539428438349955,0.5513593978188576,-0.006116864976690062,1133.746,368.909
61,null_conf50,1475,0.15,lognormal,0.5,0.5574762627955476,0.0,sub,bca,1000,1000,0.979,0.00453420334788814,0.937,0.007683163410991592,0.021,0.023,0.04,1.0300144064752768,0.9940522587402696,1.0681362789066207,2.9267404029723942,2.853759645816385,2.9732663932624073,0.539856480686209,0.5513593978188576,-0.006116864976690062,1133.746,368.909
61,null_conf50,1475,0.15,lognormal,0.5,0.5574762627955476,0.0,sub,cr0,1000,1000,0.978,0.004638534251247911,0.941,0.007451107300260817,0.022,0.021,0.038,1.0374441225020588,0.9706418158401515,1.0799180510052508,2.890475874134634,2.8170588325272172,2.951625088383597,0.5390757327471961,0.5513593978188576,-0.006116864976690062,1133.746,368.909
61,null_conf50,1475,0.15,lognormal,0.5,0.5574762627955476,0.0,sub,cr1t,1000,1000,0.978,0.004638534251247911,0.941,0.007451107300260817,0.022,0.021,0.038,1.0358500137857325,0.9691668961925112,1.0783169125513206,2.886312474865276,2.8128419153037507,2.947263988897216,0.5398909637167444,0.5513593978188576,-0.006116864976690062,1133.746,368.909
61,null_conf50,1475,0.15,lognormal,0.5,0.5574762627955476,0.0,sub,mdt,1000,1000,0.978,0.004638534251247911,0.944,0.007270763371201131,0.022,0.021,0.035,1.0322994679165445,0.9648024001517914,1.072696594568705,2.8622342040144177,2.8021744549721768,2.9363705245755316,0.5434159451721926,0.5513593978188576,-0.006116864976690062,1133.746,368.909
61,null_conf50,1475,0.15,lognormal,0.5,0.5574762627955476,0.0,rc,pct,1000,1000,0.989,0.0032983329122452166,0.997,0.0017294507798720387,0.011,0.002,0.001,0.664119735058029,0.6391183568928511,0.7044770484023235,2.3551893254719483,2.3202110733503334,2.408917280970874,0.6328338244415586,0.5542704053819989,-0.0032058574135487294,,
62,null_conf50,1475,0.35,nb,0.5,0.5317875209984096,0.0,full,pct,1000,1000,1.0,0.0,0.95,0.006892024376045114,0.0,0.018,0.032,0.9938001928508454,0.9334212058969519,1.0597574176069313,4.067469829554818,4.012957469862528,4.131887528769309,0.32316510335504117,0.5269132902780956,-0.00487423072031401,1475.0,793.634
62,null_conf50,1475,0.35,nb,0.5,0.5317875209984096,0.0,full,bca,1000,1000,1.0,0.0,0.952,0.006759881655768837,0.0,0.018,0.03,0.9831558429185998,0.9354655129479277,1.073327600684567,4.117619195045727,4.060936745786829,4.175687746446425,0.3231842535413418,0.5269132902780956,-0.00487423072031401,1475.0,793.634
62,null_conf50,1475,0.35,nb,0.5,0.5317875209984096,0.0,full,cr0,1000,1000,1.0,0.0,0.953,0.00669260786241059,0.0,0.018,0.029,0.9752575759137165,0.9285275492711276,1.0522987449881716,4.071623134025993,4.016434055740027,4.157226955687484,0.3232078489974738,0.5269132902780956,-0.00487423072031401,1475.0,793.634
62,null_conf50,1475,0.35,nb,0.5,0.5317875209984096,0.0,full,cr1t,1000,1000,1.0,0.0,0.953,0.00669260786241059,0.0,0.018,0.029,0.9741263810050337,0.9274505562159107,1.0510781905293873,4.066900484878693,4.011775420045084,4.152405015225133,0.32358317100944417,0.5269132902780956,-0.00487423072031401,1475.0,793.634
62,null_conf50,1475,0.35,nb,0.5,0.5317875209984096,0.0,full,mdt,1000,1000,1.0,0.0,0.953,0.00669260786241059,0.0,0.018,0.029,0.9726637932697865,0.926100961062508,1.0496665076561777,4.060913727264799,4.006146034639477,4.1464472709579665,0.3240569106948913,0.5269132902780956,-0.00487423072031401,1475.0,793.634
62,null_conf50,1475,0.35,nb,0.5,0.5317875209984096,0.0,full_mh,pct,1000,1000,1.0,0.0,0.955,0.00655553201502365,0.0,0.016,0.029,0.9777943606188596,0.9389935305681488,1.0355025383628147,4.025770888477312,3.951816664662564,4.104339024048735,0.3280846474262063,0.5266874517879531,-0.0051000692104565815,1475.0,793.634
62,null_conf50,1475,0.35,nb,0.5,0.5317875209984096,0.0,sub,pct,1000,1000,0.997,0.0017294507798720387,0.952,0.006759881655768837,0.003,0.02,0.028,0.9963628232528717,0.9133809788111572,1.0631025426195706,3.3668614106004187,3.323519275742579,3.481774732667109,0.4087639261188016,0.5269823884994316,-0.004805132498978071,1219.161,793.634
62,null_conf50,1475,0.35,nb,0.5,0.5317875209984096,0.0,sub,bca,1000,1000,0.997,0.0017294507798720387,0.95,0.006892024376045114,0.003,0.023,0.027,0.9858683770191322,0.9146062855411143,1.0683040939894914,3.3963796812020695,3.3432661928711007,3.478095912303373,0.40878558688312205,0.5269823884994316,-0.004805132498978071,1219.161,793.634
62,null_conf50,1475,0.35,nb,0.5,0.5317875209984096,0.0,sub,cr0,1000,1000,0.997,0.0017294507798720387,0.953,0.00669260786241059,0.003,0.019,0.028,0.9915218009044724,0.914170514201265,1.0480084417167828,3.369728527132667,3.330833991940178,3.4436426499568618,0.4090529408171749,0.5269823884994317,-0.00480513249897796,1219.161,793.634
62,null_conf50,1475,0.35,nb,0.5,0.5317875209984096,0.0,sub,cr1t,1000,1000,0.997,0.0017294507798720387,0.953,0.00669260786241059,0.003,0.019,0.028,0.9901317889227491,0.9129030202743686,1.0465216344353359,3.3650399592255527,3.3261046221749075,3.438785364507092,0.40962801074606037,0.5269823884994317,-0.00480513249897796,1219.161,793.634
62,null_conf50,1475,0.35,nb,0.5,0.5317875209984096,0.0,sub,mdt,1000,1000,0.997,0.0017294507798720387,0.954,0.006624499981130654,0.003,0.019,0.027,0.9880093208119828,0.9107226027293002,1.0447055690317764,3.3588303896809624,3.318858686572149,3.4309540035799806,0.41050255400734287,0.5269823884994317,-0.00480513249897796,1219.161,793.634
62,null_conf50,1475,0.35,nb,0.5,0.5317875209984096,0.0,rc,pct,1000,1000,0.997,0.0017294507798720387,0.996,0.0019959959919799443,0.003,0.001,0.003,0.6849162444608378,0.6482227681844637,0.7395883228426884,2.8304227338885513,2.7771068350052808,2.893957982946272,0.4762310764270473,0.5269348533149391,-0.004852667683470591,,
63,null_conf50,1475,0.35,lognormal,0.5,0.5317875209984096,0.0,full,pct,1000,1000,1.0,0.0,0.947,0.007084560677981384,0.0,0.027,0.026,1.004955485381495,0.950019144843197,1.0878699470144269,3.995026439794884,3.933853532828136,4.1008509750718565,0.34030402270388593,0.5286019298695904,-0.0031855911288192207,1475.0,795.452
63,null_conf50,1475,0.35,lognormal,0.5,0.5317875209984096,0.0,full,bca,1000,1000,1.0,0.0,0.949,0.006956938982052382,0.0,0.028,0.023,1.002247348135056,0.9491955449567958,1.0957876976394856,4.0549306201140425,3.9796693763684825,4.148559886902149,0.34064584129988995,0.5286019298695904,-0.0031855911288192207,1475.0,795.452
63,null_conf50,1475,0.35,lognormal,0.5,0.5317875209984096,0.0,full,cr0,1000,1000,1.0,0.0,0.952,0.006759881655768837,0.0,0.026,0.022,0.9970934775896753,0.9514625203456948,1.0777726064338489,4.010387058025673,3.9287143109046267,4.138704392899277,0.3406720841579118,0.5286019298695904,-0.0031855911288192207,1475.0,795.452
63,null_conf50,1475,0.35,lognormal,0.5,0.5317875209984096,0.0,full,cr1t,1000,1000,1.0,0.0,0.953,0.00669260786241059,0.0,0.026,0.021,0.9959369553608955,0.9503589251669451,1.076522505009132,4.005735436203985,3.924157420770242,4.133903936636832,0.34106768634531204,0.5286019298695904,-0.0031855911288192207,1475.0,795.452
63,null_conf50,1475,0.35,lognormal,0.5,0.5317875209984096,0.0,full,mdt,1000,1000,1.0,0.0,0.953,0.00669260786241059,0.0,0.026,0.021,0.9934509988675919,0.9465938626199326,1.0743603254973701,3.994615509717724,3.9130425181596444,4.114072007979561,0.34227188476910114,0.5286019298695904,-0.0031855911288192207,1475.0,795.452
63,null_conf50,1475,0.35,lognormal,0.5,0.5317875209984096,0.0,full_mh,pct,1000,1000,1.0,0.0,0.953,0.00669260786241059,0.0,0.018,0.029,0.9873780933895759,0.941299343953408,1.0542289683459212,3.95105889025731,3.8541720470163696,4.0238639782295795,0.3454707183328825,0.5280829244451729,-0.0037045965532367386,1475.0,795.452
63,null_conf50,1475,0.35,lognormal,0.5,0.5317875209984096,0.0,sub,pct,1000,1000,1.0,0.0,0.954,0.006624499981130654,0.0,0.023,0.023,0.9881388348626844,0.9273719101484122,1.044911351544435,3.356641979522328,3.278099910939101,3.4428940346541803,0.42257142431077915,0.5301288489669778,-0.0016586720314318848,1133.496,795.452
63,null_conf50,1475,0.35,lognormal,0.5,0.5317875209984096,0.0,sub,bca,1000,1000,1.0,0.0,0.954,0.006624499981130654,0.0,0.023,0.023,0.9938085684882426,0.9243166509873498,1.066474011749169,3.3581596921741843,3.3134359983853923,3.473443902027509,0.4228736026244394,0.5301288489669778,-0.0016586720314318848,1133.496,795.452
63,null_conf50,1475,0.35,lognormal,0.5,0.5317875209984096,0.0,sub,cr0,1000,1000,1.0,0.0,0.953,0.00669260786241059,0.0,0.024,0.023,0.976411959568441,0.9186604315088716,1.049089010737443,3.3358550275094014,3.2453077194886433,3.4216048558782517,0.42315796497375924,0.5301288489669778,-0.0016586720314318848,1133.496,795.452
63,null_conf50,1475,0.35,lognormal,0.5,0.5317875209984096,0.0,sub,cr1t,1000,1000,1.0,0.0,0.953,0.00669260786241059,0.0,0.024,0.023,0.9749368670826362,0.9172532475576424,1.047525448557984,3.330906546141389,3.2403851227950233,3.4166853430813586,0.4237979872695005,0.5301288489669778,-0.0016586720314318848,1133.496,795.452
63,null_conf50,1475,0.35,lognormal,0.5,0.5317875209984096,0.0,sub,mdt,1000,1000,1.0,0.0,0.953,0.00669260786241059,0.0,0.024,0.023,0.9716519971731987,0.9144031493137428,1.044183754269578,3.319284687620987,3.228550692176632,3.4048809536942266,0.42567971571385826,0.5301288489669778,-0.0016586720314318848,1133.496,795.452
63,null_conf50,1475,0.35,lognormal,0.5,0.5317875209984096,0.0,rc,pct,1000,1000,1.0,0.0,0.995,0.002230470802319547,0.0,0.002,0.003,0.726616930350172,0.6849525097367429,0.7757815714628562,2.827307958448162,2.7854288009937376,2.8562194760371504,0.48814031451683493,0.528173578037631,-0.00361394296077866,,
64,alt05,44,0.15,nb,0.0,0.5000000000000162,0.5695641455081296,full,pct,4000,4000,0.145,0.00556720306796869,0.9325,0.003966854862482367,0.92825,0.02825,0.03925,1.0846835385765874,1.0497429451014455,1.1178852013306295,1.3649917374722886,1.3387428207434304,1.4058017133270162,2.4268584228227863,0.5051314095573902,0.0051314095573740115,44.0,10.731
64,alt05,44,0.15,nb,0.0,0.5000000000000162,0.5695641455081296,full,bca,4000,4000,0.15825,0.0057707654929827126,0.9435,0.003650607826102387,0.94275,0.031,0.0255,1.034486550902098,0.9993002664309149,1.0615729754967858,1.379032686232625,1.3296434309044685,1.4246729414460395,2.38274642963072,0.5051314095573902,0.0051314095573740115,44.0,10.731
64,alt05,44,0.15,nb,0.0,0.5000000000000162,0.5695641455081296,full,cr0,4000,4000,0.1985,0.006306697828499476,0.9305,0.004020875215671335,0.93575,0.04375,0.02575,1.0670072354965474,1.040090797619648,1.0991041068678327,1.4977109916557079,1.455624850910277,1.5380664196839349,2.219621985289451,0.5051314095573902,0.0051314095573740115,44.0,10.731
64,alt05,44,0.15,nb,0.0,0.5000000000000162,0.5695641455081296,full,cr1t,4000,4000,0.181,0.00608767196882355,0.94325,0.003658190724251538,0.9465,0.037,0.01975,1.02514129114844,0.999280968031324,1.0559787841520116,1.4389456122466107,1.398510796785263,1.4777176226111448,2.3102695587628213,0.5051314095573902,0.0051314095573740115,44.0,10.731
64,alt05,44,0.15,nb,0.0,0.5000000000000162,0.5695641455081296,full,mdt,4000,4000,0.1555,0.005729741486315068,0.95575,0.0032516125807051494,0.957,0.02925,0.015,0.9788821139356758,0.9499944256481282,1.0065741223255933,1.3616238746322937,1.3223999421829025,1.399855922792106,2.4542306999845196,0.5051314095573902,0.0051314095573740115,44.0,10.731
64,alt05,44,0.15,nb,0.0,0.5000000000000162,0.5695641455081296,full_mh,pct,4000,4000,0.12625,0.00525145069242776,0.932,0.003980452235613435,0.92975,0.0245,0.0435,1.0699130927248903,1.0389296305438305,1.0987894334394082,1.2928042568105476,1.2541744136498088,1.3359334531198772,2.590858119181378,0.4608254939427178,-0.039174506057298386,44.0,10.731
64,alt05,44,0.15,nb,0.0,0.5000000000000162,0.5695641455081296,sub,pct,4000,4000,0.1255,0.005238075744011345,0.9315,0.00399398766898447,0.934,0.03975,0.02875,1.073860542092428,1.0406732716033489,1.1213743702174717,1.322833165319873,1.2650402083998171,1.3712411841908743,3.334988486087652,0.526434908167223,0.02643490816720684,36.15875,10.731
64,alt05,44,0.15,nb,0.0,0.5000000000000162,0.5695641455081296,sub,bca,4000,4000,0.09275,0.004586595619301968,0.954,0.003312249990565327,0.95375,0.02275,0.02325,0.9773401817497062,0.9460171957489955,1.0109462593820016,1.187039836162387,1.1479311561255892,1.2208032358795633,3.3157611917098704,0.526434908167223,0.02643490816720684,36.15875,10.731
64,alt05,44,0.15,nb,0.0,0.5000000000000162,0.5695641455081296,sub,cr0,4000,4000,0.108,0.004907545211202848,0.948,0.0035105555115964213,0.9455,0.02625,0.02575,1.0163108019502847,0.9812734328032321,1.049891456158333,1.2197366290089833,1.1921197064793931,1.248626407966404,3.0694200475399174,0.526434908167223,0.02643490816720684,36.15875,10.731
64,alt05,44,0.15,nb,0.0,0.5000000000000162,0.5695641455081296,sub,cr1t,4000,4000,0.09225,0.004575476409621189,0.95675,0.003216342546278304,0.95625,0.02225,0.021,0.9648036979221869,0.9330848808925258,1.0033602940674218,1.1624732426183875,1.1356662210418906,1.1908553352270828,3.2261190402395177,0.526434908167223,0.02643490816720684,36.15875,10.731
64,alt05,44,0.15,nb,0.0,0.5000000000000162,0.5695641455081296,sub,mdt,4000,4000,0.0655,0.003911833010239573,0.9725,0.002585717985395931,0.9705,0.013,0.0145,0.8848844959479796,0.8615889948714757,0.9133811135657489,1.0596189393373898,1.0374651155230257,1.0877538370305886,3.597763193532119,0.526434908167223,0.02643490816720684,36.15875,10.731
64,alt05,44,0.15,nb,0.0,0.5000000000000162,0.5695641455081296,rc,pct,4000,4000,0.02425,0.0024321768798753105,0.9955,0.0010582709955394164,0.99425,0.00175,0.00275,0.6577362896500155,0.6360135694263163,0.6758502290114883,0.885379511553592,0.8667304373629959,0.9112591399485481,4.018142125825862,0.5022380337144831,0.002238033714466847,,
65,alt05,44,0.15,lognormal,0.0,0.5000000000000162,0.5695641455081296,full,pct,4000,4000,0.13975,0.005482242641018363,0.93375,0.003932586219652407,0.93425,0.029,0.03725,1.0680462235248585,1.0361343164585228,1.1025004133639793,1.3534566605194362,1.3078815679595133,1.411939944765633,2.5014262949424535,0.490570842619006,-0.00942915738101019,44.0,10.72875
65,alt05,44,0.15,lognormal,0.0,0.5000000000000162,0.5695641455081296,full,bca,4000,4000,0.15125,0.005665100120474483,0.94375,0.0036430048551985223,0.9425,0.0305,0.02575,1.0487877090994957,0.9974509110731826,1.085889707313583,1.3685310508438997,1.3369465288677933,1.4165219959754924,2.4578133110559537,0.490570842619006,-0.00942915738101019,44.0,10.72875
65,alt05,44,0.15,lognormal,0.0,0.5000000000000162,0.5695641455081296,full,cr0,4000,4000,0.19725,0.0062917095749088735,0.92425,0.004183656818502205,0.92875,0.0465,0.02925,1.1173920201489584,1.083730367529305,1.152451608092918,1.540368088815483,1.4903865313173859,1.5917022777352767,2.232595608537884,0.4905708426190061,-0.009429157381010134,44.0,10.72875
65,alt05,44,0.15,lognormal,0.0,0.5000000000000162,0.5695641455081296,full,cr1t,4000,4000,0.17875,0.006058020252112071,0.933,0.003953194910449014,0.938,0.041,0.026,1.0735491383255702,1.0412082610749644,1.1072331003984954,1.4799289816224206,1.431908540258342,1.5292489814861567,2.3237730143315423,0.4905708426190061,-0.009429157381010134,44.0,10.72875
65,alt05,44,0.15,lognormal,0.0,0.5000000000000162,0.5695641455081296,full,mdt,4000,4000,0.142,0.005518967294702877,0.95125,0.003404902256306338,0.9545,0.02825,0.0205,0.9929890741267019,0.9635534015140114,1.0284233657297839,1.3556532705863344,1.3221636590683028,1.4076187913351175,2.5381168979373703,0.4905708426190061,-0.009429157381010134,44.0,10.72875
65,alt05,44,0.15,lognormal,0.0,0.5000000000000162,0.5695641455081296,full_mh,pct,4000,3999,0.1207801950487622,0.005153127551698804,0.932733183295824,0.003960987297853799,0.9319829957489373,0.024756189047261814,0.04251062765691423,1.0745361376384504,1.0464272122678062,1.1076137525880672,1.2873090167111687,1.2419909378640115,1.3282873724805266,2.6493353022229837,0.4472693714964615,-0.0527306285035547,44.0,10.72875
65,alt05,44,0.15,lognormal,0.0,0.5000000000000162,0.5695641455081296,sub,pct,4000,4000,0.11475,0.005039405656920268,0.929,0.004060757318530619,0.92825,0.03275,0.03825,1.0998923973364971,1.0683985718778497,1.1414375587648042,1.2745882875219974,1.2436384385172765,1.3060328911141605,3.3817702452327274,0.4717207185111612,-0.028279281488855,33.7155,10.72875
65,alt05,44,0.15,lognormal,0.0,0.5000000000000162,0.5695641455081296,sub,bca,4000,4000,0.0825,0.004350107757286019,0.94725,0.0035343824602043273,0.946,0.02,0.03275,1.0160929516662365,0.9807827069792969,1.0474534683450676,1.139565511447082,1.108114214920512,1.177361818757147,3.3655886766549035,0.4717207185111612,-0.028279281488855,33.7155,10.72875
65,alt05,44,0.15,lognormal,0.0,0.5000000000000162,0.5695641455081296,sub,cr0,4000,4000,0.107,0.004887509590783429,0.93575,0.003876916864597435,0.93375,0.0255,0.03875,1.0667908015822862,1.0343363601926638,1.1090069123443904,1.2274592410075167,1.187711117266343,1.2680908383541944,3.055521707892469,0.4717207185111612,-0.028279281488855,33.7155,10.72875
65,alt05,44,0.15,lognormal,0.0,0.5000000000000162,0.5695641455081296,sub,cr1t,4000,4000,0.08975,0.004519262591950151,0.94775,0.0035185201967588594,0.94425,0.0205,0.03175,1.0093578672382204,0.983325586428092,1.0574959638489476,1.1649343583930396,1.1289855674701454,1.2071119254837792,3.224675386065591,0.4717207185111612,-0.028279281488855,33.7155,10.72875
65,alt05,44,0.15,lognormal,0.0,0.5000000000000162,0.5695641455081296,sub,mdt,4000,4000,0.0585,0.0037107192698990314,0.9675,0.0028037363463778104,0.9635,0.01175,0.02075,0.9116224353816256,0.8836397355522394,0.9441671534982334,1.0362946286490637,1.0125460671781403,1.0820228906833822,3.691760355161462,0.4717207185111612,-0.028279281488855,33.7155,10.72875
65,alt05,44,0.15,lognormal,0.0,0.5000000000000162,0.5695641455081296,rc,pct,4000,4000,0.0245,0.0024443685278615415,0.996,0.0009979979959899722,0.99475,0.00075,0.00325,0.656377638098943,0.6276729911336956,0.682331326702942,0.8858780154982683,0.86440647019428,0.9162098757170429,4.1123401512583495,0.49119673944255976,-0.00880326055745645,,
66,alt05,44,0.35,nb,0.0,0.5000000000000001,0.567114089344899,full,pct,4000,4000,0.20275,0.006356933960251593,0.931,0.0040074617902108554,0.92775,0.03275,0.03625,1.096220290110064,1.0506505532691817,1.127850196585676,1.511504410984846,1.4590955470013582,1.5643998984746847,1.872043902111322,0.49745426859743247,-0.0025457314025676414,44.0,23.3955
66,alt05,44,0.35,nb,0.0,0.5000000000000001,0.567114089344899,full,bca,4000,4000,0.201,0.006336383037664311,0.932,0.003980452235613435,0.92925,0.033,0.035,1.0801735304069908,1.049902508049581,1.1130381720344078,1.4951729457737946,1.4599872870057407,1.5409583106897413,1.871969432430199,0.49745426859743247,-0.0025457314025676414,44.0,23.3955
66,alt05,44,0.35,nb,0.0,0.5000000000000001,0.567114089344899,full,cr0,4000,4000,0.2265,0.006618114346246973,0.927,0.004113119254288647,0.92375,0.036,0.037,1.1028933081253098,1.0714586114259506,1.1312426818891999,1.5477846206804027,1.500786748500787,1.5938494941778458,1.785568546538519,0.49745426859743247,-0.0025457314025676414,44.0,23.3955
66,alt05,44,0.35,nb,0.0,0.5000000000000001,0.567114089344899,full,cr1t,4000,4000,0.20425,0.006374400707125336,0.93625,0.0038628337234470752,0.935,0.03225,0.0315,1.0596193092958772,1.0294180093522598,1.0868563444880885,1.4870545125456565,1.4419006862503558,1.5313119480369748,1.8584897273011889,0.49745426859743247,-0.0025457314025676414,44.0,23.3955
66,alt05,44,0.35,nb,0.0,0.5000000000000001,0.567114089344899,full,mdt,4000,4000,0.1845,0.006133101784578502,0.94425,0.003627738189974573,0.94425,0.028,0.02775,1.0218419807633015,0.9909628697905671,1.0490404434877942,1.4299447485978383,1.3898071905667093,1.4616971208705811,1.9372100468850852,0.49745426859743247,-0.0025457314025676414,44.0,23.3955
66,alt05,44,0.35,nb,0.0,0.5000000000000001,0.567114089344899,full_mh,pct,4000,4000,0.18975,0.006199696313126959,0.92925,0.004054147182207374,0.92975,0.034,0.03675,1.0824277932773543,1.0571174203979758,1.1234187973003669,1.48501269654481,1.4385986083646303,1.5365371311432303,1.9623135614743172,0.49591347884022546,-0.004086521159774648,44.0,23.3955
66,alt05,44,0.35,nb,0.0,0.5000000000000001,0.567114089344899,sub,pct,4000,4000,0.147,0.0055989061431676096,0.93175,0.003987227655276283,0.93425,0.03325,0.035,1.0719089689915513,1.0486618464672455,1.1096550363072777,1.349213557037532,1.309080749392731,1.3955481071500178,2.4065372684331092,0.48994466799452596,-0.010055332005474149,36.166,23.3955
66,alt05,44,0.35,nb,0.0,0.5000000000000001,0.567114089344899,sub,bca,4000,4000,0.13325,0.0053734169180326965,0.9395,0.003769607075014583,0.93775,0.0265,0.034,1.047511469438554,1.015522107557803,1.0701151547355152,1.291081728698294,1.253760251110394,1.3398391282714734,2.405534240123533,0.48994466799452596,-0.010055332005474149,36.166,23.3955
66,alt05,44,0.35,nb,0.0,0.5000000000000001,0.567114089344899,sub,cr0,4000,4000,0.143,0.005535137757996633,0.93375,0.003932586219652407,0.9315,0.02925,0.037,1.070618115279817,1.039959865511354,1.1006248593655967,1.3176062431091127,1.2870133402331687,1.3482443945739533,2.3279263332556495,0.48994466799452596,-0.010055332005474149,36.166,23.3955
66,alt05,44,0.35,nb,0.0,0.5000000000000001,0.567114089344899,sub,cr1t,4000,4000,0.12125,0.0051611151290200845,0.94575,0.0035814430576235614,0.94425,0.0235,0.03075,1.0194020972453093,0.9909613943739931,1.0483643323143415,1.2545959284571169,1.2251776941505519,1.285729961437304,2.446827841311141,0.48994466799452596,-0.010055332005474149,36.166,23.3955
66,alt05,44,0.35,nb,0.0,0.5000000000000001,0.567114089344899,sub,mdt,4000,4000,0.099,0.004722261110950982,0.95875,0.0031443774224796874,0.95525,0.01825,0.023,0.9672275174640762,0.9388454542447624,0.9916028723824445,1.189166448030379,1.1584256232273868,1.2279886729273148,2.6051144003871234,0.48994466799452596,-0.010055332005474149,36.166,23.3955
66,alt05,44,0.35,nb,0.0,0.5000000000000001,0.567114089344899,rc,pct,4000,4000,0.0475,0.003363173724326473,0.99425,0.0011955059075554617,0.99475,0.0025,0.00325,0.7159529608612544,0.6936719133192033,0.7395501812877839,0.9938611622923292,0.968858379415604,1.0147468769887829,2.8475655034222758,0.49630131393878596,-0.0036986860612141514,,
67,alt05,44,0.35,lognormal,0.0,0.5000000000000001,0.567114089344899,full,pct,4000,4000,0.187,0.006165042578928389,0.936,0.0038698837191833025,0.935,0.02975,0.03425,1.0620876672664277,1.0289981955930292,1.0943459450239361,1.4601251354220226,1.420059060912465,1.508671927005115,1.929506405139428,0.490331648297282,-0.009668351702718125,44.0,23.34225
67,alt05,44,0.35,lognormal,0.0,0.5000000000000001,0.567114089344899,full,bca,4000,4000,0.192,0.006227680145929141,0.93425,0.003918766945736885,0.93025,0.0315,0.03425,1.0693936504755055,1.0445091774922732,1.0933711356814204,1.4665857732163652,1.4258682123510016,1.5205977292601305,1.9264718620438241,0.490331648297282,-0.009668351702718125,44.0,23.34225
67,alt05,44,0.35,lognormal,0.0,0.5000000000000001,0.567114089344899,full,cr0,4000,4000,0.22375,0.006589498036648922,0.92525,0.004158197851834373,0.9225,0.0375,0.03725,1.1010040067458953,1.0693926093744193,1.1331322055314674,1.5346778561045065,1.4950216464641453,1.5899167496311726,1.807334052225689,0.490331648297282,-0.009668351702718125,44.0,23.34225
67,alt05,44,0.35,lognormal,0.0,0.5000000000000001,0.567114089344899,full,cr1t,4000,4000,0.20125,0.006339330356985666,0.9355,0.003883933251228708,0.9345,0.03325,0.03125,1.0578041380477081,1.0274330706000532,1.0886717292782286,1.4744620154068158,1.436361788341481,1.52753351178255,1.8811441187036018,0.490331648297282,-0.009668351702718125,44.0,23.34225
67,alt05,44,0.35,lognormal,0.0,0.5000000000000001,0.567114089344899,full,mdt,4000,4000,0.1715,0.005960028313691136,0.953,0.003346303931205295,0.95125,0.024,0.023,0.9851832988035358,0.961433600829692,1.0217560323217931,1.3965303039859507,1.362827189397448,1.4325081850410322,2.01548233785913,0.490331648297282,-0.009668351702718125,44.0,23.34225
67,alt05,44,0.35,lognormal,0.0,0.5000000000000001,0.567114089344899,full_mh,pct,4000,4000,0.174,0.005994247242148091,0.93775,0.0038201746524210126,0.935,0.03,0.03225,1.0543862424442902,1.0215771636910027,1.0895031705585314,1.4398343715158732,1.3979023742707413,1.4947793441231327,2.0270878952969777,0.48103879975822933,-0.01896120024177078,44.0,23.34225
67,alt05,44,0.35,lognormal,0.0,0.5000000000000001,0.567114089344899,sub,pct,4000,4000,0.146,0.005583099497590921,0.9365,0.0038557667849598992,0.93475,0.03175,0.03175,1.0627396328828376,1.0349216310395009,1.1116216604199511,1.356416564367354,1.3235059449908047,1.3995933120325368,2.4770527999529572,0.4931978295394741,-0.0068021704605260025,33.6375,23.34225
67,alt05,44,0.35,lognormal,0.0,0.5000000000000001,0.567114089344899,sub,bca,4000,4000,0.13575,0.005415762584807425,0.942,0.0036958084365940843,0.93875,0.02775,0.03025,1.0376175353359343,1.0057295304851723,1.0813233226865864,1.3248809661960657,1.274485977966485,1.3563353351113152,2.4712194445179456,0.4931978295394741,-0.0068021704605260025,33.6375,23.34225
67,alt05,44,0.35,lognormal,0.0,0.5000000000000001,0.567114089344899,sub,cr0,4000,4000,0.153,0.005691902142517912,0.9355,0.003883933251228708,0.93075,0.0305,0.034,1.063628285791729,1.0359683245158846,1.0990795049018802,1.3482005238484098,1.3073307511932875,1.388431844990268,2.353255100066727,0.4931978295394741,-0.0068021704605260025,33.6375,23.34225
67,alt05,44,0.35,lognormal,0.0,0.5000000000000001,0.567114089344899,sub,cr1t,4000,4000,0.13075,0.005330441761711688,0.948,0.0035105555115964213,0.9455,0.02425,0.02775,1.0109290303778955,0.9775741333708382,1.0406026770605967,1.279643007193164,1.2420478960031665,1.3214302871326977,2.483877670231533,0.4931978295394741,-0.0068021704605260025,33.6375,23.34225
67,alt05,44,0.35,lognormal,0.0,0.5000000000000001,0.567114089344899,sub,mdt,4000,4000,0.10075,0.004759186839681754,0.962,0.003023077901741867,0.961,0.01775,0.02025,0.933743141941009,0.9070177301137415,0.9757121385148302,1.185876588164441,1.1437035556539794,1.2161570829404533,2.713189853728481,0.4931978295394741,-0.0068021704605260025,33.6375,23.34225
67,alt05,44,0.35,lognormal,0.0,0.5000000000000001,0.567114089344899,rc,pct,4000,4000,0.0445,0.0032603584925587556,0.99475,0.0011426326509425479,0.99375,0.00275,0.0025,0.6939703634687281,0.6713744135589744,0.715240206217891,0.9697405851195398,0.9464255575319328,1.004283602506778,2.920357625422897,0.48882965529673916,-0.011170344703260948,,
68,alt05,164,0.15,nb,0.0,0.5000000000000162,0.5695641455081296,full,pct,3000,3000,0.35733333333333334,0.008749213721286087,0.945,0.004162331077653484,0.9373333333333334,0.027,0.028,1.0177663685121028,0.9881751218851755,1.0666391844781253,1.7321872714249582,1.6892852450300802,1.7761246073665788,1.1984448328989565,0.5030284444713962,0.003028444471379954,164.0,40.056
68,alt05,164,0.15,nb,0.0,0.5000000000000162,0.5695641455081296,full,bca,3000,3000,0.38333333333333336,0.008876727792170733,0.942,0.00426755199148177,0.9423333333333334,0.033666666666666664,0.024333333333333332,1.0280904270604243,0.9986432827026078,1.06059147486247,1.795266857918754,1.7511480797584111,1.8486641825422814,1.1953781979592073,0.5030284444713962,0.003028444471379954,164.0,40.056
68,alt05,164,0.15,nb,0.0,0.5000000000000162,0.5695641455081296,full,cr0,3000,3000,0.4033333333333333,0.008956479136274394,0.945,0.004162331077653484,0.9443333333333334,0.033666666666666664,0.021333333333333333,1.0241062766628724,0.9946342768782253,1.066143596252072,1.8233821149552052,1.7906631668057027,1.8788259099088467,1.178668824158097,0.5030284444713962,0.003028444471379954,164.0,40.056
68,alt05,164,0.15,nb,0.0,0.5000000000000162,0.5695641455081296,full,cr1t,3000,3000,0.3933333333333333,0.008918561584736674,0.947,0.004090273014522789,0.9473333333333334,0.03233333333333333,0.020666666666666667,1.0133989484505157,0.9842350869733472,1.0549967556685231,1.8043181259862238,1.7719412639312826,1.8591822399795628,1.1911223539088724,0.5030284444713962,0.003028444471379954,164.0,40.056
68,alt05,164,0.15,nb,0.0,0.5000000000000162,0.5695641455081296,full,mdt,3000,3000,0.384,0.00887963963232743,0.9506666666666667,0.003953882292783283,0.9506666666666667,0.03,0.019333333333333334,0.9935223822730181,0.9650062092556992,1.040366479252323,1.7773255482418535,1.738710364608998,1.824139834534675,1.2122763482568713,0.5030284444713962,0.003028444471379954,164.0,40.056
68,alt05,164,0.15,nb,0.0,0.5000000000000162,0.5695641455081296,full_mh,pct,3000,3000,0.3353333333333333,0.008619452590679002,0.942,0.00426755199148177,0.9406666666666667,0.027333333333333334,0.030666666666666665,1.038235015727113,0.9980253754706072,1.0781247501226816,1.7002721277735708,1.6687633008312224,1.7618498693795013,1.2359782206896943,0.4923263908596214,-0.0076736091403948326,164.0,40.056
68,alt05,164,0.15,nb,0.0,0.5000000000000162,0.5695641455081296,sub,pct,3000,3000,0.25633333333333336,0.0079713352197223,0.938,0.004402877846742213,0.9406666666666667,0.033666666666666664,0.028333333333333332,1.0361132133350879,1.0149023780495892,1.0847320433712049,1.5332358437554112,1.5006093959853983,1.5866494071033324,1.5930480509286458,0.5073826537413433,0.007382653741327072,135.40866666666668,40.056
68,alt05,164,0.15,nb,0.0,0.5000000000000162,0.5695641455081296,sub,bca,3000,3000,0.24633333333333332,0.00786666431261735,0.945,0.004162331077653484,0.9443333333333334,0.028333333333333332,0.02666666666666667,1.0176974319919276,0.9862184900273834,1.0558315157659834,1.49646638221362,1.4633128123074108,1.5432108502308566,1.592332323504889,0.5073826537413433,0.007382653741327072,135.40866666666668,40.056
68,alt05,164,0.15,nb,0.0,0.5000000000000162,0.5695641455081296,sub,cr0,3000,3000,0.24733333333333332,0.00787738441268326,0.9443333333333334,0.004186004016915132,0.9433333333333334,0.028333333333333332,0.027333333333333334,1.0194170206315933,0.9915361611529551,1.0601936555515015,1.506044489803339,1.460044835072674,1.5460601436775891,1.568812174061947,0.5073826537413434,0.007382653741327183,135.40866666666668,40.056
68,alt05,164,0.15,nb,0.0,0.5000000000000162,0.5695641455081296,sub,cr1t,3000,3000,0.24166666666666667,0.007815878898944313,0.947,0.004090273014522789,0.947,0.02666666666666667,0.026333333333333334,1.0058831745720989,0.9798876597502472,1.0473216654667867,1.4869398546743238,1.4411919146142367,1.5269825492492464,1.5890157289627884,0.5073826537413434,0.007382653741327183,135.40866666666668,40.056
68,alt05,164,0.15,nb,0.0,0.5000000000000162,0.5695641455081296,sub,mdt,3000,3000,0.22166666666666668,0.0075835470055367355,0.954,0.003824656847352454,0.951,0.023333333333333334,0.02266666666666667,0.9827179029890274,0.9555688719466893,1.0161497837238518,1.441889314874538,1.4034993053035143,1.4796322993704372,1.634323343634673,0.5073826537413434,0.007382653741327183,135.40866666666668,40.056
68,alt05,164,0.15,nb,0.0,0.5000000000000162,0.5695641455081296,rc,pct,3000,3000,0.119,0.0059115423819282,0.997,0.0009984988733093298,0.997,0.0016666666666666668,0.0013333333333333333,0.6674557141681812,0.6466088071399411,0.6938209462134769,1.1640926413891475,1.1387876502435261,1.1935917200401451,1.8938302000248135,0.5041839092213677,0.004183909221351478,,
69,alt05,164,0.15,lognormal,0.0,0.5000000000000162,0.5695641455081296,full,pct,3000,3000,0.366,0.008794771173828231,0.9426666666666667,0.004244456079099819,0.9363333333333334,0.027,0.030333333333333334,1.0326907596794985,0.9965179279858528,1.0720458575496714,1.741963224158597,1.68394001729121,1.787344899916554,1.231366854033181,0.5137352552482369,0.013735255248220724,164.0,40.163
69,alt05,164,0.15,lognormal,0.0,0.5000000000000162,0.5695641455081296,full,bca,3000,3000,0.39,0.008905054744357275,0.9403333333333334,0.004324602315263818,0.9366666666666666,0.034,0.025666666666666667,1.0358766066745795,1.0076687090420307,1.0720603940362545,1.7994949899105643,1.750006535864346,1.8522302319108117,1.2281761176924522,0.5137352552482369,0.013735255248220724,164.0,40.163
69,alt05,164,0.15,lognormal,0.0,0.5000000000000162,0.5695641455081296,full,cr0,3000,3000,0.41833333333333333,0.009006119318840117,0.938,0.004402877846742213,0.9346666666666666,0.037,0.025,1.045018836321396,1.0174061532811274,1.0766388893405117,1.8508326843778653,1.8019010728295086,1.8959086023438532,1.2044984314663671,0.5137352552482369,0.013735255248220724,164.0,40.163
69,alt05,164,0.15,lognormal,0.0,0.5000000000000162,0.5695641455081296,full,cr1t,3000,3000,0.411,0.008982928253080951,0.94,0.004335896677735762,0.9393333333333334,0.036,0.024,1.034092861231145,1.0067688768024103,1.0653823174230732,1.83148169174225,1.78306167438753,1.8760863279095288,1.2172248706014168,0.5137352552482369,0.013735255248220724,164.0,40.163
69,alt05,164,0.15,lognormal,0.0,0.5000000000000162,0.5695641455081296,full,mdt,3000,3000,0.39,0.008905054744357275,0.9486666666666667,0.004028987557779342,0.9473333333333334,0.03233333333333333,0.019,1.003870784993776,0.977930371560714,1.0355306769153847,1.7736978712750768,1.7308751671663511,1.8214678503713058,1.2563653325869766,0.5137352552482369,0.013735255248220724,164.0,40.163
69,alt05,164,0.15,lognormal,0.0,0.5000000000000162,0.5695641455081296,full_mh,pct,3000,3000,0.3413333333333333,0.008656883366987778,0.9406666666666667,0.004313269791735303,0.9336666666666666,0.025333333333333333,0.034,1.032433470755875,1.0034582848175395,1.0813260213538465,1.689765641920909,1.64391694062105,1.736354489792159,1.2679342896700956,0.5046899135605699,0.0046899135605537046,164.0,40.163
69,alt05,164,0.15,lognormal,0.0,0.5000000000000162,0.5695641455081296,sub,pct,3000,3000,0.241,0.007808520986717011,0.941,0.004301898805566369,0.9426666666666667,0.03166666666666667,0.027333333333333334,1.0329425236486574,1.00326329446554,1.0638432613427422,1.528352292754478,1.4994668102391544,1.5921156509676229,1.6199861176276653,0.5099576497755628,0.009957649775546584,125.77366666666667,40.163
69,alt05,164,0.15,lognormal,0.0,0.5000000000000162,0.5695641455081296,sub,bca,3000,3000,0.22966666666666666,0.007679407288085214,0.9453333333333334,0.0041504305889960465,0.9426666666666667,0.029,0.025666666666666667,1.0307718891648479,0.9846362618734681,1.0775641679612613,1.505087731329582,1.4636084274018326,1.5532138760255505,1.6195865964829237,0.5099576497755628,0.009957649775546584,125.77366666666667,40.163
69,alt05,164,0.15,lognormal,0.0,0.5000000000000162,0.5695641455081296,sub,cr0,3000,3000,0.23666666666666666,0.007760059182668552,0.946,0.004126499727371858,0.9413333333333334,0.027666666666666666,0.026333333333333334,1.0297439088723865,0.9786986209093582,1.0778749541238595,1.5019801807044793,1.4722270409447855,1.5479035297789867,1.5874550268639966,0.5099576497755629,0.009957649775546695,125.77366666666667,40.163
69,alt05,164,0.15,lognormal,0.0,0.5000000000000162,0.5695641455081296,sub,cr1t,3000,3000,0.23066666666666666,0.00769111079007351,0.9476666666666667,0.004065897012778179,0.9446666666666667,0.027333333333333334,0.025,1.0156659289002083,0.9658802675246928,1.0631803966267848,1.4816298875392222,1.4523354919191673,1.5268628085459355,1.609528019437992,0.5099576497755629,0.009957649775546695,125.77366666666667,40.163
69,alt05,164,0.15,lognormal,0.0,0.5000000000000162,0.5695641455081296,sub,mdt,3000,3000,0.21033333333333334,0.007440726268813241,0.954,0.003824656847352454,0.9523333333333334,0.024666666666666667,0.021333333333333333,0.9801139593438719,0.929731559972226,1.018669071630147,1.43877164178361,1.40696863033826,1.4728851718855376,1.6788258784497867,0.5099576497755629,0.009957649775546695,125.77366666666667,40.163
69,alt05,164,0.15,lognormal,0.0,0.5000000000000162,0.5695641455081296,rc,pct,3000,3000,0.11066666666666666,0.005727697488390821,0.9966666666666667,0.001052334266004579,0.9956666666666667,0.001,0.0023333333333333335,0.6706155016294847,0.6477148253815714,0.6862306710153528,1.1386319254941817,1.1143615822700157,1.1793900323813662,1.9246339901707403,0.5141832096789476,0.014183209678931386,,
70,alt05,164,0.35,nb,0.0,0.5000000000000001,0.567114089344899,full,pct,3000,3000,0.53,0.0091122627998392,0.937,0.004435876463563879,0.9316666666666666,0.028,0.035,1.043618927411659,1.0118675855200774,1.0838402852436966,1.9487030800555203,1.9048734972928538,1.9931142024408157,0.9582183370209975,0.4970565534120315,-0.0029434465879686345,164.0,87.615
70,alt05,164,0.35,nb,0.0,0.5000000000000001,0.567114089344899,full,bca,3000,3000,0.5316666666666666,0.009110382762215541,0.9386666666666666,0.004380698405336588,0.9326666666666666,0.027666666666666666,0.033666666666666664,1.0498208138578813,1.0174573864217022,1.0860710817329455,1.945996753890222,1.900597992589067,1.9983395133179236,0.95878316020842,0.4970565534120315,-0.0029434465879686345,164.0,87.615
70,alt05,164,0.35,nb,0.0,0.5000000000000001,0.567114089344899,full,cr0,3000,3000,0.543,0.009094888674414877,0.9373333333333334,0.004424912637764936,0.9326666666666666,0.029666666666666668,0.033,1.054032622744312,1.0154163580111442,1.0888256710010922,1.9682283376103507,1.922841532162548,2.0086601292144164,0.9499232664654215,0.49705655341203153,-0.002943446587968579,164.0,87.615
70,alt05,164,0.35,nb,0.0,0.5000000000000001,0.567114089344899,full,cr1t,3000,3000,0.5373333333333333,0.009103226941076485,0.9403333333333334,0.004324602315263818,0.9346666666666666,0.028666666666666667,0.031,1.04301240590214,1.0047998854192084,1.0774416827460471,1.947649939364099,1.902737666133815,1.9876590048578147,0.9599599259726675,0.49705655341203153,-0.002943446587968579,164.0,87.615
70,alt05,164,0.35,nb,0.0,0.5000000000000001,0.567114089344899,full,mdt,3000,3000,0.531,0.009111147018899432,0.943,0.00423284774117851,0.9386666666666666,0.026333333333333334,0.030666666666666665,1.027846602747443,0.994296325882566,1.0650552912997677,1.9241028415454642,1.8780963177035574,1.9679365879366149,0.9714176782060531,0.49705655341203153,-0.002943446587968579,164.0,87.615
70,alt05,164,0.35,nb,0.0,0.5000000000000001,0.567114089344899,full_mh,pct,3000,3000,0.5083333333333333,0.009127441327403051,0.9406666666666667,0.004313269791735303,0.9293333333333333,0.027333333333333334,0.032,1.0445460908569142,1.0066876796710713,1.0899747613133781,1.9178456675541196,1.8722779382308292,1.9602833729944709,0.9783796528499109,0.49401027900806754,-0.005989720991932568,164.0,87.615
70,alt05,164,0.35,nb,0.0,0.5000000000000001,0.567114089344899,sub,pct,3000,3000,0.38233333333333336,0.008872326931824884,0.935,0.004500925830685651,0.9296666666666666,0.028666666666666667,0.036333333333333336,1.0725461980855249,1.0392475387833569,1.1089790410671478,1.7032823140960682,1.6542593632667875,1.7460101668098855,1.220020585142238,0.49612874125383694,-0.0038712587461631753,135.38033333333334,87.615
70,alt05,164,0.35,nb,0.0,0.5000000000000001,0.567114089344899,sub,bca,3000,3000,0.37866666666666665,0.008855849709320617,0.936,0.004468556814006059,0.9306666666666666,0.026333333333333334,0.03766666666666667,1.069901106976065,1.0308464963642479,1.1084760358355867,1.6769912921822485,1.636813682598213,1.7156229950664041,1.2203328790372614,0.49612874125383694,-0.0038712587461631753,135.38033333333334,87.615
70,alt05,164,0.35,nb,0.0,0.5000000000000001,0.567114089344899,sub,cr0,3000,3000,0.38133333333333336,0.00886788629874151,0.9363333333333334,0.004457698293298243,0.931,0.02666666666666667,0.037,1.066648072378129,1.035648921948925,1.1040923426127442,1.6783124419285136,1.6301020781971753,1.7205738209826795,1.2131377933475216,0.49612874125383694,-0.0038712587461631753,135.38033333333334,87.615
70,alt05,164,0.35,nb,0.0,0.5000000000000001,0.567114089344899,sub,cr1t,3000,3000,0.37566666666666665,0.008841968525583397,0.938,0.004402877846742213,0.9353333333333333,0.025333333333333333,0.03666666666666667,1.0526386545224449,1.0224877998806974,1.0898625021037258,1.658416368605431,1.6099015197044286,1.6982978194777163,1.2287631804205539,0.49612874125383694,-0.0038712587461631753,135.38033333333334,87.615
70,alt05,164,0.35,nb,0.0,0.5000000000000001,0.567114089344899,sub,mdt,3000,3000,0.3616666666666667,0.008772378789680119,0.9396666666666667,0.004347153176590485,0.9383333333333334,0.024666666666666667,0.035666666666666666,1.0354751821944184,1.0059780926159791,1.0719248211066534,1.6301188479862245,1.5865982565143903,1.6740239654204463,1.2502960092365578,0.49612874125383694,-0.0038712587461631753,135.38033333333334,87.615
70,alt05,164,0.35,nb,0.0,0.5000000000000001,0.567114089344899,rc,pct,3000,3000,0.224,0.007611920476025307,0.9933333333333333,0.001485734635595274,0.9896666666666667,0.0023333333333333335,0.004333333333333333,0.6990902400155566,0.6736219501182696,0.7257052808893713,1.3177500468385699,1.286957737973461,1.3528632912653116,1.4273162248372422,0.4966079127182443,-0.003392087281755829,,
71,alt05,164,0.35,lognormal,0.0,0.5000000000000001,0.567114089344899,full,pct,3000,3000,0.5083333333333333,0.009127441327403051,0.94,0.004335896677735762,0.9356666666666666,0.028,0.032,1.0336232280199382,1.0037802064254355,1.0713147590506853,1.9083944000400948,1.863421127290055,1.9511502944457246,0.9907847269824571,0.5006485875311706,0.0006485875311704747,164.0,88.061
71,alt05,164,0.35,lognormal,0.0,0.5000000000000001,0.567114089344899,full,bca,3000,3000,0.511,0.00912649987673259,0.9376666666666666,0.004413913187822075,0.9326666666666666,0.030333333333333334,0.032,1.0535506507691745,1.0181171570664769,1.0999577263996834,1.9529401810185745,1.9021578948763267,1.9934929987569319,0.9922526915967659,0.5006485875311706,0.0006485875311704747,164.0,88.061
71,alt05,164,0.35,lognormal,0.0,0.5000000000000001,0.567114089344899,full,cr0,3000,3000,0.524,0.009118186954287202,0.9396666666666667,0.004347153176590485,0.9323333333333333,0.028666666666666667,0.03166666666666667,1.0420004178004862,1.0118067502004122,1.0806131885370285,1.951297052905604,1.9141062063976468,1.9964727741892536,0.9806008761657004,0.5006485875311706,0.0006485875311704747,164.0,88.061
71,alt05,164,0.35,lognormal,0.0,0.5000000000000001,0.567114089344899,full,cr1t,3000,3000,0.519,0.009122115982599651,0.9413333333333334,0.004290489050947023,0.934,0.027666666666666666,0.031,1.0311060011515047,1.0012280171052728,1.0693150641685594,1.9308956761526495,1.8940936707338751,1.9755990721649517,0.9909616678780704,0.5006485875311706,0.0006485875311704747,164.0,88.061
71,alt05,164,0.35,lognormal,0.0,0.5000000000000001,0.567114089344899,full,mdt,3000,3000,0.5026666666666667,0.009128579460297366,0.9476666666666667,0.004065897012778179,0.9403333333333334,0.025,0.027333333333333334,1.0059357160723603,0.9740508648994424,1.0521603188111919,1.8905198092344722,1.853547285863862,1.9360581157293104,1.0154758588824415,0.5006485875311706,0.0006485875311704747,164.0,88.061
71,alt05,164,0.35,lognormal,0.0,0.5000000000000001,0.567114089344899,full_mh,pct,3000,3000,0.494,0.009128052001020443,0.948,0.004053640339250636,0.937,0.025,0.027,1.0100989167404024,0.9742733226503978,1.0626955653180385,1.882331419437231,1.8390607553761813,1.9325371899089914,1.011247773766549,0.4989274058202256,-0.0010725941797745109,164.0,88.061
71,alt05,164,0.35,lognormal,0.0,0.5000000000000001,0.567114089344899,sub,pct,3000,3000,0.36033333333333334,0.008765333654463706,0.9433333333333334,0.004221198706353269,0.94,0.027333333333333334,0.029333333333333333,1.0192884008844025,0.9923877107997834,1.0572121142932553,1.6972076366816633,1.6573698070052933,1.7365067329579194,1.2454653078851818,0.4947745371260542,-0.00522546287394593,126.052,88.061
71,alt05,164,0.35,lognormal,0.0,0.5000000000000001,0.567114089344899,sub,bca,3000,3000,0.3496666666666667,0.008706317416850995,0.9413333333333334,0.004290489050947023,0.9373333333333334,0.027333333333333334,0.03133333333333333,1.0360242946603624,1.0008053542603916,1.0739500095553576,1.6878278629388086,1.6450332703655446,1.727356042721043,1.2463762649188284,0.4947745371260542,-0.00522546287394593,126.052,88.061
71,alt05,164,0.35,lognormal,0.0,0.5000000000000001,0.567114089344899,sub,cr0,3000,3000,0.364,0.008784531860036708,0.9403333333333334,0.004324602315263818,0.94,0.028666666666666667,0.031,1.0268109396181084,1.0073398175440345,1.0672456143916433,1.6867816967122296,1.6527592947728929,1.736529899163298,1.2351888646874782,0.4947745371260542,-0.00522546287394593,126.052,88.061
71,alt05,164,0.35,lognormal,0.0,0.5000000000000001,0.567114089344899,sub,cr1t,3000,3000,0.353,0.008725269814357223,0.945,0.004162331077653484,0.942,0.02666666666666667,0.028333333333333332,1.0124116378441428,0.9936881835229728,1.0526537120656405,1.6642047763649672,1.62988648556585,1.7146616322724733,1.2523186185658126,0.4947745371260542,-0.00522546287394593,126.052,88.061
71,alt05,164,0.35,lognormal,0.0,0.5000000000000001,0.567114089344899,sub,mdt,3000,3000,0.3303333333333333,0.008587068227325361,0.9536666666666667,0.003837818631964238,0.9476666666666667,0.022333333333333334,0.024,0.9879193144102141,0.9630071170947081,1.016661897308217,1.6205022516010075,1.5911551514666378,1.665899905530456,1.290303267319185,0.4947745371260542,-0.00522546287394593,126.052,88.061
71,alt05,164,0.35,lognormal,0.0,0.5000000000000001,0.567114089344899,rc,pct,3000,3000,0.21066666666666667,0.007445048068396922,0.9946666666666667,0.0013297730243527598,0.9906666666666667,0.0033333333333333335,0.002,0.7098177132251182,0.6795361868078069,0.7298236839090687,1.3125073893009565,1.2810847399336354,1.3372265278798103,1.4541104744711486,0.5022842078168253,0.0022842078168251456,,
72,alt05,776,0.15,nb,0.0,0.5000000000000162,0.5695641455081296,full,pct,1000,1000,0.934,0.007851369307324675,0.952,0.006759881655768837,0.911,0.024,0.024,0.9858732298265864,0.9403686617407845,1.076325313787841,2.689445367235719,2.6293911732239335,2.760732436719104,0.5490950963959276,0.49591387154716504,-0.004086128452851168,776.0,188.284
72,alt05,776,0.15,nb,0.0,0.5000000000000162,0.5695641455081296,full,bca,1000,1000,0.939,0.007568289106528638,0.954,0.006624499981130654,0.914,0.025,0.021,0.9930394232725872,0.9531798073226431,1.0794754307399967,2.76989462176726,2.670004197887968,2.845848987458617,0.5488701258598173,0.49591387154716504,-0.004086128452851168,776.0,188.284
72,alt05,776,0.15,nb,0.0,0.5000000000000162,0.5695641455081296,full,cr0,1000,1000,0.941,0.007451107300260817,0.951,0.006826346021115546,0.914,0.026,0.023,0.9839298802595705,0.940494954600861,1.0693439389525614,2.7437215980553087,2.674766932639312,2.8420104631762366,0.5483506951624373,0.49591387154716504,-0.004086128452851168,776.0,188.284
72,alt05,776,0.15,nb,0.0,0.5000000000000162,0.5695641455081296,full,cr1t,1000,1000,0.94,0.007509993342207438,0.953,0.00669260786241059,0.915,0.024,0.023,0.9817600692953907,0.938420928488644,1.0669857686705428,2.737671007128497,2.668868403960078,2.8357431207700006,0.5495626178997647,0.49591387154716504,-0.004086128452851168,776.0,188.284
72,alt05,776,0.15,nb,0.0,0.5000000000000162,0.5695641455081296,full,mdt,1000,1000,0.94,0.007509993342207438,0.954,0.006624499981130654,0.917,0.024,0.022,0.9783115288012412,0.9350499577550417,1.0627662796372699,2.7279240763566506,2.6579695471044986,2.826440772466359,0.5516573045695361,0.49591387154716504,-0.004086128452851168,776.0,188.284
72,alt05,776,0.15,nb,0.0,0.5000000000000162,0.5695641455081296,full_mh,pct,1000,1000,0.919,0.008627803892068941,0.951,0.006826346021115546,0.919,0.02,0.029,0.9986621035633144,0.9598930904329852,1.08099247916166,2.649296126168433,2.589069339810915,2.736313340349894,0.5605930203650553,0.4924422980024146,-0.007557701997601585,776.0,188.284
72,alt05,776,0.15,nb,0.0,0.5000000000000162,0.5695641455081296,sub,pct,1000,1000,0.775,0.013205112646244256,0.951,0.006826346021115546,0.932,0.024,0.025,0.997285643525556,0.9545228548684485,1.0602142442593472,2.2624883122946393,2.171476994755314,2.329216122796897,0.7214865990357565,0.49158795068466765,-0.008412049315348558,640.872,188.284
72,alt05,776,0.15,nb,0.0,0.5000000000000162,0.5695641455081296,sub,bca,1000,1000,0.781,0.013078187947877183,0.954,0.006624499981130654,0.928,0.023,0.023,0.992796443559451,0.9502216040765091,1.0419765769137157,2.230214817021618,2.181438437728148,2.309188740185817,0.7215799600291765,0.49158795068466765,-0.008412049315348558,640.872,188.284
72,alt05,776,0.15,nb,0.0,0.5000000000000162,0.5695641455081296,sub,cr0,1000,1000,0.772,0.013267102170406315,0.949,0.006956938982052382,0.93,0.024,0.027,1.0037942230511614,0.9475032212333416,1.059184186996543,2.231450972627304,2.1562287770645914,2.291452728397049,0.720576955350422,0.4915879506846677,-0.008412049315348502,640.872,188.284
72,alt05,776,0.15,nb,0.0,0.5000000000000162,0.5695641455081296,sub,cr1t,1000,1000,0.771,0.013287550564344055,0.949,0.006956938982052382,0.93,0.024,0.027,1.0011364585310947,0.9450199140712255,1.0563204088699414,2.2254398572779976,2.1506119542198263,2.2854470696883937,0.7225078178363504,0.4915879506846677,-0.008412049315348502,640.872,188.284
72,alt05,776,0.15,nb,0.0,0.5000000000000162,0.5695641455081296,sub,mdt,1000,1000,0.766,0.013388203763014663,0.952,0.006759881655768837,0.932,0.023,0.025,0.9957893060507124,0.9380546920446091,1.0512823909658828,2.213635152178989,2.1385431500294745,2.2694895042267755,0.726815622240766,0.4915879506846677,-0.008412049315348502,640.872,188.284
72,alt05,776,0.15,nb,0.0,0.5000000000000162,0.5695641455081296,rc,pct,1000,1000,0.706,0.014407081592050489,0.997,0.0017294507798720387,0.996,0.002,0.001,0.6610098036917272,0.6254629571996743,0.6939942792433793,1.76411063318805,1.7327538401729912,1.8264551603038417,0.8562938033956102,0.49620009901051765,-0.0037999009894985614,,
73,alt05,776,0.15,lognormal,0.0,0.5000000000000162,0.5695641455081296,full,pct,1000,1000,0.915,0.008819013550278736,0.934,0.007851369307324675,0.92,0.026,0.04,1.0961129232546425,1.001447180855487,1.1465288889084955,2.6567766138300026,2.5841698671542157,2.7531882496768083,0.5705144706017306,0.4987972212716827,-0.00120277872833352,776.0,188.371
73,alt05,776,0.15,lognormal,0.0,0.5000000000000162,0.5695641455081296,full,bca,1000,1000,0.915,0.008819013550278736,0.935,0.0077958322198467015,0.919,0.027,0.038,1.0949827476305618,1.0181548132378069,1.166244009136403,2.725852766328961,2.6196923341993097,2.8028619522591756,0.5711472445199945,0.4987972212716827,-0.00120277872833352,776.0,188.371
73,alt05,776,0.15,lognormal,0.0,0.5000000000000162,0.5695641455081296,full,cr0,1000,1000,0.919,0.008627803892068941,0.934,0.007851369307324675,0.922,0.028,0.038,1.085952350487289,1.0076080175211695,1.159855926319945,2.722198679305014,2.6423370209521964,2.816414536617034,0.5694144352008615,0.49879722127168274,-0.0012027787283334646,776.0,188.371
73,alt05,776,0.15,lognormal,0.0,0.5000000000000162,0.5695641455081296,full,cr1t,1000,1000,0.919,0.008627803892068941,0.934,0.007851369307324675,0.924,0.028,0.038,1.083557554512557,1.0053859903545221,1.1572981545149725,2.7161955517859337,2.6365100083223862,2.810203639617326,0.5706729114042662,0.49879722127168274,-0.0012027787283334646,776.0,188.371
73,alt05,776,0.15,lognormal,0.0,0.5000000000000162,0.5695641455081296,full,mdt,1000,1000,0.915,0.008819013550278736,0.938,0.00762600813007697,0.925,0.025,0.037,1.0757243582035168,0.9954228094189513,1.1449246346758584,2.702466455392538,2.6254960803565504,2.7956404734976523,0.5752787735589738,0.49879722127168274,-0.0012027787283334646,776.0,188.371
73,alt05,776,0.15,lognormal,0.0,0.5000000000000162,0.5695641455081296,full_mh,pct,1000,1000,0.905,0.009272270487857868,0.935,0.0077958322198467015,0.922,0.026,0.039,1.071531280384992,1.000804347860596,1.1280925441071346,2.5969915928888874,2.543864700432243,2.691428481822548,0.5807197100078718,0.4970876470351263,-0.002912352964889897,776.0,188.371
73,alt05,776,0.15,lognormal,0.0,0.5000000000000162,0.5695641455081296,sub,pct,1000,1000,0.757,0.013562853682024296,0.936,0.007739767438366605,0.921,0.026,0.038,1.064754373559037,0.9972987488941535,1.141378281198187,2.2484414526067336,2.193055712391741,2.3142368069486325,0.7359001700534606,0.49602128999502604,-0.003978710004990171,594.989,188.371
73,alt05,776,0.15,lognormal,0.0,0.5000000000000162,0.5695641455081296,sub,bca,1000,1000,0.756,0.013581752464244074,0.935,0.0077958322198467015,0.916,0.025,0.04,1.0552230079323315,1.0063395596339646,1.158835962308865,2.214711629977357,2.164351919797548,2.31328631464886,0.7364076170728678,0.49602128999502604,-0.003978710004990171,594.989,188.371
73,alt05,776,0.15,lognormal,0.0,0.5000000000000162,0.5695641455081296,sub,cr0,1000,1000,0.752,0.01365635383255721,0.94,0.007509993342207438,0.921,0.024,0.036,1.0439584559256614,0.98845467280913,1.1442541886775652,2.2452629660306123,2.1601049250915763,2.303393845256649,0.7348821778706358,0.4960212899950261,-0.003978710004990116,594.989,188.371
73,alt05,776,0.15,lognormal,0.0,0.5000000000000162,0.5695641455081296,sub,cr1t,1000,1000,0.748,0.013729384545565033,0.94,0.007509993342207438,0.921,0.024,0.036,1.0408414274522682,0.9855920708417248,1.1408242314866868,2.239000723845454,2.1539224581204666,2.296812282577094,0.7370043511118847,0.4960212899950261,-0.003978710004990116,594.989,188.371
73,alt05,776,0.15,lognormal,0.0,0.5000000000000162,0.5695641455081296,sub,mdt,1000,1000,0.744,0.013800869537822608,0.941,0.007451107300260817,0.922,0.023,0.036,1.0331714441705244,0.979660902862988,1.1258948173817553,2.2171073845780187,2.1404423297680433,2.2822200044380896,0.7445447442793675,0.4960212899950261,-0.003978710004990116,594.989,188.371
73,alt05,776,0.15,lognormal,0.0,0.5000000000000162,0.5695641455081296,rc,pct,1000,1000,0.674,0.01482309009619789,0.997,0.0017294507798720387,0.988,0.0,0.003,0.6934153094932598,0.649971179197746,0.7562814930941972,1.7787598882476738,1.732217092620593,1.837466415975543,0.8706057409987041,0.49906348522347876,-0.0009365147765374449,,
74,alt05,776,0.35,nb,0.0,0.5000000000000001,0.567114089344899,full,pct,1000,1000,0.992,0.0028170906978654425,0.948,0.007021111023192843,0.903,0.03,0.022,1.0107301974676264,0.951214785493386,1.114572743716465,3.1997124282427674,3.0635227987449754,3.2530474814264654,0.4412067055744441,0.49941655363236603,-0.0005834463676340773,776.0,413.459
74,alt05,776,0.35,nb,0.0,0.5000000000000001,0.567114089344899,full,bca,1000,1000,0.991,0.0029864694875387575,0.947,0.007084560677981384,0.905,0.03,0.023,1.0226369173597243,0.9518882367026967,1.1308190160694636,3.2039074440595345,3.1107030996830445,3.286877809971948,0.44124814512204186,0.49941655363236603,-0.0005834463676340773,776.0,413.459
74,alt05,776,0.35,nb,0.0,0.5000000000000001,0.567114089344899,full,cr0,1000,1000,0.992,0.0028170906978654425,0.948,0.007021111023192843,0.907,0.028,0.024,1.0042645190904325,0.9486369004177937,1.1100733564988265,3.1726089319818334,3.1023995335173464,3.265253467589412,0.44058406593918553,0.49941655363236614,-0.0005834463676339663,776.0,413.459
74,alt05,776,0.35,nb,0.0,0.5000000000000001,0.567114089344899,full,cr1t,1000,1000,0.991,0.0029864694875387575,0.948,0.007021111023192843,0.908,0.028,0.024,1.0020498651723255,0.946544919282909,1.1076253676854984,3.165612537438095,3.0955579682207253,3.2580527687215897,0.4415578111207387,0.49941655363236614,-0.0005834463676339663,776.0,413.459
74,alt05,776,0.35,nb,0.0,0.5000000000000001,0.567114089344899,full,mdt,1000,1000,0.991,0.0029864694875387575,0.95,0.006892024376045114,0.908,0.028,0.022,0.9997841286037866,0.9445480854824007,1.1051003572140194,3.158822454994933,3.0854677384687466,3.2507435352342613,0.44269745670812405,0.49941655363236614,-0.0005834463676339663,776.0,413.459
74,alt05,776,0.35,nb,0.0,0.5000000000000001,0.567114089344899,full_mh,pct,1000,1000,0.99,0.003146426544510456,0.952,0.006759881655768837,0.902,0.024,0.024,0.9886080145193764,0.9492058261461095,1.099247841652799,3.121543273715827,3.0615722520704765,3.212697029981129,0.44786939748176474,0.49936404791182176,-0.0006359520881783487,776.0,413.459
74,alt05,776,0.35,nb,0.0,0.5000000000000001,0.567114089344899,sub,pct,1000,1000,0.942,0.007391616873188169,0.953,0.00669260786241059,0.931,0.03,0.017,0.997669456974592,0.9409138728863469,1.0698606235710573,2.655192768616395,2.6293913022967406,2.7668916615566843,0.5606252590171549,0.5034420714631099,0.0034420714631098193,641.356,413.459
74,alt05,776,0.35,nb,0.0,0.5000000000000001,0.567114089344899,sub,bca,1000,1000,0.941,0.007451107300260817,0.95,0.006892024376045114,0.929,0.032,0.018,0.9885734374202941,0.933044623303272,1.066179572788497,2.6683068078962027,2.6041579692510615,2.735012050986573,0.5606743837384343,0.5034420714631099,0.0034420714631098193,641.356,413.459
74,alt05,776,0.35,nb,0.0,0.5000000000000001,0.567114089344899,sub,cr0,1000,1000,0.941,0.007451107300260817,0.949,0.006956938982052382,0.929,0.032,0.019,1.0007487646782052,0.9417301977650505,1.0642590624755572,2.651536754696966,2.6036117041895137,2.738172734511548,0.5608436823716338,0.5034420714631099,0.0034420714631098193,641.356,413.459
74,alt05,776,0.35,nb,0.0,0.5000000000000001,0.567114089344899,sub,cr1t,1000,1000,0.941,0.007451107300260817,0.95,0.006892024376045114,0.931,0.032,0.018,0.9980252489761076,0.9391759111754208,1.0614482142650257,2.6443331172564495,2.5966709156744474,2.7308504033980654,0.5623453361000094,0.5034420714631099,0.0034420714631098193,641.356,413.459
74,alt05,776,0.35,nb,0.0,0.5000000000000001,0.567114089344899,sub,mdt,1000,1000,0.94,0.007509993342207438,0.95,0.006892024376045114,0.932,0.032,0.018,0.9935427193727191,0.9357396418445061,1.0580951707860888,2.6342163470975577,2.5851960440384687,2.720866034801905,0.5644514148367272,0.5034420714631099,0.0034420714631098193,641.356,413.459
74,alt05,776,0.35,nb,0.0,0.5000000000000001,0.567114089344899,rc,pct,1000,1000,0.932,0.00796090447122687,0.996,0.0019959959919799443,0.985,0.002,0.002,0.7180939442161958,0.6742273743167315,0.749529909404735,2.148278029218613,2.107616839920127,2.2131750186719663,0.6542888010565907,0.4998748257276219,-0.00012517427237823675,,
75,alt05,776,0.35,lognormal,0.0,0.5000000000000001,0.567114089344899,full,pct,1000,1000,0.985,0.0038438262187565153,0.954,0.006624499981130654,0.908,0.023,0.023,0.9632008109746838,0.9215769844220718,1.0399562035305798,3.011317684586907,2.953079406377329,3.0713661118465017,0.4628676138230569,0.4972719869591976,-0.0027280130408025016,776.0,416.31
75,alt05,776,0.35,lognormal,0.0,0.5000000000000001,0.567114089344899,full,bca,1000,1000,0.984,0.00396787096564392,0.953,0.00669260786241059,0.905,0.023,0.024,0.9603288857156463,0.9217133905779301,1.0671536151397734,3.016839785303389,2.947064168384618,3.098062361928001,0.4632401115288693,0.4972719869591976,-0.0027280130408025016,776.0,416.31
75,alt05,776,0.35,lognormal,0.0,0.5000000000000001,0.567114089344899,full,cr0,1000,1000,0.985,0.0038438262187565153,0.952,0.006759881655768837,0.909,0.025,0.023,0.9904206534267329,0.905241283829019,1.0478231843546222,3.025341641491712,2.965444697838439,3.1203328630805,0.46281876975867425,0.49727198695919766,-0.002728013040802446,776.0,416.31
75,alt05,776,0.35,lognormal,0.0,0.5000000000000001,0.567114089344899,full,cr1t,1000,1000,0.985,0.0038438262187565153,0.952,0.006759881655768837,0.909,0.025,0.023,0.9882365286876933,0.903245000859787,1.0455124727078375,3.0186700080798192,2.958905152136929,3.1134517503162282,0.46384165638083164,0.49727198695919766,-0.002728013040802446,776.0,416.31
75,alt05,776,0.35,lognormal,0.0,0.5000000000000001,0.567114089344899,full,mdt,1000,1000,0.985,0.0038438262187565153,0.955,0.00655553201502365,0.912,0.022,0.023,0.9837309882646327,0.9000997168857702,1.0411921459807163,2.9976312646389736,2.941177571075817,3.075874750402294,0.46668295977368374,0.49727198695919766,-0.002728013040802446,776.0,416.31
75,alt05,776,0.35,lognormal,0.0,0.5000000000000001,0.567114089344899,full_mh,pct,1000,1000,0.984,0.00396787096564392,0.953,0.00669260786241059,0.916,0.024,0.023,0.9849203786824302,0.9426303676756339,1.0269916325195811,2.9951682857532793,2.9441484621660874,3.063095224774028,0.46963243610767247,0.4981956293052097,-0.0018043706947903915,776.0,416.31
75,alt05,776,0.35,lognormal,0.0,0.5000000000000001,0.567114089344899,sub,pct,1000,1000,0.934,0.007851369307324675,0.957,0.006414904519944161,0.924,0.026,0.017,0.9630837850308196,0.902567695634021,1.0301775053810973,2.524273643838275,2.4763869839075414,2.6585213985535394,0.5763014262136457,0.49885183561642304,-0.001148164383577066,596.844,416.31
75,alt05,776,0.35,lognormal,0.0,0.5000000000000001,0.567114089344899,sub,bca,1000,1000,0.927,0.008226238508577293,0.957,0.006414904519944161,0.925,0.024,0.019,0.9730727905620513,0.9099193918244093,1.034079385436981,2.5267522823222803,2.4542915985453457,2.653835311819877,0.5763356184374172,0.49885183561642304,-0.001148164383577066,596.844,416.31
75,alt05,776,0.35,lognormal,0.0,0.5000000000000001,0.567114089344899,sub,cr0,1000,1000,0.933,0.007906389820898028,0.959,0.006270486424512857,0.927,0.024,0.017,0.9611577893196238,0.9039452695332881,1.0262826184173879,2.5295354831787273,2.455738399681957,2.6189934082479462,0.5765334006477895,0.49885183561642304,-0.001148164383577066,596.844,416.31
75,alt05,776,0.35,lognormal,0.0,0.5000000000000001,0.567114089344899,sub,cr1t,1000,1000,0.931,0.008014923580421711,0.961,0.006122009474020767,0.928,0.023,0.016,0.958491730487563,0.9013073353850721,1.023315489319173,2.5221181549441893,2.44902438139594,2.611408704680543,0.5781930302101044,0.49885183561642304,-0.001148164383577066,596.844,416.31
75,alt05,776,0.35,lognormal,0.0,0.5000000000000001,0.567114089344899,sub,mdt,1000,1000,0.928,0.00817410545564467,0.961,0.006122009474020767,0.931,0.023,0.016,0.9496906239903289,0.896663644796198,1.0175426441117421,2.507883915155558,2.4364721786094705,2.5958353449077594,0.5824664937122707,0.49885183561642304,-0.001148164383577066,596.844,416.31
75,alt05,776,0.35,lognormal,0.0,0.5000000000000001,0.567114089344899,rc,pct,1000,1000,0.914,0.008865889690267975,0.994,0.002442130217658347,0.984,0.004,0.002,0.686243930039024,0.6548317940843024,0.7599455435916319,2.0909397269581147,2.0541634019142005,2.169117417881929,0.6678130366578402,0.49734411734770734,-0.0026558826522927736,,
76,alt05,1475,0.15,nb,0.0,0.5000000000000162,0.5695641455081296,full,pct,1000,1000,0.998,0.0014127986409959495,0.953,0.00669260786241059,0.888,0.022,0.025,0.9869828604940575,0.9317199565963236,1.0765379767673902,3.3809811152856817,3.312388095257801,3.4457247687987738,0.3978928275516586,0.5028757410926189,0.0028757410926026905,1475.0,358.47
76,alt05,1475,0.15,nb,0.0,0.5000000000000162,0.5695641455081296,full,bca,1000,1000,0.998,0.0014127986409959495,0.95,0.006892024376045114,0.895,0.025,0.025,0.9979443926439023,0.9420027955305119,1.0778788426900388,3.4284149371609547,3.389725758407635,3.5036810247069687,0.397703539656455,0.5028757410926189,0.0028757410926026905,1475.0,358.47
76,alt05,1475,0.15,nb,0.0,0.5000000000000162,0.5695641455081296,full,cr0,1000,1000,0.998,0.0014127986409959495,0.955,0.00655553201502365,0.892,0.023,0.022,0.9827303066942028,0.9452166011291369,1.0802529068751472,3.4351096802740395,3.3622864731732065,3.5299187915155867,0.39744824384981897,0.5028757410926189,0.0028757410926026905,1475.0,358.47
76,alt05,1475,0.15,nb,0.0,0.5000000000000162,0.5695641455081296,full,cr1t,1000,1000,0.998,0.0014127986409959495,0.955,0.00655553201502365,0.892,0.023,0.022,0.9815904442137708,0.9441202505513951,1.0789999285661065,3.431125318934982,3.358386578997637,3.5258244617060646,0.3979097768076309,0.5028757410926189,0.0028757410926026905,1475.0,358.47
76,alt05,1475,0.15,nb,0.0,0.5000000000000162,0.5695641455081296,full,mdt,1000,1000,0.998,0.0014127986409959495,0.955,0.00655553201502365,0.892,0.023,0.022,0.979739469528223,0.9421700037863201,1.076768034032056,3.4249586673331702,3.352871960719195,3.5200025752476654,0.39871832656671974,0.5028757410926189,0.0028757410926026905,1475.0,358.47
76,alt05,1475,0.15,nb,0.0,0.5000000000000162,0.5695641455081296,full_mh,pct,1000,1000,0.997,0.0017294507798720387,0.952,0.006759881655768837,0.884,0.019,0.029,0.9824395247893896,0.9286978750106664,1.0780344027561697,3.3167155282576894,3.2466926475643687,3.390144742188788,0.4050375919056306,0.5021577994568185,0.0021577994568022785,1475.0,358.47
76,alt05,1475,0.15,nb,0.0,0.5000000000000162,0.5695641455081296,sub,pct,1000,1000,0.966,0.005730968504537434,0.94,0.007509993342207438,0.921,0.03,0.03,1.0323448154454757,0.9852495971021548,1.1068272932102683,2.7477807543536854,2.702474511647665,2.8589832856134203,0.5226653635996306,0.49894276414062494,-0.00105723585939127,1220.125,358.47
76,alt05,1475,0.15,nb,0.0,0.5000000000000162,0.5695641455081296,sub,bca,1000,1000,0.965,0.005811626278418119,0.943,0.007331507348424336,0.92,0.028,0.029,1.0246871187875677,0.9728858101240294,1.091743820889047,2.7532443406904354,2.6931114374744958,2.870543602194912,0.5227295220475023,0.49894276414062494,-0.00105723585939127,1220.125,358.47
76,alt05,1475,0.15,nb,0.0,0.5000000000000162,0.5695641455081296,sub,cr0,1000,1000,0.965,0.005811626278418119,0.944,0.007270763371201131,0.923,0.028,0.028,1.0255710765733685,0.9660023924812281,1.1106518181582292,2.7394541057904065,2.676811090350196,2.8390157377642953,0.5224331240101776,0.49894276414062494,-0.00105723585939127,1220.125,358.47
76,alt05,1475,0.15,nb,0.0,0.5000000000000162,0.5695641455081296,sub,cr1t,1000,1000,0.965,0.005811626278418119,0.945,0.007209368904418752,0.923,0.027,0.028,1.0241170651464802,0.96465319035541,1.1090549459118808,2.735599936901293,2.6730693699820245,2.835053759268046,0.52316698176009,0.49894276414062494,-0.00105723585939127,1220.125,358.47
76,alt05,1475,0.15,nb,0.0,0.5000000000000162,0.5695641455081296,sub,mdt,1000,1000,0.965,0.005811626278418119,0.945,0.007209368904418752,0.923,0.027,0.028,1.020464517668838,0.9619041452800485,1.1061375679562742,2.726874020438801,2.6641547271442363,2.8247331247862624,0.5248080913295259,0.49894276414062494,-0.00105723585939127,1220.125,358.47
76,alt05,1475,0.15,nb,0.0,0.5000000000000162,0.5695641455081296,rc,pct,1000,1000,0.965,0.005811626278418119,0.994,0.002442130217658347,0.986,0.003,0.003,0.6612294893370185,0.628839873073363,0.6981405698969679,2.228592055783507,2.192934400001895,2.281199782652504,0.6179422811546903,0.5021036866602203,0.002103686660204107,,
77,alt05,1475,0.15,lognormal,0.0,0.5000000000000162,0.5695641455081296,full,pct,1000,1000,0.998,0.0014127986409959495,0.956,0.006485676526007139,0.886,0.018,0.026,0.9747801029210419,0.9203769805719304,1.0307085953920059,3.304828944270266,3.229561535058701,3.3673722014804235,0.41475208460677704,0.5011666316115846,0.0011666316115683806,1475.0,360.133
77,alt05,1475,0.15,lognormal,0.0,0.5000000000000162,0.5695641455081296,full,bca,1000,1000,0.998,0.0014127986409959495,0.957,0.006414904519944161,0.888,0.019,0.024,0.9804058393758611,0.9271393786469021,1.0449491658180032,3.361341004904203,3.297007969577122,3.406279048890958,0.415000070892572,0.5011666316115846,0.0011666316115683806,1475.0,360.133
77,alt05,1475,0.15,lognormal,0.0,0.5000000000000162,0.5695641455081296,full,cr0,1000,1000,0.999,0.0009994998749374613,0.957,0.006414904519944161,0.891,0.021,0.022,0.9747923337925577,0.9291425729382555,1.0371813582931846,3.345727220048022,3.2817642995386858,3.3955981049611808,0.41470122912542046,0.5011666316115846,0.0011666316115683806,1475.0,360.133
77,alt05,1475,0.15,lognormal,0.0,0.5000000000000162,0.5695641455081296,full,cr1t,1000,1000,0.999,0.0009994998749374613,0.957,0.006414904519944161,0.892,0.021,0.022,0.9736616785151802,0.9280648665210935,1.0359783383927412,3.3418465328422715,3.2779578025077285,3.39165957284092,0.4151827969467613,0.5011666316115846,0.0011666316115683806,1475.0,360.133
77,alt05,1475,0.15,lognormal,0.0,0.5000000000000162,0.5695641455081296,full,mdt,1000,1000,0.999,0.0009994998749374613,0.957,0.006414904519944161,0.896,0.021,0.022,0.9703066962301927,0.9244739624549203,1.0325256008643502,3.3328897873494787,3.258644295245848,3.3831736659864937,0.4170433967118223,0.5011666316115846,0.0011666316115683806,1475.0,360.133
77,alt05,1475,0.15,lognormal,0.0,0.5000000000000162,0.5695641455081296,full_mh,pct,1000,1000,0.997,0.0017294507798720387,0.953,0.00669260786241059,0.886,0.021,0.026,0.9815443432328053,0.9492240965196255,1.0456508355867755,3.241784737057487,3.1766219300565126,3.3035136448601246,0.42163637600380616,0.5008406394822257,0.0008406394822094709,1475.0,360.133
77,alt05,1475,0.15,lognormal,0.0,0.5000000000000162,0.5695641455081296,sub,pct,1000,1000,0.966,0.005730968504537434,0.956,0.006485676526007139,0.927,0.025,0.019,0.972665978576482,0.9437006081790651,1.0364823884005698,2.759409290891643,2.6725371117644974,2.841134757616416,0.5361355681045513,0.5033711545127852,0.0033711545127690368,1133.519,360.133
77,alt05,1475,0.15,lognormal,0.0,0.5000000000000162,0.5695641455081296,sub,bca,1000,1000,0.963,0.005969170796685251,0.957,0.006414904519944161,0.927,0.022,0.021,0.9871565072011365,0.9460130400619392,1.0389109691578289,2.763382509164295,2.694971900003631,2.830115917183236,0.536417210666503,0.5033711545127852,0.0033711545127690368,1133.519,360.133
77,alt05,1475,0.15,lognormal,0.0,0.5000000000000162,0.5695641455081296,sub,cr0,1000,1000,0.962,0.006046155803483734,0.954,0.006624499981130654,0.93,0.025,0.021,0.9751860755826021,0.9419272799174981,1.0416878025109595,2.7355073302160915,2.6688012717634932,2.815320115274744,0.5360590911807839,0.5033711545127852,0.0033711545127690368,1133.519,360.133
77,alt05,1475,0.15,lognormal,0.0,0.5000000000000162,0.5695641455081296,sub,cr1t,1000,1000,0.961,0.006122009474020767,0.954,0.006624499981130654,0.931,0.025,0.021,0.9737346790096979,0.9404857473326845,1.0401006962611432,2.7314626509114732,2.6647423413179947,2.811124162395377,0.5368698408986468,0.5033711545127852,0.0033711545127690368,1133.519,360.133
77,alt05,1475,0.15,lognormal,0.0,0.5000000000000162,0.5695641455081296,sub,mdt,1000,1000,0.96,0.00619677335393187,0.956,0.006485676526007139,0.931,0.024,0.02,0.9700846828070903,0.9346452247024885,1.0353213187128945,2.7192634177194157,2.6509127783350195,2.795998404180801,0.5399141203214681,0.5033711545127852,0.0033711545127690368,1133.519,360.133
77,alt05,1475,0.15,lognormal,0.0,0.5000000000000162,0.5695641455081296,rc,pct,1000,1000,0.954,0.006624499981130654,0.999,0.0009994998749374613,0.992,0.0,0.001,0.6646402984501919,0.6319655074169335,0.693427080383234,2.2277766153870493,2.180754304185024,2.270277065916575,0.6283521848106305,0.5017224644877447,0.0017224644877285034,,
78,alt05,1475,0.35,nb,0.0,0.5000000000000001,0.567114089344899,full,pct,1000,1000,1.0,0.0,0.943,0.007331507348424336,0.852,0.022,0.035,1.0173784158856762,0.9683336872202389,1.0501587171015105,3.9904944447040616,3.9120983057671204,4.082624474959237,0.31972991401504136,0.49868677162763986,-0.0013132283723602534,1475.0,788.702
78,alt05,1475,0.35,nb,0.0,0.5000000000000001,0.567114089344899,full,bca,1000,1000,1.0,0.0,0.948,0.007021111023192843,0.851,0.022,0.03,1.0038596830557776,0.969977106678401,1.048521925816706,4.028361897320767,3.9367998892767284,4.081766510647076,0.31979329523019795,0.49868677162763986,-0.0013132283723602534,1475.0,788.702
78,alt05,1475,0.35,nb,0.0,0.5000000000000001,0.567114089344899,full,cr0,1000,1000,1.0,0.0,0.945,0.007209368904418752,0.855,0.022,0.033,1.0110409777995235,0.975293501297271,1.0444896489336037,3.980460657841764,3.9366869292549294,4.073197348834794,0.31979446316863586,0.4986867716276399,-0.0013132283723601978,1475.0,788.702
78,alt05,1475,0.35,nb,0.0,0.5000000000000001,0.567114089344899,full,cr1t,1000,1000,1.0,0.0,0.945,0.007209368904418752,0.855,0.022,0.033,1.009868277956116,0.9741622647189703,1.0432781521944594,3.975843747456683,3.9321207917324594,4.068472873765996,0.32016582141907973,0.4986867716276399,-0.0013132283723601978,1475.0,788.702
78,alt05,1475,0.35,nb,0.0,0.5000000000000001,0.567114089344899,full,mdt,1000,1000,1.0,0.0,0.946,0.0071473071852271785,0.855,0.022,0.032,1.0086482723371684,0.972987340754985,1.0417744013663717,3.970572272756066,3.9264433646317527,4.063474765329342,0.32059991265597454,0.4986867716276399,-0.0013132283723601978,1475.0,788.702
78,alt05,1475,0.35,nb,0.0,0.5000000000000001,0.567114089344899,full_mh,pct,1000,1000,1.0,0.0,0.939,0.007568289106528638,0.86,0.027,0.034,1.0324668462804245,0.9799914808644817,1.07173210349101,3.9774818128345415,3.8905989886591867,4.057376159465953,0.32485752366358134,0.4991633698508482,-0.0008366301491519179,1475.0,788.702
78,alt05,1475,0.35,nb,0.0,0.5000000000000001,0.567114089344899,sub,pct,1000,1000,0.999,0.0009994998749374613,0.96,0.00619677335393187,0.892,0.016,0.024,0.9596994688040886,0.9223626502547959,1.0369049399902277,3.2973975412091177,3.250862932527775,3.3665960997079742,0.4059424308616609,0.5011673552537846,0.00116735525378453,1220.371,788.702
78,alt05,1475,0.35,nb,0.0,0.5000000000000001,0.567114089344899,sub,bca,1000,1000,0.999,0.0009994998749374613,0.958,0.006343185319695463,0.887,0.016,0.026,0.9523229254017033,0.9226151095912191,1.030422036688606,3.2839875716105613,3.2327246250393378,3.343847762350017,0.40600549519732304,0.5011673552537846,0.00116735525378453,1220.371,788.702
78,alt05,1475,0.35,nb,0.0,0.5000000000000001,0.567114089344899,sub,cr0,1000,1000,0.999,0.0009994998749374613,0.957,0.006414904519944161,0.891,0.016,0.027,0.9544954058472567,0.9269787943518535,1.0343960264474135,3.272684708567292,3.230321677182992,3.349075144247095,0.4062360366282259,0.5011673552537846,0.00116735525378453,1220.371,788.702
78,alt05,1475,0.35,nb,0.0,0.5000000000000001,0.567114089344899,sub,cr1t,1000,1000,0.999,0.0009994998749374613,0.957,0.006414904519944161,0.892,0.016,0.027,0.9531649287073464,0.9256403778387098,1.0329260925350083,3.2681458467774847,3.225809931758906,3.3444203441986096,0.4068065703282151,0.5011673552537846,0.00116735525378453,1220.371,788.702
78,alt05,1475,0.35,nb,0.0,0.5000000000000001,0.567114089344899,sub,mdt,1000,1000,0.999,0.0009994998749374613,0.957,0.006414904519944161,0.893,0.016,0.027,0.951543111965725,0.9238243245342048,1.030332725247609,3.2591028956185313,3.2167034369779715,3.3381762641750274,0.40760135376401146,0.5011673552537846,0.00116735525378453,1220.371,788.702
78,alt05,1475,0.35,nb,0.0,0.5000000000000001,0.567114089344899,rc,pct,1000,1000,1.0,0.0,0.998,0.0014127986409959495,0.976,0.0,0.002,0.702499664516394,0.6674909841361601,0.7405146394884232,2.7527767599260957,2.7054599128824655,2.824528574359995,0.4727860882812861,0.49890315722583933,-0.0010968427741607778,,
79,alt05,1475,0.35,lognormal,0.0,0.5000000000000001,0.567114089344899,full,pct,1000,1000,1.0,0.0,0.943,0.007331507348424336,0.858,0.026,0.031,1.0152369235476215,0.9743797627952104,1.0822420539864708,3.9013298226826376,3.7953019306366214,4.008090161046836,0.3379736380012469,0.4982884699991796,-0.001711530000820527,1475.0,788.59
79,alt05,1475,0.35,lognormal,0.0,0.5000000000000001,0.567114089344899,full,bca,1000,1000,1.0,0.0,0.945,0.007209368904418752,0.863,0.027,0.028,1.0204702501259382,0.9839240222679126,1.09633936904271,3.9231759240035258,3.8157394637997246,4.031077799956989,0.3383898325394109,0.4982884699991796,-0.001711530000820527,1475.0,788.59
79,alt05,1475,0.35,lognormal,0.0,0.5000000000000001,0.567114089344899,full,cr0,1000,1000,1.0,0.0,0.942,0.007391616873188169,0.863,0.027,0.031,1.0160618122082128,0.9725289502452565,1.084373762588722,3.9048957068352803,3.805898344162456,4.032746810069186,0.33869736138445083,0.4982884699991796,-0.001711530000820527,1475.0,788.59
79,alt05,1475,0.35,lognormal,0.0,0.5000000000000001,0.567114089344899,full,cr1t,1000,1000,1.0,0.0,0.942,0.007391616873188169,0.863,0.027,0.031,1.0148832887316832,0.9714009202517107,1.0831160045259862,3.9003664437445833,3.801483907467773,4.028069253316775,0.33909067044398694,0.4982884699991796,-0.001711530000820527,1475.0,788.59
79,alt05,1475,0.35,lognormal,0.0,0.5000000000000001,0.567114089344899,full,mdt,1000,1000,1.0,0.0,0.943,0.007331507348424336,0.864,0.026,0.031,1.0125583480302467,0.9687856059594184,1.0805499394196556,3.887039800725504,3.7934765812950877,4.015283778364607,0.3403396637985924,0.4982884699991796,-0.001711530000820527,1475.0,788.59
79,alt05,1475,0.35,lognormal,0.0,0.5000000000000001,0.567114089344899,full_mh,pct,1000,1000,1.0,0.0,0.943,0.007331507348424336,0.872,0.027,0.03,1.033034808521746,0.9834043711350121,1.1021886634906364,3.8542373546709583,3.755047952605072,3.9585378989702353,0.3432746460863516,0.49920415876079643,-0.0007958412392036762,1475.0,788.59
79,alt05,1475,0.35,lognormal,0.0,0.5000000000000001,0.567114089344899,sub,pct,1000,1000,0.996,0.0019959959919799443,0.935,0.0077958322198467015,0.886,0.036,0.029,1.0570308298725533,1.0014920485851253,1.1102729390365336,3.2800432634344725,3.2073943995295937,3.381294896970356,0.4210852036987231,0.4988912067566725,-0.0011087932433276326,1133.588,788.59
79,alt05,1475,0.35,lognormal,0.0,0.5000000000000001,0.567114089344899,sub,bca,1000,1000,0.996,0.0019959959919799443,0.932,0.00796090447122687,0.887,0.037,0.031,1.0520490341961615,1.0055745040264636,1.116911620618087,3.277802026358014,3.201878926325385,3.410857628569711,0.42128928067379734,0.4988912067566725,-0.0011087932433276326,1133.588,788.59
79,alt05,1475,0.35,lognormal,0.0,0.5000000000000001,0.567114089344899,sub,cr0,1000,1000,0.996,0.0019959959919799443,0.936,0.007739767438366605,0.888,0.036,0.028,1.0503293239001545,0.9972611880115376,1.107317021092551,3.2676761853388046,3.1928526848088077,3.366997729250436,0.42150212030212775,0.4988912067566725,-0.0011087932433276326,1133.588,788.59
79,alt05,1475,0.35,lognormal,0.0,0.5000000000000001,0.567114089344899,sub,cr1t,1000,1000,0.996,0.0019959959919799443,0.936,0.007739767438366605,0.889,0.036,0.028,1.0487394584042424,0.9957800326883381,1.105680932650644,3.2627408479009685,3.187979400688937,3.361930989765773,0.4221395998234619,0.4988912067566725,-0.0011087932433276326,1133.588,788.59
79,alt05,1475,0.35,lognormal,0.0,0.5000000000000001,0.567114089344899,sub,mdt,1000,1000,0.996,0.0019959959919799443,0.938,0.00762600813007697,0.89,0.035,0.027,1.0446961572213984,0.9929645367905283,1.1022120294828779,3.2451344090909746,3.1781363396668016,3.349979150920982,0.4240064348883124,0.4988912067566725,-0.0011087932433276326,1133.588,788.59
79,alt05,1475,0.35,lognormal,0.0,0.5000000000000001,0.567114089344899,rc,pct,1000,1000,0.998,0.0014127986409959495,0.994,0.002442130217658347,0.967,0.002,0.004,0.7209546195209549,0.6931257271449206,0.7793458702940209,2.690504621133019,2.665053125796828,2.7613540078990866,0.4879180630549616,0.49819645677198077,-0.0018035432280193442,,
80,alt10,44,0.15,nb,0.0,1.0000000000000002,1.1459899412242578,full,pct,4000,4000,0.4175,0.007797335282005,0.937,0.003841581705495796,0.92825,0.02875,0.03425,1.052279603382478,1.0243668112206645,1.0889507800902276,1.9121694259218478,1.866346825802593,1.9540784630856145,2.265590218737104,0.9991710734371948,-0.000828926562805421,44.0,13.39075
80,alt10,44,0.15,nb,0.0,1.0000000000000002,1.1459899412242578,full,bca,4000,4000,0.4305,0.007828948684210416,0.946,0.0035736535926135893,0.937,0.02825,0.02575,1.0261168725177126,0.9920355470677805,1.067646902315826,1.9305401232046366,1.8798069060751368,1.9713438467084594,2.247298789346808,0.9991710734371948,-0.000828926562805421,44.0,13.39075
80,alt10,44,0.15,nb,0.0,1.0000000000000002,1.1459899412242578,full,cr0,4000,4000,0.49575,0.00790540855206105,0.94025,0.0037476638556572803,0.93425,0.03475,0.025,1.0564982301173793,1.0097318331182146,1.097724984469232,2.0315401685813606,1.9722514182555715,2.0875499403701214,2.112670677783745,0.9991710734371948,-0.000828926562805421,44.0,13.39075
80,alt10,44,0.15,nb,0.0,1.0000000000000002,1.1459899412242578,full,cr1t,4000,4000,0.4705,0.00789192229434629,0.9465,0.0035580103288214327,0.94575,0.0315,0.022,1.0150446254608145,0.9701131920017212,1.0546537740964845,1.9518290430994505,1.8948665933263036,2.0056411709448057,2.198950446031969,0.9991710734371948,-0.000828926562805421,44.0,13.39075
80,alt10,44,0.15,nb,0.0,1.0000000000000002,1.1459899412242578,full,mdt,4000,4000,0.429,0.007825583045371124,0.95725,0.003198532378294769,0.958,0.02575,0.017,0.9593137209825091,0.9255479342838264,0.9975768458004936,1.848134237656174,1.794969326301386,1.9032470019429082,2.336441562431086,0.9991710734371948,-0.000828926562805421,44.0,13.39075
80,alt10,44,0.15,nb,0.0,1.0000000000000002,1.1459899412242578,full_mh,pct,4000,4000,0.3665,0.007618690012069004,0.93725,0.0038344633751021787,0.92725,0.02475,0.038,1.0609837684298284,1.0201794510700943,1.0994610627564825,1.8313485486714707,1.7890415039080851,1.8814967196914667,2.436257569827099,0.9734291273561887,-0.026570872643811527,44.0,13.39075
80,alt10,44,0.15,nb,0.0,1.0000000000000002,1.1459899412242578,sub,pct,4000,4000,0.2895,0.007170943975516752,0.92575,0.004145387120040782,0.92525,0.0425,0.03175,1.1186363376349038,1.0797449815736606,1.1499362037818313,1.7187457426470358,1.6700483412660347,1.780004659455843,3.212317200399413,0.991750029399515,-0.008249970600485268,36.25475,13.39075
80,alt10,44,0.15,nb,0.0,1.0000000000000002,1.1459899412242578,sub,bca,4000,4000,0.24375,0.006788518569982703,0.9495,0.003462287899640929,0.9405,0.0215,0.029,1.0019233594975014,0.9827867245462628,1.035726882059329,1.4956379044772938,1.4590596779599296,1.5276949039173648,3.1774672079684825,0.991750029399515,-0.008249970600485268,36.25475,13.39075
80,alt10,44,0.15,nb,0.0,1.0000000000000002,1.1459899412242578,sub,cr0,4000,4000,0.268,0.007003142151920094,0.93875,0.003791386207576327,0.93275,0.027,0.03425,1.052074473602169,1.0242194862061849,1.086208701028487,1.5538740067799506,1.5193407284237037,1.587680146404115,2.9570433139832453,0.9917500293995151,-0.008249970600485157,36.25475,13.39075
80,alt10,44,0.15,nb,0.0,1.0000000000000002,1.1459899412242578,sub,cr1t,4000,4000,0.2365,0.006718774999953488,0.94925,0.003470390377896987,0.94325,0.02175,0.029,1.000894320990355,0.9715870193354689,1.0333280909753597,1.4832694195134832,1.4457755553490275,1.5131559590386152,3.107551422735677,0.9917500293995151,-0.008249970600485157,36.25475,13.39075
80,alt10,44,0.15,nb,0.0,1.0000000000000002,1.1459899412242578,sub,mdt,4000,4000,0.1875,0.006171380518166093,0.966,0.002865484252268717,0.9585,0.0145,0.0195,0.9326359524315718,0.8971408376835909,0.956526857634074,1.371047034291364,1.3472819387599093,1.3996440925338494,3.4272753814458325,0.9917500293995151,-0.008249970600485157,36.25475,13.39075
80,alt10,44,0.15,nb,0.0,1.0000000000000002,1.1459899412242578,rc,pct,4000,4000,0.13925,0.005474016749609011,0.99775,0.0007491557748559332,0.997,0.00125,0.001,0.6129313914060552,0.6004033095894257,0.643643522490937,1.1912273098902173,1.1667187672913342,1.2178079506376163,3.9816257626903018,0.9971838213444996,-0.0028161786555006563,,
81,alt10,44,0.15,lognormal,0.0,1.0000000000000002,1.1459899412242578,full,pct,4000,4000,0.4075,0.007769230174219322,0.9325,0.003966854862482367,0.91875,0.0345,0.033,1.096050400289609,1.0544284806676012,1.1416771976362985,1.9548217914234922,1.9154137332885321,2.008913508179723,2.3343360987001405,1.0029097935113354,0.0029097935113351348,44.0,13.38125
81,alt10,44,0.15,lognormal,0.0,1.0000000000000002,1.1459899412242578,full,bca,4000,4000,0.41775,0.007797995535713007,0.934,0.003925684653662337,0.92925,0.03775,0.02825,1.080222145874482,1.0511816010097874,1.1090192347938452,1.951274979034035,1.9078843379739994,2.018638035419525,2.3108986042850894,1.0029097935113354,0.0029097935113351348,44.0,13.38125
81,alt10,44,0.15,lognormal,0.0,1.0000000000000002,1.1459899412242578,full,cr0,4000,4000,0.491,0.007904413324213252,0.91825,0.004332058907147962,0.92025,0.05075,0.031,1.1328753614764882,1.1009103930141135,1.1756927930156773,2.145253064420504,2.09435147983371,2.2129673948653323,2.130028172816754,1.0029097935113354,0.0029097935113351348,44.0,13.38125
81,alt10,44,0.15,lognormal,0.0,1.0000000000000002,1.1459899412242578,full,cr1t,4000,4000,0.46525,0.007886577798703314,0.93,0.004034228550788861,0.92975,0.04475,0.02525,1.088424962960826,1.0577141974187458,1.1295623757088444,2.061080209335937,2.0121758397975955,2.1261376464667734,2.2170168071767513,1.0029097935113354,0.0029097935113351348,44.0,13.38125
81,alt10,44,0.15,lognormal,0.0,1.0000000000000002,1.1459899412242578,full,mdt,4000,4000,0.409,0.007773657440355858,0.94775,0.0035185201967588594,0.9485,0.033,0.01925,1.0074685385663555,0.9795178462746729,1.0476589496609432,1.9084503009740772,1.861843117539888,1.9700595590739838,2.4262878991316055,1.0029097935113354,0.0029097935113351348,44.0,13.38125
81,alt10,44,0.15,lognormal,0.0,1.0000000000000002,1.1459899412242578,full_mh,pct,4000,4000,0.35475,0.007564761025637227,0.93225,0.0039736613311906685,0.9215,0.0285,0.03925,1.0697207658557963,1.0411230125992623,1.1118163813079402,1.874571679989128,1.834634485278601,1.9285174978675728,2.5037885284979158,0.9765725109625576,-0.023427489037442628,44.0,13.38125
81,alt10,44,0.15,lognormal,0.0,1.0000000000000002,1.1459899412242578,sub,pct,4000,4000,0.283,0.007122341609330459,0.932,0.003980452235613435,0.93475,0.0395,0.0285,1.063226742278282,1.0420229488782264,1.0954650486230801,1.711772666083793,1.6802573809197763,1.7537144902303146,3.315031833101878,0.9943217481583847,-0.0056782518416155225,33.7265,13.38125
81,alt10,44,0.15,lognormal,0.0,1.0000000000000002,1.1459899412242578,sub,bca,4000,4000,0.23225,0.006676637205584859,0.95125,0.003404902256306338,0.94425,0.02125,0.0275,0.9910649398204476,0.9503789093254693,1.0441579499098432,1.5123931252173164,1.4741891693547047,1.5499318761089702,3.2824828878483485,0.9943217481583847,-0.0056782518416155225,33.7265,13.38125
81,alt10,44,0.15,lognormal,0.0,1.0000000000000002,1.1459899412242578,sub,cr0,4000,4000,0.265,0.0069780907130819105,0.939,0.003784144553264319,0.9305,0.02775,0.03325,1.051715533813499,1.0156299945592018,1.0853217420951444,1.5786953191429214,1.5488424646063592,1.6337595975065564,2.9983110961087656,0.9943217481583847,-0.0056782518416155225,33.7265,13.38125
81,alt10,44,0.15,lognormal,0.0,1.0000000000000002,1.1459899412242578,sub,cr1t,4000,4000,0.2365,0.006718774999953488,0.95,0.003446012188022557,0.945,0.022,0.028,0.9996675761973063,0.9649516668608906,1.0304282129824016,1.5004699776644974,1.4695002428383475,1.5476441679402604,3.164341329004714,0.9943217481583847,-0.0056782518416155225,33.7265,13.38125
81,alt10,44,0.15,lognormal,0.0,1.0000000000000002,1.1459899412242578,sub,mdt,4000,4000,0.1785,0.006054703749978193,0.97075,0.00266432155998483,0.9625,0.01275,0.0165,0.8997665685050912,0.8713767568555687,0.9294844133950245,1.3567839467065503,1.3304068588285896,1.4052598693229468,3.592489198677287,0.9943217481583847,-0.0056782518416155225,33.7265,13.38125
81,alt10,44,0.15,lognormal,0.0,1.0000000000000002,1.1459899412242578,rc,pct,4000,4000,0.13975,0.005482242641018363,0.99725,0.0008280153229258548,0.997,0.00125,0.0015,0.6373964501478765,0.6200405251919353,0.661581021099949,1.2070162667234428,1.1841161492720422,1.2441572277591475,4.093395727579667,1.0030808536942522,0.0030808536942519282,,
82,alt10,44,0.35,nb,0.0,1.0000000000000002,1.1357560600933634,full,pct,4000,4000,0.57275,0.007821563742308824,0.93075,0.004014176051819353,0.92225,0.03525,0.034,1.0850894375816516,1.0401472840058386,1.1209785790958293,2.1113227481578725,2.076846065702731,2.166233709570962,1.85593593019009,0.9959175154229619,-0.004082484577038303,44.0,27.50925
82,alt10,44,0.35,nb,0.0,1.0000000000000002,1.1357560600933634,full,bca,4000,4000,0.56325,0.007842184604751407,0.933,0.003953194910449014,0.92275,0.03275,0.03425,1.0752204523892592,1.0482600578545127,1.1076202995978968,2.093839372845901,2.06340164689851,2.133572883063629,1.8566586297284153,0.9959175154229619,-0.004082484577038303,44.0,27.50925
82,alt10,44,0.35,nb,0.0,1.0000000000000002,1.1357560600933634,full,cr0,4000,4000,0.59825,0.007751563350382941,0.93225,0.0039736613311906685,0.92,0.033,0.03475,1.0950562519965388,1.0635718532716296,1.1215187904827146,2.1247424352877107,2.087504434810059,2.1897273325722706,1.7749422963874468,0.9959175154229619,-0.004082484577038303,44.0,27.50925
82,alt10,44,0.35,nb,0.0,1.0000000000000002,1.1357560600933634,full,cr1t,4000,4000,0.57,0.007827834949716301,0.939,0.003784144553264319,0.9295,0.0305,0.0305,1.0520897541331957,1.021840702312225,1.0775139874170114,2.041374351557312,2.005597450877083,2.1038094497377298,1.8474295096557867,0.9959175154229619,-0.004082484577038303,44.0,27.50925
82,alt10,44,0.35,nb,0.0,1.0000000000000002,1.1357560600933634,full,mdt,4000,4000,0.54,0.007880355321938218,0.947,0.003542280338990692,0.94025,0.026,0.027,1.0094432518343333,0.9843997923042602,1.0376081147504204,1.9701585455305088,1.9332327871615054,2.019293189534441,1.9263544016077827,0.9959175154229619,-0.004082484577038303,44.0,27.50925
82,alt10,44,0.35,nb,0.0,1.0000000000000002,1.1357560600933634,full_mh,pct,4000,4000,0.54275,0.007876744846381657,0.93775,0.0038201746524210126,0.92925,0.03275,0.0295,1.0609309253357602,1.0199225256579825,1.093173902130351,2.0651061122416374,2.0207827514489622,2.1166124308048535,1.9490297759571769,1.0016791074230347,0.0016791074230344538,44.0,27.50925
82,alt10,44,0.35,nb,0.0,1.0000000000000002,1.1357560600933634,sub,pct,4000,4000,0.399,0.0077427223894441675,0.9395,0.003769607075014583,0.93375,0.0325,0.028,1.0516756104098346,1.0154059616293698,1.0916490346967618,1.820082692324868,1.788044867986095,1.8779980692246028,2.4065259881765453,0.9890103573247093,-0.0109896426752909,36.20525,27.50925
82,alt10,44,0.35,nb,0.0,1.0000000000000002,1.1357560600933634,sub,bca,4000,4000,0.37075,0.007636989549226842,0.94325,0.003658190724251538,0.9375,0.0255,0.03125,1.0344515397786296,0.9956160643199977,1.0702336003301995,1.736707333693661,1.69759980107531,1.779484928085675,2.4023554732453074,0.9890103573247093,-0.0109896426752909,36.20525,27.50925
82,alt10,44,0.35,nb,0.0,1.0000000000000002,1.1357560600933634,sub,cr0,4000,4000,0.38325,0.007687155480084945,0.939,0.003784144553264319,0.93175,0.02625,0.03475,1.044611320460533,1.0147318226324828,1.0849633259017046,1.7549103095324345,1.7201051433203025,1.7973483934013998,2.3271223383670803,0.9890103573247093,-0.0109896426752909,36.20525,27.50925
82,alt10,44,0.35,nb,0.0,1.0000000000000002,1.1357560600933634,sub,cr1t,4000,4000,0.35225,0.007552647507662462,0.951,0.003413173010557773,0.94525,0.0215,0.0275,0.9931025688110332,0.9662279643148102,1.033792556865019,1.6713863421593462,1.6400067272758392,1.71260402676586,2.4456950164945366,0.9890103573247093,-0.0109896426752909,36.20525,27.50925
82,alt10,44,0.35,nb,0.0,1.0000000000000002,1.1357560600933634,sub,mdt,4000,4000,0.318,0.007363355213487938,0.961,0.0030610047370103837,0.95475,0.0165,0.0225,0.9400658643527954,0.9160460217054182,0.9811548954391299,1.5840074864284643,1.559456579346833,1.6213429295492967,2.599294542327957,0.9890103573247093,-0.0109896426752909,36.20525,27.50925
82,alt10,44,0.35,nb,0.0,1.0000000000000002,1.1357560600933634,rc,pct,4000,4000,0.25075,0.006853364821385185,0.99425,0.0011955059075554617,0.9925,0.0035,0.00225,0.7007919799035618,0.6797255363447074,0.7349597644460546,1.3980131838560181,1.3733387555675467,1.430764374378662,2.8530036790016697,0.9961493295409073,-0.003850670459092931,,
83,alt10,44,0.35,lognormal,0.0,1.0000000000000002,1.1357560600933634,full,pct,4000,4000,0.556,0.007855953156683153,0.932,0.003980452235613435,0.92425,0.03825,0.02975,1.0916332105382505,1.0402627294341913,1.114943668887313,2.1712227205159778,2.1401682497819525,2.2205493755378582,1.9131060840896599,1.0145579264169573,0.014557926416957079,44.0,27.5735
83,alt10,44,0.35,lognormal,0.0,1.0000000000000002,1.1357560600933634,full,bca,4000,4000,0.54025,0.00788003707954474,0.925,0.00416458281223942,0.9195,0.0375,0.0375,1.0877204714108784,1.0644131017077774,1.1216859691495462,2.114426263077606,2.0848006050805443,2.1629642860909857,1.9110328771793756,1.0145579264169573,0.014557926416957079,44.0,27.5735
83,alt10,44,0.35,lognormal,0.0,1.0000000000000002,1.1357560600933634,full,cr0,4000,4000,0.5965,0.007757057270640716,0.918,0.004338087136054322,0.91175,0.04425,0.03775,1.1277168813152085,1.0875940977953256,1.1599846653987993,2.228598448216299,2.187426180347052,2.276610665982275,1.7970667012016945,1.0145579264169573,0.014557926416957079,44.0,27.5735
83,alt10,44,0.35,lognormal,0.0,1.0000000000000002,1.1357560600933634,full,cr1t,4000,4000,0.56925,0.007829502498562728,0.9285,0.0040739339096259285,0.92425,0.03825,0.03325,1.0834688850290428,1.0449203909479305,1.114470584677834,2.1411553873790576,2.1015985873510354,2.1872837595907115,1.870457457336453,1.0145579264169573,0.014557926416957079,44.0,27.5735
83,alt10,44,0.35,lognormal,0.0,1.0000000000000002,1.1357560600933634,full,mdt,4000,4000,0.5225,0.007897685578699623,0.9465,0.0035580103288214327,0.94075,0.0285,0.025,1.0168922918490686,0.9803392594349957,1.0464535846752645,2.012299839639173,1.9819537486683392,2.0581821010033496,2.005284527113907,1.0145579264169573,0.014557926416957079,44.0,27.5735
83,alt10,44,0.35,lognormal,0.0,1.0000000000000002,1.1357560600933634,full_mh,pct,4000,4000,0.53325,0.007888194303831518,0.93325,0.0039463412643865456,0.928,0.03725,0.0295,1.073818850187559,1.0452685128929646,1.1204525299602253,2.1259289323563975,2.0802855587524727,2.187230976772513,2.014073892196667,1.0185452940763067,0.01854529407630645,44.0,27.5735
83,alt10,44,0.35,lognormal,0.0,1.0000000000000002,1.1357560600933634,sub,pct,4000,4000,0.40475,0.007760918719777962,0.93575,0.003876916864597435,0.93225,0.0395,0.02475,1.0806429630281948,1.0334000092764193,1.1206819272901944,1.8866939293847231,1.8402696402596959,1.9471928050661615,2.476912758174766,1.021147302389153,0.021147302389152856,33.6865,27.5735
83,alt10,44,0.35,lognormal,0.0,1.0000000000000002,1.1357560600933634,sub,bca,4000,4000,0.378,0.007666746376397226,0.9345,0.003911833010239573,0.93575,0.034,0.0315,1.0608890614646465,1.030419911231812,1.0959095775893406,1.8072131401264726,1.767383866897012,1.847852164910048,2.4668483140439768,1.021147302389153,0.021147302389152856,33.6865,27.5735
83,alt10,44,0.35,lognormal,0.0,1.0000000000000002,1.1357560600933634,sub,cr0,4000,4000,0.40475,0.007760918719777962,0.92625,0.00413252155166794,0.929,0.04,0.03375,1.0844161538692512,1.055835812866274,1.1117900425574954,1.8560868848464676,1.8136501038186799,1.8945836016933255,2.351664284298111,1.021147302389153,0.021147302389152856,33.6865,27.5735
83,alt10,44,0.35,lognormal,0.0,1.0000000000000002,1.1357560600933634,sub,cr1t,4000,4000,0.373,0.007646420731296441,0.9425,0.0036808202210920327,0.94125,0.03125,0.02625,1.0283838069820175,1.0006314371969949,1.0523171903000825,1.7641398115858042,1.7174003152127104,1.80131415096586,2.4819237770417515,1.021147302389153,0.021147302389152856,33.6865,27.5735
83,alt10,44,0.35,lognormal,0.0,1.0000000000000002,1.1357560600933634,sub,mdt,4000,4000,0.3135,0.007335150816445426,0.96175,0.00303261180750191,0.95875,0.02,0.01825,0.9521719398454158,0.9277034707624077,0.9780763324381635,1.6459883494440295,1.6070353096313394,1.6810202094006508,2.706397740101982,1.021147302389153,0.021147302389152856,33.6865,27.5735
83,alt10,44,0.35,lognormal,0.0,1.0000000000000002,1.1357560600933634,rc,pct,4000,4000,0.25375,0.00688042399674613,0.9935,0.0012706051707749293,0.9935,0.00575,0.00075,0.6974575884109389,0.6809370061386242,0.7199018591567244,1.3991065542870074,1.376546728144687,1.4259933046385602,2.936200396657896,1.0152976927460853,0.015297692746085056,,
84,alt10,164,0.15,nb,0.0,1.0000000000000002,1.1459899412242578,full,pct,3000,3000,0.9033333333333333,0.005395128117793627,0.9453333333333334,0.0041504305889960465,0.9113333333333333,0.026333333333333334,0.028333333333333332,1.0204472103189133,0.9890687924153694,1.0579373362626603,2.71734216886971,2.674582191225801,2.774271127030947,1.130938365821481,0.999713127602539,-0.00028687239746116866,164.0,49.522666666666666
84,alt10,164,0.15,nb,0.0,1.0000000000000002,1.1459899412242578,full,bca,3000,3000,0.913,0.005145580628072986,0.9463333333333334,0.004114468598962914,0.9123333333333333,0.027333333333333334,0.026333333333333334,1.0200341411267269,0.9814221435761332,1.0533803226379346,2.7593871610891805,2.7085308089027658,2.8108255772187443,1.130089377987374,0.999713127602539,-0.00028687239746116866,164.0,49.522666666666666
84,alt10,164,0.15,nb,0.0,1.0000000000000002,1.1459899412242578,full,cr0,3000,3000,0.9213333333333333,0.0049152220099815845,0.945,0.004162331077653484,0.9173333333333333,0.032,0.023,1.0161445804437494,0.9878796619804429,1.0462428462288855,2.823596696392772,2.7731855819434186,2.8774792702523126,1.1163916344104345,0.999713127602539,-0.00028687239746116866,164.0,49.522666666666666
84,alt10,164,0.15,nb,0.0,1.0000000000000002,1.1459899412242578,full,cr1t,3000,3000,0.92,0.004953113498935122,0.9486666666666667,0.004028987557779342,0.9223333333333333,0.029666666666666668,0.021666666666666667,1.005520494075026,0.9775510935338124,1.0353040737599712,2.7940751738159153,2.744191122192229,2.8473943897345992,1.1281871584352408,0.999713127602539,-0.00028687239746116866,164.0,49.522666666666666
84,alt10,164,0.15,nb,0.0,1.0000000000000002,1.1459899412242578,full,mdt,3000,3000,0.916,0.005064385451365248,0.9533333333333334,0.003850925814609991,0.9263333333333333,0.02666666666666667,0.02,0.9899952939457416,0.9579739588190272,1.0170141363592726,2.7478870165024922,2.697689772144571,2.797019418489714,1.1477647520503516,0.999713127602539,-0.00028687239746116866,164.0,49.522666666666666
84,alt10,164,0.15,nb,0.0,1.0000000000000002,1.1459899412242578,full_mh,pct,3000,3000,0.8836666666666667,0.005853770548085193,0.944,0.004197777189577044,0.9073333333333333,0.027,0.029,1.0322623347074802,0.984639067502311,1.0664064199115868,2.6389675117452853,2.5954300255567024,2.6963127847843187,1.1666226607146142,0.9942839686340755,-0.00571603136592469,164.0,49.522666666666666
84,alt10,164,0.15,nb,0.0,1.0000000000000002,1.1459899412242578,sub,pct,3000,3000,0.732,0.008086532013168562,0.944,0.004197777189577044,0.9306666666666666,0.03166666666666667,0.024333333333333332,1.0215851061448613,0.9938919984517534,1.0671316497731482,2.2547228470619363,2.2232599773790582,2.3048952296197514,1.56037113373065,1.0041646394105874,0.004164639410587201,135.47,49.522666666666666
84,alt10,164,0.15,nb,0.0,1.0000000000000002,1.1459899412242578,sub,bca,3000,3000,0.715,0.008241662453655816,0.946,0.004126499727371858,0.9303333333333333,0.02666666666666667,0.027333333333333334,1.0060679607907232,0.9838903793846495,1.0482634964972706,2.174323732765258,2.1410794035594582,2.2046179664544474,1.5579668026388185,1.0041646394105874,0.004164639410587201,135.47,49.522666666666666
84,alt10,164,0.15,nb,0.0,1.0000000000000002,1.1459899412242578,sub,cr0,3000,3000,0.7236666666666667,0.00816441919188014,0.9483333333333334,0.004041337329079002,0.9246666666666666,0.024333333333333332,0.027333333333333334,1.009766215206374,0.9806534692781279,1.0474782914758713,2.170490972815051,2.1254837203992882,2.2199433298899502,1.5360908939109184,1.0041646394105874,0.004164639410587201,135.47,49.522666666666666
84,alt10,164,0.15,nb,0.0,1.0000000000000002,1.1459899412242578,sub,cr1t,3000,3000,0.7126666666666667,0.00826181757421632,0.951,0.00394119271287259,0.9303333333333333,0.023333333333333334,0.025666666666666667,0.9959375495066426,0.9680894748540476,1.0339660489859772,2.141669336680731,2.097875775775578,2.1925463236042955,1.555857621716989,1.0041646394105874,0.004164639410587201,135.47,49.522666666666666
84,alt10,164,0.15,nb,0.0,1.0000000000000002,1.1459899412242578,sub,mdt,3000,3000,0.6943333333333334,0.008410995889420696,0.9556666666666667,0.003758008731978896,0.9363333333333334,0.021,0.023333333333333334,0.9733337974745937,0.939597679193036,1.0101997899399315,2.0957667810395866,2.0559429684244086,2.1414393669463627,1.59607756843526,1.0041646394105874,0.004164639410587201,135.47,49.522666666666666
84,alt10,164,0.15,nb,0.0,1.0000000000000002,1.1459899412242578,rc,pct,3000,3000,0.6613333333333333,0.008640438946325886,0.9976666666666667,0.0008808875995057209,0.9956666666666667,0.0006666666666666666,0.0016666666666666668,0.6345809343223955,0.6150977724188654,0.6564781295879705,1.7290066651264788,1.697775239712536,1.7639461885883876,1.882317408132384,1.0001163976409182,0.00011639764091797566,,
85,alt10,164,0.15,lognormal,0.0,1.0000000000000002,1.1459899412242578,full,pct,3000,3000,0.8766666666666667,0.006003394101734513,0.941,0.004301898805566369,0.912,0.027,0.032,1.0364078833701336,1.0006433173010347,1.0674300286312668,2.6787608659143487,2.6374740626390767,2.728394294947765,1.1683491830821155,1.0003123647643504,0.00031236476435014815,164.0,49.544666666666664
85,alt10,164,0.15,lognormal,0.0,1.0000000000000002,1.1459899412242578,full,bca,3000,3000,0.881,0.0059115423819282,0.939,0.004369553752959221,0.9106666666666666,0.029333333333333333,0.03166666666666667,1.0514893705652886,1.014403917226297,1.0951424486776917,2.7348998130081297,2.683782891350147,2.800447746224357,1.1685449718460723,1.0003123647643504,0.00031236476435014815,164.0,49.544666666666664
85,alt10,164,0.15,lognormal,0.0,1.0000000000000002,1.1459899412242578,full,cr0,3000,3000,0.8963333333333333,0.005565365782794182,0.9383333333333334,0.0043918063439731675,0.9143333333333333,0.033,0.028666666666666667,1.0452267506114035,1.0090182042311742,1.0894330716344616,2.7940440240731936,2.735101273022994,2.8418366564692303,1.1494390158999983,1.0003123647643501,0.0003123647643499261,164.0,49.544666666666664
85,alt10,164,0.15,lognormal,0.0,1.0000000000000002,1.1459899412242578,full,cr1t,3000,3000,0.893,0.0056436099558113805,0.942,0.00426755199148177,0.9183333333333333,0.032,0.026,1.0342986017169356,0.9984686261930913,1.0780427328295898,2.76483148325857,2.706504995769699,2.812124429818424,1.1615837105655564,1.0003123647643501,0.0003123647643499261,164.0,49.544666666666664
85,alt10,164,0.15,lognormal,0.0,1.0000000000000002,1.1459899412242578,full,mdt,3000,3000,0.8816666666666667,0.005897190165820655,0.9486666666666667,0.004028987557779342,0.9243333333333333,0.027666666666666666,0.023666666666666666,1.0067514151170538,0.9744468669674393,1.0453942356301518,2.6840024704336307,2.643932399741518,2.7419108058535713,1.1985486564771182,1.0003123647643501,0.0003123647643499261,164.0,49.544666666666664
85,alt10,164,0.15,lognormal,0.0,1.0000000000000002,1.1459899412242578,full_mh,pct,3000,3000,0.859,0.006353975133725344,0.9413333333333334,0.004290489050947023,0.9066666666666666,0.025666666666666667,0.033,1.0363104386388169,1.0023270143983254,1.0729842315197622,2.6251490036178486,2.5854531739758446,2.6791264035437603,1.202660807312448,0.9948746613764002,-0.005125338623599984,164.0,49.544666666666664
85,alt10,164,0.15,lognormal,0.0,1.0000000000000002,1.1459899412242578,sub,pct,3000,3000,0.7266666666666667,0.00813679343521804,0.9523333333333334,0.0038899252587316522,0.9383333333333334,0.027,0.020666666666666667,0.9823357773189083,0.954173176494159,1.0361862689446715,2.208217917531256,2.1691091847786836,2.254053442976113,1.5936652344192666,1.0020251714312554,0.002025171431255135,125.69966666666667,49.544666666666664
85,alt10,164,0.15,lognormal,0.0,1.0000000000000002,1.1459899412242578,sub,bca,3000,3000,0.706,0.00831793243540725,0.9516666666666667,0.003915661809631599,0.9343333333333333,0.024,0.024333333333333332,0.9909845365596531,0.9461469870255563,1.0375164110542061,2.143624145693749,2.0925594970486854,2.179366846709675,1.5913117013065454,1.0020251714312554,0.002025171431255135,125.69966666666667,49.544666666666664
85,alt10,164,0.15,lognormal,0.0,1.0000000000000002,1.1459899412242578,sub,cr0,3000,3000,0.7173333333333334,0.008221237178231798,0.9503333333333334,0.003966521939469929,0.9376666666666666,0.024666666666666667,0.025,0.9940960103450459,0.9532587667246456,1.032913449476391,2.131960747527301,2.093786119578004,2.172538400427085,1.5623644734779176,1.0020251714312554,0.002025171431255135,125.69966666666667,49.544666666666664
85,alt10,164,0.15,lognormal,0.0,1.0000000000000002,1.1459899412242578,sub,cr1t,3000,3000,0.7096666666666667,0.008287337507484714,0.9536666666666667,0.003837818631964238,0.9416666666666667,0.023333333333333334,0.023,0.9811168815533493,0.9393793973476073,1.0186348775138248,2.1020330906600755,2.0651391377721517,2.1432340898677893,1.5840976081219378,1.0020251714312554,0.002025171431255135,125.69966666666667,49.544666666666664
85,alt10,164,0.15,lognormal,0.0,1.0000000000000002,1.1459899412242578,sub,mdt,3000,3000,0.688,0.008458841528247234,0.9616666666666667,0.003505419085211205,0.9483333333333334,0.019333333333333334,0.019,0.9491130933029829,0.9062218081966973,0.9824446282239799,2.0439251710513533,1.994618281777324,2.0716187613028696,1.6467688337339377,1.0020251714312554,0.002025171431255135,125.69966666666667,49.544666666666664
85,alt10,164,0.15,lognormal,0.0,1.0000000000000002,1.1459899412242578,rc,pct,3000,3000,0.6386666666666667,0.008770624370696298,0.9966666666666667,0.001052334266004579,0.9936666666666667,0.0013333333333333333,0.002,0.6499968602093823,0.6266194385235959,0.67615817394262,1.703643576911599,1.6742382719123996,1.7316985770511841,1.915035956703446,1.0004342260468873,0.0004342260468870318,,
86,alt10,164,0.35,nb,0.0,1.0000000000000002,1.1357560600933634,full,pct,3000,3000,0.9813333333333333,0.0024710471614427135,0.9356666666666666,0.004479380744238187,0.91,0.034666666666666665,0.029666666666666668,1.0645023689846362,1.0238685035406054,1.1017943115370659,3.1567810545410477,3.1024783660602764,3.201457968742898,0.9509202704943582,1.0099686094064595,0.009968609406459272,164.0,102.54166666666667
86,alt10,164,0.35,nb,0.0,1.0000000000000002,1.1357560600933634,full,bca,3000,3000,0.9796666666666667,0.002576812558756061,0.936,0.004468556814006059,0.9076666666666666,0.033,0.031,1.0590372147135394,1.0235397212173158,1.099421742733284,3.116607856709357,3.0647047501662796,3.1863247113609177,0.9514971569177633,1.0099686094064595,0.009968609406459272,164.0,102.54166666666667
86,alt10,164,0.35,nb,0.0,1.0000000000000002,1.1357560600933634,full,cr0,3000,3000,0.9823333333333333,0.002405171896528784,0.9363333333333334,0.004457698293298243,0.909,0.033,0.030666666666666665,1.0540023780670085,1.0241750438287975,1.0918338055696406,3.122923882193987,3.0920682531875507,3.1848865248990625,0.9429783725648282,1.0099686094064595,0.009968609406459272,164.0,102.54166666666667
86,alt10,164,0.35,nb,0.0,1.0000000000000002,1.1357560600933634,full,cr1t,3000,3000,0.9816666666666667,0.0024493007316526215,0.9376666666666666,0.004413913187822075,0.9123333333333333,0.03266666666666666,0.029666666666666668,1.042982477441712,1.0134669966357726,1.080418366395032,3.0902728070557512,3.059739782601693,3.151587612356188,0.9529416540026502,1.0099686094064595,0.009968609406459272,164.0,102.54166666666667
86,alt10,164,0.35,nb,0.0,1.0000000000000002,1.1357560600933634,full,mdt,3000,3000,0.9806666666666667,0.0025139315527380303,0.9406666666666667,0.004313269791735303,0.917,0.03133333333333333,0.028,1.0297927405291034,1.0050991391352397,1.0681853534795114,3.0571489656283855,3.022497613454148,3.111499110263606,0.9641080167271725,1.0099686094064595,0.009968609406459272,164.0,102.54166666666667
86,alt10,164,0.35,nb,0.0,1.0000000000000002,1.1357560600933634,full_mh,pct,3000,3000,0.9766666666666667,0.0027561379312901397,0.9363333333333334,0.004457698293298243,0.9076666666666666,0.036,0.027666666666666666,1.0574491201424894,1.0312143172893098,1.1043638215118745,3.0942026798827413,3.04930721254912,3.1533014312587655,0.972345003873466,1.0117442896189557,0.011744289618955461,164.0,102.54166666666667
86,alt10,164,0.35,nb,0.0,1.0000000000000002,1.1357560600933634,sub,pct,3000,3000,0.9036666666666666,0.00538681174172077,0.9413333333333334,0.004290489050947023,0.9263333333333333,0.033666666666666664,0.025,1.0305387636366734,1.0023519971748625,1.059485835475443,2.621351503674823,2.583351748165441,2.675271717887191,1.2192444989863485,1.0094409614516977,0.009440961451697483,135.27566666666667,102.54166666666667
86,alt10,164,0.35,nb,0.0,1.0000000000000002,1.1357560600933634,sub,bca,3000,3000,0.8946666666666667,0.005604707016494326,0.945,0.004162331077653484,0.92,0.029333333333333333,0.025666666666666667,1.0174665378847003,0.9879597865339124,1.0504207527040745,2.5751974686215604,2.5279380036984067,2.6193238579003935,1.219140942737397,1.0094409614516977,0.009440961451697483,135.27566666666667,102.54166666666667
86,alt10,164,0.35,nb,0.0,1.0000000000000002,1.1357560600933634,sub,cr0,3000,3000,0.8986666666666666,0.005509533824468543,0.9426666666666667,0.004244456079099819,0.9226666666666666,0.03,0.027333333333333334,1.0237806171055737,0.9972365013474482,1.0531462765643036,2.5653108973452246,2.5246535189265336,2.6157266236388406,1.2125821846494198,1.0094409614516977,0.009440961451697483,135.27566666666667,102.54166666666667
86,alt10,164,0.35,nb,0.0,1.0000000000000002,1.1357560600933634,sub,cr1t,3000,3000,0.893,0.0056436099558113805,0.9463333333333334,0.004114468598962914,0.926,0.028,0.025666666666666667,1.010728124016508,0.9850174647511187,1.0395609182976275,2.5356869620184264,2.493269537411572,2.582912743262369,1.2282127525001303,1.0094409614516977,0.009440961451697483,135.27566666666667,102.54166666666667
86,alt10,164,0.35,nb,0.0,1.0000000000000002,1.1357560600933634,sub,mdt,3000,3000,0.8856666666666667,0.005809796962092628,0.9526666666666667,0.003876978586858968,0.9293333333333333,0.024666666666666667,0.02266666666666667,0.9942628950988822,0.970902426454468,1.0247193093420048,2.490585209469778,2.455165427928782,2.5431585232500105,1.2487485910890952,1.0094409614516977,0.009440961451697483,135.27566666666667,102.54166666666667
86,alt10,164,0.35,nb,0.0,1.0000000000000002,1.1357560600933634,rc,pct,3000,3000,0.8846666666666667,0.005831853780618861,0.992,0.001626448072744204,0.987,0.005,0.003,0.7092196864197207,0.6810215612942444,0.7354637333787549,2.0988062302724484,2.0677854961469024,2.12372921423623,1.4332573747182245,1.01082845306628,0.010828453066279886,,
87,alt10,164,0.35,lognormal,0.0,1.0000000000000002,1.1357560600933634,full,pct,3000,3000,0.9673333333333334,0.0032454868949335124,0.939,0.004369553752959221,0.9023333333333333,0.028,0.033,1.0435212648052274,1.0107794559425407,1.081356397513105,3.0711666665560813,3.015252969040075,3.1283610345907036,0.983414277638858,0.993669374095792,-0.006330625904208187,164.0,102.53333333333333
87,alt10,164,0.35,lognormal,0.0,1.0000000000000002,1.1357560600933634,full,bca,3000,3000,0.9626666666666667,0.0034611922587241307,0.935,0.004500925830685651,0.8926666666666667,0.029666666666666668,0.035333333333333335,1.0631100264694344,1.0266401317356486,1.107988024871133,3.0562460896552017,3.0208206409831826,3.098331116471143,0.9846978969885192,0.993669374095792,-0.006330625904208187,164.0,102.53333333333333
87,alt10,164,0.35,lognormal,0.0,1.0000000000000002,1.1357560600933634,full,cr0,3000,3000,0.9663333333333334,0.0032930847859427175,0.937,0.004435876463563879,0.8953333333333333,0.028666666666666667,0.034333333333333334,1.059774266777584,1.017433520536675,1.1079722093704039,3.0766841692299316,3.030609853330536,3.130026802014889,0.9736779881596498,0.993669374095792,-0.006330625904208187,164.0,102.53333333333333
87,alt10,164,0.35,lognormal,0.0,1.0000000000000002,1.1357560600933634,full,cr1t,3000,3000,0.966,0.003308776208811954,0.9383333333333334,0.0043918063439731675,0.8993333333333333,0.027666666666666666,0.034,1.0486940193814118,1.0067959579253623,1.09638803850236,3.044516543704724,2.998923948144064,3.097301463789393,0.9839656343115556,0.993669374095792,-0.006330625904208187,164.0,102.53333333333333
87,alt10,164,0.35,lognormal,0.0,1.0000000000000002,1.1357560600933634,full,mdt,3000,3000,0.962,0.0034907496807037516,0.9436666666666667,0.004209508636760705,0.909,0.024666666666666667,0.03166666666666667,1.0273422403993475,0.988832279036108,1.0740605871820013,2.9725440026399093,2.938754483621538,3.046384514244818,1.0077163932529427,0.993669374095792,-0.006330625904208187,164.0,102.53333333333333
87,alt10,164,0.35,lognormal,0.0,1.0000000000000002,1.1357560600933634,full_mh,pct,3000,3000,0.9623333333333334,0.003476007714264975,0.9383333333333334,0.0043918063439731675,0.9073333333333333,0.028,0.033666666666666664,1.036923488490712,1.0111599021284434,1.0822201541068162,3.0234893555548905,2.9689880254776355,3.0724751741800778,1.0036069224969293,0.9937815234306799,-0.006218476569320286,164.0,102.53333333333333
87,alt10,164,0.35,lognormal,0.0,1.0000000000000002,1.1357560600933634,sub,pct,3000,3000,0.8796666666666667,0.005940067963197677,0.9403333333333334,0.004324602315263818,0.9226666666666666,0.025333333333333333,0.034333333333333334,1.0342675730251023,1.0051837086961717,1.0708600705341396,2.544080601884506,2.503468569297172,2.5954706500325835,1.2475299260598105,0.9913182233416252,-0.008681776658374996,125.884,102.53333333333333
87,alt10,164,0.35,lognormal,0.0,1.0000000000000002,1.1357560600933634,sub,bca,3000,3000,0.8676666666666667,0.006186577465832036,0.9406666666666667,0.004313269791735303,0.916,0.02266666666666667,0.03666666666666667,1.0436405703273022,1.003538093073427,1.0803301042343643,2.504831233829193,2.47188356289738,2.5492823619300204,1.248069939736862,0.9913182233416252,-0.008681776658374996,125.884,102.53333333333333
87,alt10,164,0.35,lognormal,0.0,1.0000000000000002,1.1357560600933634,sub,cr0,3000,3000,0.874,0.006058712734566643,0.9413333333333334,0.004290489050947023,0.916,0.02266666666666667,0.036,1.0469389105201148,1.0034561757474745,1.0915825734379079,2.5088024743001602,2.464236989980241,2.573986629395171,1.2375832129010642,0.9913182233416252,-0.008681776658374996,125.884,102.53333333333333
87,alt10,164,0.35,lognormal,0.0,1.0000000000000002,1.1357560600933634,sub,cr1t,3000,3000,0.8693333333333333,0.006153397134615668,0.9446666666666667,0.004174188765718658,0.9186666666666666,0.02,0.035333333333333335,1.0323228784994185,0.9891046923652079,1.0773943870579066,2.472427421581188,2.430031460500849,2.541031312032838,1.2547765673652136,0.9913182233416252,-0.008681776658374996,125.884,102.53333333333333
87,alt10,164,0.35,lognormal,0.0,1.0000000000000002,1.1357560600933634,sub,mdt,3000,3000,0.8556666666666667,0.006416157266937436,0.9483333333333334,0.004041337329079002,0.9266666666666666,0.018666666666666668,0.033,1.006418575417868,0.9622192649637789,1.0512384650298534,2.420316316785117,2.3735205700965087,2.467133409375759,1.2914474358894426,0.9913182233416252,-0.008681776658374996,125.884,102.53333333333333
87,alt10,164,0.35,lognormal,0.0,1.0000000000000002,1.1357560600933634,rc,pct,3000,3000,0.8526666666666667,0.006471121031738427,0.9973333333333333,0.0009415511236882104,0.985,0.0013333333333333333,0.0013333333333333333,0.715238466321321,0.6902993975490137,0.7445955066356601,2.0627023207546946,2.0343921845513404,2.0944873730017397,1.4582861764897619,0.9943273032898932,-0.005672696710107061,,
88,alt10,776,0.15,nb,0.0,1.0000000000000002,1.1459899412242578,full,pct,1000,1000,1.0,0.0,0.95,0.006892024376045114,0.812,0.028,0.022,0.9976673301249727,0.9280897460438281,1.0614743413896157,4.785159773550464,4.696849247048333,4.900553649354155,0.5202120128772032,1.0061024785845303,0.006102478584530058,776.0,235.407
88,alt10,776,0.15,nb,0.0,1.0000000000000002,1.1459899412242578,full,bca,1000,1000,1.0,0.0,0.952,0.006759881655768837,0.813,0.028,0.02,0.9862899149795629,0.9327526025123848,1.0653245258789732,4.851025283354577,4.7562078696238945,4.937915847686062,0.520070483657339,1.0061024785845303,0.006102478584530058,776.0,235.407
88,alt10,776,0.15,nb,0.0,1.0000000000000002,1.1459899412242578,full,cr0,1000,1000,1.0,0.0,0.95,0.006892024376045114,0.817,0.03,0.02,0.9988661835286132,0.9336309612830838,1.0575678657332708,4.804595627889536,4.746707117995198,4.938241959942424,0.5193302653196803,1.0061024785845305,0.00610247858453028,776.0,235.407
88,alt10,776,0.15,nb,0.0,1.0000000000000002,1.1459899412242578,full,cr1t,1000,1000,1.0,0.0,0.951,0.006826346021115546,0.819,0.029,0.02,0.9966634342877861,0.9315720719893104,1.0552356646318806,4.794000295355171,4.736239444073498,4.927351903889213,0.5204780493241059,1.0061024785845305,0.00610247858453028,776.0,235.407
88,alt10,776,0.15,nb,0.0,1.0000000000000002,1.1459899412242578,full,mdt,1000,1000,1.0,0.0,0.951,0.006826346021115546,0.821,0.029,0.02,0.9931487507621592,0.9283175175442097,1.0518450843098162,4.776661746737377,4.7192379183639295,4.913142590321455,0.5224569475097471,1.0061024785845305,0.00610247858453028,776.0,235.407
88,alt10,776,0.15,nb,0.0,1.0000000000000002,1.1459899412242578,full_mh,pct,1000,1000,1.0,0.0,0.951,0.006826346021115546,0.818,0.026,0.023,0.9922103554953543,0.9086044510502969,1.0674973413199447,4.665561470315101,4.595699558371497,4.7811884577371515,0.5316637925164933,1.0055513548834025,0.005551354883402304,776.0,235.407
88,alt10,776,0.15,nb,0.0,1.0000000000000002,1.1459899412242578,sub,pct,1000,1000,1.0,0.0,0.954,0.006624499981130654,0.883,0.024,0.022,0.9789298277004265,0.9154999355891114,1.0320355910729286,3.707652246667309,3.613554438523317,3.79994769411975,0.7080614163615602,1.0005940391485444,0.0005940391485441676,641.832,235.407
88,alt10,776,0.15,nb,0.0,1.0000000000000002,1.1459899412242578,sub,bca,1000,1000,1.0,0.0,0.956,0.006485676526007139,0.879,0.021,0.023,0.964374982531381,0.9182411962510074,1.0488789097118825,3.658988308152196,3.5525099009420615,3.735337059826085,0.7080587145551032,1.0005940391485444,0.0005940391485441676,641.832,235.407
88,alt10,776,0.15,nb,0.0,1.0000000000000002,1.1459899412242578,sub,cr0,1000,1000,1.0,0.0,0.953,0.00669260786241059,0.879,0.023,0.024,0.9777028516882026,0.9215262172504257,1.033245420797454,3.636919957990164,3.5588974508839137,3.7141619697239716,0.7066723323562066,1.0005940391485444,0.0005940391485441676,641.832,235.407
88,alt10,776,0.15,nb,0.0,1.0000000000000002,1.1459899412242578,sub,cr1t,1000,1000,1.0,0.0,0.955,0.00655553201502365,0.879,0.023,0.022,0.9751660309666003,0.9190541721520512,1.0304649609435776,3.627247696203745,3.5493505114323933,3.704337207968547,0.7085632055815911,1.0005940391485444,0.0005940391485441676,641.832,235.407
88,alt10,776,0.15,nb,0.0,1.0000000000000002,1.1459899412242578,sub,mdt,1000,1000,1.0,0.0,0.956,0.006485676526007139,0.881,0.022,0.022,0.9703389382909102,0.914846423250018,1.0257685179361742,3.612434722706229,3.5286332934839972,3.685237668284257,0.7124464487390287,1.0005940391485444,0.0005940391485441676,641.832,235.407
88,alt10,776,0.15,nb,0.0,1.0000000000000002,1.1459899412242578,rc,pct,1000,1000,1.0,0.0,0.998,0.0014127986409959495,0.983,0.001,0.001,0.6193663877113649,0.5826546998006807,0.6582622887167117,3.0254645976058763,2.975961586442102,3.0682773709513875,0.8517386690594821,1.0054277996853318,0.00542779968533158,,
89,alt10,776,0.15,lognormal,0.0,1.0000000000000002,1.1459899412242578,full,pct,1000,1000,1.0,0.0,0.954,0.006624499981130654,0.831,0.031,0.015,0.9673067937401099,0.9121250118312888,1.0404086838243658,4.712462313094099,4.611378916155413,4.7952070384448096,0.5422402609816603,1.0103733225577733,0.010373322557773124,776.0,235.814
89,alt10,776,0.15,lognormal,0.0,1.0000000000000002,1.1459899412242578,full,bca,1000,1000,1.0,0.0,0.952,0.006759881655768837,0.829,0.033,0.015,0.9775872646987458,0.9225011480179948,1.0469811563614722,4.761652680973846,4.692420321243084,4.847330163154523,0.5429741763604179,1.0103733225577733,0.010373322557773124,776.0,235.814
89,alt10,776,0.15,lognormal,0.0,1.0000000000000002,1.1459899412242578,full,cr0,1000,1000,1.0,0.0,0.955,0.00655553201502365,0.833,0.033,0.012,0.9698637310828734,0.9154751798687765,1.0533868602334342,4.788470720869617,4.702196710894276,4.880894459462837,0.5420040862500952,1.0103733225577733,0.010373322557773124,776.0,235.814
89,alt10,776,0.15,lognormal,0.0,1.0000000000000002,1.1459899412242578,full,cr1t,1000,1000,1.0,0.0,0.955,0.00655553201502365,0.833,0.033,0.012,0.9677249394883863,0.9134563286045081,1.0510638792927052,4.777910947779839,4.691827193529544,4.870130868961496,0.5432019821981551,1.0103733225577733,0.010373322557773124,776.0,235.814
89,alt10,776,0.15,lognormal,0.0,1.0000000000000002,1.1459899412242578,full,mdt,1000,1000,1.0,0.0,0.956,0.006485676526007139,0.839,0.032,0.012,0.9609247762314322,0.9041615983317531,1.0455116553550055,4.744184399165497,4.665768125864178,4.839712453644677,0.5476948730264612,1.0103733225577733,0.010373322557773124,776.0,235.814
89,alt10,776,0.15,lognormal,0.0,1.0000000000000002,1.1459899412242578,full_mh,pct,1000,1000,1.0,0.0,0.959,0.006270486424512857,0.835,0.03,0.011,0.9589351573841655,0.8967864452227748,1.0440578077065708,4.583719830285971,4.540248748470954,4.699255725093494,0.5529781417820632,1.008616840421253,0.00861684042125277,776.0,235.814
89,alt10,776,0.15,lognormal,0.0,1.0000000000000002,1.1459899412242578,sub,pct,1000,1000,1.0,0.0,0.951,0.006826346021115546,0.881,0.027,0.022,0.9956265302828929,0.9481306775946665,1.0515879204281564,3.6804475891628634,3.6261489237861197,3.763691174148168,0.7265653162123802,1.011133189790039,0.011133189790038855,596.564,235.814
89,alt10,776,0.15,lognormal,0.0,1.0000000000000002,1.1459899412242578,sub,bca,1000,1000,1.0,0.0,0.953,0.00669260786241059,0.872,0.026,0.021,0.9965349507225982,0.9323124619005922,1.0554053847816083,3.6459062619888853,3.599145453130253,3.7043024518770302,0.7266938803056102,1.011133189790039,0.011133189790038855,596.564,235.814
89,alt10,776,0.15,lognormal,0.0,1.0000000000000002,1.1459899412242578,sub,cr0,1000,1000,1.0,0.0,0.951,0.006826346021115546,0.873,0.025,0.024,0.9956395968969775,0.9464697608461912,1.0583499733890427,3.634892907027411,3.588521204601106,3.700175879544984,0.725229670893011,1.011133189790039,0.011133189790038855,596.564,235.814
89,alt10,776,0.15,lognormal,0.0,1.0000000000000002,1.1459899412242578,sub,cr1t,1000,1000,1.0,0.0,0.953,0.00669260786241059,0.874,0.024,0.023,0.9927590654318457,0.9437653817977972,1.055442489041538,3.6243221376252373,3.5780756519218366,3.689256654763394,0.7273183516451436,1.011133189790039,0.011133189790038855,596.564,235.814
89,alt10,776,0.15,lognormal,0.0,1.0000000000000002,1.1459899412242578,sub,mdt,1000,1000,1.0,0.0,0.955,0.00655553201502365,0.878,0.023,0.022,0.9862187844252818,0.9366384888268456,1.0444292831784907,3.595533846683785,3.547163290259996,3.660585375706842,0.73443879837707,1.011133189790039,0.011133189790038855,596.564,235.814
89,alt10,776,0.15,lognormal,0.0,1.0000000000000002,1.1459899412242578,rc,pct,1000,1000,1.0,0.0,0.998,0.0014127986409959495,0.986,0.001,0.001,0.6534693672441224,0.6204364261007198,0.689058993303376,3.0614047739709047,3.006270276940248,3.136887838934888,0.8610607620992636,1.0102898892137098,0.010289889213709547,,
90,alt10,776,0.35,nb,0.0,1.0000000000000002,1.1357560600933634,full,pct,1000,1000,1.0,0.0,0.953,0.00669260786241059,0.784,0.024,0.023,0.9897142046593977,0.9256421681613685,1.0459989892632018,5.490446813678617,5.444469447660104,5.569070483116116,0.4392652025939199,1.0013827444664565,0.0013827444664562538,776.0,485.058
90,alt10,776,0.35,nb,0.0,1.0000000000000002,1.1357560600933634,full,bca,1000,1000,1.0,0.0,0.955,0.00655553201502365,0.783,0.021,0.024,0.9859069969961752,0.9268751661314292,1.0323063831232577,5.46586532094316,5.414654469815125,5.540433675758362,0.4393362013927075,1.0013827444664565,0.0013827444664562538,776.0,485.058
90,alt10,776,0.35,nb,0.0,1.0000000000000002,1.1357560600933634,full,cr0,1000,1000,1.0,0.0,0.953,0.00669260786241059,0.782,0.021,0.026,0.9950493340462453,0.9356314898344773,1.0409279831253822,5.4559841586130196,5.377426644830206,5.527687619332933,0.43890120743821903,1.0013827444664567,0.0013827444664564759,776.0,485.058
90,alt10,776,0.35,nb,0.0,1.0000000000000002,1.1357560600933634,full,cr1t,1000,1000,1.0,0.0,0.953,0.00669260786241059,0.784,0.021,0.026,0.9928550019111714,0.9335681888759387,1.0386324771182764,5.443952351788916,5.365568076931094,5.515497688481536,0.4398712332947144,1.0013827444664567,0.0013827444664564759,776.0,485.058
90,alt10,776,0.35,nb,0.0,1.0000000000000002,1.1357560600933634,full,mdt,1000,1000,1.0,0.0,0.955,0.00655553201502365,0.785,0.02,0.025,0.990273998121234,0.9311730211451178,1.0348926535447716,5.424229177942018,5.352996045926484,5.502627458409367,0.44099397871625723,1.0013827444664567,0.0013827444664564759,776.0,485.058
90,alt10,776,0.35,nb,0.0,1.0000000000000002,1.1357560600933634,full_mh,pct,1000,1000,1.0,0.0,0.958,0.006343185319695463,0.789,0.022,0.02,0.9607414710034943,0.9276261602227703,1.019734713109925,5.406308174440005,5.3357489581451345,5.477997156340976,0.4464009602878301,1.0019230638085732,0.001923063808572989,776.0,485.058
90,alt10,776,0.35,nb,0.0,1.0000000000000002,1.1357560600933634,sub,pct,1000,1000,1.0,0.0,0.953,0.00669260786241059,0.854,0.024,0.023,0.9877186111213507,0.9455736373381317,1.052954579535697,4.472740912654951,4.419848622344336,4.558672859320746,0.5612030565047126,1.0035760463685235,0.003576046368523267,641.143,485.058
90,alt10,776,0.35,nb,0.0,1.0000000000000002,1.1357560600933634,sub,bca,1000,1000,1.0,0.0,0.951,0.006826346021115546,0.847,0.023,0.026,0.992204205840518,0.9300345964420849,1.0576116719196107,4.4149282678555775,4.347254033499047,4.503398695858736,0.5612255805819194,1.0035760463685235,0.003576046368523267,641.143,485.058
90,alt10,776,0.35,nb,0.0,1.0000000000000002,1.1357560600933634,sub,cr0,1000,1000,1.0,0.0,0.952,0.006759881655768837,0.851,0.024,0.024,0.987341064328185,0.9375396025845923,1.0622333267410395,4.392600087040137,4.3528774070710075,4.468345494520388,0.5612545570290809,1.0035760463685235,0.003576046368523267,641.143,485.058
90,alt10,776,0.35,nb,0.0,1.0000000000000002,1.1357560600933634,sub,cr1t,1000,1000,1.0,0.0,0.953,0.00669260786241059,0.852,0.023,0.024,0.9846583250269137,0.9351267768484017,1.0594364665409803,4.3809673889608405,4.341380885122801,4.455970736249297,0.5627578209567984,1.0035760463685235,0.003576046368523267,641.143,485.058
90,alt10,776,0.35,nb,0.0,1.0000000000000002,1.1357560600933634,sub,mdt,1000,1000,1.0,0.0,0.953,0.00669260786241059,0.853,0.023,0.024,0.9818287447533255,0.9314168108400557,1.0556217669108099,4.366297867321637,4.326698161615925,4.436890572727859,0.5648008595000199,1.0035760463685235,0.003576046368523267,641.143,485.058
90,alt10,776,0.35,nb,0.0,1.0000000000000002,1.1357560600933634,rc,pct,1000,1000,1.0,0.0,0.997,0.0017294507798720387,0.958,0.002,0.001,0.6667858029110867,0.6369962865456008,0.7189240135136834,3.73503691123716,3.70522729305643,3.805372779283771,0.654894910243569,1.002333480507118,0.002333480507117791,,
91,alt10,776,0.35,lognormal,0.0,1.0000000000000002,1.1357560600933634,full,pct,1000,1000,1.0,0.0,0.937,0.007683163410991592,0.764,0.031,0.032,1.053394184275221,0.9989445855405548,1.0928104809509505,5.408243842965189,5.337081895587555,5.4942881026362045,0.4616874034106546,0.9938424802567949,-0.006157519743205331,776.0,483.944
91,alt10,776,0.35,lognormal,0.0,1.0000000000000002,1.1357560600933634,full,bca,1000,1000,1.0,0.0,0.932,0.00796090447122687,0.759,0.033,0.035,1.0500223455987991,1.0149111683422518,1.1104637880736457,5.409458689675469,5.336603115862179,5.470747626275386,0.46249027928428005,0.9938424802567949,-0.006157519743205331,776.0,483.944
91,alt10,776,0.35,lognormal,0.0,1.0000000000000002,1.1357560600933634,full,cr0,1000,1000,1.0,0.0,0.936,0.007739767438366605,0.769,0.031,0.033,1.0474715249451234,0.9953283336450942,1.100902277757186,5.368350122693151,5.281069520160555,5.487775965554236,0.46206579840895906,0.9938424802567949,-0.006157519743205331,776.0,483.944
91,alt10,776,0.35,lognormal,0.0,1.0000000000000002,1.1357560600933634,full,cr1t,1000,1000,1.0,0.0,0.937,0.007683163410991592,0.771,0.031,0.032,1.0451615887951087,0.9931333862462692,1.0984745134614855,5.356511570790747,5.269423443771027,5.4756740498609275,0.46308702087146947,0.9938424802567949,-0.006157519743205331,776.0,483.944
91,alt10,776,0.35,lognormal,0.0,1.0000000000000002,1.1357560600933634,full,mdt,1000,1000,1.0,0.0,0.94,0.007509993342207438,0.774,0.029,0.031,1.0413681881094712,0.9867968946390479,1.093832067702415,5.3331540942241595,5.244478471427528,5.454956690666626,0.46619515816894047,0.9938424802567949,-0.006157519743205331,776.0,483.944
91,alt10,776,0.35,lognormal,0.0,1.0000000000000002,1.1357560600933634,full_mh,pct,1000,1000,1.0,0.0,0.941,0.007451107300260817,0.772,0.028,0.031,1.045687320063641,0.9944944818324442,1.1045098368983235,5.344541248863206,5.246156302352556,5.440741312929581,0.4682883483894685,0.9941959130272802,-0.005804086972720057,776.0,483.944
91,alt10,776,0.35,lognormal,0.0,1.0000000000000002,1.1357560600933634,sub,pct,1000,1000,1.0,0.0,0.949,0.006956938982052382,0.836,0.024,0.027,1.0127104675595568,0.954261331025739,1.0941071487201095,4.422438722465559,4.369527806634652,4.501873655121581,0.5795000522771723,0.9931742881663222,-0.006825711833677972,596.045,483.944
91,alt10,776,0.35,lognormal,0.0,1.0000000000000002,1.1357560600933634,sub,bca,1000,1000,1.0,0.0,0.947,0.007084560677981384,0.828,0.024,0.029,1.0151063610164757,0.9625224915687799,1.0935320202497034,4.3589735065932125,4.317804657591799,4.47037299875945,0.5798097988567745,0.9931742881663222,-0.006825711833677972,596.045,483.944
91,alt10,776,0.35,lognormal,0.0,1.0000000000000002,1.1357560600933634,sub,cr0,1000,1000,1.0,0.0,0.946,0.0071473071852271785,0.83,0.024,0.03,1.020945271550536,0.9553976706275598,1.0976886129930612,4.351514789415652,4.303866261104856,4.447901576110137,0.5800812629289102,0.9931742881663222,-0.006825711833677972,596.045,483.944
91,alt10,776,0.35,lognormal,0.0,1.0000000000000002,1.1357560600933634,sub,cr1t,1000,1000,1.0,0.0,0.946,0.0071473071852271785,0.834,0.024,0.03,1.0180668589123552,0.9526677815701218,1.094493434929811,4.338944402016951,4.291380961834357,4.435032094747591,0.5817533303592349,0.9931742881663222,-0.006825711833677972,596.045,483.944
91,alt10,776,0.35,lognormal,0.0,1.0000000000000002,1.1357560600933634,sub,mdt,1000,1000,1.0,0.0,0.948,0.007021111023192843,0.838,0.023,0.029,1.0112288267426186,0.9477472555929828,1.0898548866593722,4.308490079003698,4.2669826065969065,4.410453139479256,0.5862756163271233,0.9931742881663222,-0.006825711833677972,596.045,483.944
91,alt10,776,0.35,lognormal,0.0,1.0000000000000002,1.1357560600933634,rc,pct,1000,1000,1.0,0.0,0.992,0.0028170906978654425,0.942,0.002,0.006,0.7189365983650877,0.6768620683128684,0.7817102721986305,3.7529912610466654,3.681858634377347,3.7980257327456988,0.671918276558038,0.9939559454538567,-0.00604405454614354,,
92,alt10,1475,0.15,nb,0.0,1.0000000000000002,1.1459899412242578,full,pct,1000,1000,1.0,0.0,0.954,0.006624499981130654,0.655,0.018,0.028,0.9800756204675115,0.9537944844233839,1.052685664579648,6.258845380365141,6.161289741863981,6.353250172908599,0.37755256166237566,0.9952776922062593,-0.004722307793740943,1475.0,445.552
92,alt10,1475,0.15,nb,0.0,1.0000000000000002,1.1459899412242578,full,bca,1000,1000,1.0,0.0,0.954,0.006624499981130654,0.658,0.02,0.026,0.9894212396975514,0.9501872926220613,1.0528749542509757,6.310422951913347,6.227342112002717,6.421408705839569,0.3775802255556251,0.9952776922062593,-0.004722307793740943,1475.0,445.552
92,alt10,1475,0.15,nb,0.0,1.0000000000000002,1.1459899412242578,full,cr0,1000,1000,1.0,0.0,0.952,0.006759881655768837,0.665,0.021,0.027,0.9928882282578453,0.9439504656757761,1.0503583373695613,6.27647281728385,6.203242759461133,6.3647105334546525,0.3772875768154503,0.9952776922062594,-0.004722307793740832,1475.0,445.552
92,alt10,1475,0.15,nb,0.0,1.0000000000000002,1.1459899412242578,full,cr1t,1000,1000,1.0,0.0,0.952,0.006759881655768837,0.665,0.021,0.027,0.9917365836703691,0.9428555836802978,1.0491400335769325,6.269192777353124,6.196047658597391,6.357328147171786,0.37772569839220366,0.9952776922062594,-0.004722307793740832,1475.0,445.552
92,alt10,1475,0.15,nb,0.0,1.0000000000000002,1.1459899412242578,full,mdt,1000,1000,1.0,0.0,0.952,0.006759881655768837,0.665,0.021,0.027,0.989747316440612,0.9402295851217423,1.0472374456673363,6.254287996862164,6.18214096758551,6.345251511225168,0.378490562813998,0.9952776922062594,-0.004722307793740832,1475.0,445.552
92,alt10,1475,0.15,nb,0.0,1.0000000000000002,1.1459899412242578,full_mh,pct,1000,1000,1.0,0.0,0.947,0.007084560677981384,0.666,0.02,0.033,1.0021745764849688,0.951167082179528,1.0786362208673423,6.068661324652702,6.006736642060318,6.195272600544545,0.38492140313643464,0.9945919406781332,-0.005408059321867054,1475.0,445.552
92,alt10,1475,0.15,nb,0.0,1.0000000000000002,1.1459899412242578,sub,pct,1000,1000,1.0,0.0,0.952,0.006759881655768837,0.777,0.023,0.025,0.9834191880176011,0.946712861871213,1.0552596189937036,4.7649484104826225,4.71353410632059,4.8356154247506895,0.5136698666508454,0.9958879727162382,-0.004112027283762032,1220.156,445.552
92,alt10,1475,0.15,nb,0.0,1.0000000000000002,1.1459899412242578,sub,bca,1000,1000,1.0,0.0,0.953,0.00669260786241059,0.773,0.021,0.026,0.9925848384728717,0.9375178130392791,1.0521065075972933,4.722402327578928,4.660991846857501,4.793874516828705,0.5135384303023188,0.9958879727162382,-0.004112027283762032,1220.156,445.552
92,alt10,1475,0.15,nb,0.0,1.0000000000000002,1.1459899412242578,sub,cr0,1000,1000,1.0,0.0,0.952,0.006759881655768837,0.77,0.022,0.026,0.9929793720204126,0.9471446622823282,1.049949985761433,4.728396514784368,4.648518914957946,4.783514873649463,0.51291302082899,0.9958879727162382,-0.004112027283762032,1220.156,445.552
92,alt10,1475,0.15,nb,0.0,1.0000000000000002,1.1459899412242578,sub,cr1t,1000,1000,1.0,0.0,0.952,0.006759881655768837,0.77,0.022,0.026,0.9915947935635591,0.9458141932474579,1.0485082588348136,4.7217590379820935,4.642156286411753,4.776893284041883,0.5136335267447032,0.9958879727162382,-0.004112027283762032,1220.156,445.552
92,alt10,1475,0.15,nb,0.0,1.0000000000000002,1.1459899412242578,sub,mdt,1000,1000,1.0,0.0,0.953,0.00669260786241059,0.77,0.021,0.026,0.9888845739850886,0.9431563819675459,1.0452641045492175,4.7112612504416145,4.625106929994005,4.7622802713122105,0.5151199085032613,0.9958879727162382,-0.004112027283762032,1220.156,445.552
92,alt10,1475,0.15,nb,0.0,1.0000000000000002,1.1459899412242578,rc,pct,1000,1000,1.0,0.0,0.998,0.0014127986409959495,0.939,0.0,0.002,0.6230942297022304,0.5852028872260202,0.6570388957658714,3.9451314304035474,3.892122156035711,3.9972446119798626,0.6138873238353744,0.9950182052009074,-0.004981794799092776,,
93,alt10,1475,0.15,lognormal,0.0,1.0000000000000002,1.1459899412242578,full,pct,1000,1000,1.0,0.0,0.945,0.007209368904418752,0.702,0.028,0.027,1.0265615719338974,0.949999926019492,1.0813327026730006,6.138107161319816,6.044499421045537,6.22931333688591,0.39442266227189804,1.0042821992430717,0.004282199243071494,1475.0,447.467
93,alt10,1475,0.15,lognormal,0.0,1.0000000000000002,1.1459899412242578,full,bca,1000,1000,1.0,0.0,0.944,0.007270763371201131,0.705,0.029,0.027,1.0222626528613372,0.9749792494117757,1.0728143552307599,6.144140868058929,6.079499988219087,6.275545280116462,0.39489817012410505,1.0042821992430717,0.004282199243071494,1475.0,447.467
93,alt10,1475,0.15,lognormal,0.0,1.0000000000000002,1.1459899412242578,full,cr0,1000,1000,1.0,0.0,0.943,0.007331507348424336,0.705,0.03,0.027,1.0132264520900498,0.9734343372636426,1.0850161751272125,6.1831078576834235,6.116707934109142,6.2399799867892956,0.39479758406752863,1.0042821992430717,0.004282199243071494,1475.0,447.467
93,alt10,1475,0.15,lognormal,0.0,1.0000000000000002,1.1459899412242578,full,cr1t,1000,1000,1.0,0.0,0.944,0.007270763371201131,0.706,0.029,0.027,1.0120512173292489,0.9723052571175924,1.0837576719343587,6.175936111161086,6.10961320442557,6.232742274654911,0.39525603897211375,1.0042821992430717,0.004282199243071494,1475.0,447.467
93,alt10,1475,0.15,lognormal,0.0,1.0000000000000002,1.1459899412242578,full,mdt,1000,1000,1.0,0.0,0.947,0.007084560677981384,0.712,0.026,0.027,1.0087032929103914,0.9689063884826187,1.0771145666859594,6.15514234326619,6.084014583270164,6.2145480293848445,0.3970193626296861,1.0042821992430717,0.004282199243071494,1475.0,447.467
93,alt10,1475,0.15,lognormal,0.0,1.0000000000000002,1.1459899412242578,full_mh,pct,1000,1000,1.0,0.0,0.94,0.007509993342207438,0.703,0.031,0.029,1.0236354998819444,0.9747057095380555,1.0767527122016451,6.005897459355548,5.914477477329438,6.069670136718699,0.4020554164228952,1.0044115642906248,0.004411564290624614,1475.0,447.467
93,alt10,1475,0.15,lognormal,0.0,1.0000000000000002,1.1459899412242578,sub,pct,1000,1000,1.0,0.0,0.954,0.006624499981130654,0.81,0.026,0.02,0.9869273785048004,0.9274220734000338,1.1096201654001348,4.719062769804128,4.661097490186613,4.802863987134963,0.5257909553745568,1.003389996080402,0.0033899960804018026,1133.445,447.467
93,alt10,1475,0.15,lognormal,0.0,1.0000000000000002,1.1459899412242578,sub,bca,1000,1000,1.0,0.0,0.95,0.006892024376045114,0.812,0.026,0.024,0.9936669448040905,0.9138887136332156,1.0807939643349196,4.680356840267086,4.606497712874265,4.794492233701518,0.5258926749723655,1.003389996080402,0.0033899960804018026,1133.445,447.467
93,alt10,1475,0.15,lognormal,0.0,1.0000000000000002,1.1459899412242578,sub,cr0,1000,1000,1.0,0.0,0.951,0.006826346021115546,0.806,0.026,0.023,0.9972786591853078,0.9250788238799699,1.060707616069574,4.6491790141706435,4.602379641441666,4.760645897819605,0.5256557873506624,1.0033899960804022,0.0033899960804020246,1133.445,447.467
93,alt10,1475,0.15,lognormal,0.0,1.0000000000000002,1.1459899412242578,sub,cr1t,1000,1000,1.0,0.0,0.951,0.006826346021115546,0.806,0.026,0.023,0.9958016165518968,0.9237340689627102,1.059022480006663,4.6421717183323885,4.595597088678589,4.753431181335611,0.5264508966284223,1.0033899960804022,0.0033899960804020246,1133.445,447.467
93,alt10,1475,0.15,lognormal,0.0,1.0000000000000002,1.1459899412242578,sub,mdt,1000,1000,1.0,0.0,0.951,0.006826346021115546,0.807,0.026,0.023,0.990636146295103,0.9207869230104898,1.0538530654946103,4.622811207497509,4.577560491592277,4.737935822412522,0.5291874419357593,1.0033899960804022,0.0033899960804020246,1133.445,447.467
93,alt10,1475,0.15,lognormal,0.0,1.0000000000000002,1.1459899412242578,rc,pct,1000,1000,1.0,0.0,0.995,0.002230470802319547,0.959,0.001,0.004,0.6547119563190458,0.6061503361567564,0.7072998137640486,3.948399991624353,3.8981739396520583,4.012824034122442,0.6251987042131667,1.0048739284854913,0.004873928485491064,,
94,alt10,1475,0.35,nb,0.0,1.0000000000000002,1.1357560600933634,full,pct,1000,1000,1.0,0.0,0.948,0.007021111023192843,0.631,0.028,0.024,1.0024009011916366,0.9481220760084328,1.0557361784969896,7.318989270580007,7.2218989252994845,7.353757643193808,0.31777196915914613,1.003861683684165,0.0038616836841647295,1475.0,923.712
94,alt10,1475,0.35,nb,0.0,1.0000000000000002,1.1357560600933634,full,bca,1000,1000,1.0,0.0,0.952,0.006759881655768837,0.626,0.025,0.023,0.9927123999588298,0.9639836948159656,1.0630086969975507,7.319707848661105,7.268190433887205,7.365068534315874,0.3177586728151392,1.003861683684165,0.0038616836841647295,1475.0,923.712
94,alt10,1475,0.35,nb,0.0,1.0000000000000002,1.1357560600933634,full,cr0,1000,1000,1.0,0.0,0.946,0.0071473071852271785,0.631,0.029,0.025,1.0062186375212705,0.9393255977169469,1.0456270490155941,7.270267442595783,7.2056851271777775,7.351890091081385,0.3176858223836088,1.003861683684165,0.0038616836841647295,1475.0,923.712
94,alt10,1475,0.35,nb,0.0,1.0000000000000002,1.1357560600933634,full,cr1t,1000,1000,1.0,0.0,0.947,0.007084560677981384,0.632,0.029,0.024,1.0050515310789339,0.9382360800756843,1.0444142330135047,7.261834706753542,7.197327299942455,7.343362681660926,0.3180547319951833,1.003861683684165,0.0038616836841647295,1475.0,923.712
94,alt10,1475,0.35,nb,0.0,1.0000000000000002,1.1357560600933634,full,mdt,1000,1000,1.0,0.0,0.948,0.007021111023192843,0.632,0.029,0.023,1.0037312670766587,0.9369435875553621,1.0428869147744897,7.253699207142111,7.188245171304317,7.334087815210114,0.31847736683533323,1.003861683684165,0.0038616836841647295,1475.0,923.712
94,alt10,1475,0.35,nb,0.0,1.0000000000000002,1.1357560600933634,full_mh,pct,1000,1000,1.0,0.0,0.953,0.00669260786241059,0.636,0.028,0.019,0.9931118900539402,0.9267052626284442,1.0672382829024876,7.213574716808802,7.155194071543482,7.289078071525353,0.3225977437140435,1.00389946813328,0.003899468133279793,1475.0,923.712
94,alt10,1475,0.35,nb,0.0,1.0000000000000002,1.1357560600933634,sub,pct,1000,1000,1.0,0.0,0.941,0.007451107300260817,0.758,0.03,0.029,1.0285600240986124,0.9740493378398204,1.0780514021190433,5.874880033016894,5.8060444064812895,5.969178608892219,0.4060389040825922,1.004364985834502,0.004364985834501844,1219.545,923.712
94,alt10,1475,0.35,nb,0.0,1.0000000000000002,1.1357560600933634,sub,bca,1000,1000,1.0,0.0,0.942,0.007391616873188169,0.749,0.028,0.03,1.0216869726338207,0.9815446504553901,1.0785832138831934,5.830366531604086,5.763685490023763,5.922123851167761,0.4060749077062525,1.004364985834502,0.004364985834501844,1219.545,923.712
94,alt10,1475,0.35,nb,0.0,1.0000000000000002,1.1357560600933634,sub,cr0,1000,1000,1.0,0.0,0.942,0.007391616873188169,0.752,0.027,0.031,1.028788168604926,0.9734372560038581,1.0828123589777172,5.783223670167413,5.726965131971986,5.853972077665147,0.40621868211602985,1.004364985834502,0.004364985834501844,1219.545,923.712
94,alt10,1475,0.35,nb,0.0,1.0000000000000002,1.1357560600933634,sub,cr1t,1000,1000,1.0,0.0,0.943,0.007331507348424336,0.753,0.026,0.031,1.0273315557290998,0.9720698533481944,1.0813302669498164,5.775178512265697,5.719088567545771,5.845816584475327,0.40678957172507546,1.004364985834502,0.004364985834501844,1219.545,923.712
94,alt10,1475,0.35,nb,0.0,1.0000000000000002,1.1357560600933634,sub,mdt,1000,1000,1.0,0.0,0.943,0.007331507348424336,0.754,0.026,0.031,1.0253870092215305,0.970435132103087,1.0793364133577628,5.765007166065406,5.7095274795625155,5.83417138415171,0.40755781109451267,1.004364985834502,0.004364985834501844,1219.545,923.712
94,alt10,1475,0.35,nb,0.0,1.0000000000000002,1.1357560600933634,rc,pct,1000,1000,1.0,0.0,0.998,0.0014127986409959495,0.894,0.0,0.002,0.699674281828232,0.6613642498844332,0.7241933903634709,4.981096875331839,4.916365301658984,5.060608525626757,0.4755538046474127,1.0038065549031339,0.003806554903133641,,
95,alt10,1475,0.35,lognormal,0.0,1.0000000000000002,1.1357560600933634,full,pct,1000,1000,1.0,0.0,0.952,0.006759881655768837,0.631,0.025,0.023,0.9917505911172986,0.9475161467600435,1.0650375515104151,6.966783499277164,6.909079519703566,7.040933177522436,0.335908816610111,0.9967342295382942,-0.0032657704617060634,1475.0,920.057
95,alt10,1475,0.35,lognormal,0.0,1.0000000000000002,1.1357560600933634,full,bca,1000,1000,1.0,0.0,0.951,0.006826346021115546,0.627,0.022,0.027,0.9973552698618187,0.9553634365779166,1.0630732020817963,6.9887962365338065,6.867568569345207,7.052665360456816,0.33607700447830846,0.9967342295382942,-0.0032657704617060634,1475.0,920.057
95,alt10,1475,0.35,lognormal,0.0,1.0000000000000002,1.1357560600933634,full,cr0,1000,1000,1.0,0.0,0.954,0.006624499981130654,0.627,0.024,0.022,0.9948089255764605,0.9488467338289857,1.0676412086468252,6.95061035467671,6.869711345788597,7.084971791566927,0.3362764799982032,0.9967342295382943,-0.0032657704617059524,1475.0,920.057
95,alt10,1475,0.35,lognormal,0.0,1.0000000000000002,1.1357560600933634,full,cr1t,1000,1000,1.0,0.0,0.954,0.006624499981130654,0.63,0.024,0.022,0.993655053184678,0.9477461726839744,1.0664028585643974,6.942548387008244,6.861743212353499,7.076753978943146,0.3366669778324691,0.9967342295382943,-0.0032657704617059524,1475.0,920.057
95,alt10,1475,0.35,lognormal,0.0,1.0000000000000002,1.1357560600933634,full,mdt,1000,1000,1.0,0.0,0.954,0.006624499981130654,0.632,0.024,0.022,0.991163553450011,0.9452302424592897,1.0631738382585154,6.924749126639607,6.836232001164596,7.059821990299616,0.3377705948318129,0.9967342295382943,-0.0032657704617059524,1475.0,920.057
95,alt10,1475,0.35,lognormal,0.0,1.0000000000000002,1.1357560600933634,full_mh,pct,1000,1000,1.0,0.0,0.949,0.006956938982052382,0.646,0.028,0.023,1.0052345610058244,0.9467408349021645,1.0738610643318645,6.899039736052546,6.793501024956733,7.054928824702631,0.34116075899785114,0.9962999027851362,-0.0037000972148639732,1475.0,920.057
95,alt10,1475,0.35,lognormal,0.0,1.0000000000000002,1.1357560600933634,sub,pct,1000,1000,1.0,0.0,0.948,0.007021111023192843,0.759,0.025,0.027,1.0015823510017183,0.9393856789432575,1.063291897629842,5.682528921547178,5.616363911738692,5.776565700946159,0.42112728133545124,0.9978089901648758,-0.0021910098351244356,1133.783,920.057
95,alt10,1475,0.35,lognormal,0.0,1.0000000000000002,1.1357560600933634,sub,bca,1000,1000,1.0,0.0,0.946,0.0071473071852271785,0.751,0.026,0.028,1.0137067889014266,0.9481867190554231,1.0681711907384182,5.666798924003494,5.5998987056630405,5.735097193354865,0.4212827673418774,0.9978089901648758,-0.0021910098351244356,1133.783,920.057
95,alt10,1475,0.35,lognormal,0.0,1.0000000000000002,1.1357560600933634,sub,cr0,1000,1000,1.0,0.0,0.946,0.0071473071852271785,0.757,0.025,0.029,1.013944389476774,0.9522021844723633,1.06349067648153,5.625843527472243,5.5613055627181325,5.742815751043473,0.42156055168856255,0.9978089901648758,-0.0021910098351244356,1133.783,920.057
95,alt10,1475,0.35,lognormal,0.0,1.0000000000000002,1.1357560600933634,sub,cr1t,1000,1000,1.0,0.0,0.947,0.007084560677981384,0.758,0.024,0.029,1.0124278234030728,0.9507989187575677,1.0618572561263995,5.617477699315197,5.553024209655725,5.734135638270392,0.4221980079490269,0.9978089901648758,-0.0021910098351244356,1133.783,920.057
95,alt10,1475,0.35,lognormal,0.0,1.0000000000000002,1.1357560600933634,sub,mdt,1000,1000,1.0,0.0,0.948,0.007021111023192843,0.76,0.023,0.029,1.007911952912088,0.9470309033856119,1.0587005948229355,5.594720755066185,5.534208307998105,5.716082322915355,0.4238361134712843,0.9978089901648758,-0.0021910098351244356,1133.783,920.057
95,alt10,1475,0.35,lognormal,0.0,1.0000000000000002,1.1357560600933634,rc,pct,1000,1000,1.0,0.0,0.997,0.0017294507798720387,0.888,0.002,0.001,0.683596364396852,0.6474191296943718,0.7213598001253758,4.8406217325302725,4.780834394410492,4.892136677567791,0.4877512056663978,0.9967106808859494,-0.003289319114050837,,
