accession,title,organisms,year,enrichment_design_flag,name_class,n_nonraw_files,n_table_files,n_archives,peptide_level_files,site_level_files,archives,retrieved_by
PRD000395,methionine sulfoxide -  Redox proteomics of protein-bound methionine oxidation,Homo sapiens (human),2011,False,archive_needs_listing,9,0,9,,,PRIDE_Exp_Complete_Ac_16646.pride.mztab.gz; PRIDE_Exp_Complete_Ac_16645.pride.mztab.gz; PRIDE_Exp_Complete_Ac_16645.prid,redox proteomics
PRD000411,TMT6-switch -  Identification and quantification of S-nitrosylation by cysteine reactive t,Homo sapiens (human),2012,True,archive_needs_listing,6,0,6,,,PRIDE_Exp_Complete_Ac_16870.pride.mztab.gz; PRIDE_Exp_Complete_Ac_16869.pride.mgf.gz; PRIDE_Exp_Complete_Ac_16870.pride.,S-nitrosylation
PRD000459,Plasmodium falciparum palmitome,Plasmodium falciparum,2012,True,archive_needs_listing,30,0,30,,,PRIDE_Exp_Complete_Ac_17894.pride.mgf.gz; PRIDE_Exp_Complete_Ac_17895.pride.mgf.gz; PRIDE_Exp_Complete_Ac_17896.pride.mg,palmitoylation
PRD000569,The redoxproteome: protein nitrosylation and glutathionylation as regulatory mechanisms du,Arabidopsis thaliana (mouse-ear cress),2011,False,archive_needs_listing,3,0,3,,,PRIDE_Exp_Complete_Ac_19325.pride.mztab.gz; PRIDE_Exp_Complete_Ac_19325.xml.gz; PRIDE_Exp_Complete_Ac_19325.pride.mgf.gz,glutathionylation
PRD000607,PALMITO -  Proteomic analysis of S-acylated proteins in human B cells reveals palmitoylati,Homo sapiens (human),2012,True,archive_needs_listing,3,0,3,,,PRIDE_Exp_Complete_Ac_20197.pride.mztab.gz; PRIDE_Exp_Complete_Ac_20197.xml.gz; PRIDE_Exp_Complete_Ac_20197.pride.mgf.gz,palmitoylation
PRD000825,Mitochondrial S-NO modified proteins,Rattus norvegicus (rat),2011,True,archive_needs_listing,54,0,54,,,PRIDE_Exp_Complete_Ac_13099.pride.mgf.gz; PRIDE_Exp_Complete_Ac_13097.pride.mgf.gz; PRIDE_Exp_Complete_Ac_13090.xml.gz; ,S-nitrosation; biotin switch
PXD000071,Rapid and deep profiling of human induced pluripotent stem cell proteome by one-shot nanoL,Homo sapiens (human),2013,True,neither,287,0,0,,,,cysteine oxidation
PXD000132,Analysis of lung cancer cell lines GLC1 and GLC1 M13,Homo sapiens (human),2013,False,archive_needs_listing,8,0,8,,,PRIDE_Exp_Complete_Ac_28392.pride.mgf.gz; PRIDE_Exp_Complete_Ac_28391.pride.mgf.gz; PRIDE_Exp_Complete_Ac_28392.pride.mz,cysteine modification
PXD000191,Phaeodactylum tricornutum oxidative stress,Phaeodactylum tricornutum,2014,True,archive_needs_listing,30,0,28,,,G2_AV_OxiICAT_100312_elute_1M_2D7-IMSE_F2.tar; G2_AV_OxiICAT_100312_elute_3M_2D7-IMSE_F4.tar; G2_AV_OxiICAT_100312_elute,OxICAT
PXD000226,Human Uterine Smooth Muscle S-nitrosoproteome,Homo sapiens (human),2014,True,archive_needs_listing,37,1,36,,,PRIDE_Exp_Complete_Ac_29478.pride.mgf.gz; PRIDE_Exp_Complete_Ac_29481.pride.mztab.gz; PRIDE_Exp_Complete_Ac_29477.pride.,S-nitrosation; S-nitrosoproteome; biotin switch; nitrosoproteome
PXD000274,Redox proteomics in NO-mediated protection on hypoxic cardiomyocyte,Rattus norvegicus (rat),2016,True,archive_needs_listing,3,0,3,,,PRIDE_Exp_Complete_Ac_29617.xml.gz; PRIDE_Exp_Complete_Ac_29617.pride.mgf.gz; PRIDE_Exp_Complete_Ac_29617.pride.mztab.gz,S-nitrosylation; cysteine modification; iodoTMT; redox proteomics
PXD000352,Proteomic of spearmint (Mentha spicata L.) leaf trichomes,Mentha spicata (spearmint),2013,False,archive_needs_listing,3,0,1,,,Mint.zip,cysteine modification
PXD000353,BSO and Auranofin Redox ICAT: Dataset of peptide identification results from a Redox ICAT ,Homo sapiens (human),2019,False,archive_needs_listing,3,0,3,,,PRIDE_Exp_Complete_Ac_30243.xml.gz; PRIDE_Exp_Complete_Ac_30243.pride.mztab.gz; PRIDE_Exp_Complete_Ac_30243.pride.mgf.gz,redox proteomics
PXD000398,Identification of Components Downstream of PHO2 by Quantitative Membrane Proteomics in Ara,Arabidopsis thaliana (mouse-ear cress),2020,False,neither,136,0,0,,,,S-palmitoylation; palmitoylation
PXD000404,Comparative Proteome Profiling of Bovine and Human Staphylococcus epidermidis Strains to S,Staphylococcus epidermidis,2014,False,neither,149,0,0,,,,cysteine modification
PXD000467,Endogenous S-nitrosoproteome in colorectal cancer patients,Homo sapiens (human),2014,True,neither,3,1,0,,,,S-nitrosoproteome; S-nitrosylation; biotin switch; nitrosoproteome
PXD000569,S-nitrosylation in Chlamydomonas reinhardtii,Chlamydomonas reinhardtii,2013,True,neither,23,5,0,,,,S-nitrosylation; biotin switch
PXD000631,Comparative Exoprotein Profiling of Different Staphylococcus epidermidis strains Reveals P,Staphylococcus epidermidis,2014,False,archive_needs_listing,142,0,36,,,140324 ATCC12228 sec TR Mascot F008128.dat-pride.pride.mztab.gz; 130916 ATCC12228 sekretomi II Mascot F005220.dat-pride.,cysteine modification
PXD000741,TMT-switch assay for the detection of SNO,Homo sapiens (human),2016,True,neither,7,0,0,,,,S-nitrosation; S-nitrosylation; biotin switch; iodoTMT
PXD000858,SILAC-Based Strategy for Proteome-Wide Analysis of Protein-Ligand Binding Interactions (Pa,Saccharomyces cerevisiae (strain atcc 204508 / s28,2014,False,archive_needs_listing,268,0,250,,,spectrum_mill_In_gel_CNBR_50_75kDa_QTOF_to_PRIDE_20140312_114521.pride.mgf.gz; SILACSPROXCnBr_0M_250_001.d.zip; SILACSPR,cysteine modification
PXD001001,A substrate trapping approach identifies proteins regulated by reversible S-nitrosylation,Homo sapiens (human); Mus musculus (mouse),2014,True,peptide_only,7,7,0,modificationSpecificPeptides2.txt; modificationSpecificPeptides.txt,,,S-nitrosylation
PXD001018,Divergent Cysteines in FOXO3 and FOXO4 Mediate Paralog-Specific Redox Signaling,Homo sapiens (human),2014,True,archive_needs_listing,1,0,1,,,MaxQuantOutput.zip,reversible oxidation
PXD001040,Divergent Cysteines in FOXO3 and FOXO4 Mediate Paralog-Specific Redox Signaling,Homo sapiens (human),2014,True,archive_needs_listing,1,0,1,,,MaxQuantOutput.zip,reversible oxidation
PXD001041,Divergent Cysteines in FOXO3 and FOXO4 Mediate Paralog-Specific Redox Signaling,Homo sapiens (human),2014,True,archive_needs_listing,1,0,1,,,MaxQuant_output.zip,reversible oxidation
PXD001054,Redox Proteome of Skeletal Muscle,Mus musculus (mouse),2014,False,archive_needs_listing,29,2,27,,,Aged_3.pride.mztab.gz; Adult_5.pride.mztab.gz; BMD_2013_07_31_Gastro_Aged_4.pride.mgf.gz; Aged_4.pride.mztab.gz; BMD_201,reversible oxidation
PXD001062,Substrate Trapping Proteomics Reveals Targets of the βTrCP2/FBXW11 Ubiquitin Ligase,Homo sapiens (human),2014,True,neither,33,1,0,,,,cysteine modification
PXD001103,proteomic analysis of B16-MDSCs,Mus musculus (mouse),2016,False,peptide_only,10,3,0,DEiTRAQ1DavidEscors2811201312_PeptideSummary.txt,,,cysteine modification
PXD001106,proteomic analysis of 293T-MDSCs,Mus musculus (mouse),2016,False,peptide_only,14,3,0,A6TheraiTRAQ1-02052014-8_PeptideSummary.txt,,,cysteine modification
PXD001110,The role of PRDX1 in chemoresistance,Homo sapiens (human),2014,False,archive_needs_listing,236,0,177,,,1261.dat-pride-filtered.pride.mgf.gz; 1858.dat-pride-filtered.xml.gz; 2962.dat-pride-filtered.xml.gz; 2804.dat-pride-fil,redox proteomics
PXD001179,Spaceflight adaptation requires organ specific alterations in the proteomes of Arabidopsis,Arabidopsis thaliana (mouse-ear cress),2015,True,archive_needs_listing,42,0,42,,,F007342.mzid.gz; F007345.pride.mztab.gz; F007351.pride.mgf.gz; F007340.mzid.gz; F007346.mzid.gz; F007348.pride.mgf.gz; F,cysteine modification
PXD001311,Proteome profiling of breast cancer biopsies reveals a wound healing signature of cancer-a,Homo sapiens (human),2014,False,archive_needs_listing,73,1,72,,,hmf_con_cyt1b_1.pride.mgf.gz; hmf_con_cyt1b_5.pride.mgf.gz; hmf_con_cyt1b_4.mzid.gz; hmf_con_cyt2_3.pride.mgf.gz; hmf_co,cysteine modification
PXD001319,cys TMTRAQ_an integrative method for unbiased thiol-based redox proteomics,Homo sapiens (human),2017,False,neither,7,1,0,,,,cysteine redox; redox proteomics
PXD001323,Proteome profiling of breast cancer biopsies reveals a wound healing signature of cancer-a,Homo sapiens (human),2014,False,archive_needs_listing,73,1,72,,,hmf_TGFb_cyt2_3.mzid.gz; hmf_TGFb_cyt2_4.pride.mztab.gz; hmf_TGFb_cyt2b_6.mzid.gz; hmf_TGFb_cyt2b_2.pride.mgf.gz; hmf_TG,cysteine modification
PXD001324,Proteome profiling of breast cancer biopsies reveals a wound healing signature of cancer-a,Homo sapiens (human),2014,False,archive_needs_listing,18,0,18,,,near_cyt_3.mzid.gz; near_cyt_2b.mzid.gz; near_cyt_3.pride.mgf.gz; near_cyt_1.pride.mgf.gz; near_cyt_1b.pride.mztab.gz; n,cysteine modification
PXD001325,Proteome profiling of breast cancer biopsies reveals a wound healing signature of cancer-a,Run 20; Run 3; Run 21; Run 4; Run 22; Run 1; Run 2,2014,False,archive_needs_listing,20,2,18,,,far_cyt_3.pride.mgf.gz; far_cyt_2.mzid.gz; far_cyt_2b.pride.mztab.gz; far_cyt_1b.mzid.gz; far_cyt_3b.pride.mgf.gz; far_c,cysteine modification
PXD001326,Proteome profiling of breast cancer biopsies reveals a wound healing signature of cancer-a,Homo sapiens (human),2014,False,archive_needs_listing,21,0,21,,,tumor_cyt_1b_1.mzid.gz; tumor_cyt_2.pride.mztab.gz; tumor_cyt_2b.pride.mztab.gz; tumor_cyt_2b.mzid.gz; tumor_cyt_1b_2.pr,cysteine modification
PXD001327,Proteome profiling of breast cancer biopsies reveals a wound healing signature of cancer-a,Homo sapiens (human),2014,False,archive_needs_listing,13,1,12,,,ZR-75-1_cyt2_1.mzid.gz; ZR-75-1_cyt2_2.mzid.gz; ZR-75-1_cyt1_2.pride.mgf.gz; ZR-75-1_cyt1_1.pride.mgf.gz; ZR-75-1_cyt1_2,cysteine modification
PXD001328,Proteome profiling of breast cancer biopsies reveals a wound healing signature of cancer-a,Homo sapiens (human),2014,False,archive_needs_listing,73,1,72,,,hmf_IL1b_cyt1_2.mzid.gz; hmf_IL1b_cyt1_1.pride.mgf.gz; hmf_IL1b_cyt1_3.pride.mztab.gz; hmf_IL1b_cyt1_6.mzid.gz; hmf_IL1b,cysteine modification
PXD001349,Redox proteomics of Arabidopsis cells under salicylate and flg22 treatments,Arabidopsis thaliana (mouse-ear cress),2015,True,archive_needs_listing,45,0,45,,,t2c.dat-pride.xml.gz; t2b.dat-pride.pride.mgf.gz; total1b.dat-pride.pride.mztab.gz; t2b.dat-pride.pride.mztab.gz; Oxi3a.,redox proteomics
PXD001485,FOXP1 is a transcriptional Coactivator of Wnt/β-catenin signaling in Diffuse Large B-cell ,Homo sapiens (human),2016,False,neither,17,1,0,,,,cysteine modification
PXD001539,Quantitative proteomics of human pancreatic beta cells,Homo sapiens (human),2015,True,archive_needs_listing,48,0,48,,,20111103_S16a.xml.gz; 20111103_s16c.xml.gz; 20111103_s16b.pride.mgf.gz; 20111103_s4c.pride.mztab.gz; 20111103_s7c.pride.,cysteine modification
PXD001562,DYn-2 based identification of Arabidopsis sulfenomes,Arabidopsis thaliana (mouse-ear cress),2016,True,archive_needs_listing,4,1,3,,,"mascotDatFile_sulfenome,_click_chemistry,_DYn-2,_biotinylation,_ROS,_H2O2_to_PRIDE_20141201_141508.pride.mztab.gz; masco",dimedone; sulfenome; sulfenylation
PXD001577,Functional characteristics of neonatal rat beta cells With distinct markers,Rattus norvegicus (rat),2014,True,archive_needs_listing,94,0,94,,,20130823_s11_20130913134121.zip; 20130823_s19.raw.zip; 20130823_s1_20130913134109.zip; 20130823_s34.raw.zip; 20130705_s5,cysteine modification
PXD001582,Study of reversible oxidation of thiol proteins after hexyl aminolevulinate mediated photo,Homo sapiens (human),2016,True,neither,3,1,0,,,,reversible oxidation
PXD001633,Label free proteomics of isolated lysosomes from a wild type and LIMP2 knock out mouse,Mus musculus (mouse),2018,False,archive_needs_listing,12,0,12,,,20120217_S2b.raw.zip; 20120217_S1a_20120220154655.zip; 20120217_S2a.raw.zip; 20120217_S1a.raw.zip; 20120217_S2b_20120220,cysteine modification
PXD001692,Protein Structure Determination in Biological Matrices by Mass Spectrometry and Computatio,Homo sapiens (human),2015,False,archive_needs_listing,4,3,1,,,Belsom_Rappsilber_HSA_apl.zip,cysteine oxidation
PXD001712,Gel-free mass spectrometry analysis of Drosophila melanogaster heads,Drosophila melanogaster (fruit fly),2015,True,archive_needs_listing,210,0,210,,,lubece01.pride.mztab.gz; lubece10.pride.mgf.gz; Lubecb07.pride.mgf.gz; Lubecd01.pride.mgf.gz; lubeca07CT.mzid.gz; lubecb,cysteine modification
PXD001816,Quantitative proteomics of rat and human pancreatic beta cells,Rattus norvegicus (rat),2015,False,archive_needs_listing,54,0,54,,,alpha_001_002_Pride.xml.gz; beta_003_003_Pride.xml.gz; beta_003_001_Pride.xml.gz; beta_003_002_Pride.pride.mgf.gz; alpha,cysteine modification
PXD001834,Adaptative changes in protein expression and lysine acetylation induced by decreased gluta,Mus musculus (mouse),2015,True,archive_needs_listing,2,0,2,,,andromeda.7z; MaxQuant_output.zip,cysteine modification
PXD001893,Insights into Neuronal Ceroid Lipofuscinosis (CLN1) point to the involvement of cilia path,Mus musculus (mouse),2021,True,neither,20,0,0,,,,palmitoylation
PXD001966,Proteomics insights into Infantile Neuronal Ceroid Lipofuscinosis (CLN1) point to the invo,Mus musculus (mouse),2021,True,neither,20,0,0,,,,palmitoylation
PXD002148,An integrative analysis of post-translational histone modifications in the marine diatom P,Phaeodactylum tricornutum ccap 1055/1; Phaeodactyl,2015,True,archive_needs_listing,61,1,60,,,F7677BL.mzid.gz; F8457BL.pride.mgf.gz; F7396FD.mzid.gz; F8375BL.mzid.gz; F8383BL.mzid.gz; F7396FD.pride.mgf.gz; F8003BL.,cysteine oxidation
PXD002195,"Fly Stress -  Fasting, but Not Aging, Dramatically Alters the Redox Status of Cysteine Res",Drosophila melanogaster (fruit fly),2018,True,archive_needs_listing,15,1,14,,,SupplementalTable2.zip; WildTypeH2O2.zip; CatalaseOverexH2O2.zip; WildTypePQ.zip; WildTypeStarve.zip; WildTypeDay7.zip; ,OxICAT; thiol redox
PXD002396,Proteomic analysis of Nitric Oxide-related Post-translational modifications of PYR/PYL/RCA,Arabidopsis thaliana (mouse-ear cress),2015,False,archive_needs_listing,28,1,27,,,121026_S_JLJL_06_01_PYL8_3h_Sequest.msf-pride.xml.gz; 121026_S_JLJL_01_01_PYL4_C_Sequest.msf-pride.pride.mztab.gz; 12102,S-nitrosylation
PXD002444,Proteome and secretome of human mammary normal fibroblasts and CAF,Homo sapiens (human),2016,True,archive_needs_listing,4,0,4,,,txt_TGM2-CLIC3redox_Exp1.zip; txt_Proteome-CM-ECM_Exp1.zip; txt-Proteome-Exp2-3.zip; txt_TGM2-CLIC3redox_Exp2.zip,cysteine oxidation
PXD002479,Overexpression of catalase delays age-related cardiac disease by preventing oxidative cyst,Mus musculus (mouse),2018,True,neither,4,2,0,,,,cysteine modification; cysteine oxidation; iodoTMT; reversible oxidation
PXD002605,Tracking the dynamic relationship between cellular systems and extracellular subproteomes ,Pseudomonas aeruginosa pao1,2015,False,peptide_only,2,2,0,peptides.txt,,,cysteine modification
PXD002704,Ssimultaneous enrichment of cysteine-containing peptides and phosphopeptides using a novel,Homo sapiens (human),2016,True,neither,4,0,0,,,,cysteine modification; redox proteomics
PXD002708,Identification of herpes virus proteines palmitoyled in RPE-1 cells,Human herpesvirus 1 (strain kos) (hhv-1) (human he,2022,True,archive_needs_listing,2,0,2,,,acylRAC.zip; YnPal_Pal.zip,palmitoylation
PXD002741,"Quantitative Proteomics Reveals Metabolic Reprogramming during ETHE1 Deficiency, Part 1",Mus musculus (mouse),2016,False,archive_needs_listing,3,0,3,,,ETHE1-solubleproteinfraction.msf-pride-filtered.xml.gz; ETHE1-soluble protein fraction.msf-pride-filtered.pride.mztab.gz,persulfide
PXD002742,"Quantitative Proteomics Reveals Metabolic Reprogramming during ETHE1 Deficiency, Part 2",Mus musculus (mouse),2016,False,archive_needs_listing,3,0,3,,,JP18-1-MPlav-merge all vs 114.msf-pride-filtered.pride.mztab.gz; JP18-1-MPlav-merge all vs 114.msf-pride-filtered.pride.,persulfide
PXD002813,Human prion disease iTRAQ -  Proteomic Analyses for the Global S-Nitrosylated Proteins in ,Homo sapiens (human),2015,True,neither,2,1,0,,,,S-nitrosylation; biotin switch
PXD002958,Mouse Skin LC-MS/MS,Mus musculus (mouse),2022,True,archive_needs_listing,70,0,1,,,MaxQuant_output.zip,S-palmitoylation; palmitoylation
PXD002985,Proteomic analysis revealed the important role of vimentin in human cervical carcinoma HeL,Homo sapiens (human),2018,False,neither,15,0,0,,,,cysteine modification
PXD003039,Mouse Liver S-Palmitoylation ZDHHC13 LC-MS/MS,Mus musculus; Mus musculus (mouse),2017,True,neither,6,2,0,,,,S-palmitoylation; palmitoylation
PXD003063,Effects of the antibacterial compund Allicin from garlic on Escherichia coli,Escherichia coli,2016,True,archive_needs_listing,4,2,2,,,OXICAT_txt.zip; Label_Free_txt.zip,OxICAT; thiol redox
PXD003158,Effects of the antibacterial compund Allicin from garlic on Escherichia coli,Escherichia coli,2016,False,archive_needs_listing,27,0,27,,,6_150728_AllicinI_4.raw.zip; 3_150728_AllicinII_3.raw.zip; 21_150728_AllicinII_5.raw.zip; 12_150728_AllicinII_13.raw.zip,OxICAT
PXD003303,Monitoring global protein thiol-oxidation and protein S-mycothiolation in Mycobacterium sm,Mycobacterium smegmatis (strain atcc 700084 / mc(2,2017,False,archive_needs_listing,11,0,2,,,OxICAT_Msmeg-WT_txtfiles.zip; OxICAT_mshC_txt.files.zip,OxICAT; thiol redox
PXD003321,Monitoring global protein thiol-oxidation and protein S-mycothiolation in Corynebacterium ,Corynebacterium diphtheriae,2017,False,archive_needs_listing,6,0,1,,,Cdiph_OxICAT_Maxquant-txt-files.zip,OxICAT; thiol redox
PXD003348,Quantification of sulfenic acid on model protein,Mammalia; Gallus gallus (chicken); Lagomorpha,2016,True,archive_needs_listing,27,0,27,,,Aldo-20-DTT.dat-pride.xml.gz; Aldo-control-Ar.dat-pride.pride.mztab.gz; Aldo-20-Ar.dat-pride.pride.mgf.gz; Aldo-control-,cysteine oxidation; dimedone
PXD003354,Quantification of sulfenic acid modifications on an atherosclerotic model-1,Homo sapiens (human),2016,True,archive_needs_listing,11,1,10,,,RL-H2O2-5_141112.zip; RL-H2O2-4_141112.zip; RL-H2O2-1_141112.zip; RL-H2O2-2_141112.zip; H2O2-1-RL.rar; RL-H2O2-3_141112.,S-glutathionylation; S-nitrosylation; biotin switch; cysteine modification; cyst
PXD003356,Quantitative Profiling of Protein S-Glutathionylation during Nanoparticle-Induced Oxidativ,Mus musculus (mouse),2016,True,archive_needs_listing,9,0,9,,,SSG_Raw_CoO_TMT6_17JUL14_Frodo_14-01-35_msgfplus.pride.mztab.gz; SSG_Raw_SiO2_TMT6_17JUL14_Frodo_14-01-35.pride.mgf.gz; ,S-glutathionylation; glutathionylation
PXD003363,Quantification of sulfenic acid modifications in an atherosclerotic model-2,Homo sapiens (human),2016,True,archive_needs_listing,8,0,8,,,RL-T3_141217.zip; RL-T2_141217.zip; RL-T4_141217.zip; RL-T1_141217.zip; ThrPR-1-RL.rar; ThrPR-2-RL.rar; ThrPR-3-RL.rar; ,biotin switch; cysteine oxidation
PXD003365,Quantification of sulfenic acid modifications in an atherosclerotic model,Homo sapiens (human),2016,True,archive_needs_listing,8,0,8,,,RL-L3_141217.zip; RL-L2_141217.zip; LPAPR-4-RL.rar; RL-L4_141217.zip; LPAPR-3-RL.rar; LPAPR-1-RL.rar; LPAPR-2-RL.rar; RL,biotin switch; cysteine oxidation
PXD003569,Stoichiometry and absolute abundance of proteins in the Bacillus cereus spore insoluble fr,Bacillus cereus,2018,False,archive_needs_listing,72,0,36,,,CW2366_RE3_01_2324.d.zip; CW2365_RE2_01_2323.d.zip; CW2319_RE1_01_2281.d.zip; CW2357_RE1_01_2315.d.zip; CW2322_RE1_01_22,cysteine oxidation
PXD003587,Acetaminophen-induced S-nitrosylation and S-sulfenylation signalling in 3D cultured hepato,Homo sapiens (human),2018,True,neither,12,0,0,,,,S-nitrosylation; S-sulfenylation; cysteine oxidation; iodoTMT; redox proteomics;
PXD003640,"ON THE ACCURACY, PRECISION AND STATISTICAL SIGNIFICANCE OF COMPRESSED RATIOS IN ISOBARIC L",Homo sapiens (human); Escherichia coli,2016,False,neither,29,1,0,,,,cysteine oxidation
PXD003643,Blind testing cross-linking/mass spectrometry under the auspices of the 11th critical asse,Homo sapiens (human); Ruminococcus gnavus; Bactero,2016,False,archive_needs_listing,5,4,1,,,Belsom_Rappsilber_CASP11_Targets_apl.zip,cysteine oxidation
PXD003652,S-acylation and fatty acylation in Naïve and LPS/IFN- gamma activated Raw264.7,Mus musculus (mouse),2018,True,archive_needs_listing,2,0,2,,,Acyl-RAC.zip; Chemicalreporter.zip,S-palmitoylation; palmitoylation
PXD003685,The adaptive metabolic response involves specific protein glutathionylation during the fil,Candida albicans; Candida albicans (yeast),2016,True,peptide_only,21,3,0,1442007_Ca_Mito_Peptide_Measurements.csv,,,S-glutathionylation; glutathionylation
PXD003710,Peli1 knock-out and wild type mouse brain proteomes during the disease course of experimen,Mus musculus (mouse),2016,True,peptide_only,4,4,0,TMT_exp1_white_peptides.xlsx; LF_Peptides.csv; TMT_exp2_grey_peptides.xlsx,,,cysteine oxidation
PXD003802,S-nitrosation of proteins relevant to Alzheimer’s disease during early stages of neurodege,Mus musculus (mouse),2016,True,archive_needs_listing,15,0,12,,,cer_control.d.zip; cer_cpk25.d.zip; Cer_control_60minl.d.zip; Hip_control_60min.d.zip; hip_cpk25.d.zip; Cortex_cpk25_60m,S-nitrosation; S-nitrosylation
PXD003929,Identification and Characterization of MCM3 as a KEAP1 Substrate,Homo sapiens (human),2017,True,archive_needs_listing,15,1,2,,,MCM3-FLAG_MaxQuant.zip; KEAP1_SILAC_AP_Maxquant_Data.zip,cysteine modification
PXD004026,Clickable Glutathione Approach for Identification of Protein Glutathionylation in Response,Homo sapiens (human),2018,True,neither,7,7,0,,,,cysteine modification; glutathionylation
PXD004129,Dynamics of the mouse brain cortical synaptic proteome during postnatal brain development,Mus musculus (mouse),2018,False,peptide_only,34,8,0,SupplementalTable1_Combined-search_PeptideSummary.txt; SupplementalTable7_Experiment2_PeptideSummary.txt; SupplementalTa,,,cysteine modification
PXD004303,Cysteine-targeted proteomics analysis,Homo sapiens (human),2016,True,neither,24,0,0,,,,iodoTMT
PXD004514,S-Sulfenylation regulates non-enzymatic oxidative protein folding,Homo sapiens (human),2016,True,neither,6,0,0,,,,S-sulfenylation; dimedone; sulfenylation
PXD004681,Probing the global kinome and phosphoproteome in Chlamydomonas reinhardtii via sequential ,Chlamydomonas reinhardtii,2016,True,archive_needs_listing,40,2,6,,,mibs_eluent_final.pride.mgf.gz; mibs_eluent_mzid.mzid.gz; phospho_eluent_mzid.pride.mztab.gz; mibs_eluent_mzid.pride.mzt,cysteine oxidation
PXD004808,Penguin plasma LC-MSMS -  The Safety Limits Of An Extended Fast: Lessons from a Non-Model ,Pygoscelis adeliae,2017,True,archive_needs_listing,389,0,194,,,E0023321.D.zip; E0024691.D.zip; E0022968.D.zip; E0024707.D.zip; E0024677.D.zip; E0023042.D.zip; E0024629.D.zip; E0022982,cysteine oxidation
PXD004862,Quantification of sulfenic acid modification in an atherosclerosis,Homo sapiens (human),2016,True,archive_needs_listing,5,0,5,,,DPI-ThrPR-1.rar; DPI-ThrPR-12result.rar; DPI-ThrPR-2.rar; DPI-ThrPR-3-result.rar; DPI-THRPR03.rar,biotin switch; cysteine oxidation
PXD004918,Monitoring of protein thiol-oxidation in S.aureus USA300 under hypochlorite stress using O,Staphylococcus aureus,2016,True,archive_needs_listing,9,0,1,,,OxICAT_Sa_WT_txt_files.zip,OxICAT; redox proteomics; thiol redox
PXD004920,A complimentary benzophenone cross-linking/mass spectrometry photochemistry,Homo sapiens (human),2017,False,archive_needs_listing,4,3,1,,,Belsom_Rappsilber_sulfoSBP_sulfoSDA_apl_files.zip,cysteine oxidation
PXD004963,Bicarbonate induced redox proteome changes in Arabidopsis suspension cells,Arabidopsis thaliana (mouse-ear cress),2017,True,neither,24,0,0,,,,iodoTMT; redox proteomics
PXD004969,Molecular data integration reveals Growth Hormone Receptor as an alternative candidate onc,Homo sapiens (human),2022,True,neither,36,0,0,,,,cysteine oxidation
PXD005014,Proteome of Young and Old Murine Diaphragm and Associaated Changes in Contractile Properti,Mus musculus (mouse),2018,False,neither,12,0,0,,,,cysteine redox
PXD005158,Maintenance of Neural Activities in Torpid Rhinolophus ferrumequinum Bats Revealed by 2D G,Homo sapiens (human); Bos taurus (bovine); Arabido,2017,False,neither,142,1,0,,,,palmitoylation
PXD005164,OxiTMT -  Quantitative analysis of the cysteine redoxome by iodoacetyl tandem mass tags,Escherichia coli,2018,False,peptide_only,4,4,0,peptides.txt; LFpeptides.txt,,,cysteine oxidation; cysteine redox
PXD005168,Persulfidated subproteome reveals the regulation of protein function by hydrogen sulfide i,Arabidopsis thaliana (mouse-ear cress),2017,True,archive_needs_listing,24,0,18,,,20151015_07_AAroca_DES1.pride.mgf.gz; AAroca_DES3.zip; AAroca_WT2.zip; AAroca_DES2.zip; 20151015_03_AAroca_WT2.pride.mgf,S-sulfhydration; persulfidation; sulfhydration
PXD005184,Discovery of Age-Related Protein Folding Stability Differences in the Mouse Brain Proteome,Mus musculus (mouse),2016,True,neither,48,0,0,,,,cysteine modification
PXD005274,Proteomic survey for search of biomarkers of colon tumors,Homo sapiens (human),2016,True,archive_needs_listing,1257,0,1251,,,80403mik3_8a.pride.mgf.gz; 710011837mik18c.pride.mgf.gz; 80213mik_30c.pride.mgf.gz; 80215mik_10c2.xml.gz; 80710mik2b_15.,cysteine modification
PXD005323,iTRAQ-Based Quantitative Proteomic Analysis of Inhibitory Effects of Polysaccharides from ,Homo sapiens (human),2018,False,neither,2,1,0,,,,cysteine modification
PXD005879,Proteomic analysis in cardiac fibroblast,Homo sapiens (human),2022,False,peptide_only,9,3,0,011-iTRAQAldo24102014-6_PeptideSummary.txt,,,cysteine modification
PXD005981,Tailoring protein nanomechanics with chemical reactivity,Homo sapiens (human),2018,False,archive_needs_listing,9,0,9,,,File Name_ PR400_AB_CysNAC_2_moretryp.raw (F044875).mzid_File_Name__PR400_AB_CysNAC_2_moretryp.raw_(F044875).pride.mgf.g,cysteine modification
PXD005993,Protein nitrosylation under flooding,Glycine max,2018,True,neither,42,0,0,,,,biotin switch
PXD006001,Proteome-wide characterization of human S-acylated proteins,Homo sapiens (human),2022,True,archive_needs_listing,2,0,2,,,LNCaP-Palmitoylproteomics.7z; LNCaP-proteomics.7z,palmitoylation
PXD006097,Identification of thioredoxin targets in Chlamydomonas reinhardtii using an affinity purif,Chlamydomonas reinhardtii,2017,True,archive_needs_listing,5,0,1,,,OTHER_thermo_msf_parser-1.0.3.zip,glutathionylation; redox proteomics
PXD006116,Identification of thioredoxin-dependent regulatory cysteines in Chlamydomonas reinhardtii ,Chlamydomonas reinhardtii,2017,True,archive_needs_listing,22,0,2,,,OTHER_mzXMLfiles.zip; OTHER_thermo_msf_parser-1.0.3.zip,cysteine modification; glutathionylation; redox proteomics
PXD006140,Subproteome persulfidation reveals the regulation of protein function by hydrogen sulfide ,Arabidopsis thaliana (mouse-ear cress),2018,True,neither,8,2,0,,,,S-sulfhydration; persulfidation; sulfhydration
PXD006274,Proteomics of Colwellia psychrerythraea grown at multiple subzero temperatures,Colwellia psychrerythraea 34h,2019,False,neither,26,1,0,,,,cysteine modification
PXD006294,New insight into interactome of plant NDPKs,Arabidopsis thaliana (mouse-ear cress),2019,True,archive_needs_listing,3,1,2,,,search.7z; RAWfiles.7z,glutathionylation
PXD006363,Proteome-wide analysis of cysteine oxidation reveals metabolic sensitivity to redox stress,Mus musculus (mouse),2018,True,archive_needs_listing,1,0,1,,,HP_Maxquant-Results.zip,cysteine oxidation
PXD006372,Proteome-wide analysis of cysteine oxidation reveals metabolic sensitivity to redox stress,Mus musculus (mouse),2018,True,archive_needs_listing,1,0,1,,,FH_Maxquant-Results.zip,cysteine oxidation
PXD006373,Proteome-wide analysis of cysteine oxidation reveals metabolic sensitivity to redox stress,Mus musculus (mouse),2018,True,archive_needs_listing,1,0,1,,,Kid-FH_Maxquant-Results.zip,cysteine oxidation
PXD006607,Proteomic analysis of human Medulloblastoma reveals distinct activated pathways between su,Homo sapiens (human); Characteristics[organism],2020,True,neither,987,3,0,,,,cysteine oxidation
PXD006612,Proteomic Analyses of Cysteine Redox in High-fat-fed and Fasted Mouse Livers: Implications,Mus musculus; Mus musculus (mouse),2022,True,neither,3,1,0,,,,cysteine modification; cysteine redox; iodoTMT
PXD006802,OxSWATH applied to the redox characterization of secretomes under oxidative stress conditi,Homo sapiens (human),2019,False,neither,62,9,0,,,,cysteine oxidation; cysteine redox; redox proteomics
PXD006803,OxSWATH applied to in-vitro the characterization of redox state of recombinant DJ-1 protei,Homo sapiens (human),2019,False,neither,34,9,0,,,,cysteine oxidation; cysteine redox; redox proteomics
PXD006822,Redox proteomic analysis reveals an important role for protein oxidative modifications in ,Neosartorya fumigata (aspergillus fumigatus),2019,True,neither,20,2,0,,,,iodoTMT
PXD006831,Phosphoproteomics of DIA1-overexpressing HEK cells and protemics of probable DIA1 interact,Homo sapiens (human),2018,True,archive_needs_listing,3,0,3,,,non-enriched.zip; interactome.zip; phospho-enriched.zip,cysteine modification
PXD006907,S-nitrosylation in Shank3 mutated mice,Mus musculus (mouse),2018,False,archive_needs_listing,24,8,16,,,6w_Cor_WT_1st.d.zip; 6w_Str_KO_2nd.d.zip; 4m_Cor_KO_2nd.d.zip; 6w_Cor_KO_1st.d.zip; 4m_Cor_KO_1st.d.zip; 6w_Str_KO_1st.d,S-nitrosylation
PXD007250,On the reproducibility of label-free quantitative cross-linking/mass spectrometry,Homo sapiens (human),2018,False,peptide_only,4,4,0,HSA_BS3_injection_replica_01.08.16_PSM.csv; HSA_BS3_reactionreplica_15.08.16_PSM.csv,,,cysteine oxidation
PXD007278,Comprehensive redox profiling of the thiol proteome of Clostridium difficile,Peptoclostridium difficile (strain 630) (clostridi,2018,True,archive_needs_listing,6,0,6,,,diaCys_label_result.zip; BSA_diaCys_label_result.zip; diaCys_variable_result.zip; MQ_1_5_7_0.zip; BSA_iodoTMT_result.zip,iodoTMT; redox proteomics; thiol redox
PXD007552,An Informatic Approach to Chimeric Antigen Receptor Discovery Integrates Proteomics and Tr,Homo sapiens (human),2017,True,neither,6,0,0,,,,cysteine modification
PXD007913,Sulfenylation of Human Liver and Kidney Microsomal Cytochromes P450 and Other Drug Metaboi,Homo sapiens (human); Mus musculus (mouse),2018,True,neither,35,0,0,,,,cysteine modification; dimedone; redox proteomics; sulfenylation
PXD007918,LPS upregulates palmitoylated enzymes of the phosphatidylinositol cycle. An insight from p,Mus musculus (mouse),2017,True,archive_needs_listing,13,0,12,,,50128175demb_2101DM60.mzid.gz; 50128174demb_2101DMNS.mzid.gz; 50217346demb_1102DM60.mzid.gz; 50217344demb_1102OD60.mzid.,S-palmitoylation; palmitoylation
PXD007980,Echis carinatus carinatus (India) venom proteomics,Echis carinatus,2017,False,peptide_only,20,20,0,protein-peptides_ECVGF1.csv; protein-peptides_ECVGF5.csv; protein-peptides_ECVGF6.csv; protein-peptides_ECVGF2.csv; prot,,,cysteine oxidation
PXD008022,Glioma proteome organization under oncolytic adenoviral infection,Homo sapiens (human),2018,False,neither,9,1,0,,,,cysteine modification
PXD008182,Adaptation of CysPAT technique to characterize endogenous S-nitrosylation in RAW264.7 cell,Mus musculus (mouse),2022,True,peptide_only,8,8,0,Control1_082_Nitro_PhosphoCystag_PSMs.xlsx; Control2_082_Nitro_PhosphoCystag_PSMs.xlsx; Control3_082_Nitro_PhosphoCystag,,,S-nitrosoproteome; S-nitrosylation; nitrosoproteome
PXD008314,Identification of Novel Protein Targets of Dimethyl Fumarate Modification in Neurons and A,Mus musculus (mouse); Rattus norvegicus (rat),2019,False,neither,26,0,0,,,,cysteine modification
PXD008370,Sequential enrichment of phosphorylation on reversibly oxidized proteoforms – part 1,Chlamydomonas reinhardtii,2018,True,archive_needs_listing,25,5,15,,,20160827_crosstalk_1_0.pride.mztab.gz; 20160827_crosstalk_0_1.pride.mztab.gz; 20160827_crosstalk_1_0.mzid.gz; 20160827_c,redox proteomics; reversible oxidation
PXD008371,Sequential enrichment of phosphorylation on reversibly oxidized proteoforms – part 2,Chlamydomonas reinhardtii,2018,True,archive_needs_listing,25,3,9,,,20161112_EWM50_L-R_progenesis.pride.mztab.gz; 20161112_EWM50_control-R_5uL_5-35.pride.mgf.gz; 20161216_EWM50_L-R_phospho,redox proteomics; reversible oxidation
PXD008398,S-acylated and S-palmitoylated proteins in HeLa,Homo sapiens (human),2018,True,archive_needs_listing,3,1,2,,,search.rar; search_alk16.zip,S-palmitoylation; palmitoylation
PXD008399,Direct identification of protein S-palmitoylation sites,Homo sapiens (human),2018,True,archive_needs_listing,2,0,2,,,search-chymo.rar; Search.rar,S-palmitoylation; palmitoylation
PXD008400,"Direct analysis of IFITM3 S-fatty-acylation, part 1",Homo sapiens (human),2018,False,archive_needs_listing,1,0,1,,,Search.rar,S-palmitoylation; palmitoylation
PXD008401,"Direct analysis of IFITM3 S-fatty-acylation, part 2",Homo sapiens (human),2018,False,archive_needs_listing,1,0,1,,,search.zip,S-palmitoylation; palmitoylation
PXD008410,PI3Kinase Isoforms in Pancreatic cancer,Homo sapiens (human),2022,True,neither,40,0,0,,,,cysteine oxidation
PXD008411,Patient-derived KEAP1 superbinder mutants stabilize KEAP1 structure and sequester NRF2 in ,Homo sapiens (human),2018,False,archive_needs_listing,1,0,1,,,txt.zip,cysteine modification
PXD008625,Cracking the code of an elusive key protein modification at structural and genome scales,Homo sapiens (human),2018,True,neither,104,0,0,,,,S-palmitoylation; palmitoylation
PXD008663,Searching N-terminal modifications of proteins starting with Gly in Arabidopsis thaliana,Arabidopsis thaliana (mouse-ear cress),2018,True,neither,277,0,0,,,,S-palmitoylation; palmitoylation
PXD008666,Tracking the N-Myristoylated N-termini in human cell line lysates (soluble fraction) to hi,Homo sapiens (human),2018,False,neither,72,0,0,,,,S-palmitoylation; palmitoylation
PXD009010,Identification of the proteins secreted by normal and cirrhotic LSECs,Mus musculus (mouse),2018,False,neither,4,0,0,,,,S-sulfhydration; sulfhydration
PXD009038,Sequential enrichment of phosphorylation on reversibly oxidized proteoforms – part 3,Chlamydomonas reinhardtii,2018,True,archive_needs_listing,12,1,3,,,20180218_EWM52_R-pool_input-SCX.pride.mztab.gz; mascot_daemon_merge.pride.mgf.gz; 20180218_EWM52_R-pool_input-SCX.mzid.g,redox proteomics; reversible oxidation
PXD009071,Proteomic analysis of S-nitrosylated nuclear proteins in rat cortical neurons,Rattus norvegicus (rat),2018,True,neither,52,0,0,,,,S-nitrosylation
PXD009109,Oxidative posttranslational modifications of cysteine are associated to high intrinsic aer,Rattus norvegicus (rat),2019,True,archive_needs_listing,1,0,1,,,txt.zip,OxICAT; redox proteomics
PXD009182,ATIP3-interacting partners,Homo sapiens (human),2020,True,neither,12,2,0,,,,cysteine oxidation
PXD009378,A chemoproteomic portrait of the oncometabolite fumarate,Homo sapiens (human),2018,True,peptide_only,20,20,0,DTASelect-filter_TABLE_S2_TAB_Raw_data_peptide_COLUMN_RUN1_light.txt; DTASelect-filter_TABLE_S2_TAB_Raw_data_peptide_COL,,,cysteine reactivity
PXD009416,ATP synthase nLC-MSMS -  α-synuclein oligomers interact with ATP synthase and open the per,Rattus norvegicus (rat),2018,True,neither,6,0,0,,,,redox proteomics
PXD009640,Arabidopsis SNAREs SYP121 and SYP122 mediate the secretion of distinct cargo 2 subsets,Arabidopsis thaliana (mouse-ear cress),2018,True,archive_needs_listing,270,0,270,,,OT_150731_53 (F007729).mzid.mzid_OT_150731_53_(F007729).mzid.pride.mgf.gz; OT_160310_24_MS15-329_122_5 (F010127).pride.m,cysteine oxidation
PXD009693,Analysis of reversibly oxidized cysteines from the Chlamydomonas proteome with yeast spike,Chlamydomonas reinhardtii,2019,True,archive_needs_listing,9,0,3,,,20161007_EWM47_ER_progenesis.pride.mgf.gz; 20180502_EWM47_Cr_yeast.mzid.gz; 20180502_EWM47_Cr_yeast.pride.mztab.gz,redox proteomics; reversible oxidation
PXD009880,LC-MS/MS proteomics of ETHE1 deficient patient fibroblasts_Study-1,Homo sapiens (human),2018,True,neither,3,1,0,,,,persulfide
PXD010104,Proteome-wide analysis of cysteine reactivity in Arabidopsis associated with biotic stress,Arabidopsis thaliana (mouse-ear cress),2019,True,archive_needs_listing,22,1,3,,,20151010_EWM_TOPS3_8hC8h_TOPS2_12h_progenesis.mzid.gz; 20151010_EWM_TOPS3_8hC+8h_TOPS2_12h_progenesis.pride.mgf.gz; 2015,cysteine reactivity; redox proteomics; reversible oxidation
PXD010106,S-nitrosylation in P301S mouse tauopathy model,Mus musculus (mouse),2019,False,archive_needs_listing,9,5,4,distinctpeptides_Cortex_Tg.xlsx; distinctpeptides_Hippo_Tg.xlsx; distinctpeptides_Hippo_WT.xlsx; distinctpeptides_Cortex,,Tg-Cor.zip; Tg-Hip.zip; WT-Cor.zip; WT-Hip.zip,S-nitrosation; S-nitrosylation
PXD010326,Npr2-mediated cGMP signalling modulates S-palmitoylation and controls growth cone morpholo,Mus musculus (mouse),2018,True,peptide_only,2,2,0,peptides.txt,,,S-palmitoylation; palmitoylation
PXD010336,Integrated Dissection of Cysteine Oxidative Modification Proteome During Cardiac Hypertrop,Mus musculus (mouse),2018,True,archive_needs_listing,142,0,142,,,Whole_Tissue_Lysate_d14_rep02_rev-dimethyl_light.mzid.gz; Whole_Tissue_Lysate_d10_rep02_rev-dimethyl_light.mzid.gz; Whol,biotin switch; cysteine modification; cysteine oxidation; reversible oxidation; 
PXD010430,Tetrahydrobiopterin modulates ubiquitin conjugation to UBC13/UBE2N and proteasome activity,Mus musculus (mouse),2018,True,archive_needs_listing,6,2,4,Peptides.csv,,MCrabtree.pride.mztab.gz; MCrabtree.MSMS.pride.mgf.gz; MCrabtree.mzid.gz; OTV MarkCrabtree.pride.mgf.gz,S-nitrosation; S-nitrosylation; biotin switch
PXD010457,Proteomic profiling of peroxisomal proteins in the ripening of sweet pepper (Capsicum annu,Capsicum annuum,2022,True,archive_needs_listing,9,0,4,,,search.output.recal.10ppm.O.zip; search.output.recal.10ppm.T.zip; search.output.recal.10ppm.Y.zip; search.output.recal.1,S-nitrosylation
PXD010822,Stress-induced changes in the S-palmitoylation and S-nitrosylation of proteins involved in,Mus musculus (mouse),2019,True,neither,18,0,0,,,,S-nitrosylation; S-palmitoylation; biotin switch; palmitoylation
PXD010880,OxRAC Analysis of Cysteine Oxidation After EGF stimulation in A431 Cells,Homo sapiens (human),2020,True,neither,22,0,0,,,,cysteine oxidation; cysteine redox; redox proteomics
PXD010884,Cross-linking/mass spectrometry for the 13th Community Wide Experiment on the Critical Ass,Homo sapiens (human); Escherichia coli; Enterococc,2019,False,peptide_only,9,9,0,CASP13_x0968_20pcFDR_PSM_xiFDR1.1.26.58.csv; CASP13_x0975_20pcFDR_PSM_xiFDR1.1.26.58.csv; CASP13_x0987_20pcFDR_PSM_xiFDR,,,cysteine oxidation
PXD010938,Comparative proteomics using iodoTMT to identify changes in protein expression and cystein,Leishmania mexicana mhom/gt/2001/u1103,2018,True,neither,16,0,0,,,,cysteine oxidation; iodoTMT
PXD010945,Proteases Shape the Chlamydomonas Secretome: Comparison to Classical Neuropeptide Processi,Chlamydomonas reinhardtii,2019,False,archive_needs_listing,46,0,2,,,Sample_A-B-C_GlyLoss-amide_SemiTrp_mascotmzIdentexport.zip; Sample_MSA-MSB-MSC_GlyLoss-amide_SemiTrp_mascotmzIdent.zip,cysteine oxidation
PXD011058,Nuclear Lactate Dehydrogenase A Senses ROS to Produce α-Hydroxybutyrate for HPV-Induced Ce,Homo sapiens (human),2018,False,neither,3,0,0,,,,redox proteomics
PXD011085,Anticancer effect of deuterium depleted water - comprehensive proteomics analysis suggests,Homo sapiens (human),2019,True,archive_needs_listing,9,5,4,,,Redoxproteomics_txt.rar; Timecourse_txt.rar; TPP.txt.rar; Expressionproteomics_txt.rar,iodoTMT; redox proteomics
PXD011123,In-vitro glutathionylation of SMYD2,Homo sapiens (human),2019,True,archive_needs_listing,3,0,3,,,1984-Ahn-131c.mzid.gz; 1984-Ahn-131c.mzid_1984-Ahn-131c.pride.mgf.gz; 1984-Ahn-131c.pride.mztab.gz,glutathionylation
PXD011131,Proteome-wide detection of cysteine nitrosylation targets and motifs using bio-orthogonal ,Homo sapiens (human),2019,True,archive_needs_listing,18,0,12,,,Total-cys_Cys-BOOST.mzid.gz; HeLa-GSNO_SNO-reduction_-Ascorbate-control.pride.mgf.gz; HeLa-GSNO_SNO-reduction_-Ascorbate,S-nitrosylation; iodoTMT
PXD011386,Quantifying changes in the bacterial thiol redox proteome during host-pathogen interaction,Escherichia coli,2019,True,archive_needs_listing,14,2,12,,,OEI20787txt.zip; OEI20787andromeda.zip; OEI20793andromeda.zip; OEII21574andromeda.zip; OEII21576andromeda.zip; OEII21576,OxICAT; cysteine oxidation; redox proteomics; thiol redox
PXD011525,Global redox proteome and phosphoproteome analysis reveals novel mode of Akt regulation,Homo sapiens (human); Mus musculus (mouse),2019,True,peptide_only,10,10,0,peptides.txt,,,S-glutathionylation; S-nitrosylation; S-sulfenylation; S-sulfhydration; cysteine
PXD011553,A novel DHHC5/Golga7b palmitoyl-transferase complex regulates desmosome assembly and cell ,Homo sapiens (human),2019,True,neither,2,2,0,,,,palmitoylation
PXD011591,The ABCB7-like Transporter PexA in Rhodobacter capsulatus maintains proper Distribution of,Rhodobacter capsulatus,2019,False,archive_needs_listing,2,0,1,,,MaxQuant_Output.zip,persulfide
PXD011642,Competition between microbes during anaerobic oxidation of methane: Bioreactor metaproteom,Sediment metagenome,2020,True,neither,22,3,0,,,,cysteine modification
PXD011880,Dataset 1: SNO-CoA Targets in Mouse Kidney,Mus musculus (mouse),2018,True,peptide_only,6,6,0,Dataset1-2peptide_list.csv; Dataset1-1peptide_list.csv,,,S-nitrosylation
PXD011950,Effect of xenosiderophores on Pseudomonas aeruginosa proteome,Pseudomonas aeruginosa pao1,2020,False,neither,21,0,0,,,,cysteine oxidation
PXD011992,Proteomics and transcriptomics analyses of Methylophaga thiooxydans reveal adaptations for,Methylophaga thiooxydans dms010,2019,False,archive_needs_listing,20,0,20,,,OT_140825_09F003643.mzid.gz; OT_140825_23F003680.mzid.gz; OT_140825_24F003679.mzid.gz; OT_140825_19F003659.mzid.gz; OT_1,persulfide
PXD012137,Rif1 S-acylation mediates DNA double-strand break repair at the inner nuclear membrane,Saccharomyces cerevisiae (baker's yeast),2019,False,neither,17,1,0,,,,palmitoylation
PXD012171,Site-specific Identification of Glutathionylation,Mus musculus (mouse),2019,True,archive_needs_listing,17,0,17,,,2079-Ahn-03-m3peptides_1_1_0.mzid.mzid.gz; 2079-Ahn-05-p2 (peptides_1_1_0.mzid).pride.mztab.gz; 2079-Ahn-04-p1 (peptides,glutathionylation
PXD012286,A microRNA/circle RNA axis promotes metastasis through CDR1-mediated anoikis-resistance,Homo sapiens (human),2021,False,archive_needs_listing,4,0,4,,,SKMES1LN1txt.zip; SKMES1LN1SAINT.zip; HEK293Ttxt.zip; HEK293TSAINT.zip,cysteine modification
PXD012291,Shigella flexneri effectors IpaJ and VirA globally impair host conventional secretion,Shigella flexneri,2019,True,neither,6,2,0,,,,cysteine oxidation
PXD012320,"Interactome of the Escherichia coli nitrate reductase respiratory complex, NarGHI, under v",Escherichia coli,2019,True,archive_needs_listing,2,0,2,,,combined_2.zip; andromeda_2.zip,S-nitrosylation
PXD012353,Cysteine oxidation triggers amyloid fibril formation of the tumor suppressor p16INK4A,Homo sapiens (human),2019,False,archive_needs_listing,1,0,1,,,search.zip,cysteine oxidation; reversible oxidation
PXD012443,Nitrosoproteomic Analysis Deciphers the S-Nitrosylome in Carbon Metabolism of Tea Leaves,Camellia sinensis,2020,True,archive_needs_listing,1,0,1,,,txt.rar,S-nitrosylation
PXD012479,microbiome of methane hydrate sediments: Hydrate Ridge,Sediment metagenome,2020,True,neither,7,1,0,,,,cysteine modification
PXD012504,Quantification of cellular protein and redox imbalance using SILAC-iodoTMT methodology,Homo sapiens (human),2026,True,archive_needs_listing,3,0,3,,,Proteome_analysis.rar; Proteome_analysis_diox_triox_sites.rar; REDOX_analysis.rar,cysteine oxidation; iodoTMT
PXD012512,S-nitrosoproteome of pancreatic ductal adenocarcinoma,Homo sapiens (human),2020,True,archive_needs_listing,29,0,4,,,AnnotatedspectraofPANC-1.rar; HJL_C1-C8_MaxQuantoutputfiles.zip; AnnotatedspectraofPDAC.rar; ZJR_HJL_BIOTIN_H1-H16_MaxQu,S-nitrosoproteome; S-nitrosylation; nitrosoproteome
PXD012617,Peroxiredoxin promotes longevity and H2O2-resistance in yeast through redox-modulation of ,Saccharomyces cerevisiae (baker's yeast); Saccharo,2020,True,archive_needs_listing,8,1,1,,,MaxQuant_Output.zip,glutathionylation
PXD012691,Arsenic induces reversible nitrosative stress and behavioural changes in mice,Mus musculus (mouse),2021,True,archive_needs_listing,4,2,2,,,1ppm.zip; WT.zip,S-nitrosation; S-nitrosylation
PXD012706,Changes in S-nitroslyaion in a mouse model of preeclampsia,Mus musculus (mouse),2022,True,neither,11,0,0,,,,S-nitrosylation; biotin switch; iodoTMT
PXD012736,Attenuated palmitoylation of serotonin receptor 5-HT1A in brain affects receptor functions,Mus musculus (mouse),2019,True,neither,12,0,0,,,,palmitoylation
PXD013072,Proteomic Analysis of FSCN1-Interacting Proteins in LSCC cells,Homo sapiens (human),2019,False,archive_needs_listing,3,0,3,,,RAW.zip; SEARCH.zip; PEAK.zip,cysteine oxidation
PXD013187,S-acylproteomic analysis of human prostate cancer LNCaP cells by LB-ABE,Homo sapiens (human),2021,True,archive_needs_listing,1,0,1,,,txt.zip,palmitoylation
PXD013189,SILAC analysis of proteins enriched from LNCaP cells by ABE,Homo sapiens (human),2021,True,archive_needs_listing,2,1,1,,,txt.zip,palmitoylation
PXD013226,Exercise training reverses cancer cachexia-induced decrease in muscle COPS2/TRIP15/ALIEN,Mus musculus (mouse),2021,True,archive_needs_listing,1,0,1,,,txt.zip,OxICAT
PXD013266,Proteomic analysis of differentially expressed proteins in two Trypanosoma vivax strains w,Trypanosoma,2019,False,neither,17,0,0,,,,cysteine modification
PXD013495,Mining for protein S-sulfenylation in Arabidopsis uncovers redox-sensitive sites,Arabidopsis thaliana; Arabidopsis thaliana (mouse-,2019,True,neither,4,1,0,,,,S-sulfenylation; sulfenylation
PXD013588,Protein S-sulfenylation Arabidopsis - AtMAPK4,Arabidopsis thaliana; Arabidopsis thaliana (mouse-,2019,True,peptide_only,13,13,0,EOS438_chymo_02_PSM.xlsx; EOS438_chymo_01_PSM.xlsx; EOS438_trypsin_03_PSM.xlsx; EOS438_trypsin_02_PSM.xlsx; EOS438_tryps,,,S-sulfenylation; cysteine oxidation; dimedone; sulfenylation
PXD013607,The sulfur stress response and protein S-thioallylation caused by allicin and diallyl poly,Bacillus subtilis subsp. subtilis str. 168,2019,True,neither,10,0,0,,,,thiol redox
PXD013627,De novo Classification of Mouse B Cell Types using Surfaceome Proteotype Maps,Homo sapiens (human); Mus musculus (mouse),2019,True,neither,4,3,0,,,,cysteine oxidation
PXD013640,Keap-1-mediated S-nitrosylation of NOX4 hampers oxidative damage in endothelium,Homo sapiens (human),2020,True,archive_needs_listing,15,13,1,peptides.txt; allPeptides.txt; evidence.txt; msms.txt; msmsScans.txt; modificationSpecificPeptides.txt,,andromeda.rar,S-nitrosylation; biotin switch
PXD013701,Energetics- and transport-related protein abundance responds differentially to salt in Ory,Oryza australiensis,2019,True,neither,2,2,0,,,,cysteine modification
PXD013755,Identification of NOS3 interacting proteins,Homo sapiens (human),2021,True,archive_needs_listing,1,0,1,,,txt.zip,S-glutathionylation; S-nitrosation; glutathionylation
PXD013973,Cysteine alkylating methods in shotgun proteomics and their possible effects on methionine,Homo sapiens (human),2020,False,neither,71,0,0,,,,cysteine modification
PXD014132,Interactions between host and gut microbiota following dietary interventions,Mus musculus (mouse),2021,False,neither,42,0,0,,,,cysteine modification
PXD014355,Palmitoylation of BMPR1a regulates neural stem cell fate,Mus musculus (mouse),2019,True,neither,1,0,0,,,,S-palmitoylation; palmitoylation
PXD014381,Redox proteome analysis identifies reversible oxidized proteins in retinoic acid different,Homo sapiens (human),2020,True,archive_needs_listing,4,0,4,,,txtBHA_NAC_proteome.zip; txtproteome120h.zip; txttemporalproteomicprofile.zip; txtredoxproteome.zip,cysteine oxidation; cysteine redox; redox proteomics
PXD014632,Deep proteomic analysis of Dnmt1 mutant/hypomorphic colorectal cancer cells reveals dys-re,Homo sapiens (human),2021,False,archive_needs_listing,24,0,24,,,EmilyBowler_061017_DNMTKO3__001_IA_final_fragment.csv.mod.pride.mztab.gz; EmilyBowler_061017_DNMTKO2__001_IA_final_fragm,cysteine modification
PXD014790,Surfaceome dynamics and surface trafficking during neuronal development and synaptic plast,Rattus norvegicus (rat); Rattus norvegicus,2020,True,neither,7,7,0,,,,cysteine oxidation
PXD014819,Chemical inhibition of the target of rapamycin kinase in Chlamydomonas reinhardtii leads t,Chlamydomonas reinhardtii,2019,True,archive_needs_listing,42,5,9,,,20190125_EWM_AZD1_G_progenesis_rank-lessthan11-include.mzid.gz; 20190125_EWM_AZD1_G_progenesis_rank-lessthan11-include.p,cysteine oxidation; cysteine reactivity
PXD014864,Deciphering Differential Gut Bacterial Drug Metabolism with Activity-Based Protein Profili,Human gut metagenome,2019,True,archive_needs_listing,2,1,1,,,maxquant_txt.zip,cysteine modification
PXD014897,Salvage pathway maintains functional respiratory complex I,Mus musculus (mouse),2020,True,peptide_only,17,17,0,evidence_1274.txt; evidence-1599.txt; evidence.txt,,,cysteine oxidation
PXD014919,Proteomic analysis of a precision knock-out Glycogen Synthase Kinase 3B model identifies n,Homo sapiens (human),2021,False,archive_needs_listing,60,6,54,,,WT_Rep3_004.raw.zip; WT_Rep2_004.raw.zip; WT_Rep1_006.raw.zip; WT_Rep3_002.raw.zip; WT_Rep1_004.raw.zip; WT_Rep2_002.raw,cysteine modification
PXD014937,Isotopic-labelled Clickable Glutathione to Quantify Protein S-Glutathionylation,Mus musculus (mouse),2021,True,peptide_only,12,9,0,2122peptides.txt; 2132peptides2.txt,,,S-glutathionylation; glutathionylation
PXD015004,MYO19 interacts weakly with Miro2 GTPases on the mitochondrial outer membrane,Homo sapiens (human),2019,True,archive_needs_listing,1,0,1,,,MYO19SearchResults.zip,cysteine modification
PXD015098,Systematic comparison of strategies for the enrichment of lysosomes by data independent ac,Homo sapiens (human),2020,True,neither,1,0,0,,,,cysteine oxidation
PXD015199,"Identification of full length, splicing and cleavage products of SufB protein of SUF-compl",Mycobacterium tuberculosis; Mycobacterium tubercul,2022,True,neither,10,0,0,,,,cysteine oxidation
PXD015307,Quantitative profiling of protein sulfhydrome by the BTA-TMT,Homo sapiens (human); Mus musculus (mouse); Rattus,2020,True,neither,28,0,0,,,,S-sulfhydration; iodoTMT; persulfide; sulfhydration; sulfhydrome
PXD015409,Development of a maleimide-based chemical proteomic method for quantitative analysis of cy,Chlamydomonas reinhardtii,2020,True,archive_needs_listing,38,4,18,,,20190614_EWM_NPM11_FT_2uL_progenesis.mzid.gz; 20190614_EWM_NPM11_FT_2uL_progenesis.pride.mgf.gz; 20190425_EWM_NPM9_250_E,QTRP; cysteine oxidation; cysteine reactivity
PXD015431,ADAM17 cytoplasmic domain modulates Thioredoxin-1 conformation and activity,Homo sapiens (human),2020,True,peptide_only,26,2,0,LC-MSMS_Samples.xlsx,,,iodoTMT
PXD015642,Functional Dissection of the Retrograde Shiga Toxin Trafficking Inhibitor Retro-2,Homo sapiens (human),2020,True,neither,44,6,0,,,,cysteine oxidation
PXD015681,Multi-omics analysis reveals mechanisms of complete resistance to extreme illumination lev,Chlorella vulgaris (green alga),2020,True,archive_needs_listing,2,0,1,,,MaxQuant_Output.zip,S-glutathionylation; glutathionylation; redox proteomics
PXD015788,The Mitochondrial Glutathione Peroxidase 3 (OsGPX3) regulates ABA responses in rice plants,Oryza sativa (rice),2021,True,neither,1,0,0,,,,S-glutathionylation; glutathionylation
PXD015884,Molecular characterization of BRSK2 and BRSK1 kinases as negative regulators of the NRF2 t,Homo sapiens (human),2020,True,archive_needs_listing,2,1,1,,,txt.zip,cysteine modification
PXD015889,Cysteine alkylating methods in shotgun proteomics and their possible effects on methionine,Homo sapiens (human),2024,False,neither,71,0,0,,,,cysteine modification
PXD015940,Evaluation of NHS-Acetate and DEPC labelling for determination of solvent accessible amino,Saccharomyces cerevisiae (baker's yeast); Oryctola,2020,False,archive_needs_listing,6,0,6,,,PK_DEPC_neutral_loss_txt.zip; ADH_DEPC_neutral_loss_txt.zip; PK_DEPC_without_neutral_loss_txt.zip; ADH_DEPC_without_neut,cysteine oxidation
PXD016015,Hsp110 Mitigates α-Synuclein Pathology In Vivo,Mus musculus (mouse),2020,False,neither,5,0,0,,,,palmitoylation
PXD016048,Quantitative thiol reactivity profiling,Homo sapiens (human); Mus musculus (mouse),2020,True,neither,10,0,0,,,,QTRP
PXD016723,In situ identification of S-sulfenylation sites in Arabidopsis thaliana using the genetic ,Arabidopsis thaliana (mouse-ear cress),2020,True,archive_needs_listing,5,0,5,,,pLink_reports_testSamples.zip; pLink_reports_H2O2_proteinLevel.zip; pLink_reports_H2O2_peptideLevel.zip; pLink_reports_u,S-sulfenylation; cysteine oxidation; sulfenylation
PXD016776,Comprehensive chemical proteomics for target deconvolution of the redox active drug aurano,Homo sapiens (human),2020,True,peptide_only,10,10,0,TPP_Cells_3microM_peptides.txt; RedoxProteomics_unfractionated_peptides.txt; TPP_Cells_2microM_peptides.txt; RedoxProteo,,,iodoTMT; redox proteomics
PXD017037,Decoding altitude – activated regulatory mechanisms underlining apple peel coloration and ,Malus domestica,2021,False,archive_needs_listing,1,0,1,,,MaxQuant_Output.zip,cysteine modification
PXD017050,A quantitative tissue-specific landscape of protein redox regulation during aging,Mus musculus (mouse),2020,True,site_only,2,2,0,,All_young_sites.xlsx; All_old_sites.xlsx,,cysteine redox; reversible oxidation
PXD017057,Decoding altitude ��� activated regulatory mechanisms underlining apple peel coloration an,Malus domestica,2021,True,neither,2,2,0,,,,cysteine modification
PXD017144,Antagonistic regulation of apoptosis by polysulfides and thioredoxin via persulfidation of,Homo sapiens (human),2020,False,neither,12,0,0,,,,persulfidation; persulfide
PXD017231,DHHC7-mediated palmitoylation of barttin is a risk factor for Bartter syndrome,Mus musculus; Mus musculus (mouse),2020,True,neither,7,1,0,,,,palmitoylation
PXD017270,Identification of palmitoyl protein thioesterase 1 substrates defines roles for synaptic d,Mus musculus (mouse),2022,True,neither,15,0,0,,,,palmitoylation
PXD017314,Proteomic analysis of left ventricles containing the obscurin R4344Q mutation linked to hy,Mus musculus (mouse),2020,False,neither,1,0,0,,,,glutathionylation
PXD017417,Mapping physiological ADP-ribosylation using Activated Ion Electron Transfer Dissociation ,Homo sapiens (human),2020,True,archive_needs_listing,2,0,2,,,benchmarking.tar.gz; eval_phys.tar.gz,cysteine modification
PXD017464,Quantification of proteins and oxidized proteins in wild type and CLPP deficient mouse hea,Mus musculus (mouse),2020,True,archive_needs_listing,3,1,2,,,txt_BIAM.zip; txt_FULL.zip,redox proteomics
PXD017482,A High Resolution Mass Spectrometry Study Reveals the Potential of Disulfide Formation in ,Homo sapiens (human),2020,False,archive_needs_listing,2,0,2,,,Rawdata.rar; Peakssearch.rar,cysteine oxidation
PXD017610,A multi-omics approach to liver diseases: integration of Single Nuclei Transcriptomics wit,Homo sapiens (human),2020,True,archive_needs_listing,1,0,1,,,SearchEngineResults.zip.rar,cysteine modification
PXD017620,Cross-linking mass spectrometry of yeast mitochondria grown on different carbon sources re,Saccharomyces cerevisiae (baker's yeast); Saccharo,2020,True,archive_needs_listing,7,1,6,,,SupplementaryTable_Search-Results_Quantitation.zip; Spectra_Qualitative-dataset.zip; Spectra_Quantitation.zip; Supplemen,cysteine oxidation
PXD017717,Protein S-glutathionylation in HeLa cells identified by nanoLC-LTQ-Orbitrap XL MS/MS,Homo sapiens (human),2020,True,neither,17,9,0,,,,S-glutathionylation; biotin switch; cysteine modification; glutathionylation
PXD017759,HPLC-ESI-MS PROFILE OF SALIVARY PROTEINS IN MASTOCYTOSIS PATIENTS,Homo sapiens (human),2020,False,archive_needs_listing,15,7,4,manual_annotation_MSMS_top-down-S100A.xls; manual_annotation_MSMS_top-down_T-beta4.xls; manual_annotation_MSMS_top-down_,,Annotated_Spectra_Histatins.zip; Annotated_Spectra_P-C.zip; Annotated_Spectra_Statherin.zip; Annotated_Spectra_P-B.zip,glutathionylation
PXD017788,Mouse BMDMs and Erythrophagocytosis LCMSMS,Mus musculus (mouse),2020,True,archive_needs_listing,21,1,18,,,BMDMs_02_QEHF_20180404.mzid.gz; BMDMsRBCs_06_QEHF_20180404.mzid.gz; QEHF_20180404_Angelo_cells_SAG_01.pride.mgf.gz; BMDM,redox proteomics
PXD017923,The Mammalian Cytosolic Thioredoxin Reductase Pathway Acts via a Membrane Protein to Reduc,Homo sapiens (human),2020,True,archive_needs_listing,3,1,1,,,MaxQuant-text-output.zip,redox proteomics
PXD018085,Quantification of oxidized proteins in wild type and Nox2 deficient mouse dorsal root gang,Mus musculus (mouse),2020,True,archive_needs_listing,1,0,1,,,txt_Redox.zip,redox proteomics
PXD018130,Proteomics analysis of Echis carinatus venom from Sri Lanka,Echis carinatus,2020,False,neither,20,0,0,,,,cysteine oxidation
PXD018174,Regulation of titin-based cardiac stiffness by unfolded domain oxidation (UnDOx),Mus musculus (mouse),2020,True,archive_needs_listing,3,1,1,,,Peptides_txt_files.zip,OxICAT; S-glutathionylation; cysteine redox; glutathionylation; redox proteomics
PXD018216,Slight deuterium enrichment in water acts as an antioxidant: is deuterium a cell growth re,Homo sapiens (human),2020,True,peptide_only,4,4,0,Redoxproteomicsresult_peptides.txt,,,iodoTMT; redox proteomics
PXD018227,Proteomic changes in sweet cherry fruit (cv. ‘Tsolakeika’) in response to calcium applicat,Prunus avium,2021,False,neither,3,3,0,,,,cysteine modification
PXD018275,Proteome-wide modulation of S-nitrosylation in Trypanosoma cruzi trypomastigotes upon inte,Trypanosoma cruzi,2020,True,archive_needs_listing,1,0,1,,,txt.zip,S-nitrosylation
PXD018364,Single or combined dietary supply of Psidium guajava and Phyllanthus amarus extracts diffe,Pangasianodon hypophthalmus,2020,True,archive_needs_listing,126,0,63,,,traitememt_2_ech2_2_3.raw.rar; traitememt_10_ech10_3_1.raw.rar; traitememt_1_ech1_2_1.raw.rar; traitememt_7_ech7_2_2.raw,cysteine modification
PXD018528,Proteomic changes of Klebsiella pneumoniae in response to colistin treatment  and crrB mut,Klebsiella pneumoniae,2022,False,neither,3,0,0,,,,palmitoylation
PXD018575,Global profiling of the C.elegans redoxome,Caenorhabditis elegans,2021,True,neither,4,0,0,,,,cysteine redox
PXD018703,Dynamic Palmitoylation Events Following T-Cell Receptor Signaling,Homo sapiens (human),2021,True,peptide_only,2,2,0,140104evidenceEM02EM03EM04.txt,,,palmitoylation
PXD018710,Dynamic Palmitoylation Events Following T-Cell Receptor Signaling,Homo sapiens (human),2021,True,peptide_only,2,2,0,evidence_EM09.txt,,,palmitoylation
PXD018733,The translation release factor methyltransferase Mtq2-Trm112 is required for ribosome biog,Saccharomyces cerevisiae (baker's yeast),2020,True,archive_needs_listing,3,1,2,,,andromeda.zip; txt.zip,cysteine oxidation
PXD018775,Effect of Nitrosative Stress on the S-nitroso-Proteome of Paracoccidioides brasiliensis,Paracoccidioides brasiliensis (strain pb18),2020,True,peptide_only,49,49,0,OB_lowNO_R1_peptides.txt; OB_lowNO_R3_peptides.txt; OB_highNO_R1_msmsScans.txt; OB_control_R2_msmsScans.txt; OB_lowNO_R3,,,S-nitrosylation
PXD018843,Prm2 deficiency triggers a Reactive Oxygen Species (ROS)-mediated destruction cascade duri,Mus musculus (mouse),2020,False,archive_needs_listing,3,0,1,,,P_217_DN_Data2_1809_190708_PD23.mzid.gz,cysteine modification
PXD019099,A membrane-associated condensate ensures paternal epigenetic inheritance in C. elegans,Caenorhabditis elegans,2021,False,archive_needs_listing,2,0,2,,,txt_pei1.zip; txt_wago3.zip,S-palmitoylation; palmitoylation
PXD019208,Protein S-Nitrosylation of host and viral proteins upon fibroblast infection with Human Cy,Homo sapiens (human),2020,True,neither,1,1,0,,,,S-nitrosylation; biotin switch
PXD019348,Proteome-Wide Effects of Naphthalene-Derived Secondary Organic Aerosol in BEAS-2B Cells Ar,Homo sapiens (human),2020,True,neither,2,2,0,,,,cysteine reactivity
PXD019491,Reversible oxidative signaling in Chlamydomonas following nitrogen deprivation,Chlamydomonas reinhardtii,2020,True,archive_needs_listing,2,0,2,,,20200426_ALS_global_pride_export.mzid.gz; 20200426_ALS_redox_pride_export.mzid.gz,reversible oxidation
PXD019564,S-glutathionylation proteome profiling of Streptococcus mutans,Streptococcus mutans ua159,2020,True,archive_needs_listing,1,0,1,,,txt.zip,S-glutathionylation; glutathionylation; iodoTMT
PXD019799,Aggregated protein of heat-treated GmDnj1 mutant Orbitrap LC-MSMS,Glycine max,2021,False,archive_needs_listing,2,0,2,,,PWF_LFQ_dynamic_three_batch.mzid.gz; R_20200330_three_batch.mzid.gz,cysteine oxidation
PXD019802,Sulfide Regulates Autophagy by Reversible Persulfidation of the Cysteine Protease ATG4,Arabidopsis thaliana; Arabidopsis thaliana (mouse-,2020,True,neither,9,3,0,,,,persulfidation
PXD019816,Engineering transplantable jejunal mucosal grafts using primary patient-derived organoids ,Homo sapiens (human),2020,False,archive_needs_listing,1,0,1,,,txt_MQ.7z,cysteine modification
PXD019913,Stochiometric Quantification of the Thiol Redox Proteome Reveals Subcellular Compartmental,Mus musculus (mouse),2020,True,archive_needs_listing,6,1,5,,,SSG_Stoich01_TMT6_16Apr15_Frodo_15-02-07_msgfplus.mzid.gz; SSG_Raw_Fe3O4_TMT6_17JUL14_Frodo_14-01-35_msgfplus.mzid.gz; S,S-glutathionylation; glutathionylation; redox proteomics; thiol redox
PXD020073,Heterogeneous adaptation of cysteine reactivity to a covalent oncometabolite,Homo sapiens (human),2021,True,neither,17,17,0,,,,cysteine reactivity
PXD020241,Non-canonical EphA2 signaling is a driver of tumor-endothelial cell interactions and metas,Homo sapiens (human),2020,True,archive_needs_listing,72,0,24,,,20151021_Ritin_Epha2_TMT_PhosphoProteomics_bRPLC_Fr2_Run1.rawF008288.mzid.gz; 20151021_Ritin_Epha2_TMT_PhosphoProteomics,cysteine oxidation
PXD020249,Redox proteomics analysis of E.coli biofilms,Escherichia coli,2021,True,archive_needs_listing,3,2,1,,,search.zip,S-nitrosylation; biotin switch; cysteine oxidation; redox proteomics
PXD020250,Non-canonical EphA2 signaling is a driver of tumor-endothelial cell interactions and metas,Homo sapiens (human),2020,True,archive_needs_listing,13,1,6,,,08182015_Ritin_WM164_WM164_S897A_pY_Run2.rawF008289.mzid.gz; 08172015_Ritin_WM164_EphA2_pY_Run1.rawF008282.mzid.gz; 0818,cysteine oxidation
PXD020428,Glutathionylation decreases methyltransferase activity of PRMT5 and inhibits cell prolifer,Homo sapiens (human),2020,True,peptide_only,37,6,0,Thepeptidesonp53immunoprecipitationbyp53antibodyinPRMT5-WTandPRMT5-C42Doverexpressioncells..xlsx; Theidentificationofglu,,,glutathionylation
PXD020481,Light-mediated discovery of surfaceome nanoscale organization and intercellular receptor i,Homo sapiens (human); Mus musculus (mouse); Escher,2021,True,neither,15,15,0,,,,cysteine oxidation
PXD020540,Palmitoylated proteins in bovine ovarian cumulus-oocyte complexes,Bos taurus (bovine),2022,True,archive_needs_listing,72,0,6,,,Mudpit_16-2005_Sveta_ovocc-cHA6_ORBI2409.mzid.gz; Mudpit_17-0709_Uzbekova_PP_ovo_HA_1_c_ORBI4279.mzid.gz; Mudpit_17-1109,palmitoylation
PXD020547,Palmitoylated proteins in bovine granulosa cells,Bos taurus (bovine),2022,True,archive_needs_listing,72,0,6,,,Mudpit_17-0509_Uzbekova_PP_granulosa_HA-_1_b_ORBI4256.mzid.gz; Mudpit_17-0109_Uzbekova_PP_granulosa_HA_1_c_ORBI4235.mzid,palmitoylation
PXD020673,Effects of AKT inhibition in the pancreatic cancer cell proteome,Homo sapiens (human),2021,False,neither,14,1,0,,,,cysteine modification
PXD020745,compartmentalized protein expression in rat hippocampal neurons undergoing homeostatic pla,Rattus norvegicus (rat),2021,False,peptide_only,5,5,0,20191210_133043_20191209_Insertproteomics_reviewedsearch_Report_Peptide.csv; 20191118_093604_20191114_Insertproteomics_R,,,cysteine oxidation
PXD020859,Cross-linking mass spectrometry uncovers protein interactions and functional assemblies in,Rattus norvegicus (rat),2020,True,archive_needs_listing,21,4,17,,,SV_BoNT_BS3_V3.zip; SV_deltaNsol_BS3_pre.zip; SV_only_BS3_V2.zip; SV_deltaNsol_BS3_V3.zip; txt_SV_Labelling_S_NHS_Ac.zip,cysteine oxidation
PXD020885,Characterization of Plasmodium falciparum NEDD8,Saccharomyces cerevisiae (baker's yeast),2021,False,neither,10,0,0,,,,cysteine oxidation
PXD020945,Alzheimer’s Disease (AD) and Lewy Body Dementia (LBD): Detection of S-Nitrosylation in Key,Homo sapiens (human),2023,False,archive_needs_listing,7,0,7,,,malecontrol.rar; femaleAD.rar; femalecontrol.rar; LBDlist.rar; LBDcontrol.rar; negativecontrol.rar; maleAD.rar,S-nitrosylation
PXD020952,Characterization of Plasmodium falciparum NEDD8,Plasmodium falciparum d10,2021,False,neither,6,0,0,,,,cysteine oxidation
PXD021261,Mass spectrometry-based redox and protein profiling reveals distinct protein expression an,Homo sapiens (human),2021,False,peptide_only,182,29,0,peptidess_LFQ.txt; evidences_REDOX.txt; evidences_LFQ.txt; peptidess_REDOX.txt; allPeptidess_LFQ.txt; modificationSpecif,,,cysteine modification; redox proteomics
PXD021262,Proteomics of coral susceptibility to bleaching,Montipora capitata,2024,False,neither,84,2,0,,,,cysteine modification
PXD021407,Proteomic Responses of the Lobe Coral Porites lobata transplants to the Nearshore Environm,Porites lobata,2021,False,neither,140,1,0,,,,cysteine modification
PXD021493,Integrated Redox Proteomic Analysis Highlights New Mechanisms of Sensitivity to Silver Nan,Homo sapiens (human),2021,True,archive_needs_listing,86,0,4,,,GLOBAL_H358.mzid.gz; TRO_H358.mzid.gz; TRO_CALU.mzid.gz; GLOBAL_CALU.mzid.gz,redox proteomics; reversible oxidation
PXD021538,Top-down proteomics of human saliva in Alzheimer disease,Homo sapiens (human),2021,False,archive_needs_listing,14,7,1,manual_annotation_MSMS_top-down_PB_peptide.xls; manual_annotation_MSMS_top-down-S100A.xls; manual_annotation_MSMS_top-do,,Annotated_Spectra.zip,glutathionylation
PXD021574,Cysteine oxidation and disulfide formation in the ribosomal exit tunnel,Bos taurus (bovine); Escherichia coli,2020,False,archive_needs_listing,13,1,6,,,U32SecM_C18_Results.zip; U32SecM_C18_C22_Results.zip; U32SecM_C15_C18_Results.zip; U78SecM_Results.zip; U43SecM_Results.,S-glutathionylation; S-nitrosylation; cysteine oxidation; glutathionylation
PXD021731,Proteomics link translational reprogramming to S-glutathionalytion and induced priming dur,Hordeum vulgare (barley),2021,True,peptide_only,17,14,0,peptides.txt; allPeptides.txt; evidence.txt; msms.txt; msmsScans.txt; modificationSpecificPeptides.txt,,,S-glutathionylation; glutathionylation
PXD021758,TRIM9 and TRIM67 interactome using the BioID approach,Mus musculus; Mus musculus (mouse),2021,True,peptide_only,14,13,0,peptides.txt; allPeptides.txt; evidence.txt; msms.txt; msmsScans.txt; modificationSpecificPeptides.txt,,,cysteine modification
PXD021791,Tailored cofactor traps for the in situ detection of hemithioacetal-forming pyridoxal kina,Escherichia coli; Enterococcus faecalis (streptoco,2020,True,archive_needs_listing,3,0,3,,,txt_E.coli.zip; txt_E.faecalis.zip; txt_S.aureus.zip,cysteine reactivity
PXD021818,Ubiquitinated proteome of E15.5 murine cortical neurons,Mus musculus (mouse),2021,True,peptide_only,12,11,0,peptides.txt; allPeptides.txt; evidence.txt; modificationSpecificPeptides.txt,,,cysteine modification
PXD021873,Molecular architecture and domain arrangement of the placental malaria protein VAR2CSA sug,Homo sapiens (human),2020,True,neither,3,1,0,,,,cysteine oxidation
PXD022049,Tandem mass spectrometry analysis of the thiol proteome from Bacillus cereus grown in anae,Bacillus cereus (strain atcc 14579 / dsm 31),2022,False,archive_needs_listing,55,1,27,,,F214205.mzid.gz; F214188.mzid.gz; F215260.mzid.gz; F214190.mzid.gz; F215258.mzid.gz; F214184.mzid.gz; F214191.mzid.gz; F,cysteine modification
PXD022131,Network-based integration of multi-omics data identifies the determinants of miR-491-5p ef,Homo sapiens (human),2021,False,neither,5,2,0,,,,cysteine oxidation
PXD022151,IsoTOP-ABPP in Jurkat cells for cysteine reactivity profiling,Homo sapiens (human),2021,True,archive_needs_listing,11,1,5,,,RESULT2.mzid.gz; RESULT3.mzid.gz; RESULT4.mzid.gz; RESULT5.mzid.gz; RESULT1.mzid.gz,cysteine reactivity
PXD022258,A conserved cysteine-based redox mechanism sustains TFEB/HLH-30 activity under persistent ,Homo sapiens (human),2021,True,neither,7,1,0,,,,cysteine oxidation; glutathionylation
PXD022382,Memo1 promotes FGF23-driven signaling by oxidative modulation of small Rho-GTPases and pro,Homo sapiens (human),2023,True,neither,2,2,0,,,,cysteine oxidation; iodoTMT; redox proteomics
PXD022428,"Supercooled, subzero, high salinity incubations of Cp34H reveal long-term mitigation strat",Colwellia psychrerythraea 34h,2022,True,neither,46,0,0,,,,cysteine modification
PXD022479,Oxygen-dependent changes in HIF binding partners and post-translational modifications regu,Homo sapiens (human),2026,True,archive_needs_listing,20,0,20,,,LD_190318_HIF2-1_-TiO2-rep2-TCE-MAX.mzid.gz; LD_181019_HIF2-21_-Digest-rep2-TCE-MAX.mzid.gz; LD_181130_HIF1-21_-Digest-r,cysteine modification
PXD022511,Reimagining high-throughput profiling of reactive cysteines for cell-based screening of la,Homo sapiens (human); Mus musculus (mouse),2021,True,neither,138,2,0,,,,cysteine peptide enrichment; cysteine reactivity
PXD022724,Wnt signaling recruits KIF2A to the spindle to ensure chromosome congression during mitosi,Homo sapiens (human),2021,True,peptide_only,3,2,0,evidence.txt,,,cysteine modification
PXD022863,Maize seed proteome of autophagy deficient plants throughout development,Zea mays (maize),2023,False,archive_needs_listing,4,2,1,,,201005_Maize_Seeds_8_18_DAP.mzid.gz,reversible oxidation
PXD022888,Dietary restriction transforms the mammalian protein sulfhydrome in a tissue-specific and ,Mus musculus (mouse),2021,True,archive_needs_listing,3,0,3,,,1YWTandKODRKidney.mzid.gz; 6MWTandKOALKidney.mzid.gz; 1YWTandKODRBrain.mzid.gz,iodoTMT; persulfidation; persulfidome; sulfhydration; sulfhydrome
PXD022954,Dietary restriction transforms the mammalian protein sulfhydrome in a tissue-specific and ,Mus musculus (mouse),2021,True,archive_needs_listing,133,0,133,,,Lum_19jul1208F008231LiverEOD2.mzid.gz; Lum_18sept1609F0073841609BrainDR4.mzid.gz; Lum_18sept1602F0073781602BrainAL2.mzid,iodoTMT; persulfidation; persulfidome; sulfhydration; sulfhydrome
PXD022956,Dietary restriction transforms the mammalian protein sulfhydrome in a tissue-specific and ,Mus musculus (mouse),2021,True,archive_needs_listing,40,0,20,,,WTALvsDRKidney.zip; WTALvsDRHeart.zip; CGLKOALvsDRHeart.zip; 1YDRWTvsKOKidenyProteinLevel.zip; CGLKOALvsDRMuscle.zip; EO,iodoTMT; persulfidation; persulfidome; sulfhydration; sulfhydrome
PXD022964,A conserved cysteine acts as an endogenous antioxidant in the P-type plasma membrane H+-AT,Saccharomyces cerevisiae (baker's yeast); Saccharo,2021,False,neither,2,1,0,,,,cysteine modification
PXD023026,MCRS1 is a histone acetylation regulator whose loss in hepatocytes promotes cirrhosis,Mus musculus (mouse),2022,True,neither,2,1,0,,,,cysteine oxidation
PXD023222,Cdk5r1_KO_TMT-10plex_brain_cell-autonomous_proteomics,Mus musculus; Mus musculus (mouse); Neuron; Charac,2024,True,archive_needs_listing,4,3,1,,,txt.zip,cysteine modification
PXD023291,SWATH-MS and MRM: Quantification of Ras-related proteins in HIV-1 Infected and Methampheta,Homo sapiens (human),2022,True,neither,22,2,0,,,,cysteine modification
PXD023459,Stenotrophomonas bentonitica BII-R7proteome in presence of Se(IV),Stenotrophomonas bentonitica,2022,False,archive_needs_listing,37,1,18,,,F216201_p0.05.mzid.gz; F216214_p0.05.mzid.gz; F216206_p0.05.mzid.gz; F216204_p0.05.mzid.gz; F216209_p0.05.mzid.gz; F2162,cysteine modification
PXD023515,S-nitrosoproteome of subsarcolemmal mitochondria and cytosolic subfractions from the heart,Rattus norvegicus (rat),2022,True,archive_needs_listing,25,1,12,,,F216942.mzid.gz; F216925.mzid.gz; F216931.mzid.gz; F216933.mzid.gz; F216926.mzid.gz; F216928.mzid.gz; F216943.mzid.gz; F,S-nitrosoproteome; S-nitrosylation; nitrosoproteome
PXD023546,Renal Cell Carcinoma (Renca) Extracellular Vesicles under Hypoxia and Normoxia,Mus musculus (mouse),2022,True,archive_needs_listing,3,1,2,,,lumos200928_Renca_HN_EV_repeat.mzid.gz; lumos200928_Renca_HN_EV_repeat-_4_.mzid.gz,cysteine oxidation
PXD023620,Proteome adaptations of AC16 cells different oxygen exposure,Homo sapiens (human),2021,False,archive_needs_listing,13,0,2,,,txtREDOX.zip; txt.LFQ.zip,cysteine modification; redox proteomics
PXD023685,SEVERE CONSEQUENCES OF A HIGH-LIPID DIET INCLUDE HYDROGEN SULFIDE DYSFUNCTION AND DISEASE ,Homo sapiens (human),2021,True,archive_needs_listing,20,0,20,,,Lum_19apr1016__F008122_Tumor_Female_2_.mzid.gz; Lum_19apr1005__F008113_GBM_Male_3_.mzid.gz; Lum_19apr901__F008106_Epilep,S-sulfhydration; sulfhydration
PXD023754,ACE2 independent SARS-CoV-2 infection of a human lung cell line,Homo sapiens (human),2022,False,archive_needs_listing,4,2,1,,,txt.zip,cysteine modification
PXD023810,Identification of proteins precipitated by means of Acyl-RAC,Mus musculus; Mus musculus (mouse),2021,False,archive_needs_listing,4,1,3,,,20200929_QEHF25CM60_pl20093_MRipamonti_1__F012717_.mzid.gz; 20200929_QEHF25CM64_pl20093_MRipamonti_3__F012719_.mzid.gz; ,palmitoylation
PXD023932,ABHD17 regulation of plasma membrane palmitoylation and N-Ras-dependent cancer growth,Homo sapiens (human),2021,False,neither,79,79,0,,,,palmitoylation
PXD024061,Label-free quantitative proteomic analysis of nitrogen starvation in Arabidopsis root reve,Arabidopsis thaliana (mouse-ear cress),2021,True,archive_needs_listing,2,1,1,,,txt_persulfproject.zip,persulfidation
PXD024114,"The Human 2-Cys Peroxiredoxins Form Widespread, Cysteine-Dependent- And Isoform-Specific P",Homo sapiens (human),2021,True,archive_needs_listing,2,1,1,,,Archive.zip,reversible oxidation
PXD024201,Proteogenomics analysis of the digestive gland from the mussel Mytilus galloprovincialis e,Mytilus galloprovincialis (mediterranean mussel),2022,False,archive_needs_listing,60,0,30,,,F217098.mzid.gz; F217102.mzid.gz; F217115.mzid.gz; F217121.mzid.gz; F217111.mzid.gz; F217094.mzid.gz; F217106.mzid.gz; F,cysteine modification
PXD024500,"Diabetic mitochondria are resistant to palmitoyl CoA inhibition of respiration, which is d",Rattus norvegicus (rat); Rattus norvegicus,2022,True,archive_needs_listing,2,1,1,,,peptides_1_1_0.mzid.gz,palmitoylation
PXD024609,LC-MS/MS of the reaction center-light harvesting 1 complex from Gemmatimonas phototrophica,Gemmatimonas phototrophica,2022,False,neither,7,7,0,,,,S-sulfenylation; sulfenylation
PXD024687,Oxidation of peroxiredoxin-4 induces oligomerization and promotes interaction with endopla,Mus musculus (mouse),2021,True,archive_needs_listing,25,0,25,,,Prdx4-SBP_High_0097.mzid.gz; Prdx4-SBP_TBuOOH_High_0098.mzid.gz; Prdx4-SBP_High_0459-_1_.mzid.gz; Prdx4-SBP_Low_0106.mzi,cysteine oxidation
PXD024708,How to make a ribosome from mixed-up ribosomal RNA fragments in Chlamydomonas reinhardtii ,Chlamydomonas reinhardtii,2022,True,archive_needs_listing,9,1,8,,,F019683.mzid.gz; F017098.mzid.gz; F019687.mzid.gz; F017090.mzid.gz; F017092.mzid.gz; F017103.mzid.gz; F017104.mzid.gz; F,cysteine oxidation
PXD024766,Site-specific Identification and Quantification of Protein Glutathionylation under Ischemi,Mus musculus (mouse),2021,True,neither,6,6,0,,,,S-glutathionylation; glutathionylation
PXD024829,The proteome and phosphoproteome of acute stress in the mouse hippocampus,Mus musculus (mouse),2022,True,neither,7,7,0,,,,cysteine oxidation
PXD025130,Proteomics characterization of purified SARS-CoV-2 viral particles for search of mutations,Severe acute respiratory syndrome coronavirus 2,2021,False,archive_needs_listing,7,1,3,,,F217667.mzid.gz; F217666.mzid.gz; F217668.mzid.gz,cysteine modification
PXD025131,Proteomics characterization of purified SARS-CoV-2 viral particles.,Severe acute respiratory syndrome coronavirus 2,2021,False,archive_needs_listing,13,1,6,,,F217665_p0.05.mzid.gz; F217664_p0.05.mzid.gz; F217663_p0.05.mzid.gz; F217676_p0.05.mzid.gz; F217675_p0.05.mzid.gz; F2176,cysteine modification
PXD025286,Synaptic protein S-palmitoylation as a novel mechanism underlying sex-dependent difference,Mus musculus (mouse),2021,True,neither,13,1,0,,,,S-palmitoylation; palmitoylation
PXD025295,Proteomic analysis of S-nitrosylation in HUVECs,Homo sapiens (human),2021,True,archive_needs_listing,1,0,1,,,search.rar,S-nitrosylation; biotin switch
PXD025504,Bacillus cereus growth in aerobiosis condition,Bacillus cereus (strain atcc 14579 / dsm 31),2022,False,archive_needs_listing,36,0,18,,,F216478_p0.05.mzid.gz; F216473_p0.05.mzid.gz; F216481_p0.05.mzid.gz; F216479_p0.05.mzid.gz; F218656_p0.05.mzid.gz; F2164,cysteine modification
PXD025655,The choice of search engine affects sequencing depth and HLA allele-specific peptide reper,Homo sapiens (human),2021,False,neither,4,0,0,,,,cysteine modification
PXD025746,Peripubertal Bisphenol A Exposure Imparts Detrimental Acute and Aging-Related Changes in B,Mus musculus (mouse),2021,True,archive_needs_listing,1,0,1,,,BPA_young_brain_workflow__processing_.mzid.gz,iodoTMT; persulfidation
PXD025841,An infection-activated redox switch in the lysosomal protease legumain promotes tumor grow,Homo sapiens (human); Helicobacter pylori j99 (cam,2022,True,neither,13,13,0,,,,cysteine oxidation; cysteine reactivity
PXD025887,Specific Gut Microbial Enzymes Drive Colitis Promotion by Triclosan,Human gut metagenome,2021,True,archive_needs_listing,2,1,1,,,maxquant_results.zip,cysteine modification
PXD025902,SEVERE CONSEQUENCES OF A HIGH-LIPID DIET INCLUDE HYDROGEN SULFIDE DYSFUNCTION AND DISEASE ,Mus musculus (mouse),2021,True,archive_needs_listing,2,0,1,,,Mouse_GBM_brain_Chow_vs_HFD.zip,S-sulfhydration; iodoTMT; sulfhydration
PXD025907,Alternate covalent form of platelet αIIbβ3,Homo sapiens (human),2022,True,neither,47,2,0,,,,S-nitrosation
PXD025924,Campylobacter gene regulation for persistance and survival,Campylobacter jejuni subsp. jejuni 81-176-umcw9,2021,True,archive_needs_listing,10,0,5,,,PR599_FN1_6-_1__RrpB_H2O2.mzid.gz; PR599_FN1_3-_1__RrpA_H2O2.mzid.gz; PR599_FN1_4-_1__RrpB_Control.mzid.gz; PR599_FN1_2-,cysteine modification
PXD025935,Palm oil-rich diet affects murine liver proteome and S-palmitoylome,Mus musculus (mouse),2021,True,archive_needs_listing,74,0,74,,,F123928.dat.xml.gz; F123918.dat.xml.gz; F124183.dat.xml.gz; F125508.dat.xml.gz; F118306.dat.xml.gz; F118316.dat.xml.gz; ,S-palmitoylation; palmitoylation
PXD025992,E3 ubiquitin ligase RNF213 employs a non-canonical zinc finger active site and is alloster,Homo sapiens (human); Mus musculus (mouse),2026,True,neither,2,2,0,,,,cysteine oxidation
PXD026189,Proteomics analysis of plasma from radiographic axial spondyloarthritis patients.,Homo sapiens (human),2024,True,archive_needs_listing,234,0,117,,,F215757_p0.05.mzid.gz; F215872_p0.05.mzid.gz; F215688_p0.05.mzid.gz; F215835_p0.05.mzid.gz; F215904_p0.05.mzid.gz; F2158,cysteine modification
PXD026310,Thiol reactive tandem mass tags for quantitative top-down proteomics,Saccharomyces cerevisiae (baker's yeast); Escheric,2021,True,neither,7,0,0,,,,iodoTMT
PXD026486,Structural and functional fine mapping of cysteines in mammalian glutaredoxin reveal a hie,Mus musculus (mouse),2023,False,archive_needs_listing,88,2,42,,,Clarissa_QE__0689_BSA.mzid.gz; Clarissa_QE__0682.mzid.gz; Allison_QE__0082-_1_.mzid.gz; Allison_QE__0081-_1_.mzid.gz; Cl,S-glutathionylation; glutathionylation
PXD026488,Monitoring Fe-S cluster occupancy across the E. coli proteome using chemoproteomics,Escherichia coli,2024,True,peptide_only,83,83,0,DTASelect-filter_TABLE_S6_TAB_All_Peptides_COLUMN_run_4_light.txt; DTASelect-filter_TABLE_S3_TAB_All_Peptides_COLUMN_run,,,cysteine reactivity
PXD026691,Proteomic analysis of GBA iPSC-dopamine neurons,Homo sapiens (human),2023,True,neither,4,0,0,,,,cysteine modification
PXD026708,"Maturation, site of developmental origin and haematopoietic state dictate murine neutrophi",Mus musculus; Mus musculus (mouse),2023,True,archive_needs_listing,3,1,1,,,MQ_txt.zip,cysteine oxidation
PXD026730,Global profiling of phosphorylation-dependent changes in cysteine reactivity,Homo sapiens (human),2022,True,neither,64,63,0,,,,cysteine reactivity
PXD026893,p53 forms redox-dependent protein-protein interactions through cysteine 277,Homo sapiens (human),2021,False,archive_needs_listing,2,1,1,,,20190719_F1_RM_TS_0270.zip,cysteine oxidation
PXD027358,A streamlined data analysis pipeline for the identification of sites of citrullination,Homo sapiens (human),2021,False,neither,4,0,0,,,,cysteine modification
PXD027520,The Angiostrongylus vasorum excretory/secretory proteome contains putative modulators of t,Angiostrongylus vasorum,2021,True,neither,3,1,0,,,,cysteine modification
PXD027550,Cys-SH based quantitative redox proteomics of salt induced response in sugar beet monosomi,Beta vulgaris subsp. vulgaris,2021,True,archive_needs_listing,2,0,2,,,200mM_30min.zip; 400mM_60min.zip,iodoTMT; redox proteomics
PXD027721,We applied an iodoacetyl tandem mass tags (iodoTMT)-based proteomic approach to analyze th,Brassica napus (rape),2021,True,archive_needs_listing,1,0,1,,,Results.zip,cysteine modification; iodoTMT; redox proteomics
PXD027758,pChem_benchmarking_dataset_QTRP_diff_instruments,Homo sapiens (human),2022,True,archive_needs_listing,11,8,1,,,9204_IPM_Slot1-21_1.d.zip,QTRP
PXD027762,pChem_benchmarking_dataset_QTRP_diff_ratios,Homo sapiens (human),2022,True,neither,7,7,0,,,,QTRP
PXD027767,pChem_benchmarking_dataset_QTRP_diff_species,Homo sapiens (human); Arabidopsis thaliana; Arabid,2024,True,neither,9,9,0,,,,QTRP
PXD027789,pChem_benchmarking_dataset_lysinome_profiling,Homo sapiens (human),2022,True,neither,2,2,0,,,,QTRP
PXD027796,Diel proteomes of field Trichodesmium populations,Environmental samples <cyanobacteria,2021,False,archive_needs_listing,27,1,26,,,210703_NAH_Trichofielddiel_triple_1.mzid.gz; 210703_NAH_Trichofielddiel_triple_19.mzid.gz; 210703_NAH_Trichofielddiel_tr,cysteine modification
PXD027965,Alterations of protein S-glutathionylation modification in macrophages under oxidative con,Mus musculus; Mus musculus (mouse),2021,True,archive_needs_listing,2,1,1,,,search.zip,S-glutathionylation; glutathionylation; iodoTMT; redox proteomics
PXD028121,"Anti-carbamylated fibrinogen antibodies, that might be related to a particular rheumatoid ",Homo sapiens (human),2021,True,neither,1,0,0,,,,cysteine oxidation
PXD028244,A bioorthogonal chemical reporter for fatty acid synthase-dependent protein acylation,Homo sapiens (human),2022,True,neither,2,0,0,,,,S-palmitoylation; palmitoylation
PXD028312,Fox serum proteomics analysis suggests host-specific responses to Angiostrongylus vasorum ,Vulpes vulpes (red fox),2021,True,neither,2,1,0,,,,cysteine modification
PXD028398,Comprehensive chemical proteomics analyses reveal that the new TRi-1 and TRi-2 compounds a,Mus musculus (mouse),2021,True,peptide_only,3,3,0,peptides.txt,,,iodoTMT; redox proteomics
PXD028681,Redox Proteomics Analysis of Auranofin Exposed  Ovarian Cancer Cells,Homo sapiens (human),2022,True,neither,2,0,0,,,,redox proteomics
PXD028772,Peroxiredoxin 6 protects irradiated cells from oxidative stress and shapes their senescenc,Homo sapiens (human),2022,True,neither,3,3,0,,,,iodoTMT
PXD028778,Mouse sertoli cells Palmitoylated protein MS,Mus musculus (mouse),2022,True,archive_needs_listing,1,0,1,,,proteinGroups.rar,palmitoylation
PXD028780,Peroxiredoxin 6 protects irradiated cells from oxidative stress and shapes their senescenc,Homo sapiens (human),2022,True,peptide_only,5,5,0,MV062_iodoTMT_modificationSpecificPeptides.txt; MV096_iodoTMT_modificationSpecificPeptides.txt,,,iodoTMT; redox proteomics
PXD028835,I.e. mouse ovary palmitoylation protein LC-MSMS,Mus musculus (mouse),2023,True,archive_needs_listing,4,1,3,,,Rawdata_3.tar.gz; Rawdata_2.tar.gz; Rawdata_1.tar.gz,palmitoylation
PXD028864,Quantitative structural proteomics unveils the conformational changes of proteins under ER,Homo sapiens (human); Saccharomyces cerevisiae (ba,2023,True,neither,7,7,0,,,,cysteine modification
PXD028909,TST knockout liver proteome iTRAQ and persulfidome,Mus musculus (mouse),2021,True,neither,17,17,0,,,,persulfidation; persulfidome
PXD028985,Influenza-derived peptide presentation by HLA-A*11:01,Homo sapiens (human),2022,False,archive_needs_listing,4,1,3,,,IAV_search2.mzid.gz; IAV_Search1.mzid.gz; IBV_search1.mzid.gz,cysteine oxidation
PXD029016,Molecular insight into palmitic acid-induced hepatocellular carcinoma cell death,Homo sapiens (human),2022,True,neither,75,15,0,,,,cysteine oxidation
PXD029053,Redox proteomics analysis of head and neck cancer cell model of radiation resistance,Homo sapiens (human),2023,True,neither,2,1,0,,,,redox proteomics; sulfenylation
PXD029500,SP3-enabled rapid and high coverage chemoproteomic identification of redox-sensitive cyste,Homo sapiens (human),2022,True,neither,44,1,0,,,,cysteine oxidation
PXD029519,Overlapping binding site for ferredoxin and frataxin on yeast cysteine desulfurase partici,Saccharomyces cerevisiae (baker's yeast); Escheric,2022,False,archive_needs_listing,5,1,4,,,Grabinska_JM_1_YAH_1.mzid.gz; peptides_1_1_0.mzid.gz; Grabinska_JM_3_GST_TAG_2.mzid.gz; Grabinska_JM_2_GST_TAG_1.mzid.gz,persulfide
PXD029550,The long non-coding RNA DAGAR is regulated by m6A modification and both pathways are impor,Homo sapiens (human),2025,True,archive_needs_listing,48,0,24,,,28.mzid.gz; 26.mzid.gz; 24.mzid.gz; 30.mzid.gz; 15.mzid.gz; 13.mzid.gz; 34.mzid.gz; 20.mzid.gz; 32.mzid.gz; 22.mzid.gz; ,cysteine oxidation
PXD029715,Targeting mitochondrial reactive oxygen species alleviates allergic airway disease in a mo,Bos taurus (bovine); Mus musculus (mouse),2023,True,archive_needs_listing,72,3,34,,,Clarissa_QE__0211.mzid.gz; Clarissa_QE__0228.mzid.gz; Clarissa_QE__0215.mzid.gz; Clarissa_QE__0224.mzid.gz; Clarissa_QE_,sulfenylation
PXD029754,"Solution study of a type I polyketide synthase from Mycobacterium tuberculosis: pks13, the",Mycobacterium tuberculosis h37rv,2022,True,archive_needs_listing,10,2,1,,,SYJMX170126_06.raw.zip,palmitoylation
PXD029895,An ERAP2 inhibitor induces cell-surface presentation of many new and potentially antigenic,Homo sapiens (human),2022,True,both_by_name,13,13,0,peptides.txt; allPeptides.txt; evidence.txt; msms.txt; msmsScans.txt; modificationSpecificPeptides.txt,Oxidation__M_Sites.txt; Deamidation__NQ_Sites.txt,,cysteine modification
PXD029903,The proteome and phosphoproteome of acute stress in the mouse hippocampus (addendum phosph,Mus musculus (mouse),2022,True,neither,3,3,0,,,,cysteine oxidation
PXD030043,Quantitative analysis of redox proteome reveals protein thiol switches regulating fundamen,Mus musculus (mouse),2022,True,archive_needs_listing,1,0,1,,,txt_MQ.zip,cysteine modification; iodoTMT; redox proteomics
PXD030054,S-nitrosation of SCF E3 ligase components regulates hormonal signaling in Arabidopsis,Arabidopsis thaliana (mouse-ear cress),2022,True,archive_needs_listing,1,0,1,,,170114_TIR1_DTT_GSNO.mzid.gz,S-nitrosation; biotin switch
PXD030064,pChem_benchmarking_dataset_QTRP_diff_species,Homo sapiens (human); Arabidopsis thaliana; Arabid,2022,True,neither,9,9,0,,,,QTRP
PXD030071,S-nitrosation of Arabidopsis thaliana Protein Tyrosine Phosphatase 1 (AtPTP1) prevents its,Arabidopsis thaliana (mouse-ear cress),2022,True,neither,7,1,0,,,,S-nitrosation; biotin switch
PXD030097,"The compound of baicalein, wogonin, and oroxylin-A inhibits EMT in A549 cell line via PI3K",Homo sapiens (human),2022,False,archive_needs_listing,2,1,1,,,MS.zip,cysteine modification
PXD030370,Dissecting post-translational modifications in Leptospira proteome to elucidate novel insi,Leptospira interrogans serovar copenhageni str. fi,2022,True,neither,11,1,0,,,,palmitoylation
PXD030372,Sod1 Integrates Oxygen Availability to Redox Regulate NADPH Production and the Thiol Redox,Saccharomyces cerevisiae (baker's yeast),2022,False,neither,72,0,0,,,,cysteine oxidation; redox proteomics; thiol redox
PXD030468,Proteogenomic analysis of Frankia alni in Alnus glutinosa nodules and N2-fixing pure cultu,Frankia alni,2022,False,archive_needs_listing,24,0,12,,,F207087_p0.05.mzid.gz; F207082_p0.05.mzid.gz; F207090_p0.05.mzid.gz; F207081_p0.05.mzid.gz; F207086_p0.05.mzid.gz; F2070,cysteine modification
PXD030619,Mass Spectrometry Uncovers Protein Interactions and Stoichiometry of Intermediates and Sub,Rattus norvegicus (rat),2023,True,archive_needs_listing,17,0,17,,,fasta-files.zip; 20181115_JH_Stx262_ID.zip; Cpx1_Xlinks_V3.zip; Stx1-262_Xlinks_V1.zip; SNARE_Cpx1_Xlinks_V2.zip; 201908,cysteine oxidation
PXD030782,Peroxisome-derived hydrogen peroxide can modulate the sulfenylation profiles of key redox ,Homo sapiens (human),2022,True,archive_needs_listing,43,0,43,,,2021_7_59_02_AM_File_Size__808739171__Byte___F036527_.mzid.gz; 2020_12_52_32_AM_File_Size__763624509__Byte___F036520_.mz,sulfenome; sulfenylation
PXD030900,Proteomic analysis of livers from the European flounder Platichthys flesus from various fr,Platichthys flesus,2023,False,archive_needs_listing,133,1,66,,,F217487_p0.05.mzid.gz; F217464_p0.05.mzid.gz; F217478_p0.05.mzid.gz; F217468_p0.05.mzid.gz; F217497_p0.05.mzid.gz; F2174,cysteine modification
PXD031073,TRX1-enhanced CAR T cells retain their antitumor functions under pro-oxidative conditions,Homo sapiens (human),2022,True,peptide_only,6,5,0,20-33_peptides.txt; 20-59_peptides.txt,,,glutathionylation
PXD031097,"Oligomerization, trans-reduction, and instability of mutant NOTCH3 in inherited vascular d",Homo sapiens (human),2022,False,neither,81,1,0,,,,cysteine oxidation
PXD031118,Palmitoylation proteins in extracellular vesicles,Mus musculus (mouse),2025,True,peptide_only,2,2,0,peptides.txt,,,palmitoylation
PXD031165,1 Identification of replisome-associated proteins in Drosophila embryos and cultured cells,Drosophila melanogaster (fruit fly),2022,True,neither,2,0,0,,,,cysteine modification
PXD031192,Repression of PRMT5-mediated dimethylation stabilizes vimentin and promotes metastasis in ,Homo sapiens (human),2022,False,archive_needs_listing,9,1,4,,,YJC-Yu_161208_2_CL1-5_Mock.mzid.gz; YJC-Yu_161208_4_CL1-5_MTAP-D220A.mzid.gz; YJC-Yu_161208_1_CL1-0_V2.mzid.gz; YJC-Yu_1,cysteine oxidation
PXD031615,S-Nitrosylation of the Virulence Regulator AphB Promotes Vibrio cholerae Pathogenesis,Bacteria; Vibrio cholerae serotype o1 (strain atcc,2022,True,neither,2,1,0,,,,S-nitrosylation; iodoTMT
PXD031647,SP3-enabled rapid and high coverage chemoproteomic identification of redox-sensitive cyste,Homo sapiens (human),2022,True,neither,17,1,0,,,,cysteine oxidation
PXD031681,Proteogenomic analysis of gills from the freshwater zebra mussel Dreissena polymorpha,Dreissena polymorpha,2023,False,archive_needs_listing,4,0,2,,,F221432_p0.05.mzid.gz; F221443_p0.05.mzid.gz,cysteine modification
PXD031698,Proteogenomic analysis of Palaemon serratus,Palaemon serratus,2023,False,archive_needs_listing,12,0,6,,,F221439_p0.05.mzid.gz; F221435_p0.05.mzid.gz; F221434_p0.05.mzid.gz; F221444_p0.05.mzid.gz; F221441_p0.05.mzid.gz; F2214,cysteine modification
PXD031777,Proteogenomic analysis of hemolymph from Gammarus fossarum,Gammarus fossarum,2023,False,archive_needs_listing,4,0,2,,,F221438_p0.05.mzid.gz; F221425_p0.05.mzid.gz,cysteine modification
PXD031786,Paleoproteomics of ancient human teeth,Homo sapiens (human); Archaea; Bacteria; Viruses; ,2023,False,archive_needs_listing,11,1,5,,,F430555.mzid.gz; F434419.mzid.gz; F430109.mzid.gz; F429649.mzid.gz; F434421.mzid.gz,cysteine modification
PXD031802,Extended paleoproteomics of ancient human teeth,Homo sapiens (human); Archaea; Viruses; Eukaryota ,2023,False,archive_needs_listing,11,1,5,,,F434419.mzid.gz; F430758.mzid.gz; F430687.mzid.gz; F434421.mzid.gz; F430712.mzid.gz,cysteine modification
PXD031807,S-nitrosylation of p53 in A375 cells,Homo sapiens (human),2025,True,neither,2,0,0,,,,S-nitrosylation; biotin switch
PXD031828,Composition of raft-like cell membrane microdomains resistant to styrene-maleic acid copol,Homo sapiens (human),2023,True,archive_needs_listing,64,4,1,peptides.txt,,mzTab.mzTab.gz,palmitoylation
PXD032011,Orphan precursor proteins and ROS activate the mitochondrial UPR_Redox proteomics,Homo sapiens (human),2023,True,neither,4,1,0,,,,cysteine oxidation; iodoTMT; redox proteomics
PXD032052,Identification of substrates of palmitoyl protein thioesterase 1 highlights roles of depal,Mus musculus (mouse),2022,True,neither,20,0,0,,,,palmitoylation
PXD032104,Blockade of ROS production inhibits oncogenic signaling in acute myeloid leukemia and ampl,Homo sapiens (human),2023,False,neither,4,0,0,,,,cysteine oxidation
PXD032233,Profiling Glutathionylome in CD38-mediated  Epithelial-Mesenchymal Transition,Homo sapiens (human),2022,True,neither,3,1,0,,,,glutathionylation
PXD032370,Dual CBS and MPST gene knockdown induces inflammation and impairs adipogenesis in human ad,Homo sapiens (human),2022,True,archive_needs_listing,7,0,7,,,211203_211123A_LRomero_Mix2_S2-D3_1_982.d.7z; 211203_211123A_LRomero_Mix1_S2-D2_1_981.d.7z; 211203_211123A_LRomero_C1_S2,dimedone; persulfidation
PXD032799,Genotype-by-environment interactions influence the composition of the Drosophila seminal p,Drosophila melanogaster (fruit fly),2023,False,neither,5,0,0,,,,cysteine modification
PXD033105,Soluble guanylyl cyclase mediates noncanonical nitric oxide signaling by nitrosothiol tran,Mus musculus (mouse); Rattus norvegicus (rat),2022,True,archive_needs_listing,11,1,10,,,Annie_TMT_protein_expression.mzid.gz; HL-1_Ctr_1.mzid.gz; Beuve_TMT_Enrichment.mzid.gz; HL-1_Ctr_1_161101103524.mzid.gz;,S-nitrosation; S-nitrosylation
PXD033115,Quantitative analysis of redox proteome reveals protein thiol switches regulating fundamen,Homo sapiens (human),2022,True,archive_needs_listing,1,0,1,,,txt_MQ.zip,cysteine modification; iodoTMT; redox proteomics
PXD033119,IDH3 serves as a redox switch that regulates energy metabolism and contractility in the he,Mus musculus; Mus musculus (mouse),2025,True,archive_needs_listing,27,1,2,,,20200404_Seva_Proteomics_mouse_DAAO2.mzid.gz; 20200302_Seva_TRO_LFQ.mzid.gz,redox proteomics; reversible oxidation
PXD033177,Proteomic analysis of S-nitrosation sites in Araucaria angustifolia (Bertol.) Kuntze,Araucaria angustifolia,2022,True,neither,4,4,0,,,,S-nitrosation; iodoTMT
PXD033354,Proteomic analysis of fractions of Arabidopsis thaliana proteins captured by immobilized m,Arabidopsis thaliana (mouse-ear cress),2023,True,archive_needs_listing,56,0,28,,,F102723_p0.05.mzid.gz; F102702_p0.05.mzid.gz; F102707_p0.05.mzid.gz; F102699_p0.05.mzid.gz; F102719_p0.05.mzid.gz; F1027,cysteine modification
PXD033546,Conditional covalent lethality driven by oncometabolite accumulation,Homo sapiens (human),2024,True,neither,13,13,0,,,,cysteine reactivity
PXD033612,Integrated omics analysis for characterization of the contribution of high fructose corn s,Mus musculus (mouse),2023,False,neither,4,4,0,,,,cysteine modification
PXD033872,The selenoprotein TXNRD3 supports male fertility via the redox regulation of spermatogenes,Mus musculus (mouse),2022,True,neither,13,1,0,,,,thiol redox
PXD033939,Lysine long-chain fatty acylation regulates the TEAD transcription factor,Homo sapiens (human),2023,False,archive_needs_listing,2,0,2,,,HEPG2_B5_7.mzid.gz; Flag_TEAD.mzid.gz,palmitoylation
PXD034050,Characterization of the redox proteome of Drosophila melanogaster S2 cells and w1118 fly e,Drosophila melanogaster (fruit fly),2023,True,archive_needs_listing,16,2,5,2021_02_023_Vikki_CID_Lumos_030121_Carbamidomethylated_peptidesSummary.xlsx,,2021_10_253_Eclipse_auroraFAIMS_Weake_iodoTMTquant2Totalproteinnormalization.mzid.gz; 2021_08_208_Eclipse_auroraFAIMS_We,cysteine oxidation; iodoTMT; reversible oxidation
PXD034103,Exploring molecular dynamics indicators associated with reproductive performance of Bos in,Bos taurus (bovine),2024,False,archive_needs_listing,4,1,1,,,NDRI_Bos_Indicus_Plasma_Proteomics_DIA_25Da_Spectral_LIbrary_Search_042722.sky.zip,cysteine oxidation
PXD034118,Combining redox proteomics with proximity labeling to monitor localized cysteine oxidation,Homo sapiens (human); Mus musculus (mouse),2024,True,neither,82,82,0,,,,OxICAT; cysteine oxidation; redox proteomics
PXD034411,Peroxiredoxins act as a post-translational modification in cytoplasmic protein quality con,Saccharomyces cerevisiae (baker's yeast),2025,False,neither,10,1,0,,,,cysteine oxidation
PXD034413,Spatially-targeted optical microproteomics timecourse of rat myocardial infarction,Rattus norvegicus (rat),2023,True,peptide_only,7,7,0,STOMP3protein-peptidesLFQ_50pcmissingremoved_normalisation_logObsMedian.csv; STOMP3protein-peptidesPEAKSPTM_PEAKSoutput.,,,cysteine oxidation
PXD034652,Free fatty acid and α‐lactalbumin‐oleic acid complexes in preterm human milk are cytotoxic,Homo sapiens (human),2022,False,neither,3,1,0,,,,cysteine modification
PXD034825,Proteomic analysis of a commensal Staphylococcus epidermidis strain in different pH condit,Staphylococcus epidermidis,2023,False,archive_needs_listing,25,1,12,,,F214538_p0.05.mzid.gz; F214542_p0.05.mzid.gz; F214534_p0.05.mzid.gz; F214539_p0.05.mzid.gz; F214535_p0.05.mzid.gz; F2145,cysteine modification
PXD034896,Proteomic analysis of S-acylated proteins in human retinal pigment epithelial cells reveal,Homo sapiens (human),2023,True,peptide_only,72,40,0,Gel_2BPP2_21Aug15_PeptideSummary.txt; Gel_2BPM3_21Aug15_PeptideSummary.txt; Gel_2BPP1_21Aug15_PeptideSummary.txt; Gel_2B,,,palmitoylation
PXD034976,Clickable glutathione-based Isotope Coded Affinity Label to quantify glutathionylation,Mus musculus (mouse),2024,True,peptide_only,1,1,0,peptides.csv,,,S-glutathionylation; glutathionylation
PXD035019,Shotgun proteomic analysis of the secretomes from white-rot fungus Coriolopsis gallica in ,Coriolopsis gallica,2022,False,archive_needs_listing,24,0,12,,,F224754.mzid.gz; F224139.mzid.gz; F224134.mzid.gz; F224135.mzid.gz; F224136.mzid.gz; F224137.mzid.gz; F224759.mzid.gz; F,cysteine modification
PXD035239,Lysine trimethylation in planktonic and pellicle modes of growth in Acinetobacter baumanni,Acinetobacter baumannii (strain atcc 17978 / cip 5,2023,True,archive_needs_listing,5,1,4,,,MaxQuant_searches.zip; FragPipe_searches.zip; MetaMorpheus_searches.zip; Proteome_discoverer_searches.zip,cysteine oxidation
PXD035351,LC-MS/MS analysis of Siberian sturgeon seminal plasma,Acipenser baerii,2023,False,archive_needs_listing,24,0,24,,,F152575.dat.xml.gz; F152572.dat.xml.gz; F152562.dat.xml.gz; F152582.dat.xml.gz; F152583.dat.xml.gz; F152564.dat.xml.gz; ,cysteine modification
PXD035681,Time-Resolved Interactome Profiling Deconvolutes Secretory Protein Quality Control Dynamic,Homo sapiens (human); Rattus norvegicus (rat),2024,True,neither,10,0,0,,,,cysteine modification
PXD035795,Sulfide regulation through persulfidation under non-photorespiratory conditions in Arabido,Arabidopsis thaliana; Arabidopsis thaliana (mouse-,2023,True,archive_needs_listing,5,4,1,peptide.csv,,peptides_1_1_0.mzid.gz,persulfidation
PXD035802,Mycobacterium tuberculosis modified proteome under oxidative stress,Mycobacterium tuberculosis h37rv,2023,True,neither,3,1,0,,,,iodoTMT
PXD036110,Characterization of the redox proteome in Drosophila melanogaster aging eyes.,Drosophila melanogaster (fruit fly),2023,True,archive_needs_listing,4,0,2,,,2022_03_59_Eclipse_auroraFAIMS_Weake_Global.mzid.gz; 2022_03_59_Eclipse_auroraFAIMS_Weake_iodoTMTquant.mzid.gz,iodoTMT
PXD036301,"Endogenous alpha-synuclein is essential for the transfer of pathology by exosomes, followi",Mus musculus (mouse),2023,False,neither,4,4,0,,,,cysteine modification
PXD036441,Multi-omics of colon tumor progression organoids reveals putative mediators of colorectal ,Homo sapiens (human),2022,True,archive_needs_listing,5,3,2,,,TPOSecretome_MaxQuantResults.zip; TPOProteome_MaxQuantResults.zip,cysteine modification
PXD036703,S-Nitrosylation-mediated dysfunction of TCA cycle enzymes in synucleinopathy studied in po,Homo sapiens (human),2024,False,archive_needs_listing,1,0,1,,,PX.rar,S-nitrosylation
PXD036797,S-Nitrosylation-mediated dysfunction of TCA cycle enzymes in synucleinopathy studied in po,Homo sapiens (human),2024,True,archive_needs_listing,1,0,1,,,txt.zip,S-nitrosoproteome; S-nitrosylation; nitrosoproteome
PXD036914,Identification of substrates of ZDHHC20 in a mouse pancreatic carcinoma cell line,Mus musculus (mouse),2023,True,peptide_only,4,3,0,peptides.txt,,,palmitoylation
PXD037009,"Global, site-resolved analysis of ubiquitylation occupancy and turnover rate reveals syste",Homo sapiens (human),2024,True,archive_needs_listing,46,10,23,,,THL-txt.zip; NIH3T3proteome-txt.zip; HCT116_TimeCourse-RAW.zip; MG132_MLN72431h_GGIP_MQResults.zip; CHX-RAW.zip; NIH3T3_,cysteine modification
PXD037145,Proteomic analysis of human chondrocytes,Homo sapiens (human),2023,False,archive_needs_listing,60,0,30,,,F221591_p0.05.mzid.gz; F221570_p0.05.mzid.gz; F221559_p0.05.mzid.gz; F221589_p0.05.mzid.gz; F221547_p0.05.mzid.gz; F2215,cysteine modification
PXD037258,Proximity labelling reveals effects of disease-causing mutations on the DNAJC5/cysteine st,Rattus norvegicus (rat),2024,True,archive_needs_listing,17,0,16,,,Experiment_MS22-006_Alan_No_Biotin_Beads_2_from_OT_20220117_140_MS22-006_No_Biotin_Beads_2.mzid.gz; Experiment_MS22-006_,palmitoylation
PXD037293,Proteomic analysis of lumpy skin disease virion (strain KSGP 0240).,Bos taurus (bovine); Lumpy skin disease virus,2024,False,archive_needs_listing,20,0,10,,,F225492_p0.05.mzid.gz; F225495_p0.05.mzid.gz; F225489_p0.05.mzid.gz; F225494_p0.05.mzid.gz; F225487_p0.05.mzid.gz; F2254,cysteine modification
PXD037487,Cellular quiescence uncouples the proteome from the transcriptome,Homo sapiens (human),2026,False,neither,1,1,0,,,,cysteine modification
PXD037504,FAT-switch-based quantitative S-nitrosoproteomics reveals a key role of GSNOR1 in regulati,Arabidopsis thaliana (mouse-ear cress),2023,True,neither,2,0,0,,,,S-nitrosylation
PXD037698,Peroxiredoxin 2 is required for the exercise induced redox mediated adaptation to exercise,Caenorhabditis elegans,2023,True,archive_needs_listing,2,0,1,,,txt.zip,reversible oxidation
PXD037805,Proteogenomic analysis of caeca dissected from Gammarus fossarum,Gammarus fossarum,2023,False,archive_needs_listing,96,0,48,,,F214262_p0.05.mzid.gz; F214234_p0.05.mzid.gz; F214239_p0.05.mzid.gz; F214290_p0.05.mzid.gz; F214267_p0.05.mzid.gz; F2142,cysteine modification
PXD037885,D6 PROTEIN KINASE plasma membrane polarity is dependent on a repeated CXX(X)P motif and se,Arabidopsis thaliana (mouse-ear cress),2024,True,archive_needs_listing,7,1,6,,,MaxQuant_1.5.8.3.zip; 01_txt.zip; 02_txt.zip; 04_txt.zip; 03_txt.zip; MaxQuant_1.6.3.3.zip,cysteine modification
PXD037983,Regioselective Protein Oxidative Cleavage Enabled by an Enzyme-like Recognition of an Inor,Gallus gallus (chicken),2023,False,archive_needs_listing,5,0,5,,,Ctrl_peptides_1_1_0.mzid.gz; Intact_peptides_1_1_0.mzid.gz; F2_peptides_1_1_0.mzid.gz; F1_peptides_1_1_0.mzid.gz; F3_pep,redox proteomics
PXD037987,IDH3 serves as a redox switch that regulates mitochondrial energy metabolism and contract,Mus musculus; Mus musculus (mouse),2023,True,archive_needs_listing,14,1,1,,,HyPerDAO_TRO_Multireport.mzid.gz,redox proteomics
PXD038009,Proteomic characteriaztion of the high light response of Calredoxin mutants (C. reinhardti,Chlamydomonas reinhardtii,2023,False,archive_needs_listing,11,5,2,,,combined.prot.mzid.gz; PRX1-OxidationX4.mzid.gz,redox proteomics
PXD038045,Systematic analysis of lysine malonylation in Streptococcus mutans,Streptococcus mutans ua159,2022,True,archive_needs_listing,4,1,3,,,FE279LPMa_PG_Slot2-23_1_4159.d.raw.zip; FE279LPMa_BG_Slot2-24_1_4161.d.raw.zip; search.zip,S-glutathionylation; glutathionylation
PXD038309,3-Mercaptopyruvate sulfur transferase is a protein persulfidase,Homo sapiens (human),2023,True,neither,2,1,0,,,,cysteine oxidation; dimedone; persulfidation
PXD038554,Palmitoylation couples insulin hypersecretion with β-cell failure in diabetes,Mus musculus (mouse),2023,True,archive_needs_listing,3,2,1,,,F004654.mzid.gz,palmitoylation
PXD038582,Proteomic analysis of Fasciola gigantica excretory and secretory products (FgESPs) co-immu,Fasciola; Fasciola gigantica,2022,True,peptide_only,173,115,0,20220401-PR1-21120036_FgESP_C3W17_PeptideSummary.txt; 20220401-PR1-21120036_FgESP_C3W4_PeptideSummary.txt; 20220408-PR1-,,,cysteine modification
PXD038725,Proteomic analysis of centrosome-associated proteins between non-activated non-polarized a,Mus musculus (mouse),2022,False,neither,7,4,0,,,,cysteine oxidation
PXD038770,"Cysteine Modification of Peptides and Proteins by Virtue of Highly Chemo-, Regio- and Ster",Escherichia coli,2024,True,neither,2,2,0,,,,cysteine modification
PXD039007,Proteomic analysis of the cardiac relic of Blessed Pauline Jaricot,Homo sapiens (human),2023,False,archive_needs_listing,3,1,1,,,F452142_p0.05.mzid.gz,cysteine modification
PXD039133,Identification of gasderminD interacting proteins by mass spectrometry,Homo sapiens (human),2025,True,archive_needs_listing,4,2,1,,,200626L_ABSAM06877_GSDMDFL2-CTK_ID_Human_Arumugam.mzid.gz,palmitoylation
PXD039288,Oxygen-sensing through ERFVII action and modulation in Arabidopsis thaliana,Arabidopsis thaliana; Arabidopsis thaliana (mouse-,2023,False,neither,4,1,0,,,,cysteine oxidation
PXD039437,Pivotal role for S-nitrosylation of DNA methyltransferase in epigenetic regulation,Homo sapiens (human),2023,True,neither,3,1,0,,,,S-nitrosylation; biotin switch
PXD039499,Metaproteomic analysis of biofilms sampled from a pool of a nuclear facility,Homo sapiens environmental sample,2023,False,archive_needs_listing,17,1,8,,,F404884_p0.002612.mzid.gz; F203273_p0.05.mzid.gz; F203275_p0.05.mzid.gz; F404881_p0.002612.mzid.gz; F203276_p0.05.mzid.g,cysteine modification
PXD039626,Proximity-labeling chemoproteomics defines the subcellular cysteinome and inflammation-res,Homo sapiens (human); Mus musculus (mouse),2024,True,neither,79,1,0,,,,OxICAT; biotin switch; cysteine oxidation; cysteine redox
PXD039773,Elexacaftor/VX-445-mediated CFTR interactome remodeling reveals differential correction dr,Homo sapiens (human),2023,True,neither,7,1,0,,,,cysteine modification
PXD039852,Persulfidation of plant and bacteroid proteins is involved in legume nodule development an,Phaseolus vulgaris (kidney bean) (french bean),2024,True,neither,27,11,0,,,,persulfidation
PXD039999,Sulfide promotes tolerance to drought through protein persulfidation in Arabidopsis,Arabidopsis thaliana (mouse-ear cress),2023,True,archive_needs_listing,8,2,6,,,220422_220405A_LRomero_S2_S1-G10_1_3086.d.7z; 220422_220405A_LRomero_C3_S1-G8_1_3084.d.7z; 220422_220405A_LRomero_S1_S1-,dimedone; persulfidation
PXD040121,Metaproteomic analysis of King Ghezo's tomb wall,Environmental samples <ciliates; Metagenome,2024,False,archive_needs_listing,13,1,6,,,F452342_p0.05.mzid.gz; F464631_p0.05.mzid.gz; F468022_p0.05.mzid.gz; F468017_p0.05.mzid.gz; F468028_p0.05.mzid.gz; F4680,cysteine modification
PXD040171,In silico predicted compound targeting the IQGAP1-GRD domain selectively inhibits growth o,Homo sapiens (human),2024,True,archive_needs_listing,16,1,15,,,Deepak_Elute-Rab1_12-103_1__F002029_.mzid.gz; Deepak_Elute-Rab4-AML110212_12-137_1__F002278_.mzid.gz; Deepak_Unbound-Rab,cysteine modification
PXD040344,Proteogenomic analysis of gills and caeca from Gammarus fossarum,Gammarus fossarum,2023,False,archive_needs_listing,12,0,6,,,F228874_p0.05.mzid.gz; F228881_p0.05.mzid.gz; F228879_p0.05.mzid.gz; F228877_p0.05.mzid.gz; F228875_p0.05.mzid.gz; F2288,cysteine modification
PXD040345,Proteomic response of Dreissena polymorpha after exposure of carbamazepine and methylmercu,Dreissena polymorpha,2023,False,archive_needs_listing,50,0,25,,,F228780.mzid.gz; F228784.mzid.gz; F228778.mzid.gz; F228787.mzid.gz; F228771.mzid.gz; F228790.mzid.gz; F228775.mzid.gz; F,cysteine modification
PXD040613,S-palmitoylation during retinoic acid induced neuronal differentiation of SH-SY5Y neurobla,Homo sapiens (human),2023,True,archive_needs_listing,8,3,5,,,SH-SY5Y_TP.zip; HEK293T_ABE.zip; SH-SY5Y_ABE.zip; HEK293T_LML.zip; SH-SY5Y_LML.zip,S-palmitoylation; palmitoylation
PXD040633,Nitric oxide synthase-dependent SNOome identification,Homo sapiens (human),2023,True,archive_needs_listing,24,2,11,,,F003635.mzid.gz; F003637.mzid.gz; F003634.mzid.gz; F003636.mzid.gz; F003630.mzid.gz; F003631.mzid.gz; F003633.mzid.gz; F,S-nitrosylation
PXD040696,A solid-phase compatible silane-based cleavable linker enables custom isobaric quantitativ,Homo sapiens (human),2023,True,neither,83,0,0,,,,cysteine modification
PXD040737,A solid-phase compatible silane-based cleavable linker enables custom isobaric quantitativ,Homo sapiens (human),2023,True,neither,6,0,0,,,,cysteine modification
PXD040777,Chemoproteomics reveals disruption of metal homeostasis and metalloproteins by the antibio,Escherichia coli,2023,True,neither,10,10,0,,,,cysteine reactivity
PXD040788,Automated sample preparation workflow for tandem mass tag-based proteomics,Homo sapiens (human),2023,False,neither,19,1,0,,,,cysteine oxidation
PXD041103,The sulfonic-containing peptides (at C281) from trypsin-treated Orf1 in H218O.,Escherichia coli,2023,True,archive_needs_listing,3,1,2,,,20220923-2.raw_20230324_Byonic.mzid.gz; 20220923-1.raw_20230324_Byonic.mzid.gz,dimedone
PXD041104,Mass spectrometric analyses for the C281-dimedone adduct and the sulfinylated peptide frag,Escherichia coli,2023,True,archive_needs_listing,15,1,1,,,20210511-3.raw_20230324_Byonic.mzid.gz,dimedone
PXD041105,Mass spectrometric analyses of the oxidation state of Cys281 in peptide fragment.,Escherichia coli,2023,True,archive_needs_listing,3,1,2,,,20230216-30.raw_20230324_Byonic.mzid.gz; 20230216-60.raw_20230325_Byonic.mzid.gz,dimedone
PXD041264,"NAIA for cysteine profiling in HepG2 cells, protein target identification of covalent liga",Homo sapiens (human),2023,True,archive_needs_listing,33,1,28,,,Cys_oxidation_H2O2_2.zip; Competitive_Search_Results_from_Maxquant.zip; Scout_Exp_CL-Sc_2.zip; Cys_oxidation_Search_resu,cysteine modification
PXD041310,"Chemoselective Proteomics, Zinc Fingers, and a Zinc(II) Model for H2S Mediated Persulfidat",Mus musculus (mouse),2024,True,archive_needs_listing,7,5,2,,,db_PSSH.mzidentML.xml.gz; dbtotal.mzidentml.xml.gz,persulfidation; persulfide
PXD041412,Filter-aided expansion proteomics,Homo sapiens (human); Mus musculus (mouse),2024,True,archive_needs_listing,27,13,14,,,20230404_FAXP_CRC_b3.zip; 20230404_Reduction_alkylation_different_stages.zip; 20230404_Homogenization_conditions.zip; 20,cysteine modification
PXD041525,A chemistry-based orthogonal enzyme-substrate design strategy for discovery of substrates ,Homo sapiens (human),2023,True,archive_needs_listing,7,3,2,,,H20_Combined.zip; H3combined.zip,palmitoylation
PXD041552,Hepatic palmitoyl-proteomes and acyl-protein thioesterase protein proximity networks link ,Mus musculus (mouse),2023,True,archive_needs_listing,18,0,18,,,Semenkovich_046_4932_2181_01_Slot1-31_1_845.d.zip; Semenkovich_046_4932_2181_12_Slot1-42_1_856.d.zip; F005209_039.mztab.,S-palmitoylation; palmitoylation
PXD042047,Analysis of ageing-dependent thiol oxidation reveals early oxidation of proteins involved ,Saccharomyces cerevisiae (baker's yeast),2024,True,archive_needs_listing,1,0,1,,,txt.zip,OxICAT; thiol redox
PXD042070,Click Chemistry-based Thiol Redox Proteomics Reveals Significant Cysteine Reduction Induce,Mus musculus (mouse),2024,True,archive_needs_listing,18,8,8,peptide_Click.csv; peptide_GPQ.csv,,Fritz_Click_Chem_GPQ_Pooled_Ethanol_Exclusion.d.zip; GPQ_RAW_MSonly_Files_for_LFQ.zip; Click_Chemistry_Quant_Raw_MSonly_,redox proteomics; thiol redox
PXD042278,"Blood plasma proteomic profiles of pink salmon Oncorhynchus gorbuscha Walbaum, 1792 during",Oncorhynchus gorbuscha,2023,True,archive_needs_listing,1,0,1,,,txt.zip,cysteine modification
PXD042394,Deconvoluting the complexity of Bacillus subtilis disulfide stress responses by redox-stat,Bacillus subtilis subsp. subtilis str. 168,2024,True,archive_needs_listing,7,0,7,,,2_AbsQuan_Diamide_membrane.zip; 2_DiaCys_membrane.zip; 2_AbsQuan_Diamide_secretome.zip; 1_Secretome_AbsoluteQuantificati,redox proteomics
PXD042436,Metabolic bypass partially rescues S-nitrosylation-induced TCA cycle inhibition and synaps,Homo sapiens (human),2024,True,archive_needs_listing,2,1,1,,,txt.zip,S-nitrosoproteome; S-nitrosylation; nitrosoproteome
PXD042567,The Cystatin D Interactome Associated to Systemic Mastocytosis,Homo sapiens (human),2023,False,archive_needs_listing,123,1,115,,,O43707.zip; P29508.zip; P69905.zip; O95833.zip; P68133.zip; Q01469.zip; Q6ZN66.zip; Q6UWP8.zip; P31944.zip; Q96DR5.zip; ,cysteine oxidation
PXD042911,Intracellular zinc chaperones in plants,Arabidopsis thaliana (mouse-ear cress),2025,True,peptide_only,6,5,0,221212_LZ_proj72_TMT16_merge3_peptides.xlsx; 230228_LZ_proj72_TMT16_Met_editing_peptides.xlsx,,,cysteine modification
PXD042951,Post-ischemic ubiquitination at the postsynaptic density reversibly influences the activit,Mus musculus (mouse),2023,True,neither,11,1,0,,,,cysteine oxidation
PXD042967,"Multifaceted proteome analysis at solubility, redox, and expression dimensions for target ",Homo sapiens (human),2024,False,peptide_only,10,10,0,PISA_REX_Pladienolide_B_SW620_peptides.xlsx; PISA-REX_Auranofin_HCT116_2nd_dataset_peptides.xlsx; PISA-REX_Interferon_TH,,,redox proteomics
PXD042995,Co-administration of angiotensin II and simvastatin triggers kidney injury upon heme oxyge,Mus musculus (mouse),2023,False,archive_needs_listing,1,0,1,,,peptides_1_1_0.mzid.gz,cysteine oxidation
PXD043139,Effects of high molecular weight phthalates on LPS-stimulated THP-1 macrophages - redoxome,Homo sapiens (human),2023,True,archive_needs_listing,7,2,1,,,THP1_HMW_phthalates_iodoTMT_static_complete.mzid.gz,cysteine oxidation; iodoTMT
PXD043402,Cu-Catalyzed Azide-Alkyne-Thiol Reaction Forms Ubiquitous Background in Chemical Proteomic,Homo sapiens (human),2024,True,archive_needs_listing,28,1,27,,,AW087_Thioalkyne_BSA_in_vitro_raw.zip; Fasta_files.zip; AW072_Thioalkyne_whole_proteome_in_vitro_results.zip; MH01_MH04_,cysteine reactivity
PXD043607,Supersulphide airway protection in viral and chronic lung diseases,Escherichia coli,2023,False,neither,7,1,0,,,,glutathionylation
PXD043636,Cysteinome profiling of AgTU-induced cysteien oxidation (with TMT),Homo sapiens (human),2024,True,neither,2,1,0,,,,cysteine oxidation
PXD043653,Proteomic analysis of livers from the European flounder Platichthys flesus from Seine estu,Platichthys flesus,2024,False,archive_needs_listing,80,0,40,,,F217178_p0.05.mzid.gz; F217214_p0.05.mzid.gz; F217219_p0.05.mzid.gz; F217173_p0.05.mzid.gz; F217221_p0.05.mzid.gz; F2172,cysteine modification
PXD043709,Chemical acetylation of ligands and two-step digestion protocol for reducing co-digestion ,Homo sapiens (human); Saccharomyces cerevisiae (ba,2023,True,archive_needs_listing,7,2,5,,,GFP-Atg8_trypsin_untreated.zip; GFP-bead_Acetylation.zip; Strp-bead_Acetylation.zip; GFP-Atg8_untreated.zip; GFP-Atg8_ac,cysteine modification
PXD043838,The long non-coding RNA LINC00941 modulates MTA2/NuRD occupancy to suppress premature huma,Homo sapiens (human),2024,True,archive_needs_listing,48,0,48,,,Graf_Lic0941_10.d.zip; Graf_Lic0941_12.mzid.gz; Binder_L8_4_Mascot.mzid.gz; Graf_Lic0941_2.d.zip; Graf_Lic0941_14.mzid.g,cysteine oxidation
PXD043895,CysQuant: simultaneous quantification of cysteine oxidation and protein abundance using da,Arabidopsis thaliana (mouse-ear cress),2023,False,archive_needs_listing,42,1,5,,,DIANN_output_MetChl_sample.zip; DIANN_output.zip; labelfree_search_overoxidation_MQ_txt.zip; labelfree_search_MQ_txt.zip,cysteine modification; cysteine oxidation; sulfinylation
PXD043913,Casein kinase 1 and 2 phosphorylate a conserved cluster of Argonaute to control microRNA f,Homo sapiens (human),2024,True,archive_needs_listing,21,1,20,,,EM13_RB5_01_5391.d.zip; EM20_F036791.mzid.gz; EM3_RB6_01_5405.d.zip; EM12_RB3_01_5389.d.zip; EM14_F036792.mzid.gz; EM5_R,cysteine oxidation
PXD043914,Impact of light and thioredoxins on the landscape of the plant thiol-disulfide proteome,Arabidopsis thaliana (mouse-ear cress),2024,True,peptide_only,179,10,0,FLUCTUATINGpeptides.txt; PHOTOPERIODpeptides.txt,,,biotin switch; redox proteomics; thiol redox
PXD044041,Intramolecular disulfide bridges in Voltage-Dependent Anion Channel 2 (VDAC2) protein from,Rattus rattus (black rat),2024,True,archive_needs_listing,2,0,2,,,Search.rar; Raw_data.rar,cysteine redox
PXD044043,Widespread cysteine persulfidation in activated macrophages as a protective mechanism agai,Mus musculus (mouse),2024,True,archive_needs_listing,3,1,2,,,txt_input.rar; txt_BTA.rar,persulfidation; persulfide
PXD044139,Casein kinase 1 and 2 phosphorylate a conserved cluster of Argonaute to control microRNA f,Homo sapiens (human),2023,True,archive_needs_listing,21,1,20,,,EM13_RB5_01_5391.d.zip; EM20_F036791.mzid.gz; EM3_RB6_01_5405.d.zip; EM12_RB3_01_5389.d.zip; EM14_F036792.mzid.gz; EM5_R,cysteine oxidation
PXD044216,Proteome analysis of ROF-FKBP mutants reveals functional relations between heat stress res,Arabidopsis thaliana (mouse-ear cress),2024,False,neither,2,2,0,,,,cysteine modification
PXD044319,Silencing of the PHLDA1 leads to global proteome changes and differentiation pathways of h,Homo sapiens (human),2024,False,both_by_name,25,22,2,evidence_200036.txt; allPeptides_200036.txt; modificationSpecificPeptides_200036.txt; msms_200036.txt; peptides.txt; pep,GlyGly_K_Sites.txt; Phospho_STY_Sites.txt,mzTab.mzTab.gz; mzTab_200036_200092.mzTab.gz,cysteine modification
PXD044484,UHPLC-MS/MS analysis of S-nitrosylated proteins involved in autophagy in Triticum aestivum,Triticum aestivum (wheat),2023,False,archive_needs_listing,3,1,2,,,72_samples.zip; peptides_1_1_0.mzid.gz,S-nitrosylation
PXD044504,Structural analysis of PLD3 reveals insights into the mechanism of lysosomal 5' exonucleas,Mus musculus; Mus musculus (mouse),2023,False,neither,5,1,0,,,,cysteine oxidation
PXD044829,MARK2/MARK3 kinases are catalytic co-dependencies of YAP/TAZ in human cancer,Homo sapiens (human),2024,False,peptide_only,12,12,0,220608_OK_TAZ_peptides.xlsx; 220608_OK_MST1_peptides.xlsx; 23P038_230601_OK_LFQ_peptides.xlsx; 220608_OK_NF2_peptides.xl,,,cysteine modification
PXD044924,"Gut bacterial phytohormone modulates olfactory sensing, chemotaxis and mortality in fruit ",Drosophila melanogaster (fruit fly),2024,False,archive_needs_listing,6,1,4,,,Drosophila_GPF_Chromatogram_Library.zip; Drosophila_search_results_against_predicted_library.zip; Drosophila_search_resu,cysteine oxidation
PXD044925,Hydrogen Sulfide Coordinates Glucose Metabolism Switch through Destabilizing Tetrameric Py,Homo sapiens (human),2024,True,neither,3,0,0,,,,persulfide; sulfhydration
PXD044940,Continuous evolution of compact protein degradation tags regulated by selective cereblon m,Homo sapiens (human),2024,True,archive_needs_listing,7,1,6,wp-esf_311_20220327_psms_filt.csv,,esf4_1413_Slot1-9_1_2232.d.zip; esf4_1405_Slot1-1_1_2221.d.zip; esf4_1407_Slot1-3_1_2223.d.zip; esf4_1406_Slot1-2_1_2222,cysteine oxidation
PXD044978,Continuous evolution of compact protein degradation tags regulated by selective cereblon m,Homo sapiens (human),2026,True,archive_needs_listing,10,1,9,wp-esf_507_esf4_directdia_20230804_psms_filt.csv,,esf4_5556_Slot1-13_1_10065.d.zip; esf4_5557_Slot1-14_1_10066.d.zip; esf4_5563_Slot1-20_1_10074.d.zip; esf4_5554_Slot1-11,cysteine oxidation
PXD044985,"Total porteome of liver tumors from mice (p53, MYC driven)",Mus musculus (mouse),2024,True,neither,1,1,0,,,,cysteine modification
PXD044990,Redox Regulation of Brain Selective Kinases BRSK1/2: Implications for Dynamic Control of t,Homo sapiens (human),2025,True,archive_needs_listing,25,1,12,,,8e14fa84f51db5dc___23_07_11_recombinantBRISK2_IAA_DTT_MAX.mgf.export.F1881119.mztab.gz; 8e14fa84f51db5dc___LD_230111_BRS,reversible oxidation
PXD045211,HLA-peptidome of human primary islets,Homo sapiens (human),2025,True,archive_needs_listing,6,0,6,,,SCP0004_IPP372_islet27_Slot2-2_1_358.d.rar; peptides_1_1_0_islet22.mzid.gz; SCP0004_IPP372_islet22_Slot2-1_1_356.d.rar; ,glutathionylation
PXD045265,HLA-peptidome of human beta cells exposed to interferon-alpha,Homo sapiens (human),2025,True,archive_needs_listing,12,0,12,,,peptides_1_1_0_basal_sulphone.mzid.gz; peptides_1_1_0_basal_FDR1.mzid.gz; peptides_1_1_0_IFNa_sulphone.mzid.gz; peptides,glutathionylation
PXD045419,Protein palmitoylation and sphingolipid metabolism cooperatively 1 control regulated exocy,Homo sapiens (human),2025,True,neither,5,2,0,,,,palmitoylation
PXD045573,Altered protein cysteine reactivity in senescent cells is a vulnerability for senolysis to,Homo sapiens (human); Mus musculus (mouse),2026,True,neither,4,4,0,,,,cysteine reactivity
PXD045611,Proteomic analysis of livers from the European flounder Platichthys flesus from several fr,Platichthys flesus,2024,False,archive_needs_listing,68,0,34,,,F222015_p0.05.mzid.gz; F221990_p0.05.mzid.gz; F221986_p0.05.mzid.gz; F222003_p0.05.mzid.gz; F221995_p0.05.mzid.gz; F2220,cysteine modification
PXD045734,Dehydroalanine and Dehydrobutyrine in Aging and Cataractous Lenses,Homo sapiens (human),2023,True,peptide_only,38,38,0,peptides_233_80yo_cat.txt; peptides_93yo_normal.txt; peptides_53yo_normal.txt; peptides_50yo_cat.txt; peptides_64yo_cat.,,,cysteine oxidation
PXD045761,Identification of phosphorylation sites in human IGF2BP1 by immunoprecipitation coupled to,Homo sapiens (human),2024,False,archive_needs_listing,3,1,2,,,skyline.zip; fragpipe.zip,cysteine modification
PXD045785,"Sulfenylation and total proteome changes analysis aging Brain of WT, CSE-/- and MPST-/- mi",Mus musculus; Mus musculus (mouse),2026,True,archive_needs_listing,42,5,37,,,timsTOF01126_TV_Full_proteom_C145_1_3_R1_1_2368.d.zip; timsTOF01125_TV_Full_proteom_C85_1_3_R1_1_2367.d.zip; timsTOF0113,cysteine redox; persulfidation; sulfenylation
PXD045806,"Persulfidation and direct detection of sulfonylation in aging Brain of WT, CSE-/- and MPST",Mus musculus; Mus musculus (mouse),2026,True,archive_needs_listing,6,4,2,,,db.mzidentml.xml.gz; db_Totalproteome_NBF_SO3.mzidentml.xml.gz,cysteine redox; persulfidation; sulfenylation
PXD045809,A human-specific microRNA controls the timing of excitatory synaptogenesis,Homo sapiens (human),2025,False,peptide_only,4,4,0,20191210_131759_20191209_iPSCScreen_Report_Peptide.csv,,,cysteine oxidation
PXD045820,Thermal proteome profilling in WT and CSE-/- MEF cells upon H2O2 treatment,Mus musculus (mouse),2026,False,neither,4,2,0,,,,cysteine redox; persulfidation; sulfenylation
PXD045896,Sulfite oxidase-deficient mice disclose a novel contribution of hydrogen sulfide to the pa,Mus musculus (mouse),2025,True,archive_needs_listing,7,5,2,,,db_total_proteome.mzidentml.xml.gz; db_PSSH.mzidentml.xml.gz,persulfidation; persulfidome
PXD046065,Endogenously produced cyanide supports bioenergetics and exerts cytoprotective effects in ,Mus musculus (mouse),2025,True,archive_needs_listing,25,5,15,Mouse_liver_tissue_MassSpec_Cyano-peptides_SDRF.tsv; Tetrazole_Click_Peptides_SDRF.tsv,,timsTOF05130_JP_Mliver_Click_G2_R1_1_1823.d.zip; timsTOF02671_Mouse_Liver_G5_4uL_JP_R1_1_3099.d.zip; timsTOF02663_Mouse_,cysteine modification
PXD046083,Global proteome-wide analysis of cysteine S-nitrosylation in Toxoplasma gondii,Toxoplasma gondii,2024,True,archive_needs_listing,1,0,1,,,SEARCH.zip,S-nitrosylation; iodoTMT
PXD046184,Endogenously produced cyanide supports bioenergetics and exerts cytoprotective effects in ,Homo sapiens (human),2025,True,archive_needs_listing,21,4,12,HepG2_Glycine-GSfree_MassSpec_Cyano-peptides_SDRF.tsv,,timsTOF02532_JP_Glycine1_R1_1_3099.d.zip; timsTOF02540_JP_Glycine3_R1_1_3099.d.zip; timsTOF02637_JP_CTR2_R1_1_3099.d.zip,cysteine modification
PXD046271,Shotgun proteomic analysis of the Methionine oxidation of carbohydrate-active enzymes duri,Pycnoporus <basidiomycete fungi>,2024,False,archive_needs_listing,37,1,18,,,F226970.mzid.gz; F226968.mzid.gz; F230065.mzid.gz; F226972.mzid.gz; F226966.mzid.gz; F230063.mzid.gz; F226976.mzid.gz; F,redox proteomics
PXD046323,Endogenously produced cyanide supports bioenergetics and exerts cytoprotective effects in ,Homo sapiens (human),2025,True,archive_needs_listing,30,3,24,HepG2_Cyanide-releasers_MassSpec_Cyano-peptides_SDRF.tsv,,timsTOF03212_JP_Amygdalin2_2.5uL_R1_1_3106.d.zip; timsTOF03220_JP_Mandelonitrile3_2.5uL_R1_1_3106.d.zip; timsTOF03223_JP,cysteine modification
PXD047098,Structural dynamics of Na+ and Ca 1 2+ interactions with full-size mammalian NCX,Homo sapiens (human),2024,False,archive_needs_listing,8,3,3,,,NCX1.4-4C.rar; NCX1.4-20C.rar; NCX1.4-20C_MSMS.rar,palmitoylation
PXD047338,Pathology-driven epithelial sulfide loss reprograms the redox proteome and triggers Barret,Homo sapiens (human),2026,True,archive_needs_listing,35,5,30,,,timsTOF03191_FP_PA_R1_1_3106.d.zip; FPdb.mzidentml.xml.gz; timsTOF03204_FP_P7M_R1_1_3106.d.zip; timsTOF03182_PSSH_P3M_R1,persulfidation
PXD047345,Structural basis for the assembly of Mis18a/b core modules,Homo sapiens (human),2024,True,archive_needs_listing,5,4,1,,,Zou_Rappsilber_JP_Mis18_BP1_EDC_R1_R2_R3_R4.mgf.zip,cysteine oxidation
PXD047446,Proteomic analysis of salivary extracellular vesicles from COVID-19 patients reveals a spe,Homo sapiens (human),2024,True,archive_needs_listing,6,2,4,,,PoolExosomaSalivaCovid19.positivo_Slot2-2_1_9598.d.zip; PoolExosomaSalivaCovid19.positivo_Slot2-2_1_9594.d.zip; PoolExos,cysteine oxidation
PXD047593,Continuous evolution of compact protein degradation tags regulated by selective cereblon m,Mus musculus (mouse),2024,True,archive_needs_listing,16,1,15,wp-esf_540_esf4_diann_directdia_20231206_psms_filt.csv,,esf4_6610_Slot2-33_1_109.d.zip; esf4_6605_Slot2-28_1_103.d.zip; esf4_6611_Slot2-34_1_111.d.zip; esf4_6609_Slot2-32_1_108,cysteine oxidation
PXD047665,Continuous evolution of compact protein degradation tags regulated by selective cereblon m,Homo sapiens (human),2024,True,archive_needs_listing,16,1,15,wp-esf_539_esf4_diann_directdia_SD40_20231208_psms_filt.csv,,esf4_6590_Slot1-1_1_81.d.zip; esf4_6601_Slot1-12_1_95.d.zip; esf4_6591_Slot1-2_1_82.d.zip; esf4_6602_Slot1-13_1_97.d.zip,cysteine oxidation
PXD047930,FXR controls gene expression independently of RXR at non-canonical response elements,Homo sapiens (human),2024,True,archive_needs_listing,3,2,1,,,FXRa2_IR1vsER2_MaxQuantResults.7z,cysteine modification
PXD048079,Neurobehavioral dysfunction in a mouse model of Down syndrome: upregulation of cystathioni,Mus musculus (mouse),2024,True,archive_needs_listing,5,3,2,,,PSSH_db.mzidentml.xml.gz; Total_proteome_db.mzidentml.xml.gz,persulfidation
PXD048172,Identification of Protein Targets of S-nitroso-Coenzyme A-Mediated S-Nitrosation Using Che,Homo sapiens (human),2024,True,neither,16,16,0,,,,S-nitrosation
PXD048202,Cysteine profiling-abpp-label free quantification,Homo sapiens (human),2024,True,neither,2,1,0,,,,cysteine oxidation
PXD048216,S-palmitoylation of MAP kinase is essential for fungal virulence,Ustilaginoidea virens,2024,True,archive_needs_listing,2,0,2,,,txt.zip; raw.zip,S-palmitoylation; palmitoylation
PXD048252,Functional Role of Fatty Acid Synthase for Signal Transduction in Core-Binding Factor Acut,Homo sapiens (human),2025,True,neither,1,0,0,,,,palmitoylation
PXD048735,Global analysis of endogenous protein disorder in cells,Homo sapiens (human); Mus musculus (mouse),2024,True,neither,1,0,0,,,,cysteine modification
PXD048872,Reversible S-Nitrosylation of bZIP67-Prx IIE Complex by Nitric Oxide Modulates Plant Lipid,Arabidopsis thaliana (mouse-ear cress),2024,True,archive_needs_listing,2,1,1,,,MaxQuant-txt.7z,S-nitrosylation
PXD049252,Redox proteomics optimized protocol applyed to melanoma cells,Mus musculus (mouse),2024,True,archive_needs_listing,1,0,1,,,MQ_txt.zip,biotin switch; redox proteomics
PXD049290,LC-MSMS of  LtpM-modified proteins,Homo sapiens (human),2025,True,neither,2,2,0,,,,cysteine modification
PXD049322,An Activity-Guided Map of Electrophile-Cysteine Interactions in Primary Human T Cells,Homo sapiens (human),2024,True,neither,46,46,0,,,,cysteine modification
PXD049372,Identification of the Drosophila centriolar satellite proximity interactome by direct and ,Drosophila melanogaster (fruit fly),2025,True,archive_needs_listing,3,2,1,,,fragpipe.zip,cysteine modification
PXD049417,Multiomics approach to decipher pathophysiological mechanisms and therapeutic impact of me,Mus musculus (mouse),2024,True,archive_needs_listing,3,1,1,,,result.mzid.gz,persulfidation
PXD050155,Drug-induced oxidative stress actively prevents caspase activation and hepatocyte apoptosi,Mus musculus (mouse),2024,True,neither,10,5,0,,,,cysteine modification
PXD050209,Interactome Analysis of EZH2 Protein in Control and GSNO exposed Human Umbilical Vein Endo,Homo sapiens (human),2025,False,neither,3,0,0,,,,S-nitrosylation
PXD050244,Nitrosylation-mediated regulation of MEK-ERK signaling in the NRAS-mutant melanoma,Homo sapiens (human),2025,True,archive_needs_listing,15,0,5,,,20210902_Premi_IP_FT_Fractionation_4.raw__F004796_.mzid.gz; 20210902_Premi_IP_FT_Fractionation_2.raw__F004794_.mzid.gz; ,biotin switch
PXD050437,Isocyanides inhibit bacterial pathogents by covalent targeting of essential metabolic enzy,Staphylococcus aureus,2024,False,archive_needs_listing,13,7,4,peptides_IsoDTB-ABPP.txt,,combined_IsoDTB-ABPP.zip; combined_TPP.zip; combined_Full-proteome-analysis_I16-treated-S.aureus.zip; combined_full-prot,cysteine reactivity
PXD050442,Cytoplasmic DIS3 degrades circular RNAs independently of the exosome,Homo sapiens (human),2025,False,archive_needs_listing,25,1,24,,,11.mzid.gz; 12.mzid.gz; 7_RB7_01_3380.d.7z; 8_RB8_01_3381.d.7z; 10.mzid.gz; 12_RC4_01_3385.d.7z; 4.mzid.gz; 11_RC3_01_33,cysteine oxidation
PXD050486,Loss of the Mitochondrial SAM Transporter Reveals a Lipoylation-Dependent Metabolic Vulner,Mus musculus (mouse),2026,True,peptide_only,4,4,0,20230912_HF2_AnnaW_PISAREX_frac_peptides.xlsx,,,redox proteomics
PXD050935,Keap1 is an endogenous dCas9 suppressor inhibiting CRISPRa and CRISPRi efficiency,Homo sapiens (human),2025,False,archive_needs_listing,2,0,1,,,txt.zip,cysteine modification
PXD051022,Shared behavioural impairments in visual perception and place avoidance across different a,Mus musculus (mouse),2024,True,archive_needs_listing,39,1,38,,,fragpipe_LFQ_noMBR_phospho_FDR5_LIB.zip; TM7_8_DIA_Slot2-26_1_1170.d.zip; TM7_23_DIA_Slot2-43_1_1225.d.zip; TM7_1_DIA_Sl,cysteine modification
PXD051074,Dual BACH1 regulation by complementary SCF-type E3 ligases,Homo sapiens (human),2024,False,archive_needs_listing,7,4,3,,,SKP1-FBXO22_BACH1_QB2.zip; SKP1-FBXO22mut_QB2.zip; SKP1-FBXO22_QB2.zip,S-nitrosylation; cysteine modification
PXD051426,identifying palmitoylated proteins,Homo sapiens (human),2024,True,neither,12,0,0,,,,S-palmitoylation; palmitoylation
PXD051487,Linking acetyl-CoA labelling and histone acetylation dynamics for accurate determination o,Homo sapiens (human),2025,False,neither,6,6,0,,,,cysteine oxidation
PXD051502,Relocalizing transcriptional kinases to activate apoptosis_Proteomics Data,Homo sapiens (human),2024,False,archive_needs_listing,18,1,17,,,1003-15_WP-LFQ_66_IO_DIA_17May23_Slot2-33_1_558.d.zip; 1003-16_WP-LFQ_66_IO_DIA_17May23_Slot2-34_1_559.d.zip; 1003-9b_WP,cysteine oxidation
PXD051568,Opportunistic pathogen Porphyromonas gingivalis targets the LC3B-ceramide complex and medi,Porphyromonas gingivalis; Homo sapiens (human),2024,False,neither,17,1,0,,,,cysteine modification
PXD051587,Ergothioneine improves healthspan of aged animals by enhancing cGPDH activity through CSE-,Caenorhabditis elegans,2025,True,archive_needs_listing,19,6,13,,,timsTOF03630_FP_D1_2.d.zip; timsTOF03622_FP_D4_Vehicle_1.d.zip; timsTOF03628_FP_D10_Vehicle_2.d.zip; Persulfidome_db.mzi,persulfidation; persulfide; persulfidome
PXD051609,Thermal proteome profilling of Ergothionine treated-cells reveals its binding to cystathio,Mus musculus (mouse),2025,False,neither,51,2,0,,,,persulfidation
PXD051662,Cytoplasmic mRNA decay controlling inflammatory gene expression is determined by pre-mRNA ,Homo sapiens (human),2025,True,archive_needs_listing,3,2,1,,,FragPipe_search_result.zip,cysteine modification
PXD051718,SILAC quantification for proteome of human HEK293 cells,Homo sapiens (human),2025,True,neither,5,1,0,,,,palmitoylation
PXD051741,KNL2 degradation is regulated by APC/C ubiquitin ligase,Arabidopsis thaliana (mouse-ear cress),2025,False,archive_needs_listing,120,1,118,,,4_KNL2_Cterm.mzid.gz; 5_KNL2_Nterm3.mzid.gz; 10_KNL2_Cterm3.mzid.gz; 4_KNL2_Nterm1.d.7z; 4_KNL2_Cterm2.mzid.gz; 5_KNL2_C,cysteine oxidation
PXD052340,Increased antioxidative defense and reduced advanced glycation end-product formation by me,Homo sapiens (human),2025,False,archive_needs_listing,5,0,5,,,LFQ.zip; MGH1_directed.zip; RawData.zip; OpenSearch_output.zip; RedoxAnalysis.zip,cysteine modification; redox proteomics
PXD052414,"Kinetic redox proteomic analysis reveals distinct lipopolysaccharide effects, limited by a",Homo sapiens (human),2025,True,archive_needs_listing,1,0,1,,,combined.zip,biotin switch; cysteine oxidation
PXD052473,Molecular mechanisms of Acanthamoeba castellanii response to different sources of oxidativ,Acanthamoeba castellanii,2025,False,archive_needs_listing,44,3,40,,,2218001-1-3A_S2-A6_1_2300.d.zip; 2218001-1-7C_S2-E6_1_2348.d.zip; 2218001-1-3B_S2-C2_1_2320.d.zip; 2218001-1-7D_S2-G2_1_,cysteine oxidation
PXD052765,Redox-proteomic analysis of pancreatic β-cells upon glucose stimulation,Mus musculus (mouse); Rattus norvegicus (rat),2024,True,peptide_only,4,4,0,mq_peptides_mouse_islets_final.txt; mq_peptides_rat_cells_final.txt,,,iodoTMT; redox proteomics
PXD052827,HUVEC Palmitoylation modification analysis,Homo sapiens (human),2025,False,neither,2,2,0,,,,palmitoylation
PXD052872,Discovery metaproteomics of microbiome from Petroleum Seepage in the deep-sea,Marine metagenome; Bacteria,2025,False,neither,14,5,0,,,,cysteine modification
PXD052873,High-resolution metaproteomic analysis of an ocean microbiome six days preceding a Chaetoc,Marine metagenome; Bacteria,2025,True,neither,37,2,0,,,,cysteine modification
PXD053106,Bladder cancer cell-derived exosomes LC-MSMS,Homo sapiens (human),2025,False,archive_needs_listing,2,0,2,,,A-Za-z0-9.7z; A-Za-z0-9.rar,cysteine modification
PXD053317,E. coli monothiol glutaredoxin GrxD replenishes Fe-S clusters to the essential ErpA A-type,Escherichia coli,2024,True,neither,7,1,0,,,,cysteine reactivity
PXD053496,Identification of glutathionylated cysteine in decellularized extracellular matrix,Homo sapiens (human),2024,True,neither,3,1,0,,,,glutathionylation
PXD053562,Polysulfur-based bulking of dynamin-related protein 1 prevents  ischemic sulfide catabolis,Rattus norvegicus (rat),2024,False,neither,3,0,0,,,,S-glutathionylation; glutathionylation
PXD053590,Analysis of C. elegans DAF-16 phosphorylation in different genetic backgrounds.,Caenorhabditis elegans,2025,True,archive_needs_listing,3,1,2,,,FragPipe_search2_result.zip; FragPipe_search1_result.zip,cysteine modification
PXD053679,Glutamate methylation on histones H4 and H2B,Homo sapiens (human); Thalassiosira pseudonana; Ca,2025,False,neither,6,2,0,,,,cysteine oxidation
PXD053913,Glutathione Oxidation in Cerebrospinal Fluid as a Biomarker of Oxidative Stress in Amyotro,Homo sapiens (human),2025,True,neither,2,2,0,,,,cysteine oxidation
PXD053923,Distinct Perception Mechanisms of BACH1 Quaternary Structure Degrons by Two F-box Proteins,Homo sapiens (human),2025,True,peptide_only,3,3,0,BACH1_WT_byonic_peptides.csv,,,S-nitrosylation
PXD053927,Glutathione Oxidation in Cerebrospinal Fluid as a Biomarker of Oxidative Stress in Amyotro,Homo sapiens (human),2025,True,neither,3,3,0,,,,cysteine oxidation
PXD054077,Targeting APT2 improves MAVS palmitoylation and antiviral innate immunity,Homo sapiens (human),2024,False,neither,9,2,0,,,,palmitoylation
PXD054192,MARK2/MARK3 kinases are catalytic co-dependencies of YAP/TAZ in human cancer (part2),Homo sapiens (human),2024,False,peptide_only,8,8,0,Skyline_SyntheticPeptides.xlsx; SkylinePeptideResults_Excel.xlsx; C18_Peptides.xlsx; Protein_Syline_Precursor.xlsx; C18_,,,cysteine modification
PXD054252,Divergence in resource acquisition strategies and drivers of Prochlorococcus and Synechoco,Prochlorococcus; Synechococcus sp. wh 8011; Sar11 ,2025,False,archive_needs_listing,8,1,7,,,171216_NAH_ziploc_40m_5A.mzid.gz; 171216_NAH_ziploc_40m_4A.mzid.gz; 171216_NAH_ziploc_40m_7B.mzid.gz; 171216_NAH_ziploc_,cysteine modification; cysteine oxidation
PXD054267,Proteomic analysis of Fervidobacterium pennivorans T cultivated on feather or glucose,Fervidobacterium pennivorans,2025,False,archive_needs_listing,24,0,12,,,F229797_p0.05.mzid.gz; F229789_p0.05.mzid.gz; F229791_p0.05.mzid.gz; F229796_p0.05.mzid.gz; F229805_p0.05.mzid.gz; F2298,cysteine modification
PXD054269,Proteomic analysis of Fervidobacterium gondwanense DSM13020 cultivated on feather or gluco,Fervidobacterium gondwanense dsm 13020,2025,False,archive_needs_listing,24,0,12,,,F230875_p0.05.mzid.gz; F230845_p0.05.mzid.gz; F230887_p0.05.mzid.gz; F230882_p0.05.mzid.gz; F230852_p0.05.mzid.gz; F2308,cysteine modification
PXD054272,Proteomic analysis of Fervidobacterium islandicum H-21 cultivated on feather or glucose,Fervidobacterium islandicum,2025,False,archive_needs_listing,24,0,12,,,F230867_p0.05.mzid.gz; F230855_p0.05.mzid.gz; F230846_p0.05.mzid.gz; F230850_p0.05.mzid.gz; F230884_p0.05.mzid.gz; F2308,cysteine modification
PXD054278,Proteomic analysis of Fervidobacterium sp. GSH cultivated on feather or glucose,Fervidobacterium,2025,False,archive_needs_listing,24,0,12,,,F230876_p0.05.mzid.gz; F230863_p0.05.mzid.gz; F230842_p0.05.mzid.gz; F230871_p0.05.mzid.gz; F230877_p0.05.mzid.gz; F2308,cysteine modification
PXD054280,Proteomic analysis of Fervidobacterium sp. 21710 cultivated on feather or glucose,Fervidobacterium,2025,False,archive_needs_listing,24,0,12,,,F230854_p0.05.mzid.gz; F230859_p0.05.mzid.gz; F230838_p0.05.mzid.gz; F230866_p0.05.mzid.gz; F230861_p0.05.mzid.gz; F2308,cysteine modification
PXD054282,Proteomic analysis of Fervidobacterium pennivorans DSM9078 cultivated on feather or glucos,Fervidobacterium pennivorans dsm 9078,2025,False,archive_needs_listing,24,0,12,,,F229369_p0.05.mzid.gz; F229364_p0.05.mzid.gz; F229351_p0.05.mzid.gz; F229328_p0.05.mzid.gz; F229345_p0.05.mzid.gz; F2293,cysteine modification
PXD054285,Proteomic analysis of Fervidobacterium changbaicum CBS-1 cultivated on feather or glucose,Fervidobacterium changbaicum,2025,False,archive_needs_listing,24,0,12,,,F229426_p0.05.mzid.gz; F229363_p0.05.mzid.gz; F229331_p0.05.mzid.gz; F229335_p0.05.mzid.gz; F229367_p0.05.mzid.gz; F2293,cysteine modification
PXD054393,B7-H4 post-translational modifications,Homo sapiens (human),2025,False,neither,4,1,0,,,,palmitoylation
PXD054433,S-palmitoylation of MAP kinase is essential for fungal virulence,Ustilaginoidea virens,2024,True,archive_needs_listing,2,1,1,,,txt.zip,S-palmitoylation; palmitoylation
PXD054470,Thioamide-warheads with enhanced cysteine reactivity and specificity for targeted covalent,Homo sapiens (human),2026,True,neither,8,7,0,,,,cysteine modification; cysteine reactivity
PXD054682,Enrichment of Cysteine S-palmitoylated peptides using Sodium Deoxycholate Acid Precipitati,Mus musculus (mouse); Acyrthosiphon pisum (pea aph,2026,True,neither,9,0,0,,,,S-palmitoylation; palmitoylation
PXD054686,Acetylation of Proximal Cysteine-Lysine Pairs by Alcohol Metabolism,Mus musculus (mouse),2024,True,archive_needs_listing,7,1,2,,,Fritz_Acetyl_Precursor_Detector_Qvalue_Quant.mzid.gz; Fritz_Acetyl_Click_GPQ_No_Norm.mzid.gz,cysteine redox; thiol redox
PXD055005,Epigenetic control of an auxiliary subunit of sodium voltage-gated channels regulates the ,Homo sapiens (human); Rattus norvegicus (rat),2025,True,both_by_name,49,48,0,evidence_H5.txt; modificationSpecificPeptides_H5.txt; evidence_5WT.txt; modificationSpecificPeptides_H4.txt; modificatio,Cys-_Dha_C_Sites_H4.txt; Sulfide_C_Sites_H4.txt; Cys-_Dha_C_Sites_H5.txt; Sulfide_C_Sites_H5.txt; Cys-_Dha_C_Sites_5WT.t,,cysteine modification
PXD055006,A druggable redox switch on SHP1 controls macrophage inflammation,Homo sapiens (human),2026,True,archive_needs_listing,59,8,51,2_SHP1_C3_UND3_IA_final_peptide.csv; 1_SHP1_UND2_IA_final_peptide.csv; 2_SHP1_C3_UND2_IA_final_peptide.csv; 1_SHP1_UND1_,,2_SHP1_C3_1h_2.raw.zip; 2_SHP1_C3_UND2.raw.zip; 1_SHP1_10s_4.raw.zip; 1_SHP1_30s_2.raw.zip; 1_SHP1_10s_2.raw.zip; 1_SHP1,cysteine redox; redox proteomics
PXD055156,Proteostasis Landscapes of Selective versus Poorly Responsive CFTR Variants Reveals Struct,Homo sapiens (human),2025,True,archive_needs_listing,4,2,2,,,20231101_EFM_1886-1893_CFTR_18plex_consensus_ident.mzid.gz; 20240126_445responders_8reps_multiconsensus_ident.mzid.gz,cysteine modification
PXD055278,Nitric Oxide Regulates Stomatal Development and Stress Responses by S-Nitrosylation-Mediat,Arabidopsis thaliana (mouse-ear cress),2025,True,neither,2,2,0,,,,S-nitrosylation
PXD055510,Cysteine-directed isobaric labeling combined with GeLC-FAIMS MS for quantitative top-down ,Saccharomyces cerevisiae (baker's yeast); Escheric,2025,True,peptide_only,79,79,0,Ecoli_yeast_interference_iodoTMTsix_PEPPI-40_2scan_peptideMode_highres__1p2mz_r1_quant.tsv; Ecoli_ratio_iodoTMTsix_PEPPI,,,iodoTMT
PXD055650,Identification of cysteine redox states in MTP from PDI-deficient mouse liver,Mus musculus; Mus musculus (mouse),2025,False,archive_needs_listing,2,1,1,,,Search.zip,cysteine redox
PXD055885,The transaminase-ω-amidase pathway is a redox switch in glutamine metabolism that generate,Homo sapiens (human),2025,True,archive_needs_listing,6,4,1,modificationSpecificPeptides.txt; peptides.txt,,MQ_Output_files.7z,reversible oxidation
PXD056007,Immunoprecipitation followed by mass-spectrometry of Toxoplasma gondii VMP1 immunoprecipit,Toxoplasma gondii rh,2025,False,neither,7,1,0,,,,cysteine oxidation
PXD056064,CIAA: Integrated Proteomics and Structural Modeling for Understanding Cysteine Reactivity ,Homo sapiens (human),2025,True,neither,13,0,0,,,,cysteine reactivity
PXD056179,Paleoproteomic analysis of dental pulp proteins from camel teeth,Camelus dromedarius (dromedary) (arabian camel); Y,2025,False,archive_needs_listing,14,0,7,,,F233091_p0.05.mzid.gz; F233096_p0.05.mzid.gz; F233093_p0.05.mzid.gz; F233095_p0.05.mzid.gz; F233097_p0.05.mzid.gz; F2330,cysteine modification
PXD056329,Identification of Estrogen-Responsive Proteins in the Mouse Seminal Vesicle by Mass Spectr,Mus musculus (mouse),2025,False,archive_needs_listing,21,1,20,,,09082020_SV_C1_1__09092020_SV_E2_1.mzid.gz; 09082020_SV_C1_1__09092020_SV_E3_1.mzid.gz; 09082020_SV_C1_1__09082020_SV_C3,cysteine oxidation
PXD056375,Identification of the S-sulfenylated residues of GSNOR1 in Arabidopsis,Arabidopsis thaliana (mouse-ear cress),2025,True,neither,2,2,0,,,,S-sulfenylation; dimedone; sulfenylation
PXD056452,Redox-dependent protein S-glutathionylation governs azacitidine sensitivity and resistance,Homo sapiens (human),2026,True,neither,4,1,0,,,,S-glutathionylation; glutathionylation; iodoTMT
PXD056497,Detection of IGF2BP1 phosphorylation in vitro and in vivo via Pro-Alanase treatment,Homo sapiens (human); Escherichia coli,2024,True,archive_needs_listing,5,1,4,,,Skyline_result_in_vivo.zip; Skyline_result_in_vitro.zip; FragPipe_search_result_in_vitro.zip; FragPipe_search_result_in_,cysteine modification
PXD056647,Label-free quantitative proteomic analysis reveals the physiological and biochemical respo,Arabidopsis thaliana (mouse-ear cress),2025,False,archive_needs_listing,28,2,26,,,SN.mzid.gz; SN_H1_4.raw.zip; SN_A1_4.raw.zip; SN_A1_3.raw.zip; SN_N1_1.raw.zip; C_N1_3.raw.zip; C_N1_4.raw.zip; SN_N1_4.,cysteine modification
PXD057573,Translation of bi-directional transcripts generates peptides for the MHC-I pathway.,Homo sapiens (human),2025,False,archive_needs_listing,9,5,4,protein_peptides_Initio_f0.csv; db.peptides.csv; protein_peptides_Initio_f2.csv; intron_AB_Initio_r2_protein_peptides.cs,,917_24SP002_1_70min_2-20_Trap_FA_Wide_30ng_1_1-12-2024_09-00-41.d.7z; 923_24SP002_4_70min_2-20_Trap_FA_Wide_30ng_1_1-12-,cysteine oxidation
PXD057727,Identification of substrates of ZDHHC19 in mouse haploid spermatids using click chemistry,Mus musculus (mouse),2025,True,neither,2,2,0,,,,palmitoylation
PXD057735,Identification of substrates of ZDHHC19 in mouse haploid spermatids using Acyl RAC,Mus musculus (mouse),2025,True,neither,3,3,0,,,,palmitoylation
PXD057851,Enantioselective OTUD7B fragment discovery through chemoproteomics screening and high-thro,Homo sapiens (human),2025,True,archive_needs_listing,87,5,80,DC2817_Spectronaut_search_enantiopair_IA-DTB_Precursor_Intensity_Report.tsv,,DC2817_ELB00124_DIA_H00BP46_P03_D02_13804.d.zip; DC2817_ELB00124_DIA_H00BP4B_P08_D06_13706.d.zip; DC2817_ELB00124_DIA_H0,cysteine reactivity
PXD057932,Lower H2S-generating enzyme levels and persulfidation-mediated protein protection characte,Mus musculus (mouse),2025,True,neither,2,2,0,,,,dimedone; persulfidation; persulfidome
PXD057987,The nuclear sulfenome of Arabidopsis: spotlight on histone acetyltransferase GCN5 regulati,Arabidopsis thaliana (mouse-ear cress),2025,True,archive_needs_listing,2,1,1,,,EOS458_trypsin_all_LFQ.mzid.gz,S-sulfenylation; dimedone; sulfenome; sulfenylation
PXD058417,S-palmitoylation of synaptic proteins in rat synaptoneurosomes,Rattus norvegicus (rat),2025,True,archive_needs_listing,2,1,1,,,txt.zip,S-palmitoylation; palmitoylation
PXD058433,"LC-MSMS validation of LtpM-mediated O-Glc modification of purified LtpM,  CUGBP1, PCBP1 an",Homo sapiens (human); Legionella pneumophila,2025,False,neither,1,1,0,,,,cysteine modification
PXD058535,Ubiquitination proteome profiling of Candida albicans,Candida albicans (yeast),2025,True,archive_needs_listing,3,1,2,,,original.zip; search.zip,iodoTMT
PXD058584,Proteome and secretome profiling of type 3 dendritic cells,Homo sapiens (human),2025,True,archive_needs_listing,5,3,2,,,Secretome_MaxQuantResults.zip; Proteome_MaxQuantResults.zip,cysteine modification
PXD058611,Enhanced non-enzymatic H2S generation extends lifespan and healthspan in male mice,Mus musculus (mouse),2025,True,archive_needs_listing,3,0,2,,,MaxQuant_v2.6.5.0.zip; txt.zip,persulfidation
PXD058808,Proteomes of E. coli W3110 samples grown in different growth media,Escherichia coli,2025,True,archive_needs_listing,3,2,1,,,ionbot_results.zip,glutathionylation
PXD058810,Identification of Tie2 as a sensor for reactive oxygen species and its therapeutic implica,Homo sapiens (human),2025,False,neither,2,2,0,,,,cysteine modification
PXD058830,Proteomics analysis in HL-1 cells,Mus musculus (mouse),2024,True,archive_needs_listing,9,1,8,,,EV-U-txt.zip; oeM-U.zip; oeM-I-txt.zip; EV-I-txt.zip; EV-U.zip; oeM-U-txt.zip; EV-I.zip; oeM-I.zip,cysteine modification
PXD058865,Mitochondria-derived  ROS regulation of tardigrade osmobiosis revealed by proteomics of Hy,Hypsibius exemplaris,2025,False,archive_needs_listing,187,1,48,,,20241013_ERS_DE_NaCl_5.mzid.gz; 20230724_ERS_DE_Suc_08.mzid.gz; 20241013_ERS_DE_NaCl_18.mzid.gz; 20241013_ERS_DE_NaCl_10,cysteine oxidation
PXD059068,Redox proteomics analysis of Arabidopsis wild type and grxs12 mutants,Arabidopsis thaliana (mouse-ear cress),2026,True,neither,1,0,0,,,,S-glutathionylation; glutathionylation; iodoTMT; redox proteomics; reversible ox
PXD059427,MS-based sequence of anti-RSV-F monoclonal antibody 131-2a,Mus musculus (mouse),2025,True,archive_needs_listing,4,1,3,,,Stitch_2025-01-03_20-44-43_131-2a_it01.zip; PEAKS_131-2a.zip; Stitch_2025-01-03_21-01-22_131-2a_it02.zip,cysteine oxidation
PXD059463,Inhibition of tumor-intrinsic NAT10 enhances antitumor immunity by triggering type I inter,Mus musculus (mouse),2025,False,archive_needs_listing,8,1,7,,,WT3.zip; sgNAT10_2.zip; WT2.zip; sgNAT10_3.zip; WT1.zip; sgNAT10_1.zip; Search.zip,cysteine modification
PXD059470,Colwellia psychrerythraea Cp34H 13C-Leucine uptake over 8 days at -5Celcius to track new p,Colwellia psychrerythraea; Bacteria; Nt=colwellia ,2025,True,neither,71,3,0,,,,cysteine modification
PXD059503,Combined cysteine oxidation (C6-CPT/CysPAT) proteomics and phosphoproteomics of pervanadat,Homo sapiens (human),2026,True,neither,7,1,0,,,,cysteine oxidation
PXD059596,Inhibition of tumor-intrinsic NAT10 enhances antitumor immunity by triggering type I inter,Mus musculus (mouse),2025,False,archive_needs_listing,3,1,2,,,Search.zip; Original.zip,cysteine modification
PXD059641,Pervanadate reveals a new redox model of cellular phosphotyrosine 1 signaling C4PR_LIV,Homo sapiens (human),2026,False,archive_needs_listing,20,0,20,,,F1889708.mztab.gz; F1889717.mztab.gz; F1889711.mztab.gz; F1889714.mztab.gz; F1889723.mztab.gz; F1889720.mztab.gz; F18897,cysteine oxidation
PXD059677,S-nitrosoproteome analysis of rice leaves in response to Magnaporthe oryzae infection,Oryza sativa (rice),2025,True,neither,1,0,0,,,,S-nitrosoproteome; S-nitrosylation; iodoTMT; nitrosoproteome
PXD059735,Proteomic analysis of C2C12 myoblasts treated with Tunicamycin,Mus musculus (mouse),2026,True,neither,2,2,0,,,,cysteine oxidation
PXD059840,Pervanadate mediated cysteine oxidation directly activates SRC kinase,Homo sapiens (human),2026,False,archive_needs_listing,9,2,7,,,RFU_Comparison_2_5_mM_Prevanadate_vs_untreated.zip; SRC_Pervanadate_0_5mM.zip; Archaeopteryx_statistical_validation.zip;,cysteine oxidation
PXD060026,SFPQ Directs Histone H3.3 Deposition to R-Loops in DNA Repeats to Protect Genome Stability,Homo sapiens (human),2026,False,neither,6,6,0,,,,cysteine modification
PXD060030,Benchmark for Quantitative Global and Redox Proteomics Analysis by Combining Protein-Aggre,Sus scrofa domesticus (domestic pig),2025,True,archive_needs_listing,7,0,6,,,optimization_PAC_DIA_DIANN_corrected_lib.zip; Ischemia_reperfusion_FASP_DIA_DIANN_results.zip; optimization_PAC_DIA_DIAN,redox proteomics; thiol redox
PXD060045,Pharmacological Targeting of DHHC9-Mediated STRN4 Palmitoylation to Suppress YAP-Driven Ca,Homo sapiens (human),2025,True,neither,5,5,0,,,,S-palmitoylation; palmitoylation
PXD060133,Proteomic Insights into Rice Protein Palmitoylation and Its Role in Cytosolic Translation,Oryza sativa (rice),2026,True,archive_needs_listing,14,1,13,,,XB04702DA_CK_2_Slot2-8_1_5910.d.zip; XB04702DA_Treat_1_Slot2-9_1_5912.d.zip; XB04702DA_Treat_2_Slot2-10_1_5913.d.zip; XB,palmitoylation
PXD060142,Metabolic dependency of ribosome heterogeneity in the human malaria parasite,Plasmodium falciparum,2025,False,neither,100,2,0,,,,palmitoylation
PXD060330,Analysis of cysteine redox state with age in flies overexpressing catalase,Drosophila melanogaster (fruit fly),2025,True,neither,0,0,0,,,,OxICAT; cysteine redox
PXD060351,Identification of NIX-GST and BNIP3-GST interactors,Homo sapiens (human),2025,True,archive_needs_listing,6,2,4,,,ID_23069_FragPipe_result.7z; ID_23069_MsReport_result.7z; ID_23175_FragPipe_result.7z; ID_23175_MsReport_result.7z,cysteine modification
PXD060437,Proteomics data of plasma and bronchial alveolar lavage fluid collected from Acute respira,Homo sapiens (human),2026,True,neither,135,1,0,,,,redox proteomics
PXD060476,Effect of S-nitrosylation on PTBP1 interactome,Homo sapiens (human),2026,False,neither,12,0,0,,,,S-nitrosylation
PXD060478,Effect of PTBP1 S-nitrosylation on SNO-proteome,Homo sapiens (human),2026,True,neither,10,0,0,,,,S-nitrosylation
PXD060548,Identification of RNA-mediated interaction partners of endogenous IGF2BP3 in HCT116 cells ,Homo sapiens (human),2026,False,archive_needs_listing,3,1,2,,,ID_25003_MsReport_result.7z; ID_252003_FragPipe_result.7z,cysteine modification
PXD060583,"Versican regulates Collagen fibrillation and Tenascin-C expression, suppressing podosome f",Mus musculus (mouse),2026,False,neither,2,2,0,,,,cysteine modification
PXD060980,Chemoproteomic Profiling of Reactive Cysteines in Response to Oxidative Stress Induced by ,Homo sapiens (human),2025,True,neither,3,3,0,,,,cysteine peptide enrichment
PXD061250,Mouse lung proteomics and S-nitrosoproteomics using LC-MS/MS,Mus musculus (mouse),2026,True,neither,4,2,0,,,,S-nitrosylation; iodoTMT
PXD061271,Proteomic analysis of Cgl-ILC interaction supernatants,Mus musculus (mouse); Candida glabrata (yeast) (to,2026,True,archive_needs_listing,3,2,1,,,FragPipe_output.zip,cysteine modification
PXD061319,Dehydroglutathione to induce glutathione modification in protein,Homo sapiens (human),2025,False,peptide_only,2,2,0,msms.txt,,,S-glutathionylation; cysteine oxidation; glutathionylation
PXD061514,Analysis of posttranslational modifications in the Vesicular Glutamate Transporter 2 (Slc1,Rattus norvegicus (rat),2025,False,peptide_only,4,4,0,search_results_peptides_3enzymes_merged_1percentFDR.xlsx,,,palmitoylation
PXD061530,Proteotyping fine-grain analysis of the cardiac relic of Louis XIV,Homo sapiens (human); Fusarium avenaceum; Bacteriu,2025,False,neither,5,1,0,,,,cysteine modification
PXD061610,GAPDH inhibition in A549 and H358 lung cancer cells,Homo sapiens (human),2025,False,archive_needs_listing,6,0,6,,,Quant_H358.zip; Search_output_H358.zip; Raw_data_A549.zip; Search_output_A549.zip; Quant.zip; Raw_data_H358.zip,redox proteomics
PXD061664,General Trends in the Calnexin-Dependent Expression and Pharmacological Rescue of Clinical,Homo sapiens (human),2025,True,neither,2,0,0,,,,cysteine modification
PXD061767,New role for thioredoxins in plants: implication of TRXo1 in protein depersulfidation,Arabidopsis thaliana (mouse-ear cress),2025,False,archive_needs_listing,20,1,18,,,211203_211014A_Ceci_LRomero_6_S2-B9_1_964.d.rar; 211203_211014A_Ceci_LRomero_10_S2-B12_1_967.d.rar; 211203_211014A_Ceci_,cysteine oxidation; persulfidation; persulfide
PXD061795,SICyLIA-cTMT enables dissecting redox proteome dynamics with high accuracy and depth at mi,Mus musculus (mouse),2025,True,archive_needs_listing,185,2,1,,,MQ_txt.zip,redox proteomics
PXD061806,SICyLIA-cTMT enables dissecting redox proteome dynamics with high accuracy and depth at mi,Homo sapiens (human),2025,True,archive_needs_listing,174,2,1,,,MQ_txt.zip,redox proteomics
PXD061827,SICyLIA-cTMT enables dissecting redox proteome dynamics with high accuracy and depth at mi,Mus musculus (mouse),2025,True,archive_needs_listing,120,2,1,,,MQ_txt.zip,redox proteomics
PXD061836,Shotgun proteomic analysis of Collimonas pratensis PMB3(1) during biotite interaction and ,Collimonas pratensis,2025,False,neither,24,0,0,,,,cysteine modification
PXD061848,SICyLIA-cTMT enables dissecting redox proteome dynamics with high accuracy and depth at mi,Mus musculus (mouse),2025,False,archive_needs_listing,464,2,1,,,MQ_txt.zip,redox proteomics
PXD061855,SICyLIA-cTMT enables dissecting redox proteome dynamics with high accuracy and depth at mi,Homo sapiens (human),2025,False,archive_needs_listing,205,2,1,,,MQ_txt.zip,redox proteomics
PXD061865,SICyLIA-cTMT enables dissecting redox proteome dynamics with high accuracy and depth at mi,Mus musculus; Mus musculus (mouse),2025,True,archive_needs_listing,92,2,1,,,MQ_txt.zip,redox proteomics
PXD061965,Mitochondrial surveillance activates the primary UPRmt,Saccharomyces cerevisiae (baker's yeast),2026,True,neither,2,1,0,,,,glutathionylation; iodoTMT
PXD062210,Shotgun proteomic analysis of Caballeronia mineralivorans PML1(12) to analyze its effectiv,Caballeronia mineralivorans pml1(12),2025,False,neither,32,0,0,,,,cysteine modification
PXD062219,Quantitative mapping of methionine sensitivity to oxidation in the two-copper chaperone Pc,Cereibacter sphaeroides; Bacteria,2026,True,neither,11,2,0,,,,redox proteomics
PXD062268,ULTRAPETALA1 modulates H3K27me3 and directly enhances POLYCOMB REPRESSIVE COMPLEX 2 activi,Arabidopsis thaliana (mouse-ear cress),2026,True,archive_needs_listing,120,0,60,,,1_7.d.7z; 2_7.d.7z; 3_7.d.7z; 2_6.d.7z; 1_6.d.7z; 1_10.d.7z; 3_6.d.7z; GS1_12.d.7z; 2_8.d.7z; 2_5.d.7z; GS3_1.d.7z; GS1_,cysteine oxidation
PXD063032,"Deep shotgun proteomic analysis of cerebral organoids, plexus choroids, and cerebrospinal ",Homo sapiens (human),2025,False,neither,5,5,0,,,,cysteine modification
PXD063170,H2S-mediated S-sulfhydration coordinates autophagy and infection of the rice blast fungus,Oryza sativa (rice),2025,False,archive_needs_listing,15,1,14,,,RE334LQ_P131_2_Slot1-44_1_20491.d.zip; RE334LQ_P131_1_Slot1-43_1_20490.d.zip; RE334LQ_CSE_OE_4_Slot1-41_1_20487.d.zip; X,S-sulfhydration; sulfhydration
PXD063463,Proteome-wide Analysis of Palmitoylated Proteins in Macrophages Reveals Novel Insights int,Mus musculus (mouse),2026,True,peptide_only,22,19,0,msms_Global.txt; peptides_Missed_Cleavage_Optimization.txt; evidence_Missed_Cleavage_Optimization.txt; evidence_Global.t,,,S-palmitoylation; palmitoylation
PXD063467,"Comprehensive investigation of (redox-) proteomic changes induced by cana-, dapa-, empagli",Homo sapiens (human),2026,False,archive_needs_listing,198,2,196,,,11_AC16_DIA_GB3_1_4042.d.zip; 48_AC16_DIA_GE4_1_4073.d.zip; 44_AC16_DIA_GD8_1_4069.d.zip; HCM43_DIA_GE1_1_4327.d.zip; 21,redox proteomics
PXD063537,ZDHHC11-mediated palmitoylation alleviates chondrocyte senescence,Homo sapiens (human),2025,True,neither,3,1,0,,,,palmitoylation
PXD063727,Identification of MAST1 interactors in HEK293 cells,Homo sapiens (human); Mus musculus (mouse),2026,False,archive_needs_listing,29,1,26,,,ID_24145_MsReport_result.zip; 20240619_HTnew_Antonioli_Leonard_MPL_MUW_MPLID24145_ctrl_2_25p_s2_RH8_1_1507.d.tar; 202406,cysteine modification
PXD063731,Phospho-mapping of Tau (mouse isoform F) after phosphorylation by MAST1.,Mus musculus (mouse),2026,True,archive_needs_listing,2,1,1,,,FragPipe_result.zip,cysteine modification
PXD063795,Phospho-mapping of MAST1 in MAST1:14-3-3η complex purified from Sf9 cells,Mus musculus (mouse),2026,True,archive_needs_listing,3,1,2,,,ID_24268_FragPipe_result.zip; ID_24268_MsReport_result.zip,cysteine modification
PXD063802,Phospho-mapping of MAST1 after autophosphorylation,Mus musculus (mouse),2026,True,archive_needs_listing,3,1,2,,,ID_24301_FragPipe_result.zip; ID_24301_MsReport_result.zip,cysteine modification
PXD063803,Phospho-mapping of MAST1 after in vitro phosphorylation by PAK4,Mus musculus (mouse),2026,True,archive_needs_listing,3,1,2,,,ID_24303_FragPipe_result.zip; ID_24303_MsReport_result.zip,cysteine modification
PXD063840,ZDHHC11-mediated palmitoylation alleviates chondrocyte senescence and serves as a therapeu,Homo sapiens (human),2025,True,neither,2,1,0,,,,palmitoylation
PXD063859,ZDHHC11-mediated palmitoylation alleviates chondrocyte senescence and serves as a therapeu,Homo sapiens (human),2025,True,neither,2,1,0,,,,palmitoylation
PXD063864,ZDHHC11-mediated palmitoylation alleviates chondrocyte senescence and serves as a therapeu,Homo sapiens (human),2025,True,neither,2,1,0,,,,palmitoylation
PXD063935,Time-Resolved Analysis of Protein-Protein Ensembles using a Destabilizing Domain (TRAPPED),Homo sapiens (human),2025,True,neither,2,0,0,,,,cysteine modification
PXD064110,Structural characterization of intra- and intermolecular disulfide bonds in Voltage-Depend,Rattus norvegicus (rat),2025,True,archive_needs_listing,1,0,1,,,Search.rar,cysteine redox
PXD064268,Exploration of phosphoproteins in Acinetobacter baumannii,Acinetobacter baumannii (strain atcc 17978 / cip 5,2025,True,neither,141,1,0,,,,cysteine oxidation
PXD064279,n-Dodecyl-β-D-maltopyranoside (DDM)-Assisted Resolubilization Enhances Hydrophobic Peptide,Mus musculus (mouse),2025,True,peptide_only,15,13,0,Global_peptides.txt; Global_evidence.txt; ABE_msms.txt; ABE_modificationSpecificPeptides.txt; Global_msms.txt; ABE_evide,,,S-palmitoylation; palmitoylation
PXD064681,Global Matrisome changes in the obese lung are linked to fibroblastic stroma and premature,Mus musculus (mouse),2025,False,archive_needs_listing,3,2,1,,,MaxQuant_output.zip,cysteine modification
PXD065702,Two opposing redox signals mediated by 2-Cys peroxiredoxin shape the redox proteome during,Arabidopsis thaliana (mouse-ear cress),2025,False,neither,1,1,0,,,,redox proteomics
PXD065966,Calcium-loaded acylated segment controls the membrane penetration capacity of repeats-in-t,Bordetella pertussis nbrc 107857; Escherichia coli,2026,False,archive_needs_listing,4,1,3,,,J1000_ragPipe_Results.zip; J1000_mzML.zip; J1000_raw.zip,palmitoylation
PXD065993,Two opposing redox signals mediated by 2-Cys peroxiredoxin shape the redox proteome during,Arabidopsis thaliana (mouse-ear cress),2025,False,neither,1,1,0,,,,redox proteomics
PXD066223,TLR9-Driven S-Palmitoylation in Dendritic Cells Reveals Immune and Metabolic Protein Targe,Mus musculus (mouse),2025,True,peptide_only,24,24,0,allPeptides_2022_031.txt; peptides_2022_031.txt; msms_2022_031.txt; modificationSpecificPeptides_2022_031.txt; msmsScans,,,S-palmitoylation; palmitoylation
PXD066492,General Trends in the Calnexin-Dependent Expression and Pharmacological Rescue of Clinical,Homo sapiens (human),2025,False,neither,1,1,0,,,,cysteine modification
PXD066668,Isolation and mass spectrometry analysis of ATG9A vesicles from HAP1 cells.,Homo sapiens (human),2026,True,archive_needs_listing,4,2,2,,,FragPipe_results_Rep2.zip; MaxQuant_results_Rep1.zip,cysteine modification
PXD066952,Metabolic dysfunction-associated steatohepatitis reduces hepatic H2S- producing enzymes al,Mus musculus (mouse),2025,True,neither,7,7,0,,,,S-sulfhydration; dimedone; persulfidation; persulfide; persulfidome; sulfhydrati
PXD067016,DCAF11-dependent molecular glue degrader activated by glutathionylation,Homo sapiens (human),2026,False,archive_needs_listing,10,1,9,wp-esf_664_esf4_diann_directdia_20250622_psms_filt.csv,,esf4_10756_Slot1-22_1_5432.d.zip; esf4_10758_Slot1-24_1_5435.d.zip; esf4_10761_Slot1-27_1_5439.d.zip; esf4_10762_Slot1-2,glutathionylation
PXD067063,DCAF11-dependent molecular glue degrader activated by glutathionylation,Homo sapiens (human),2026,False,archive_needs_listing,7,1,6,,,esf4_9417_Slot2-2_1_3280.d.zip; esf4_9424_Slot2-9_1_3289.d.zip; esf4_9422_Slot2-7_1_3287.d.zip; esf4_9418_Slot2-3_1_3281,glutathionylation
PXD067066,DCAF11-dependent molecular glue degrader activated by glutathionylation,Homo sapiens (human),2026,True,neither,1,0,0,,,,glutathionylation
PXD067067,DCAF11-dependent molecular glue degrader activated by glutathionylation,Homo sapiens (human),2026,True,neither,1,0,0,,,,glutathionylation
PXD067070,DCAF11-dependent molecular glue degrader activated by glutathionylation,Homo sapiens (human),2026,True,neither,9,0,0,,,,glutathionylation
PXD067076,DCAF11-dependent molecular glue degrader activated by glutathionylation,Homo sapiens (human),2026,True,archive_needs_listing,9,1,8,,,esf6_05192_Slot1-27_1_8690.d.zip; esf6_05191_Slot1-26_1_8689.d.zip; esf6_05241_Slot1-15_1_8752.d.zip; esf6_05193_Slot1-2,glutathionylation
PXD067158,Differentially palmitoylated proteins in mitochondria from wild-type and ABHD10-knockout m,Mus musculus (mouse),2025,True,neither,8,8,0,,,,palmitoylation
PXD067266,APE1 (apurinic/apyrimidinic endonuclease 1): newly identified post-translational modificat,Homo sapiens (human),2026,True,peptide_only,37,28,0,23400_ZRL1218_APE1_1_peptides.xlsx; 23157_ZRL0607_APE1_M1P_peptides.xlsx; 23414_ZRL1226_APE1_2_ModifiedPeptides.xlsx; 23,,,palmitoylation
PXD067665,Proteomic Profiling of Oxidative Stress Response Proteins Using Methionine Sulfoxide-Inspi,Escherichia coli,2026,True,peptide_only,9,9,0,MsrA_SO-acetylene_evidence.txt; ElbB_SO-acetylene_evidence.txt,,,cysteine reactivity
PXD067709,Cysteine reactivity profiling identifies host regulators of Mycobacterium tuberculosis rep,Homo sapiens (human),2026,True,neither,14,14,0,,,,cysteine reactivity
PXD067881,Metalloproteome remodeling in calprotectin-stressed Acinetobacter baumannii using chemopro,Acinetobacter baumannii (strain atcc 17978 / cip 5,2026,True,neither,3,1,0,,,,cysteine reactivity
PXD068145,Proteome analysis of Escherichia coli during chlorite exposure.,Escherichia coli,2025,False,neither,13,1,0,,,,cysteine modification
PXD068189,Mass spectrometry proteomics data for the Spy protein from Escherichia coli WT and ∆msrP d,Escherichia coli,2025,False,neither,5,1,0,,,,cysteine modification
PXD068353,n-Dodecyl-β-D-maltopyranoside (DDM)-Assisted Resolubilization Enhances S-Palmitoylation Pr,Homo sapiens (human),2025,True,peptide_only,8,7,0,1_HEK_ABE_peptides.txt; 1_HEK_ABE_evidence.txt; 1_HEK_ABE_msms.txt; 1_HEK_ABE_modificationSpecificPeptides.txt,,,S-palmitoylation; palmitoylation
PXD068381,Proximity labelling identification of ULK1 wild-type (WT) and ULK1-K46I (kinase dead) inte,Homo sapiens (human),2026,True,archive_needs_listing,3,2,1,,,20240118_132553_ID_23159_Kraft_Babic_Apex-ULK1_27x_DIA.zip,cysteine modification
PXD068820,Co-Immunoprecipitation of Ca. Lokiarchaeum ossiferum Actin,Candidatus lokiarchaeum sp. b-35,2026,False,archive_needs_listing,11,2,9,,,20250707_timsTOFHT_NEO4_Viehboeck_Schleper_MPLGmbH_Academic_MPLID25170_IgG_4_30p_G-C8_1_5691.d.tar; 20250707_timsTOFHT_N,cysteine modification
PXD069158,TIGAR Regulates Intestinal Mucus Barrier Integrity by Inhibiting Lactylation of G6PD/6PGD ,Homo sapiens (human),2026,False,archive_needs_listing,3,1,2,,,RAW.zip; SEARCH.zip,S-nitrosylation
PXD069398,Interactomics of SARS-CoV-2 Macrodomain 1 Reveals Putative Clients of ADP-ribosyl Hydrolas,Homo sapiens (human),2026,True,neither,5,1,0,,,,cysteine modification
PXD069527,Thiohaloacetamide electrophiles proteomics - peptide-directed tests on HEK lysates,Homo sapiens (human),2026,True,archive_needs_listing,1,0,1,,,DDA_sites.zip,cysteine reactivity
PXD069670,Integrating Growth Physiology and Comparative Proteomics to Decipher Sulfur Compound Dispr,Bacteria; Dissulfuribacter thermophilus,2026,False,archive_needs_listing,48,15,1,,,FilesTimsTOFSamplesPRIDE.tar.gz,cysteine oxidation
PXD070002,A disulfide redox switch mechanism regulates glycoside hydrolase function,Bacteria; Unclassified eubacteriaceae,2025,True,archive_needs_listing,4,2,2,,,250123_30_HDMSe_MUT_WT_GH2.7z; Peptide_and_protein_searches.7z,cysteine modification
PXD070770,Chemical-proteomics profiling of reactive cysteines near a hydrophobic pocket,Homo sapiens (human),2025,True,neither,6,1,0,,,,S-palmitoylation; palmitoylation
PXD070877,Simulated microgravity-induced changes in SUMOylation and protein expression in Saccharomy,Saccharomyces cerevisiae (baker's yeast),2026,False,neither,3,3,0,,,,cysteine oxidation
PXD070932,Proteostasis sustains T cell differentiation potential and tumor-infiltrating lymphocyte f,Mus musculus (mouse),2026,True,archive_needs_listing,18,2,16,,,441_6_LLTE_R2_Slot1-6_1_15131.d.zip; 441_21_TRM_R3_Slot1-21_1_15150.d.zip; 441_7_LLTE_R3_Slot1-7_1_15132.d.zip; 441_2_TC,cysteine modification
PXD071015,Persulfidation alters gene regulatory programs and promotes endothelial specification,Homo sapiens (human),2025,True,archive_needs_listing,2,1,1,,,txt.zip,cysteine modification; persulfidation; sulfhydration; sulfhydrome
PXD071487,SIRT1 mediates brain metabolic and developmental consequences of methionine synthase defic,Mus musculus (mouse),2026,False,archive_needs_listing,11,2,8,,,2220002_K42_Male_KO_MTR_S1-B12_1_2581.d.zip; 2220002_K40_Femelle_WT_S1-B6_1_2575.d.zip; 2220002_K33_Male_WT_S1-B2_1_2571,palmitoylation
PXD071548,ISGylation of H2AX retains MDC1 and facilitates homologous recombination repair causing r,Homo sapiens (human),2026,False,neither,3,1,0,,,,cysteine oxidation
PXD072035,H2S‑mediated protein persulfidation regulates redox metabolic flux underlying salt stress ,Oryza sativa (rice),2026,True,neither,1,1,0,,,,persulfidation
PXD072062,A druggable redox switch on SHP1 controls macrophage inflammation,Homo sapiens (human); Mus musculus (mouse),2026,True,neither,4,4,0,,,,cysteine redox; redox proteomics
PXD072089,H2S‑mediated protein persulfidation regulates redox metabolic flux underlying salt stress ,Oryza sativa (rice),2026,True,peptide_only,1,1,0,SS-all-peptides.tsv,,,persulfidation; persulfide; persulfidome
PXD072221,Comparative proteomic analysis of Aspergillus brasiliensis conidia with and without pulsed,Aspergillus brasiliensis cbs 101740,2026,False,neither,17,1,0,,,,cysteine modification
PXD072300,H2S‑mediated protein persulfidation regulates redox metabolic flux underlying salt stress ,Escherichia coli,2026,False,neither,10,10,0,,,,persulfidation; persulfide
PXD073342,Phospho-proteomics study on FRZB-treated human retinal microvascular endothelial cells (HR,Homo sapiens (human),2026,True,neither,2,1,0,,,,cysteine modification
PXD073446,Proteomic Insights into Rice Protein Palmitoylation and Its Role in Cytosolic Translation,Oryza sativa (rice),2026,False,archive_needs_listing,7,1,6,,,XB04702B3DPPA_CK_3_Slot1-1_1_8942.d.zip; FP_1.zip; XB04702DPPAR1_0.01_FP_1_Slot1-1_1_10380.d.zip; XB04702B3DPPA_CK_3_mix,palmitoylation
PXD073640,Total proteome of parental and IGF2BP3 CRISPR/Cas9 knockout HCT116 cells under control con,Homo sapiens (human),2026,False,neither,3,2,0,,,,cysteine modification
PXD074013,A global S-palmitoylation map of Trypanosoma cruzi identifies ABCA10 as a key component of,Trypanosoma cruzi,2026,True,neither,10,1,0,,,,S-palmitoylation; palmitoylation
PXD074382,SLC33A1 exports oxidized glutathione to maintain endoplasmic reticulum redox homeostasis,Mus musculus (mouse),2026,True,neither,3,3,0,,,,cysteine reactivity
PXD074422,Proteome-wide identification of cysteine S-sulfenylation in response to low temperature an,Dendrobium huoshanense,2026,True,archive_needs_listing,2,1,1,,,Result.rar,S-sulfenylation; sulfenylation
PXD074488,Hierarchical small molecule inhibition of MYST acetyltransferases,Homo sapiens (human),2026,True,neither,6,2,0,,,,cysteine modification
PXD074730,Proton Transfer Charge Reduction Enables Isobaric Labeling-Based Proteoform Quantification,Bos taurus (bovine); Gallus gallus (chicken),2026,True,neither,4,4,0,,,,iodoTMT
PXD074767,Comparative proteome analysis of Ca. Lokiarchaeum ossiferum B35 in different stress condit,Candidatus lokiarchaeum sp. b-35,2026,False,archive_needs_listing,3,1,1,,,MsReport_result.zip,cysteine modification
PXD075167,Protein S-nitrosylation in lung endothelial cells from mouse,Mus musculus (mouse),2026,True,archive_needs_listing,3,1,1,,,EndothelialCells.zip,S-nitrosylation; redox proteomics
PXD075198,Lyophilization prior to homogenisation and extraction increases membrane protein detection,Escherichia coli,2026,False,peptide_only,13,13,0,PAO1_PeaksStudio_db.peptides.csv; ColiK12_PeaksStudio_db.peptides.csv; KC32_PeaksStudio_db.peptides.csv; AB472_PeaksStud,,,cysteine oxidation
PXD075204,Cysteine Redox proteomics of PDIA6 over-expressing skeletal muscle,Mus musculus (mouse),2026,True,neither,2,1,0,,,,cysteine oxidation; cysteine redox; iodoTMT; redox proteomics
PXD075222,Pull-down experiment of Cdkn1a mRNA and its protein binding partners in wounds and homeost,Sus scrofa domesticus (domestic pig),2026,True,archive_needs_listing,4,2,2,,,MsReport_Result.zip; FragPipe_Result.zip,cysteine modification
PXD075362,Experiment of proteomics and S-nitrosylation modifications proteomics in the hearts of HFp,Mus musculus (mouse),2026,True,archive_needs_listing,2,0,2,,,Proteomics_search.zip; SNitrosylationmodificationproteomics_search.zip,S-nitrosylation
PXD076106,Persulfidome of A549 alveolar epithelial cells,Homo sapiens (human),2026,True,peptide_only,14,4,0,20210720_BignellE_AmichJ.peptide_groups.xlsx,,,dimedone; persulfidation; persulfidome
PXD076311,Quantitative Tandem Mass Tag-Based Serum Proteomics for Longitudinal Biomarker Monitoring ,Homo sapiens (human),2026,False,neither,8,1,0,,,,cysteine oxidation
PXD077396,Mitochondrial surveillance activates the primary UPRmt,Saccharomyces cerevisiae (baker's yeast),2026,False,neither,3,1,0,,,,S-glutathionylation; glutathionylation
PXD079577,A STRUBBELIG-NHL3 cell surface receptor complex mediates the response to cellulose deficie,Arabidopsis thaliana; Arabidopsis thaliana (mouse-,2026,True,archive_needs_listing,4,2,2,,,txt.zip; MaxQuant_1.6.3.3.zip,cysteine modification
PXD080543,Crosstalk between S-nitrosylation and glycation defines a novel  metabolic vulnerability i,Homo sapiens (human),2026,False,peptide_only,4,3,0,peptides.txt,,,S-nitrosylation
PXD080692,Proteomic Cysteine Profiling of DMI- and DMF-treated MEFs,Mus musculus (mouse),2026,True,neither,47,47,0,,,,cysteine modification; cysteine reactivity
PXD080824,Identification of MAST1 interactors in dorsal brain organoids,Homo sapiens (human),2026,True,archive_needs_listing,2,1,1,,,ID26028_fp-protein-phospho.zip,cysteine modification
PXD081578,"NAGK sulfonylation data associated with ""A lysis-derived PMSF and orthovanadate oxidant de",Homo sapiens (human),2026,False,both_by_name,30,30,0,Rep2-3_modificationSpecificPeptides.txt; Rep1_modificationSpecificPeptides.txt; Rep2-3_allPeptides.txt; Rep1_msms.txt; R,Rep2-3_PMSF_ST_Sites.txt; Rep1_Oxidation_M_Sites.txt; Rep1_Carbamidomethyl_C_Sites.txt; Rep1_PMSF_ST_Sites.txt; Rep2-3_O,,sulfinylation
