figure,panel,row,field,value,source_table,specification_label
Fig4,a,PXD048216,share,0.94176,"Supplemental Note 7 (coincidence table, PRIMARY_leading_both_sides, CAM_only)","plotted (share, Wilson 95% interval)"
Fig4,a,PXD048216,wilson_low,0.93357,"Supplemental Note 7 (coincidence table, PRIMARY_leading_both_sides, CAM_only)","plotted (share, Wilson 95% interval)"
Fig4,a,PXD048216,wilson_high,0.94899,"Supplemental Note 7 (coincidence table, PRIMARY_leading_both_sides, CAM_only)","plotted (share, Wilson 95% interval)"
Fig4,a,PXD048216,identified,3554,"Supplemental Note 7 (coincidence table, PRIMARY_leading_both_sides, CAM_only)",not plotted; count
Fig4,a,PXD048216,with_site,3347,"Supplemental Note 7 (coincidence table, PRIMARY_leading_both_sides, CAM_only)",not plotted; count
Fig4,a,PXD063463 trypsin,estimate,0.255068,"cysteine-detectability-audit/source_data_submitted/Source_Data_Fig2_public_four_protease.csv (panel c, row Trypsin, field estimate)","plotted; protein-clustered 95% interval (Supplemental Note 4, Coincidence)"
Fig4,a,PXD063463 trypsin,ci_low,0.238042,"cysteine-detectability-audit/source_data_submitted/Source_Data_Fig2_public_four_protease.csv (panel c, row Trypsin, field ci_low)","plotted; protein-clustered 95% interval (Supplemental Note 4, Coincidence)"
Fig4,a,PXD063463 trypsin,ci_high,0.272426,"cysteine-detectability-audit/source_data_submitted/Source_Data_Fig2_public_four_protease.csv (panel c, row Trypsin, field ci_high)","plotted; protein-clustered 95% interval (Supplemental Note 4, Coincidence)"
Fig4,a,PXD063463 chymotrypsin,estimate,0.56456,"cysteine-detectability-audit/source_data_submitted/Source_Data_Fig2_public_four_protease.csv (panel c, row CT, field estimate)","plotted; protein-clustered 95% interval (Supplemental Note 4, Coincidence)"
Fig4,a,PXD063463 chymotrypsin,ci_low,0.522788,"cysteine-detectability-audit/source_data_submitted/Source_Data_Fig2_public_four_protease.csv (panel c, row CT, field ci_low)","plotted; protein-clustered 95% interval (Supplemental Note 4, Coincidence)"
Fig4,a,PXD063463 chymotrypsin,ci_high,0.607241,"cysteine-detectability-audit/source_data_submitted/Source_Data_Fig2_public_four_protease.csv (panel c, row CT, field ci_high)","plotted; protein-clustered 95% interval (Supplemental Note 4, Coincidence)"
Fig4,a,PXD063463 GluC,estimate,0.587104,"cysteine-detectability-audit/source_data_submitted/Source_Data_Fig2_public_four_protease.csv (panel c, row GluC, field estimate)","plotted; protein-clustered 95% interval (Supplemental Note 4, Coincidence)"
Fig4,a,PXD063463 GluC,ci_low,0.547189,"cysteine-detectability-audit/source_data_submitted/Source_Data_Fig2_public_four_protease.csv (panel c, row GluC, field ci_low)","plotted; protein-clustered 95% interval (Supplemental Note 4, Coincidence)"
Fig4,a,PXD063463 GluC,ci_high,0.625432,"cysteine-detectability-audit/source_data_submitted/Source_Data_Fig2_public_four_protease.csv (panel c, row GluC, field ci_high)","plotted; protein-clustered 95% interval (Supplemental Note 4, Coincidence)"
Fig4,a,PXD063463 AspN,estimate,0.614973,"cysteine-detectability-audit/source_data_submitted/Source_Data_Fig2_public_four_protease.csv (panel c, row AspN, field estimate)","plotted; protein-clustered 95% interval (Supplemental Note 4, Coincidence)"
Fig4,a,PXD063463 AspN,ci_low,0.540533,"cysteine-detectability-audit/source_data_submitted/Source_Data_Fig2_public_four_protease.csv (panel c, row AspN, field ci_low)","plotted; protein-clustered 95% interval (Supplemental Note 4, Coincidence)"
Fig4,a,PXD063463 AspN,ci_high,0.685992,"cysteine-detectability-audit/source_data_submitted/Source_Data_Fig2_public_four_protease.csv (panel c, row AspN, field ci_high)","plotted; protein-clustered 95% interval (Supplemental Note 4, Coincidence)"
Fig4,a,fps2020_ath_sulfenyl,share,0.8094,"cysteine-detectability-audit/source_data_submitted/Source_Data_text_artefact4_public_cohorts.csv (dataset_id fps2020_ath_sulfenyl, share)",plotted; YAP1C reporter; Wilson 95% interval; used_in_main_text = yes
Fig4,a,fps2020_ath_sulfenyl,wilson_low,0.7922,"cysteine-detectability-audit/source_data_submitted/Source_Data_text_artefact4_public_cohorts.csv (dataset_id fps2020_ath_sulfenyl, wilson_low)",plotted; YAP1C reporter; Wilson 95% interval; used_in_main_text = yes
Fig4,a,fps2020_ath_sulfenyl,wilson_high,0.8254,"cysteine-detectability-audit/source_data_submitted/Source_Data_text_artefact4_public_cohorts.csv (dataset_id fps2020_ath_sulfenyl, wilson_high)",plotted; YAP1C reporter; Wilson 95% interval; used_in_main_text = yes
Fig4,a,qpers_sid_tierB,share,0.3588,"cysteine-detectability-audit/source_data_submitted/Source_Data_text_artefact4_public_cohorts.csv (dataset_id qpers_sid_tierB, share)",plotted; qPerS-SID tier B; Wilson 95% interval; used_in_main_text = yes
Fig4,a,qpers_sid_tierB,wilson_low,0.3381,"cysteine-detectability-audit/source_data_submitted/Source_Data_text_artefact4_public_cohorts.csv (dataset_id qpers_sid_tierB, wilson_low)",plotted; qPerS-SID tier B; Wilson 95% interval; used_in_main_text = yes
Fig4,a,qpers_sid_tierB,wilson_high,0.3799,"cysteine-detectability-audit/source_data_submitted/Source_Data_text_artefact4_public_cohorts.csv (dataset_id qpers_sid_tierB, wilson_high)",plotted; qPerS-SID tier B; Wilson 95% interval; used_in_main_text = yes
Fig4,a,qtrp_S1_ph5,share,0.193,"cysteine-detectability-audit/source_data_submitted/Source_Data_text_artefact4_public_cohorts.csv (dataset_id qtrp_S1_ph5, share)",plotted; QTRP S1 pH5; Wilson 95% interval; used_in_main_text = yes
Fig4,a,qtrp_S1_ph5,wilson_low,0.1734,"cysteine-detectability-audit/source_data_submitted/Source_Data_text_artefact4_public_cohorts.csv (dataset_id qtrp_S1_ph5, wilson_low)",plotted; QTRP S1 pH5; Wilson 95% interval; used_in_main_text = yes
Fig4,a,qtrp_S1_ph5,wilson_high,0.2143,"cysteine-detectability-audit/source_data_submitted/Source_Data_text_artefact4_public_cohorts.csv (dataset_id qtrp_S1_ph5, wilson_high)",plotted; QTRP S1 pH5; Wilson 95% interval; used_in_main_text = yes
Fig4,a,qtrp_S2_ph5,share,0.0675,"cysteine-detectability-audit/source_data_submitted/Source_Data_text_artefact4_public_cohorts.csv (dataset_id qtrp_S2_ph5, share)",plotted; QTRP S2 pH5; Wilson 95% interval; used_in_main_text = yes
Fig4,a,qtrp_S2_ph5,wilson_low,0.0546,"cysteine-detectability-audit/source_data_submitted/Source_Data_text_artefact4_public_cohorts.csv (dataset_id qtrp_S2_ph5, wilson_low)",plotted; QTRP S2 pH5; Wilson 95% interval; used_in_main_text = yes
Fig4,a,qtrp_S2_ph5,wilson_high,0.0832,"cysteine-detectability-audit/source_data_submitted/Source_Data_text_artefact4_public_cohorts.csv (dataset_id qtrp_S2_ph5, wilson_high)",plotted; QTRP S2 pH5; Wilson 95% interval; used_in_main_text = yes
Fig4,b,separation curve point 001,mass_da,1100.0,"cysteine-detectability-audit/source_data_submitted/Source_Data_Fig3_search_space.csv (panel a, row separation curve point 001)",drawn curve grid point (reused unchanged from the original figure build)
Fig4,b,separation curve point 001,separation_ppm,16.14369527272624,"cysteine-detectability-audit/source_data_submitted/Source_Data_Fig3_search_space.csv (panel a, row separation curve point 001)",drawn curve grid point (reused unchanged from the original figure build)
Fig4,b,separation curve point 002,mass_da,1120.0,"cysteine-detectability-audit/source_data_submitted/Source_Data_Fig3_search_space.csv (panel a, row separation curve point 002)",drawn curve grid point (reused unchanged from the original figure build)
Fig4,b,separation curve point 002,separation_ppm,15.855414999998986,"cysteine-detectability-audit/source_data_submitted/Source_Data_Fig3_search_space.csv (panel a, row separation curve point 002)",drawn curve grid point (reused unchanged from the original figure build)
Fig4,b,separation curve point 003,mass_da,1140.0,"cysteine-detectability-audit/source_data_submitted/Source_Data_Fig3_search_space.csv (panel a, row separation curve point 003)",drawn curve grid point (reused unchanged from the original figure build)
Fig4,b,separation curve point 003,separation_ppm,15.577249824560408,"cysteine-detectability-audit/source_data_submitted/Source_Data_Fig3_search_space.csv (panel a, row separation curve point 003)",drawn curve grid point (reused unchanged from the original figure build)
Fig4,b,separation curve point 004,mass_da,1160.0,"cysteine-detectability-audit/source_data_submitted/Source_Data_Fig3_search_space.csv (panel a, row separation curve point 004)",drawn curve grid point (reused unchanged from the original figure build)
Fig4,b,separation curve point 004,separation_ppm,15.30867655172316,"cysteine-detectability-audit/source_data_submitted/Source_Data_Fig3_search_space.csv (panel a, row separation curve point 004)",drawn curve grid point (reused unchanged from the original figure build)
Fig4,b,separation curve point 005,mass_da,1180.0,"cysteine-detectability-audit/source_data_submitted/Source_Data_Fig3_search_space.csv (panel a, row separation curve point 005)",drawn curve grid point (reused unchanged from the original figure build)
Fig4,b,separation curve point 005,separation_ppm,15.049207457626157,"cysteine-detectability-audit/source_data_submitted/Source_Data_Fig3_search_space.csv (panel a, row separation curve point 005)",drawn curve grid point (reused unchanged from the original figure build)
Fig4,b,separation curve point 006,mass_da,1200.0,"cysteine-detectability-audit/source_data_submitted/Source_Data_Fig3_search_space.csv (panel a, row separation curve point 006)",drawn curve grid point (reused unchanged from the original figure build)
Fig4,b,separation curve point 006,separation_ppm,14.798387333332387,"cysteine-detectability-audit/source_data_submitted/Source_Data_Fig3_search_space.csv (panel a, row separation curve point 006)",drawn curve grid point (reused unchanged from the original figure build)
Fig4,b,separation curve point 007,mass_da,1220.0,"cysteine-detectability-audit/source_data_submitted/Source_Data_Fig3_search_space.csv (panel a, row separation curve point 007)",drawn curve grid point (reused unchanged from the original figure build)
Fig4,b,separation curve point 007,separation_ppm,14.5557908196712,"cysteine-detectability-audit/source_data_submitted/Source_Data_Fig3_search_space.csv (panel a, row separation curve point 007)",drawn curve grid point (reused unchanged from the original figure build)
Fig4,b,separation curve point 008,mass_da,1240.0,"cysteine-detectability-audit/source_data_submitted/Source_Data_Fig3_search_space.csv (panel a, row separation curve point 008)",drawn curve grid point (reused unchanged from the original figure build)
Fig4,b,separation curve point 008,separation_ppm,14.321019999999084,"cysteine-detectability-audit/source_data_submitted/Source_Data_Fig3_search_space.csv (panel a, row separation curve point 008)",drawn curve grid point (reused unchanged from the original figure build)
Fig4,b,separation curve point 009,mass_da,1260.0,"cysteine-detectability-audit/source_data_submitted/Source_Data_Fig3_search_space.csv (panel a, row separation curve point 009)",drawn curve grid point (reused unchanged from the original figure build)
Fig4,b,separation curve point 009,separation_ppm,14.09370222222132,"cysteine-detectability-audit/source_data_submitted/Source_Data_Fig3_search_space.csv (panel a, row separation curve point 009)",drawn curve grid point (reused unchanged from the original figure build)
Fig4,b,separation curve point 010,mass_da,1280.0,"cysteine-detectability-audit/source_data_submitted/Source_Data_Fig3_search_space.csv (panel a, row separation curve point 010)",drawn curve grid point (reused unchanged from the original figure build)
Fig4,b,separation curve point 010,separation_ppm,13.873488124999113,"cysteine-detectability-audit/source_data_submitted/Source_Data_Fig3_search_space.csv (panel a, row separation curve point 010)",drawn curve grid point (reused unchanged from the original figure build)
Fig4,b,separation curve point 011,mass_da,1300.0,"cysteine-detectability-audit/source_data_submitted/Source_Data_Fig3_search_space.csv (panel a, row separation curve point 011)",drawn curve grid point (reused unchanged from the original figure build)
Fig4,b,separation curve point 011,separation_ppm,13.660049846152972,"cysteine-detectability-audit/source_data_submitted/Source_Data_Fig3_search_space.csv (panel a, row separation curve point 011)",drawn curve grid point (reused unchanged from the original figure build)
Fig4,b,separation curve point 012,mass_da,1320.0,"cysteine-detectability-audit/source_data_submitted/Source_Data_Fig3_search_space.csv (panel a, row separation curve point 012)",drawn curve grid point (reused unchanged from the original figure build)
Fig4,b,separation curve point 012,separation_ppm,13.453079393938534,"cysteine-detectability-audit/source_data_submitted/Source_Data_Fig3_search_space.csv (panel a, row separation curve point 012)",drawn curve grid point (reused unchanged from the original figure build)
Fig4,b,separation curve point 013,mass_da,1340.0,"cysteine-detectability-audit/source_data_submitted/Source_Data_Fig3_search_space.csv (panel a, row separation curve point 013)",drawn curve grid point (reused unchanged from the original figure build)
Fig4,b,separation curve point 013,separation_ppm,13.252287164178258,"cysteine-detectability-audit/source_data_submitted/Source_Data_Fig3_search_space.csv (panel a, row separation curve point 013)",drawn curve grid point (reused unchanged from the original figure build)
Fig4,b,separation curve point 014,mass_da,1360.0,"cysteine-detectability-audit/source_data_submitted/Source_Data_Fig3_search_space.csv (panel a, row separation curve point 014)",drawn curve grid point (reused unchanged from the original figure build)
Fig4,b,separation curve point 014,separation_ppm,13.05740058823446,"cysteine-detectability-audit/source_data_submitted/Source_Data_Fig3_search_space.csv (panel a, row separation curve point 014)",drawn curve grid point (reused unchanged from the original figure build)
Fig4,b,separation curve point 015,mass_da,1380.0,"cysteine-detectability-audit/source_data_submitted/Source_Data_Fig3_search_space.csv (panel a, row separation curve point 015)",drawn curve grid point (reused unchanged from the original figure build)
Fig4,b,separation curve point 015,separation_ppm,12.868162898549903,"cysteine-detectability-audit/source_data_submitted/Source_Data_Fig3_search_space.csv (panel a, row separation curve point 015)",drawn curve grid point (reused unchanged from the original figure build)
Fig4,b,separation curve point 016,mass_da,1400.0,"cysteine-detectability-audit/source_data_submitted/Source_Data_Fig3_search_space.csv (panel a, row separation curve point 016)",drawn curve grid point (reused unchanged from the original figure build)
Fig4,b,separation curve point 016,separation_ppm,12.68433199999919,"cysteine-detectability-audit/source_data_submitted/Source_Data_Fig3_search_space.csv (panel a, row separation curve point 016)",drawn curve grid point (reused unchanged from the original figure build)
Fig4,b,separation curve point 017,mass_da,1420.0,"cysteine-detectability-audit/source_data_submitted/Source_Data_Fig3_search_space.csv (panel a, row separation curve point 017)",drawn curve grid point (reused unchanged from the original figure build)
Fig4,b,separation curve point 017,separation_ppm,12.50567943661892,"cysteine-detectability-audit/source_data_submitted/Source_Data_Fig3_search_space.csv (panel a, row separation curve point 017)",drawn curve grid point (reused unchanged from the original figure build)
Fig4,b,separation curve point 018,mass_da,1440.0,"cysteine-detectability-audit/source_data_submitted/Source_Data_Fig3_search_space.csv (panel a, row separation curve point 018)",drawn curve grid point (reused unchanged from the original figure build)
Fig4,b,separation curve point 018,separation_ppm,12.331989444443657,"cysteine-detectability-audit/source_data_submitted/Source_Data_Fig3_search_space.csv (panel a, row separation curve point 018)",drawn curve grid point (reused unchanged from the original figure build)
Fig4,b,separation curve point 019,mass_da,1460.0,"cysteine-detectability-audit/source_data_submitted/Source_Data_Fig3_search_space.csv (panel a, row separation curve point 019)",drawn curve grid point (reused unchanged from the original figure build)
Fig4,b,separation curve point 019,separation_ppm,12.163058082191004,"cysteine-detectability-audit/source_data_submitted/Source_Data_Fig3_search_space.csv (panel a, row separation curve point 019)",drawn curve grid point (reused unchanged from the original figure build)
Fig4,b,separation curve point 020,mass_da,1480.0,"cysteine-detectability-audit/source_data_submitted/Source_Data_Fig3_search_space.csv (panel a, row separation curve point 020)",drawn curve grid point (reused unchanged from the original figure build)
Fig4,b,separation curve point 020,separation_ppm,11.998692432431666,"cysteine-detectability-audit/source_data_submitted/Source_Data_Fig3_search_space.csv (panel a, row separation curve point 020)",drawn curve grid point (reused unchanged from the original figure build)
Fig4,b,separation curve point 021,mass_da,1500.0,"cysteine-detectability-audit/source_data_submitted/Source_Data_Fig3_search_space.csv (panel a, row separation curve point 021)",drawn curve grid point (reused unchanged from the original figure build)
Fig4,b,separation curve point 021,separation_ppm,11.83870986666591,"cysteine-detectability-audit/source_data_submitted/Source_Data_Fig3_search_space.csv (panel a, row separation curve point 021)",drawn curve grid point (reused unchanged from the original figure build)
Fig4,b,separation curve point 022,mass_da,1520.0,"cysteine-detectability-audit/source_data_submitted/Source_Data_Fig3_search_space.csv (panel a, row separation curve point 022)",drawn curve grid point (reused unchanged from the original figure build)
Fig4,b,separation curve point 022,separation_ppm,11.682937368420307,"cysteine-detectability-audit/source_data_submitted/Source_Data_Fig3_search_space.csv (panel a, row separation curve point 022)",drawn curve grid point (reused unchanged from the original figure build)
Fig4,b,separation curve point 023,mass_da,1540.0,"cysteine-detectability-audit/source_data_submitted/Source_Data_Fig3_search_space.csv (panel a, row separation curve point 023)",drawn curve grid point (reused unchanged from the original figure build)
Fig4,b,separation curve point 023,separation_ppm,11.531210909090172,"cysteine-detectability-audit/source_data_submitted/Source_Data_Fig3_search_space.csv (panel a, row separation curve point 023)",drawn curve grid point (reused unchanged from the original figure build)
Fig4,b,separation curve point 024,mass_da,1560.0,"cysteine-detectability-audit/source_data_submitted/Source_Data_Fig3_search_space.csv (panel a, row separation curve point 024)",drawn curve grid point (reused unchanged from the original figure build)
Fig4,b,separation curve point 024,separation_ppm,11.383374871794144,"cysteine-detectability-audit/source_data_submitted/Source_Data_Fig3_search_space.csv (panel a, row separation curve point 024)",drawn curve grid point (reused unchanged from the original figure build)
Fig4,b,separation curve point 025,mass_da,1580.0,"cysteine-detectability-audit/source_data_submitted/Source_Data_Fig3_search_space.csv (panel a, row separation curve point 025)",drawn curve grid point (reused unchanged from the original figure build)
Fig4,b,separation curve point 025,separation_ppm,11.239281518986623,"cysteine-detectability-audit/source_data_submitted/Source_Data_Fig3_search_space.csv (panel a, row separation curve point 025)",drawn curve grid point (reused unchanged from the original figure build)
Fig4,b,separation curve point 026,mass_da,1600.0,"cysteine-detectability-audit/source_data_submitted/Source_Data_Fig3_search_space.csv (panel a, row separation curve point 026)",drawn curve grid point (reused unchanged from the original figure build)
Fig4,b,separation curve point 026,separation_ppm,11.098790499999291,"cysteine-detectability-audit/source_data_submitted/Source_Data_Fig3_search_space.csv (panel a, row separation curve point 026)",drawn curve grid point (reused unchanged from the original figure build)
Fig4,b,separation curve point 027,mass_da,1620.0,"cysteine-detectability-audit/source_data_submitted/Source_Data_Fig3_search_space.csv (panel a, row separation curve point 027)",drawn curve grid point (reused unchanged from the original figure build)
Fig4,b,separation curve point 027,separation_ppm,10.961768395061029,"cysteine-detectability-audit/source_data_submitted/Source_Data_Fig3_search_space.csv (panel a, row separation curve point 027)",drawn curve grid point (reused unchanged from the original figure build)
Fig4,b,separation curve point 028,mass_da,1640.0,"cysteine-detectability-audit/source_data_submitted/Source_Data_Fig3_search_space.csv (panel a, row separation curve point 028)",drawn curve grid point (reused unchanged from the original figure build)
Fig4,b,separation curve point 028,separation_ppm,10.828088292682235,"cysteine-detectability-audit/source_data_submitted/Source_Data_Fig3_search_space.csv (panel a, row separation curve point 028)",drawn curve grid point (reused unchanged from the original figure build)
Fig4,b,separation curve point 029,mass_da,1660.0,"cysteine-detectability-audit/source_data_submitted/Source_Data_Fig3_search_space.csv (panel a, row separation curve point 029)",drawn curve grid point (reused unchanged from the original figure build)
Fig4,b,separation curve point 029,separation_ppm,10.697629397589678,"cysteine-detectability-audit/source_data_submitted/Source_Data_Fig3_search_space.csv (panel a, row separation curve point 029)",drawn curve grid point (reused unchanged from the original figure build)
Fig4,b,separation curve point 030,mass_da,1680.0,"cysteine-detectability-audit/source_data_submitted/Source_Data_Fig3_search_space.csv (panel a, row separation curve point 030)",drawn curve grid point (reused unchanged from the original figure build)
Fig4,b,separation curve point 030,separation_ppm,10.570276666665992,"cysteine-detectability-audit/source_data_submitted/Source_Data_Fig3_search_space.csv (panel a, row separation curve point 030)",drawn curve grid point (reused unchanged from the original figure build)
Fig4,b,separation curve point 031,mass_da,1700.0,"cysteine-detectability-audit/source_data_submitted/Source_Data_Fig3_search_space.csv (panel a, row separation curve point 031)",drawn curve grid point (reused unchanged from the original figure build)
Fig4,b,separation curve point 031,separation_ppm,10.445920470587568,"cysteine-detectability-audit/source_data_submitted/Source_Data_Fig3_search_space.csv (panel a, row separation curve point 031)",drawn curve grid point (reused unchanged from the original figure build)
Fig4,b,separation curve point 032,mass_da,1720.0,"cysteine-detectability-audit/source_data_submitted/Source_Data_Fig3_search_space.csv (panel a, row separation curve point 032)",drawn curve grid point (reused unchanged from the original figure build)
Fig4,b,separation curve point 032,separation_ppm,10.324456279069107,"cysteine-detectability-audit/source_data_submitted/Source_Data_Fig3_search_space.csv (panel a, row separation curve point 032)",drawn curve grid point (reused unchanged from the original figure build)
Fig4,b,separation curve point 033,mass_da,1740.0,"cysteine-detectability-audit/source_data_submitted/Source_Data_Fig3_search_space.csv (panel a, row separation curve point 033)",drawn curve grid point (reused unchanged from the original figure build)
Fig4,b,separation curve point 033,separation_ppm,10.20578436781544,"cysteine-detectability-audit/source_data_submitted/Source_Data_Fig3_search_space.csv (panel a, row separation curve point 033)",drawn curve grid point (reused unchanged from the original figure build)
Fig4,b,separation curve point 034,mass_da,1760.0,"cysteine-detectability-audit/source_data_submitted/Source_Data_Fig3_search_space.csv (panel a, row separation curve point 034)",drawn curve grid point (reused unchanged from the original figure build)
Fig4,b,separation curve point 034,separation_ppm,10.089809545453901,"cysteine-detectability-audit/source_data_submitted/Source_Data_Fig3_search_space.csv (panel a, row separation curve point 034)",drawn curve grid point (reused unchanged from the original figure build)
Fig4,b,separation curve point 035,mass_da,1780.0,"cysteine-detectability-audit/source_data_submitted/Source_Data_Fig3_search_space.csv (panel a, row separation curve point 035)",drawn curve grid point (reused unchanged from the original figure build)
Fig4,b,separation curve point 035,separation_ppm,9.976440898875767,"cysteine-detectability-audit/source_data_submitted/Source_Data_Fig3_search_space.csv (panel a, row separation curve point 035)",drawn curve grid point (reused unchanged from the original figure build)
Fig4,b,separation curve point 036,mass_da,1800.0,"cysteine-detectability-audit/source_data_submitted/Source_Data_Fig3_search_space.csv (panel a, row separation curve point 036)",drawn curve grid point (reused unchanged from the original figure build)
Fig4,b,separation curve point 036,separation_ppm,9.865591555554925,"cysteine-detectability-audit/source_data_submitted/Source_Data_Fig3_search_space.csv (panel a, row separation curve point 036)",drawn curve grid point (reused unchanged from the original figure build)
Fig4,b,separation curve point 037,mass_da,1820.0,"cysteine-detectability-audit/source_data_submitted/Source_Data_Fig3_search_space.csv (panel a, row separation curve point 037)",drawn curve grid point (reused unchanged from the original figure build)
Fig4,b,separation curve point 037,separation_ppm,9.757178461537839,"cysteine-detectability-audit/source_data_submitted/Source_Data_Fig3_search_space.csv (panel a, row separation curve point 037)",drawn curve grid point (reused unchanged from the original figure build)
Fig4,b,separation curve point 038,mass_da,1840.0,"cysteine-detectability-audit/source_data_submitted/Source_Data_Fig3_search_space.csv (panel a, row separation curve point 038)",drawn curve grid point (reused unchanged from the original figure build)
Fig4,b,separation curve point 038,separation_ppm,9.651122173912427,"cysteine-detectability-audit/source_data_submitted/Source_Data_Fig3_search_space.csv (panel a, row separation curve point 038)",drawn curve grid point (reused unchanged from the original figure build)
Fig4,b,separation curve point 039,mass_da,1860.0,"cysteine-detectability-audit/source_data_submitted/Source_Data_Fig3_search_space.csv (panel a, row separation curve point 039)",drawn curve grid point (reused unchanged from the original figure build)
Fig4,b,separation curve point 039,separation_ppm,9.547346666666057,"cysteine-detectability-audit/source_data_submitted/Source_Data_Fig3_search_space.csv (panel a, row separation curve point 039)",drawn curve grid point (reused unchanged from the original figure build)
Fig4,b,separation curve point 040,mass_da,1880.0,"cysteine-detectability-audit/source_data_submitted/Source_Data_Fig3_search_space.csv (panel a, row separation curve point 040)",drawn curve grid point (reused unchanged from the original figure build)
Fig4,b,separation curve point 040,separation_ppm,9.445779148935566,"cysteine-detectability-audit/source_data_submitted/Source_Data_Fig3_search_space.csv (panel a, row separation curve point 040)",drawn curve grid point (reused unchanged from the original figure build)
Fig4,b,separation curve point 041,mass_da,1900.0,"cysteine-detectability-audit/source_data_submitted/Source_Data_Fig3_search_space.csv (panel a, row separation curve point 041)",drawn curve grid point (reused unchanged from the original figure build)
Fig4,b,separation curve point 041,separation_ppm,9.346349894736244,"cysteine-detectability-audit/source_data_submitted/Source_Data_Fig3_search_space.csv (panel a, row separation curve point 041)",drawn curve grid point (reused unchanged from the original figure build)
Fig4,b,separation curve point 042,mass_da,1920.0,"cysteine-detectability-audit/source_data_submitted/Source_Data_Fig3_search_space.csv (panel a, row separation curve point 042)",drawn curve grid point (reused unchanged from the original figure build)
Fig4,b,separation curve point 042,separation_ppm,9.248992083332743,"cysteine-detectability-audit/source_data_submitted/Source_Data_Fig3_search_space.csv (panel a, row separation curve point 042)",drawn curve grid point (reused unchanged from the original figure build)
Fig4,b,separation curve point 043,mass_da,1940.0,"cysteine-detectability-audit/source_data_submitted/Source_Data_Fig3_search_space.csv (panel a, row separation curve point 043)",drawn curve grid point (reused unchanged from the original figure build)
Fig4,b,separation curve point 043,separation_ppm,9.153641649483951,"cysteine-detectability-audit/source_data_submitted/Source_Data_Fig3_search_space.csv (panel a, row separation curve point 043)",drawn curve grid point (reused unchanged from the original figure build)
Fig4,b,separation curve point 044,mass_da,1960.0,"cysteine-detectability-audit/source_data_submitted/Source_Data_Fig3_search_space.csv (panel a, row separation curve point 044)",drawn curve grid point (reused unchanged from the original figure build)
Fig4,b,separation curve point 044,separation_ppm,9.060237142856565,"cysteine-detectability-audit/source_data_submitted/Source_Data_Fig3_search_space.csv (panel a, row separation curve point 044)",drawn curve grid point (reused unchanged from the original figure build)
Fig4,b,separation curve point 045,mass_da,1980.0,"cysteine-detectability-audit/source_data_submitted/Source_Data_Fig3_search_space.csv (panel a, row separation curve point 045)",drawn curve grid point (reused unchanged from the original figure build)
Fig4,b,separation curve point 045,separation_ppm,8.968719595959023,"cysteine-detectability-audit/source_data_submitted/Source_Data_Fig3_search_space.csv (panel a, row separation curve point 045)",drawn curve grid point (reused unchanged from the original figure build)
Fig4,b,separation curve point 046,mass_da,2000.0,"cysteine-detectability-audit/source_data_submitted/Source_Data_Fig3_search_space.csv (panel a, row separation curve point 046)",drawn curve grid point (reused unchanged from the original figure build)
Fig4,b,separation curve point 046,separation_ppm,8.879032399999433,"cysteine-detectability-audit/source_data_submitted/Source_Data_Fig3_search_space.csv (panel a, row separation curve point 046)",drawn curve grid point (reused unchanged from the original figure build)
Fig4,b,separation curve point 047,mass_da,2050.0,"cysteine-detectability-audit/source_data_submitted/Source_Data_Fig3_search_space.csv (panel a, row separation curve point 047)",drawn curve grid point (reused unchanged from the original figure build)
Fig4,b,separation curve point 047,separation_ppm,8.662470634145787,"cysteine-detectability-audit/source_data_submitted/Source_Data_Fig3_search_space.csv (panel a, row separation curve point 047)",drawn curve grid point (reused unchanged from the original figure build)
Fig4,b,separation curve point 048,mass_da,2100.0,"cysteine-detectability-audit/source_data_submitted/Source_Data_Fig3_search_space.csv (panel a, row separation curve point 048)",drawn curve grid point (reused unchanged from the original figure build)
Fig4,b,separation curve point 048,separation_ppm,8.456221333332794,"cysteine-detectability-audit/source_data_submitted/Source_Data_Fig3_search_space.csv (panel a, row separation curve point 048)",drawn curve grid point (reused unchanged from the original figure build)
Fig4,b,separation curve point 049,mass_da,2150.0,"cysteine-detectability-audit/source_data_submitted/Source_Data_Fig3_search_space.csv (panel a, row separation curve point 049)",drawn curve grid point (reused unchanged from the original figure build)
Fig4,b,separation curve point 049,separation_ppm,8.259565023255286,"cysteine-detectability-audit/source_data_submitted/Source_Data_Fig3_search_space.csv (panel a, row separation curve point 049)",drawn curve grid point (reused unchanged from the original figure build)
Fig4,b,separation curve point 050,mass_da,2200.0,"cysteine-detectability-audit/source_data_submitted/Source_Data_Fig3_search_space.csv (panel a, row separation curve point 050)",drawn curve grid point (reused unchanged from the original figure build)
Fig4,b,separation curve point 050,separation_ppm,8.07184763636312,"cysteine-detectability-audit/source_data_submitted/Source_Data_Fig3_search_space.csv (panel a, row separation curve point 050)",drawn curve grid point (reused unchanged from the original figure build)
Fig4,b,separation curve point 051,mass_da,2250.0,"cysteine-detectability-audit/source_data_submitted/Source_Data_Fig3_search_space.csv (panel a, row separation curve point 051)",drawn curve grid point (reused unchanged from the original figure build)
Fig4,b,separation curve point 051,separation_ppm,7.89247324444394,"cysteine-detectability-audit/source_data_submitted/Source_Data_Fig3_search_space.csv (panel a, row separation curve point 051)",drawn curve grid point (reused unchanged from the original figure build)
Fig4,b,separation curve point 052,mass_da,2300.0,"cysteine-detectability-audit/source_data_submitted/Source_Data_Fig3_search_space.csv (panel a, row separation curve point 052)",drawn curve grid point (reused unchanged from the original figure build)
Fig4,b,separation curve point 052,separation_ppm,7.720897739129941,"cysteine-detectability-audit/source_data_submitted/Source_Data_Fig3_search_space.csv (panel a, row separation curve point 052)",drawn curve grid point (reused unchanged from the original figure build)
Fig4,b,separation curve point 053,mass_da,2350.0,"cysteine-detectability-audit/source_data_submitted/Source_Data_Fig3_search_space.csv (panel a, row separation curve point 053)",drawn curve grid point (reused unchanged from the original figure build)
Fig4,b,separation curve point 053,separation_ppm,7.5566233191484535,"cysteine-detectability-audit/source_data_submitted/Source_Data_Fig3_search_space.csv (panel a, row separation curve point 053)",drawn curve grid point (reused unchanged from the original figure build)
Fig4,b,separation curve point 054,mass_da,2400.0,"cysteine-detectability-audit/source_data_submitted/Source_Data_Fig3_search_space.csv (panel a, row separation curve point 054)",drawn curve grid point (reused unchanged from the original figure build)
Fig4,b,separation curve point 054,separation_ppm,7.399193666666194,"cysteine-detectability-audit/source_data_submitted/Source_Data_Fig3_search_space.csv (panel a, row separation curve point 054)",drawn curve grid point (reused unchanged from the original figure build)
Fig4,b,separation curve point 055,mass_da,2450.0,"cysteine-detectability-audit/source_data_submitted/Source_Data_Fig3_search_space.csv (panel a, row separation curve point 055)",drawn curve grid point (reused unchanged from the original figure build)
Fig4,b,separation curve point 055,separation_ppm,7.248189714285251,"cysteine-detectability-audit/source_data_submitted/Source_Data_Fig3_search_space.csv (panel a, row separation curve point 055)",drawn curve grid point (reused unchanged from the original figure build)
Fig4,b,separation curve point 056,mass_da,2500.0,"cysteine-detectability-audit/source_data_submitted/Source_Data_Fig3_search_space.csv (panel a, row separation curve point 056)",drawn curve grid point (reused unchanged from the original figure build)
Fig4,b,separation curve point 056,separation_ppm,7.103225919999546,"cysteine-detectability-audit/source_data_submitted/Source_Data_Fig3_search_space.csv (panel a, row separation curve point 056)",drawn curve grid point (reused unchanged from the original figure build)
Fig4,b,separation curve point 057,mass_da,2550.0,"cysteine-detectability-audit/source_data_submitted/Source_Data_Fig3_search_space.csv (panel a, row separation curve point 057)",drawn curve grid point (reused unchanged from the original figure build)
Fig4,b,separation curve point 057,separation_ppm,6.963946980391712,"cysteine-detectability-audit/source_data_submitted/Source_Data_Fig3_search_space.csv (panel a, row separation curve point 057)",drawn curve grid point (reused unchanged from the original figure build)
Fig4,b,separation curve point 058,mass_da,2600.0,"cysteine-detectability-audit/source_data_submitted/Source_Data_Fig3_search_space.csv (panel a, row separation curve point 058)",drawn curve grid point (reused unchanged from the original figure build)
Fig4,b,separation curve point 058,separation_ppm,6.830024923076486,"cysteine-detectability-audit/source_data_submitted/Source_Data_Fig3_search_space.csv (panel a, row separation curve point 058)",drawn curve grid point (reused unchanged from the original figure build)
Fig4,b,separation curve point 059,mass_da,2650.0,"cysteine-detectability-audit/source_data_submitted/Source_Data_Fig3_search_space.csv (panel a, row separation curve point 059)",drawn curve grid point (reused unchanged from the original figure build)
Fig4,b,separation curve point 059,separation_ppm,6.701156528301459,"cysteine-detectability-audit/source_data_submitted/Source_Data_Fig3_search_space.csv (panel a, row separation curve point 059)",drawn curve grid point (reused unchanged from the original figure build)
Fig4,b,separation curve point 060,mass_da,2700.0,"cysteine-detectability-audit/source_data_submitted/Source_Data_Fig3_search_space.csv (panel a, row separation curve point 060)",drawn curve grid point (reused unchanged from the original figure build)
Fig4,b,separation curve point 060,separation_ppm,6.577061037036617,"cysteine-detectability-audit/source_data_submitted/Source_Data_Fig3_search_space.csv (panel a, row separation curve point 060)",drawn curve grid point (reused unchanged from the original figure build)
Fig4,b,separation curve point 061,mass_da,2750.0,"cysteine-detectability-audit/source_data_submitted/Source_Data_Fig3_search_space.csv (panel a, row separation curve point 061)",drawn curve grid point (reused unchanged from the original figure build)
Fig4,b,separation curve point 061,separation_ppm,6.457478109090497,"cysteine-detectability-audit/source_data_submitted/Source_Data_Fig3_search_space.csv (panel a, row separation curve point 061)",drawn curve grid point (reused unchanged from the original figure build)
Fig4,b,separation curve point 062,mass_da,2800.0,"cysteine-detectability-audit/source_data_submitted/Source_Data_Fig3_search_space.csv (panel a, row separation curve point 062)",drawn curve grid point (reused unchanged from the original figure build)
Fig4,b,separation curve point 062,separation_ppm,6.342165999999595,"cysteine-detectability-audit/source_data_submitted/Source_Data_Fig3_search_space.csv (panel a, row separation curve point 062)",drawn curve grid point (reused unchanged from the original figure build)
Fig4,b,separation curve point 063,mass_da,2850.0,"cysteine-detectability-audit/source_data_submitted/Source_Data_Fig3_search_space.csv (panel a, row separation curve point 063)",drawn curve grid point (reused unchanged from the original figure build)
Fig4,b,separation curve point 063,separation_ppm,6.230899929824163,"cysteine-detectability-audit/source_data_submitted/Source_Data_Fig3_search_space.csv (panel a, row separation curve point 063)",drawn curve grid point (reused unchanged from the original figure build)
Fig4,b,separation curve point 064,mass_da,2900.0,"cysteine-detectability-audit/source_data_submitted/Source_Data_Fig3_search_space.csv (panel a, row separation curve point 064)",drawn curve grid point (reused unchanged from the original figure build)
Fig4,b,separation curve point 064,separation_ppm,6.123470620689264,"cysteine-detectability-audit/source_data_submitted/Source_Data_Fig3_search_space.csv (panel a, row separation curve point 064)",drawn curve grid point (reused unchanged from the original figure build)
Fig4,b,separation curve point 065,mass_da,2950.0,"cysteine-detectability-audit/source_data_submitted/Source_Data_Fig3_search_space.csv (panel a, row separation curve point 065)",drawn curve grid point (reused unchanged from the original figure build)
Fig4,b,separation curve point 065,separation_ppm,6.019682983050463,"cysteine-detectability-audit/source_data_submitted/Source_Data_Fig3_search_space.csv (panel a, row separation curve point 065)",drawn curve grid point (reused unchanged from the original figure build)
Fig4,b,separation curve point 066,mass_da,3000.0,"cysteine-detectability-audit/source_data_submitted/Source_Data_Fig3_search_space.csv (panel a, row separation curve point 066)",drawn curve grid point (reused unchanged from the original figure build)
Fig4,b,separation curve point 066,separation_ppm,5.919354933332955,"cysteine-detectability-audit/source_data_submitted/Source_Data_Fig3_search_space.csv (panel a, row separation curve point 066)",drawn curve grid point (reused unchanged from the original figure build)
Fig4,b,separation curve point 067,mass_da,3050.0,"cysteine-detectability-audit/source_data_submitted/Source_Data_Fig3_search_space.csv (panel a, row separation curve point 067)",drawn curve grid point (reused unchanged from the original figure build)
Fig4,b,separation curve point 067,separation_ppm,5.822316327868481,"cysteine-detectability-audit/source_data_submitted/Source_Data_Fig3_search_space.csv (panel a, row separation curve point 067)",drawn curve grid point (reused unchanged from the original figure build)
Fig4,b,separation curve point 068,mass_da,3100.0,"cysteine-detectability-audit/source_data_submitted/Source_Data_Fig3_search_space.csv (panel a, row separation curve point 068)",drawn curve grid point (reused unchanged from the original figure build)
Fig4,b,separation curve point 068,separation_ppm,5.728407999999634,"cysteine-detectability-audit/source_data_submitted/Source_Data_Fig3_search_space.csv (panel a, row separation curve point 068)",drawn curve grid point (reused unchanged from the original figure build)
Fig4,b,separation curve point 069,mass_da,3150.0,"cysteine-detectability-audit/source_data_submitted/Source_Data_Fig3_search_space.csv (panel a, row separation curve point 069)",drawn curve grid point (reused unchanged from the original figure build)
Fig4,b,separation curve point 069,separation_ppm,5.637480888888528,"cysteine-detectability-audit/source_data_submitted/Source_Data_Fig3_search_space.csv (panel a, row separation curve point 069)",drawn curve grid point (reused unchanged from the original figure build)
Fig4,b,separation curve point 070,mass_da,3200.0,"cysteine-detectability-audit/source_data_submitted/Source_Data_Fig3_search_space.csv (panel a, row separation curve point 070)",drawn curve grid point (reused unchanged from the original figure build)
Fig4,b,separation curve point 070,separation_ppm,5.5493952499996455,"cysteine-detectability-audit/source_data_submitted/Source_Data_Fig3_search_space.csv (panel a, row separation curve point 070)",drawn curve grid point (reused unchanged from the original figure build)
Fig4,b,separation curve point 071,mass_da,3250.0,"cysteine-detectability-audit/source_data_submitted/Source_Data_Fig3_search_space.csv (panel a, row separation curve point 071)",drawn curve grid point (reused unchanged from the original figure build)
Fig4,b,separation curve point 071,separation_ppm,5.464019938461189,"cysteine-detectability-audit/source_data_submitted/Source_Data_Fig3_search_space.csv (panel a, row separation curve point 071)",drawn curve grid point (reused unchanged from the original figure build)
Fig4,b,separation curve point 072,mass_da,3300.0,"cysteine-detectability-audit/source_data_submitted/Source_Data_Fig3_search_space.csv (panel a, row separation curve point 072)",drawn curve grid point (reused unchanged from the original figure build)
Fig4,b,separation curve point 072,separation_ppm,5.381231757575414,"cysteine-detectability-audit/source_data_submitted/Source_Data_Fig3_search_space.csv (panel a, row separation curve point 072)",drawn curve grid point (reused unchanged from the original figure build)
Fig4,b,separation curve point 073,mass_da,3350.0,"cysteine-detectability-audit/source_data_submitted/Source_Data_Fig3_search_space.csv (panel a, row separation curve point 073)",drawn curve grid point (reused unchanged from the original figure build)
Fig4,b,separation curve point 073,separation_ppm,5.300914865671303,"cysteine-detectability-audit/source_data_submitted/Source_Data_Fig3_search_space.csv (panel a, row separation curve point 073)",drawn curve grid point (reused unchanged from the original figure build)
Fig4,b,separation curve point 074,mass_da,3400.0,"cysteine-detectability-audit/source_data_submitted/Source_Data_Fig3_search_space.csv (panel a, row separation curve point 074)",drawn curve grid point (reused unchanged from the original figure build)
Fig4,b,separation curve point 074,separation_ppm,5.222960235293784,"cysteine-detectability-audit/source_data_submitted/Source_Data_Fig3_search_space.csv (panel a, row separation curve point 074)",drawn curve grid point (reused unchanged from the original figure build)
Fig4,b,separation curve point 075,mass_da,3450.0,"cysteine-detectability-audit/source_data_submitted/Source_Data_Fig3_search_space.csv (panel a, row separation curve point 075)",drawn curve grid point (reused unchanged from the original figure build)
Fig4,b,separation curve point 075,separation_ppm,5.147265159419961,"cysteine-detectability-audit/source_data_submitted/Source_Data_Fig3_search_space.csv (panel a, row separation curve point 075)",drawn curve grid point (reused unchanged from the original figure build)
Fig4,b,separation curve point 076,mass_da,3500.0,"cysteine-detectability-audit/source_data_submitted/Source_Data_Fig3_search_space.csv (panel a, row separation curve point 076)",drawn curve grid point (reused unchanged from the original figure build)
Fig4,b,separation curve point 076,separation_ppm,5.073732799999676,"cysteine-detectability-audit/source_data_submitted/Source_Data_Fig3_search_space.csv (panel a, row separation curve point 076)",drawn curve grid point (reused unchanged from the original figure build)
Fig4,b,separation curve point 077,mass_da,3550.0,"cysteine-detectability-audit/source_data_submitted/Source_Data_Fig3_search_space.csv (panel a, row separation curve point 077)",drawn curve grid point (reused unchanged from the original figure build)
Fig4,b,separation curve point 077,separation_ppm,5.002271774647568,"cysteine-detectability-audit/source_data_submitted/Source_Data_Fig3_search_space.csv (panel a, row separation curve point 077)",drawn curve grid point (reused unchanged from the original figure build)
Fig4,b,separation curve point 078,mass_da,3600.0,"cysteine-detectability-audit/source_data_submitted/Source_Data_Fig3_search_space.csv (panel a, row separation curve point 078)",drawn curve grid point (reused unchanged from the original figure build)
Fig4,b,separation curve point 078,separation_ppm,4.9327957777774625,"cysteine-detectability-audit/source_data_submitted/Source_Data_Fig3_search_space.csv (panel a, row separation curve point 078)",drawn curve grid point (reused unchanged from the original figure build)
Fig4,b,separation curve point 079,mass_da,3650.0,"cysteine-detectability-audit/source_data_submitted/Source_Data_Fig3_search_space.csv (panel a, row separation curve point 079)",drawn curve grid point (reused unchanged from the original figure build)
Fig4,b,separation curve point 079,separation_ppm,4.865223232876401,"cysteine-detectability-audit/source_data_submitted/Source_Data_Fig3_search_space.csv (panel a, row separation curve point 079)",drawn curve grid point (reused unchanged from the original figure build)
Fig4,b,separation curve point 080,mass_da,3700.0,"cysteine-detectability-audit/source_data_submitted/Source_Data_Fig3_search_space.csv (panel a, row separation curve point 080)",drawn curve grid point (reused unchanged from the original figure build)
Fig4,b,separation curve point 080,separation_ppm,4.799476972972666,"cysteine-detectability-audit/source_data_submitted/Source_Data_Fig3_search_space.csv (panel a, row separation curve point 080)",drawn curve grid point (reused unchanged from the original figure build)
Fig4,b,separation curve point 081,mass_da,3750.0,"cysteine-detectability-audit/source_data_submitted/Source_Data_Fig3_search_space.csv (panel a, row separation curve point 081)",drawn curve grid point (reused unchanged from the original figure build)
Fig4,b,separation curve point 081,separation_ppm,4.735483946666364,"cysteine-detectability-audit/source_data_submitted/Source_Data_Fig3_search_space.csv (panel a, row separation curve point 081)",drawn curve grid point (reused unchanged from the original figure build)
Fig4,b,separation curve point 082,mass_da,3800.0,"cysteine-detectability-audit/source_data_submitted/Source_Data_Fig3_search_space.csv (panel a, row separation curve point 082)",drawn curve grid point (reused unchanged from the original figure build)
Fig4,b,separation curve point 082,separation_ppm,4.673174947368122,"cysteine-detectability-audit/source_data_submitted/Source_Data_Fig3_search_space.csv (panel a, row separation curve point 082)",drawn curve grid point (reused unchanged from the original figure build)
Fig4,b,separation curve point 083,mass_da,3850.0,"cysteine-detectability-audit/source_data_submitted/Source_Data_Fig3_search_space.csv (panel a, row separation curve point 083)",drawn curve grid point (reused unchanged from the original figure build)
Fig4,b,separation curve point 083,separation_ppm,4.612484363636069,"cysteine-detectability-audit/source_data_submitted/Source_Data_Fig3_search_space.csv (panel a, row separation curve point 083)",drawn curve grid point (reused unchanged from the original figure build)
Fig4,b,separation curve point 084,mass_da,3900.0,"cysteine-detectability-audit/source_data_submitted/Source_Data_Fig3_search_space.csv (panel a, row separation curve point 084)",drawn curve grid point (reused unchanged from the original figure build)
Fig4,b,separation curve point 084,separation_ppm,4.553349948717658,"cysteine-detectability-audit/source_data_submitted/Source_Data_Fig3_search_space.csv (panel a, row separation curve point 084)",drawn curve grid point (reused unchanged from the original figure build)
Fig4,b,separation curve point 085,mass_da,3950.0,"cysteine-detectability-audit/source_data_submitted/Source_Data_Fig3_search_space.csv (panel a, row separation curve point 085)",drawn curve grid point (reused unchanged from the original figure build)
Fig4,b,separation curve point 085,separation_ppm,4.495712607594649,"cysteine-detectability-audit/source_data_submitted/Source_Data_Fig3_search_space.csv (panel a, row separation curve point 085)",drawn curve grid point (reused unchanged from the original figure build)
Fig4,b,separation curve point 086,mass_da,4000.0,"cysteine-detectability-audit/source_data_submitted/Source_Data_Fig3_search_space.csv (panel a, row separation curve point 086)",drawn curve grid point (reused unchanged from the original figure build)
Fig4,b,separation curve point 086,separation_ppm,4.439516199999717,"cysteine-detectability-audit/source_data_submitted/Source_Data_Fig3_search_space.csv (panel a, row separation curve point 086)",drawn curve grid point (reused unchanged from the original figure build)
Fig4,b,separation curve point 087,mass_da,4050.0,"cysteine-detectability-audit/source_data_submitted/Source_Data_Fig3_search_space.csv (panel a, row separation curve point 087)",drawn curve grid point (reused unchanged from the original figure build)
Fig4,b,separation curve point 087,separation_ppm,4.384707358024411,"cysteine-detectability-audit/source_data_submitted/Source_Data_Fig3_search_space.csv (panel a, row separation curve point 087)",drawn curve grid point (reused unchanged from the original figure build)
Fig4,b,separation curve point 088,mass_da,4100.0,"cysteine-detectability-audit/source_data_submitted/Source_Data_Fig3_search_space.csv (panel a, row separation curve point 088)",drawn curve grid point (reused unchanged from the original figure build)
Fig4,b,separation curve point 088,separation_ppm,4.331235317072894,"cysteine-detectability-audit/source_data_submitted/Source_Data_Fig3_search_space.csv (panel a, row separation curve point 088)",drawn curve grid point (reused unchanged from the original figure build)
Fig4,b,separation curve point 089,mass_da,4150.0,"cysteine-detectability-audit/source_data_submitted/Source_Data_Fig3_search_space.csv (panel a, row separation curve point 089)",drawn curve grid point (reused unchanged from the original figure build)
Fig4,b,separation curve point 089,separation_ppm,4.279051759035871,"cysteine-detectability-audit/source_data_submitted/Source_Data_Fig3_search_space.csv (panel a, row separation curve point 089)",drawn curve grid point (reused unchanged from the original figure build)
Fig4,b,separation curve point 090,mass_da,4200.0,"cysteine-detectability-audit/source_data_submitted/Source_Data_Fig3_search_space.csv (panel a, row separation curve point 090)",drawn curve grid point (reused unchanged from the original figure build)
Fig4,b,separation curve point 090,separation_ppm,4.228110666666397,"cysteine-detectability-audit/source_data_submitted/Source_Data_Fig3_search_space.csv (panel a, row separation curve point 090)",drawn curve grid point (reused unchanged from the original figure build)
Fig4,b,separation curve point 091,mass_da,4250.0,"cysteine-detectability-audit/source_data_submitted/Source_Data_Fig3_search_space.csv (panel a, row separation curve point 091)",drawn curve grid point (reused unchanged from the original figure build)
Fig4,b,separation curve point 091,separation_ppm,4.178368188235027,"cysteine-detectability-audit/source_data_submitted/Source_Data_Fig3_search_space.csv (panel a, row separation curve point 091)",drawn curve grid point (reused unchanged from the original figure build)
Fig4,b,separation curve point 092,mass_da,4300.0,"cysteine-detectability-audit/source_data_submitted/Source_Data_Fig3_search_space.csv (panel a, row separation curve point 092)",drawn curve grid point (reused unchanged from the original figure build)
Fig4,b,separation curve point 092,separation_ppm,4.129782511627643,"cysteine-detectability-audit/source_data_submitted/Source_Data_Fig3_search_space.csv (panel a, row separation curve point 092)",drawn curve grid point (reused unchanged from the original figure build)
Fig4,b,separation curve point 093,mass_da,4350.0,"cysteine-detectability-audit/source_data_submitted/Source_Data_Fig3_search_space.csv (panel a, row separation curve point 093)",drawn curve grid point (reused unchanged from the original figure build)
Fig4,b,separation curve point 093,separation_ppm,4.082313747126176,"cysteine-detectability-audit/source_data_submitted/Source_Data_Fig3_search_space.csv (panel a, row separation curve point 093)",drawn curve grid point (reused unchanged from the original figure build)
Fig4,b,separation curve point 094,mass_da,4400.0,"cysteine-detectability-audit/source_data_submitted/Source_Data_Fig3_search_space.csv (panel a, row separation curve point 094)",drawn curve grid point (reused unchanged from the original figure build)
Fig4,b,separation curve point 094,separation_ppm,4.03592381818156,"cysteine-detectability-audit/source_data_submitted/Source_Data_Fig3_search_space.csv (panel a, row separation curve point 094)",drawn curve grid point (reused unchanged from the original figure build)
Fig4,b,separation curve point 095,mass_da,4450.0,"cysteine-detectability-audit/source_data_submitted/Source_Data_Fig3_search_space.csv (panel a, row separation curve point 095)",drawn curve grid point (reused unchanged from the original figure build)
Fig4,b,separation curve point 095,separation_ppm,3.9905763595503068,"cysteine-detectability-audit/source_data_submitted/Source_Data_Fig3_search_space.csv (panel a, row separation curve point 095)",drawn curve grid point (reused unchanged from the original figure build)
Fig4,b,separation curve point 096,mass_da,4500.0,"cysteine-detectability-audit/source_data_submitted/Source_Data_Fig3_search_space.csv (panel a, row separation curve point 096)",drawn curve grid point (reused unchanged from the original figure build)
Fig4,b,separation curve point 096,separation_ppm,3.94623662222197,"cysteine-detectability-audit/source_data_submitted/Source_Data_Fig3_search_space.csv (panel a, row separation curve point 096)",drawn curve grid point (reused unchanged from the original figure build)
Fig4,b,separation curve point 097,mass_da,4550.0,"cysteine-detectability-audit/source_data_submitted/Source_Data_Fig3_search_space.csv (panel a, row separation curve point 097)",drawn curve grid point (reused unchanged from the original figure build)
Fig4,b,separation curve point 097,separation_ppm,3.902871384615135,"cysteine-detectability-audit/source_data_submitted/Source_Data_Fig3_search_space.csv (panel a, row separation curve point 097)",drawn curve grid point (reused unchanged from the original figure build)
Fig4,b,separation curve point 098,mass_da,4600.0,"cysteine-detectability-audit/source_data_submitted/Source_Data_Fig3_search_space.csv (panel a, row separation curve point 098)",drawn curve grid point (reused unchanged from the original figure build)
Fig4,b,separation curve point 098,separation_ppm,3.8604488695649706,"cysteine-detectability-audit/source_data_submitted/Source_Data_Fig3_search_space.csv (panel a, row separation curve point 098)",drawn curve grid point (reused unchanged from the original figure build)
Fig4,b,separation curve point 099,mass_da,4650.0,"cysteine-detectability-audit/source_data_submitted/Source_Data_Fig3_search_space.csv (panel a, row separation curve point 099)",drawn curve grid point (reused unchanged from the original figure build)
Fig4,b,separation curve point 099,separation_ppm,3.8189386666664227,"cysteine-detectability-audit/source_data_submitted/Source_Data_Fig3_search_space.csv (panel a, row separation curve point 099)",drawn curve grid point (reused unchanged from the original figure build)
Fig4,b,separation curve point 100,mass_da,4700.0,"cysteine-detectability-audit/source_data_submitted/Source_Data_Fig3_search_space.csv (panel a, row separation curve point 100)",drawn curve grid point (reused unchanged from the original figure build)
Fig4,b,separation curve point 100,separation_ppm,3.7783116595742268,"cysteine-detectability-audit/source_data_submitted/Source_Data_Fig3_search_space.csv (panel a, row separation curve point 100)",drawn curve grid point (reused unchanged from the original figure build)
Fig4,b,separation curve point 101,mass_da,4750.0,"cysteine-detectability-audit/source_data_submitted/Source_Data_Fig3_search_space.csv (panel a, row separation curve point 101)",drawn curve grid point (reused unchanged from the original figure build)
Fig4,b,separation curve point 101,separation_ppm,3.738539957894498,"cysteine-detectability-audit/source_data_submitted/Source_Data_Fig3_search_space.csv (panel a, row separation curve point 101)",drawn curve grid point (reused unchanged from the original figure build)
Fig4,b,separation curve point 102,mass_da,4800.0,"cysteine-detectability-audit/source_data_submitted/Source_Data_Fig3_search_space.csv (panel a, row separation curve point 102)",drawn curve grid point (reused unchanged from the original figure build)
Fig4,b,separation curve point 102,separation_ppm,3.699596833333097,"cysteine-detectability-audit/source_data_submitted/Source_Data_Fig3_search_space.csv (panel a, row separation curve point 102)",drawn curve grid point (reused unchanged from the original figure build)
Fig4,b,separation curve point 103,mass_da,4850.0,"cysteine-detectability-audit/source_data_submitted/Source_Data_Fig3_search_space.csv (panel a, row separation curve point 103)",drawn curve grid point (reused unchanged from the original figure build)
Fig4,b,separation curve point 103,separation_ppm,3.6614566597935805,"cysteine-detectability-audit/source_data_submitted/Source_Data_Fig3_search_space.csv (panel a, row separation curve point 103)",drawn curve grid point (reused unchanged from the original figure build)
Fig4,b,separation curve point 104,mass_da,4900.0,"cysteine-detectability-audit/source_data_submitted/Source_Data_Fig3_search_space.csv (panel a, row separation curve point 104)",drawn curve grid point (reused unchanged from the original figure build)
Fig4,b,separation curve point 104,separation_ppm,3.6240948571426257,"cysteine-detectability-audit/source_data_submitted/Source_Data_Fig3_search_space.csv (panel a, row separation curve point 104)",drawn curve grid point (reused unchanged from the original figure build)
Fig4,b,separation curve point 105,mass_da,4950.0,"cysteine-detectability-audit/source_data_submitted/Source_Data_Fig3_search_space.csv (panel a, row separation curve point 105)",drawn curve grid point (reused unchanged from the original figure build)
Fig4,b,separation curve point 105,separation_ppm,3.587487838383609,"cysteine-detectability-audit/source_data_submitted/Source_Data_Fig3_search_space.csv (panel a, row separation curve point 105)",drawn curve grid point (reused unchanged from the original figure build)
Fig4,b,separation curve point 106,mass_da,5000.0,"cysteine-detectability-audit/source_data_submitted/Source_Data_Fig3_search_space.csv (panel a, row separation curve point 106)",drawn curve grid point (reused unchanged from the original figure build)
Fig4,b,separation curve point 106,separation_ppm,3.551612959999773,"cysteine-detectability-audit/source_data_submitted/Source_Data_Fig3_search_space.csv (panel a, row separation curve point 106)",drawn curve grid point (reused unchanged from the original figure build)
Fig4,b,separation curve point 107,mass_da,5100.0,"cysteine-detectability-audit/source_data_submitted/Source_Data_Fig3_search_space.csv (panel a, row separation curve point 107)",drawn curve grid point (reused unchanged from the original figure build)
Fig4,b,separation curve point 107,separation_ppm,3.481973490195856,"cysteine-detectability-audit/source_data_submitted/Source_Data_Fig3_search_space.csv (panel a, row separation curve point 107)",drawn curve grid point (reused unchanged from the original figure build)
Fig4,b,separation curve point 108,mass_da,5200.0,"cysteine-detectability-audit/source_data_submitted/Source_Data_Fig3_search_space.csv (panel a, row separation curve point 108)",drawn curve grid point (reused unchanged from the original figure build)
Fig4,b,separation curve point 108,separation_ppm,3.415012461538243,"cysteine-detectability-audit/source_data_submitted/Source_Data_Fig3_search_space.csv (panel a, row separation curve point 108)",drawn curve grid point (reused unchanged from the original figure build)
Fig4,b,separation curve point 109,mass_da,5300.0,"cysteine-detectability-audit/source_data_submitted/Source_Data_Fig3_search_space.csv (panel a, row separation curve point 109)",drawn curve grid point (reused unchanged from the original figure build)
Fig4,b,separation curve point 109,separation_ppm,3.3505782641507293,"cysteine-detectability-audit/source_data_submitted/Source_Data_Fig3_search_space.csv (panel a, row separation curve point 109)",drawn curve grid point (reused unchanged from the original figure build)
Fig4,b,separation curve point 110,mass_da,5400.0,"cysteine-detectability-audit/source_data_submitted/Source_Data_Fig3_search_space.csv (panel a, row separation curve point 110)",drawn curve grid point (reused unchanged from the original figure build)
Fig4,b,separation curve point 110,separation_ppm,3.2885305185183085,"cysteine-detectability-audit/source_data_submitted/Source_Data_Fig3_search_space.csv (panel a, row separation curve point 110)",drawn curve grid point (reused unchanged from the original figure build)
Fig4,b,separation curve point 111,mass_da,5500.0,"cysteine-detectability-audit/source_data_submitted/Source_Data_Fig3_search_space.csv (panel a, row separation curve point 111)",drawn curve grid point (reused unchanged from the original figure build)
Fig4,b,separation curve point 111,separation_ppm,3.2287390545452483,"cysteine-detectability-audit/source_data_submitted/Source_Data_Fig3_search_space.csv (panel a, row separation curve point 111)",drawn curve grid point (reused unchanged from the original figure build)
Fig4,b,separation curve point 112,mass_da,5600.0,"cysteine-detectability-audit/source_data_submitted/Source_Data_Fig3_search_space.csv (panel a, row separation curve point 112)",drawn curve grid point (reused unchanged from the original figure build)
Fig4,b,separation curve point 112,separation_ppm,3.1710829999997974,"cysteine-detectability-audit/source_data_submitted/Source_Data_Fig3_search_space.csv (panel a, row separation curve point 112)",drawn curve grid point (reused unchanged from the original figure build)
Fig4,b,separation curve point 113,mass_da,5700.0,"cysteine-detectability-audit/source_data_submitted/Source_Data_Fig3_search_space.csv (panel a, row separation curve point 113)",drawn curve grid point (reused unchanged from the original figure build)
Fig4,b,separation curve point 113,separation_ppm,3.1154499649120817,"cysteine-detectability-audit/source_data_submitted/Source_Data_Fig3_search_space.csv (panel a, row separation curve point 113)",drawn curve grid point (reused unchanged from the original figure build)
Fig4,b,separation curve point 114,mass_da,5800.0,"cysteine-detectability-audit/source_data_submitted/Source_Data_Fig3_search_space.csv (panel a, row separation curve point 114)",drawn curve grid point (reused unchanged from the original figure build)
Fig4,b,separation curve point 114,separation_ppm,3.061735310344632,"cysteine-detectability-audit/source_data_submitted/Source_Data_Fig3_search_space.csv (panel a, row separation curve point 114)",drawn curve grid point (reused unchanged from the original figure build)
Fig4,b,separation curve point 115,mass_da,5900.0,"cysteine-detectability-audit/source_data_submitted/Source_Data_Fig3_search_space.csv (panel a, row separation curve point 115)",drawn curve grid point (reused unchanged from the original figure build)
Fig4,b,separation curve point 115,separation_ppm,3.0098414915252314,"cysteine-detectability-audit/source_data_submitted/Source_Data_Fig3_search_space.csv (panel a, row separation curve point 115)",drawn curve grid point (reused unchanged from the original figure build)
Fig4,b,separation curve point 116,mass_da,6000.0,"cysteine-detectability-audit/source_data_submitted/Source_Data_Fig3_search_space.csv (panel a, row separation curve point 116)",drawn curve grid point (reused unchanged from the original figure build)
Fig4,b,separation curve point 116,separation_ppm,2.9596774666664776,"cysteine-detectability-audit/source_data_submitted/Source_Data_Fig3_search_space.csv (panel a, row separation curve point 116)",drawn curve grid point (reused unchanged from the original figure build)
Fig4,b,separation curve point 117,mass_da,6100.0,"cysteine-detectability-audit/source_data_submitted/Source_Data_Fig3_search_space.csv (panel a, row separation curve point 117)",drawn curve grid point (reused unchanged from the original figure build)
Fig4,b,separation curve point 117,separation_ppm,2.9111581639342403,"cysteine-detectability-audit/source_data_submitted/Source_Data_Fig3_search_space.csv (panel a, row separation curve point 117)",drawn curve grid point (reused unchanged from the original figure build)
Fig4,b,separation curve point 118,mass_da,6200.0,"cysteine-detectability-audit/source_data_submitted/Source_Data_Fig3_search_space.csv (panel a, row separation curve point 118)",drawn curve grid point (reused unchanged from the original figure build)
Fig4,b,separation curve point 118,separation_ppm,2.864203999999817,"cysteine-detectability-audit/source_data_submitted/Source_Data_Fig3_search_space.csv (panel a, row separation curve point 118)",drawn curve grid point (reused unchanged from the original figure build)
Fig4,b,separation curve point 119,mass_da,6300.0,"cysteine-detectability-audit/source_data_submitted/Source_Data_Fig3_search_space.csv (panel a, row separation curve point 119)",drawn curve grid point (reused unchanged from the original figure build)
Fig4,b,separation curve point 119,separation_ppm,2.818740444444264,"cysteine-detectability-audit/source_data_submitted/Source_Data_Fig3_search_space.csv (panel a, row separation curve point 119)",drawn curve grid point (reused unchanged from the original figure build)
Fig4,b,separation curve point 120,mass_da,6400.0,"cysteine-detectability-audit/source_data_submitted/Source_Data_Fig3_search_space.csv (panel a, row separation curve point 120)",drawn curve grid point (reused unchanged from the original figure build)
Fig4,b,separation curve point 120,separation_ppm,2.7746976249998228,"cysteine-detectability-audit/source_data_submitted/Source_Data_Fig3_search_space.csv (panel a, row separation curve point 120)",drawn curve grid point (reused unchanged from the original figure build)
Fig4,b,separation curve point 121,mass_da,6500.0,"cysteine-detectability-audit/source_data_submitted/Source_Data_Fig3_search_space.csv (panel a, row separation curve point 121)",drawn curve grid point (reused unchanged from the original figure build)
Fig4,b,separation curve point 121,separation_ppm,2.7320099692305946,"cysteine-detectability-audit/source_data_submitted/Source_Data_Fig3_search_space.csv (panel a, row separation curve point 121)",drawn curve grid point (reused unchanged from the original figure build)
Fig4,b,separation curve point 122,mass_da,6600.0,"cysteine-detectability-audit/source_data_submitted/Source_Data_Fig3_search_space.csv (panel a, row separation curve point 122)",drawn curve grid point (reused unchanged from the original figure build)
Fig4,b,separation curve point 122,separation_ppm,2.690615878787707,"cysteine-detectability-audit/source_data_submitted/Source_Data_Fig3_search_space.csv (panel a, row separation curve point 122)",drawn curve grid point (reused unchanged from the original figure build)
Fig4,b,separation curve point 123,mass_da,6700.0,"cysteine-detectability-audit/source_data_submitted/Source_Data_Fig3_search_space.csv (panel a, row separation curve point 123)",drawn curve grid point (reused unchanged from the original figure build)
Fig4,b,separation curve point 123,separation_ppm,2.6504574328356516,"cysteine-detectability-audit/source_data_submitted/Source_Data_Fig3_search_space.csv (panel a, row separation curve point 123)",drawn curve grid point (reused unchanged from the original figure build)
Fig4,b,separation curve point 124,mass_da,6800.0,"cysteine-detectability-audit/source_data_submitted/Source_Data_Fig3_search_space.csv (panel a, row separation curve point 124)",drawn curve grid point (reused unchanged from the original figure build)
Fig4,b,separation curve point 124,separation_ppm,2.611480117646892,"cysteine-detectability-audit/source_data_submitted/Source_Data_Fig3_search_space.csv (panel a, row separation curve point 124)",drawn curve grid point (reused unchanged from the original figure build)
Fig4,b,separation curve point 125,mass_da,6900.0,"cysteine-detectability-audit/source_data_submitted/Source_Data_Fig3_search_space.csv (panel a, row separation curve point 125)",drawn curve grid point (reused unchanged from the original figure build)
Fig4,b,separation curve point 125,separation_ppm,2.5736325797099804,"cysteine-detectability-audit/source_data_submitted/Source_Data_Fig3_search_space.csv (panel a, row separation curve point 125)",drawn curve grid point (reused unchanged from the original figure build)
Fig4,b,separation curve point 126,mass_da,7000.0,"cysteine-detectability-audit/source_data_submitted/Source_Data_Fig3_search_space.csv (panel a, row separation curve point 126)",drawn curve grid point (reused unchanged from the original figure build)
Fig4,b,separation curve point 126,separation_ppm,2.536866399999838,"cysteine-detectability-audit/source_data_submitted/Source_Data_Fig3_search_space.csv (panel a, row separation curve point 126)",drawn curve grid point (reused unchanged from the original figure build)
Fig4,b,separation curve point 127,mass_da,7100.0,"cysteine-detectability-audit/source_data_submitted/Source_Data_Fig3_search_space.csv (panel a, row separation curve point 127)",drawn curve grid point (reused unchanged from the original figure build)
Fig4,b,separation curve point 127,separation_ppm,2.501135887323784,"cysteine-detectability-audit/source_data_submitted/Source_Data_Fig3_search_space.csv (panel a, row separation curve point 127)",drawn curve grid point (reused unchanged from the original figure build)
Fig4,b,separation curve point 128,mass_da,7200.0,"cysteine-detectability-audit/source_data_submitted/Source_Data_Fig3_search_space.csv (panel a, row separation curve point 128)",drawn curve grid point (reused unchanged from the original figure build)
Fig4,b,separation curve point 128,separation_ppm,2.4663978888887312,"cysteine-detectability-audit/source_data_submitted/Source_Data_Fig3_search_space.csv (panel a, row separation curve point 128)",drawn curve grid point (reused unchanged from the original figure build)
Fig4,b,separation curve point 129,mass_da,7300.0,"cysteine-detectability-audit/source_data_submitted/Source_Data_Fig3_search_space.csv (panel a, row separation curve point 129)",drawn curve grid point (reused unchanged from the original figure build)
Fig4,b,separation curve point 129,separation_ppm,2.4326116164382006,"cysteine-detectability-audit/source_data_submitted/Source_Data_Fig3_search_space.csv (panel a, row separation curve point 129)",drawn curve grid point (reused unchanged from the original figure build)
Fig4,b,separation curve point 130,mass_da,7400.0,"cysteine-detectability-audit/source_data_submitted/Source_Data_Fig3_search_space.csv (panel a, row separation curve point 130)",drawn curve grid point (reused unchanged from the original figure build)
Fig4,b,separation curve point 130,separation_ppm,2.399738486486333,"cysteine-detectability-audit/source_data_submitted/Source_Data_Fig3_search_space.csv (panel a, row separation curve point 130)",drawn curve grid point (reused unchanged from the original figure build)
Fig4,b,separation curve point 131,mass_da,7500.0,"cysteine-detectability-audit/source_data_submitted/Source_Data_Fig3_search_space.csv (panel a, row separation curve point 131)",drawn curve grid point (reused unchanged from the original figure build)
Fig4,b,separation curve point 131,separation_ppm,2.367741973333182,"cysteine-detectability-audit/source_data_submitted/Source_Data_Fig3_search_space.csv (panel a, row separation curve point 131)",drawn curve grid point (reused unchanged from the original figure build)
Fig4,b,separation curve point 132,mass_da,7600.0,"cysteine-detectability-audit/source_data_submitted/Source_Data_Fig3_search_space.csv (panel a, row separation curve point 132)",drawn curve grid point (reused unchanged from the original figure build)
Fig4,b,separation curve point 132,separation_ppm,2.336587473684061,"cysteine-detectability-audit/source_data_submitted/Source_Data_Fig3_search_space.csv (panel a, row separation curve point 132)",drawn curve grid point (reused unchanged from the original figure build)
Fig4,b,separation curve point 133,mass_da,7700.0,"cysteine-detectability-audit/source_data_submitted/Source_Data_Fig3_search_space.csv (panel a, row separation curve point 133)",drawn curve grid point (reused unchanged from the original figure build)
Fig4,b,separation curve point 133,separation_ppm,2.3062421818180345,"cysteine-detectability-audit/source_data_submitted/Source_Data_Fig3_search_space.csv (panel a, row separation curve point 133)",drawn curve grid point (reused unchanged from the original figure build)
Fig4,b,separation curve point 134,mass_da,7800.0,"cysteine-detectability-audit/source_data_submitted/Source_Data_Fig3_search_space.csv (panel a, row separation curve point 134)",drawn curve grid point (reused unchanged from the original figure build)
Fig4,b,separation curve point 134,separation_ppm,2.276674974358829,"cysteine-detectability-audit/source_data_submitted/Source_Data_Fig3_search_space.csv (panel a, row separation curve point 134)",drawn curve grid point (reused unchanged from the original figure build)
Fig4,b,separation curve point 135,mass_da,7900.0,"cysteine-detectability-audit/source_data_submitted/Source_Data_Fig3_search_space.csv (panel a, row separation curve point 135)",drawn curve grid point (reused unchanged from the original figure build)
Fig4,b,separation curve point 135,separation_ppm,2.2478563037973247,"cysteine-detectability-audit/source_data_submitted/Source_Data_Fig3_search_space.csv (panel a, row separation curve point 135)",drawn curve grid point (reused unchanged from the original figure build)
Fig4,b,separation curve point 136,mass_da,8000.0,"cysteine-detectability-audit/source_data_submitted/Source_Data_Fig3_search_space.csv (panel a, row separation curve point 136)",drawn curve grid point (reused unchanged from the original figure build)
Fig4,b,separation curve point 136,separation_ppm,2.2197580999998583,"cysteine-detectability-audit/source_data_submitted/Source_Data_Fig3_search_space.csv (panel a, row separation curve point 136)",drawn curve grid point (reused unchanged from the original figure build)
Fig4,b,separation curve point 137,mass_da,8100.0,"cysteine-detectability-audit/source_data_submitted/Source_Data_Fig3_search_space.csv (panel a, row separation curve point 137)",drawn curve grid point (reused unchanged from the original figure build)
Fig4,b,separation curve point 137,separation_ppm,2.1923536790122053,"cysteine-detectability-audit/source_data_submitted/Source_Data_Fig3_search_space.csv (panel a, row separation curve point 137)",drawn curve grid point (reused unchanged from the original figure build)
Fig4,b,separation curve point 138,mass_da,8200.0,"cysteine-detectability-audit/source_data_submitted/Source_Data_Fig3_search_space.csv (panel a, row separation curve point 138)",drawn curve grid point (reused unchanged from the original figure build)
Fig4,b,separation curve point 138,separation_ppm,2.165617658536447,"cysteine-detectability-audit/source_data_submitted/Source_Data_Fig3_search_space.csv (panel a, row separation curve point 138)",drawn curve grid point (reused unchanged from the original figure build)
Fig4,b,separation curve point 139,mass_da,8300.0,"cysteine-detectability-audit/source_data_submitted/Source_Data_Fig3_search_space.csv (panel a, row separation curve point 139)",drawn curve grid point (reused unchanged from the original figure build)
Fig4,b,separation curve point 139,separation_ppm,2.1395258795179357,"cysteine-detectability-audit/source_data_submitted/Source_Data_Fig3_search_space.csv (panel a, row separation curve point 139)",drawn curve grid point (reused unchanged from the original figure build)
Fig4,b,separation curve point 140,mass_da,8400.0,"cysteine-detectability-audit/source_data_submitted/Source_Data_Fig3_search_space.csv (panel a, row separation curve point 140)",drawn curve grid point (reused unchanged from the original figure build)
Fig4,b,separation curve point 140,separation_ppm,2.1140553333331984,"cysteine-detectability-audit/source_data_submitted/Source_Data_Fig3_search_space.csv (panel a, row separation curve point 140)",drawn curve grid point (reused unchanged from the original figure build)
Fig4,b,separation curve point 141,mass_da,8500.0,"cysteine-detectability-audit/source_data_submitted/Source_Data_Fig3_search_space.csv (panel a, row separation curve point 141)",drawn curve grid point (reused unchanged from the original figure build)
Fig4,b,separation curve point 141,separation_ppm,2.0891840941175137,"cysteine-detectability-audit/source_data_submitted/Source_Data_Fig3_search_space.csv (panel a, row separation curve point 141)",drawn curve grid point (reused unchanged from the original figure build)
Fig4,b,separation curve point 142,mass_da,8600.0,"cysteine-detectability-audit/source_data_submitted/Source_Data_Fig3_search_space.csv (panel a, row separation curve point 142)",drawn curve grid point (reused unchanged from the original figure build)
Fig4,b,separation curve point 142,separation_ppm,2.0648912558138215,"cysteine-detectability-audit/source_data_submitted/Source_Data_Fig3_search_space.csv (panel a, row separation curve point 142)",drawn curve grid point (reused unchanged from the original figure build)
Fig4,b,separation curve point 143,mass_da,8700.0,"cysteine-detectability-audit/source_data_submitted/Source_Data_Fig3_search_space.csv (panel a, row separation curve point 143)",drawn curve grid point (reused unchanged from the original figure build)
Fig4,b,separation curve point 143,separation_ppm,2.041156873563088,"cysteine-detectability-audit/source_data_submitted/Source_Data_Fig3_search_space.csv (panel a, row separation curve point 143)",drawn curve grid point (reused unchanged from the original figure build)
Fig4,b,separation curve point 144,mass_da,8800.0,"cysteine-detectability-audit/source_data_submitted/Source_Data_Fig3_search_space.csv (panel a, row separation curve point 144)",drawn curve grid point (reused unchanged from the original figure build)
Fig4,b,separation curve point 144,separation_ppm,2.01796190909078,"cysteine-detectability-audit/source_data_submitted/Source_Data_Fig3_search_space.csv (panel a, row separation curve point 144)",drawn curve grid point (reused unchanged from the original figure build)
Fig4,b,separation curve point 145,mass_da,8900.0,"cysteine-detectability-audit/source_data_submitted/Source_Data_Fig3_search_space.csv (panel a, row separation curve point 145)",drawn curve grid point (reused unchanged from the original figure build)
Fig4,b,separation curve point 145,separation_ppm,1.9952881797751534,"cysteine-detectability-audit/source_data_submitted/Source_Data_Fig3_search_space.csv (panel a, row separation curve point 145)",drawn curve grid point (reused unchanged from the original figure build)
Fig4,b,separation curve point 146,mass_da,9000.0,"cysteine-detectability-audit/source_data_submitted/Source_Data_Fig3_search_space.csv (panel a, row separation curve point 146)",drawn curve grid point (reused unchanged from the original figure build)
Fig4,b,separation curve point 146,separation_ppm,1.973118311110985,"cysteine-detectability-audit/source_data_submitted/Source_Data_Fig3_search_space.csv (panel a, row separation curve point 146)",drawn curve grid point (reused unchanged from the original figure build)
Fig4,b,separation curve point 147,mass_da,9100.0,"cysteine-detectability-audit/source_data_submitted/Source_Data_Fig3_search_space.csv (panel a, row separation curve point 147)",drawn curve grid point (reused unchanged from the original figure build)
Fig4,b,separation curve point 147,separation_ppm,1.9514356923075675,"cysteine-detectability-audit/source_data_submitted/Source_Data_Fig3_search_space.csv (panel a, row separation curve point 147)",drawn curve grid point (reused unchanged from the original figure build)
Fig4,b,separation curve point 148,mass_da,9200.0,"cysteine-detectability-audit/source_data_submitted/Source_Data_Fig3_search_space.csv (panel a, row separation curve point 148)",drawn curve grid point (reused unchanged from the original figure build)
Fig4,b,separation curve point 148,separation_ppm,1.9302244347824853,"cysteine-detectability-audit/source_data_submitted/Source_Data_Fig3_search_space.csv (panel a, row separation curve point 148)",drawn curve grid point (reused unchanged from the original figure build)
Fig4,b,separation curve point 149,mass_da,9300.0,"cysteine-detectability-audit/source_data_submitted/Source_Data_Fig3_search_space.csv (panel a, row separation curve point 149)",drawn curve grid point (reused unchanged from the original figure build)
Fig4,b,separation curve point 149,separation_ppm,1.9094693333332113,"cysteine-detectability-audit/source_data_submitted/Source_Data_Fig3_search_space.csv (panel a, row separation curve point 149)",drawn curve grid point (reused unchanged from the original figure build)
Fig4,b,separation curve point 150,mass_da,9400.0,"cysteine-detectability-audit/source_data_submitted/Source_Data_Fig3_search_space.csv (panel a, row separation curve point 150)",drawn curve grid point (reused unchanged from the original figure build)
Fig4,b,separation curve point 150,separation_ppm,1.8891558297871134,"cysteine-detectability-audit/source_data_submitted/Source_Data_Fig3_search_space.csv (panel a, row separation curve point 150)",drawn curve grid point (reused unchanged from the original figure build)
Fig4,b,separation curve point 151,mass_da,9500.0,"cysteine-detectability-audit/source_data_submitted/Source_Data_Fig3_search_space.csv (panel a, row separation curve point 151)",drawn curve grid point (reused unchanged from the original figure build)
Fig4,b,separation curve point 151,separation_ppm,1.869269978947249,"cysteine-detectability-audit/source_data_submitted/Source_Data_Fig3_search_space.csv (panel a, row separation curve point 151)",drawn curve grid point (reused unchanged from the original figure build)
Fig4,b,separation curve point 152,mass_da,9600.0,"cysteine-detectability-audit/source_data_submitted/Source_Data_Fig3_search_space.csv (panel a, row separation curve point 152)",drawn curve grid point (reused unchanged from the original figure build)
Fig4,b,separation curve point 152,separation_ppm,1.8497984166665484,"cysteine-detectability-audit/source_data_submitted/Source_Data_Fig3_search_space.csv (panel a, row separation curve point 152)",drawn curve grid point (reused unchanged from the original figure build)
Fig4,b,separation curve point 153,mass_da,9700.0,"cysteine-detectability-audit/source_data_submitted/Source_Data_Fig3_search_space.csv (panel a, row separation curve point 153)",drawn curve grid point (reused unchanged from the original figure build)
Fig4,b,separation curve point 153,separation_ppm,1.8307283298967902,"cysteine-detectability-audit/source_data_submitted/Source_Data_Fig3_search_space.csv (panel a, row separation curve point 153)",drawn curve grid point (reused unchanged from the original figure build)
Fig4,b,separation curve point 154,mass_da,9800.0,"cysteine-detectability-audit/source_data_submitted/Source_Data_Fig3_search_space.csv (panel a, row separation curve point 154)",drawn curve grid point (reused unchanged from the original figure build)
Fig4,b,separation curve point 154,separation_ppm,1.8120474285713128,"cysteine-detectability-audit/source_data_submitted/Source_Data_Fig3_search_space.csv (panel a, row separation curve point 154)",drawn curve grid point (reused unchanged from the original figure build)
Fig4,b,separation curve point 155,mass_da,9900.0,"cysteine-detectability-audit/source_data_submitted/Source_Data_Fig3_search_space.csv (panel a, row separation curve point 155)",drawn curve grid point (reused unchanged from the original figure build)
Fig4,b,separation curve point 155,separation_ppm,1.7937439191918045,"cysteine-detectability-audit/source_data_submitted/Source_Data_Fig3_search_space.csv (panel a, row separation curve point 155)",drawn curve grid point (reused unchanged from the original figure build)
Fig4,b,separation curve point 156,mass_da,10000.0,"cysteine-detectability-audit/source_data_submitted/Source_Data_Fig3_search_space.csv (panel a, row separation curve point 156)",drawn curve grid point (reused unchanged from the original figure build)
Fig4,b,separation curve point 156,separation_ppm,1.7758064799998865,"cysteine-detectability-audit/source_data_submitted/Source_Data_Fig3_search_space.csv (panel a, row separation curve point 156)",drawn curve grid point (reused unchanged from the original figure build)
Fig4,b,separation curve point 157,mass_da,10100.0,"cysteine-detectability-audit/source_data_submitted/Source_Data_Fig3_search_space.csv (panel a, row separation curve point 157)",drawn curve grid point (reused unchanged from the original figure build)
Fig4,b,separation curve point 157,separation_ppm,1.75822423762365,"cysteine-detectability-audit/source_data_submitted/Source_Data_Fig3_search_space.csv (panel a, row separation curve point 157)",drawn curve grid point (reused unchanged from the original figure build)
Fig4,b,separation curve point 158,mass_da,10200.0,"cysteine-detectability-audit/source_data_submitted/Source_Data_Fig3_search_space.csv (panel a, row separation curve point 158)",drawn curve grid point (reused unchanged from the original figure build)
Fig4,b,separation curve point 158,separation_ppm,1.740986745097928,"cysteine-detectability-audit/source_data_submitted/Source_Data_Fig3_search_space.csv (panel a, row separation curve point 158)",drawn curve grid point (reused unchanged from the original figure build)
Fig4,b,separation curve point 159,mass_da,10300.0,"cysteine-detectability-audit/source_data_submitted/Source_Data_Fig3_search_space.csv (panel a, row separation curve point 159)",drawn curve grid point (reused unchanged from the original figure build)
Fig4,b,separation curve point 159,separation_ppm,1.7240839611649383,"cysteine-detectability-audit/source_data_submitted/Source_Data_Fig3_search_space.csv (panel a, row separation curve point 159)",drawn curve grid point (reused unchanged from the original figure build)
Fig4,b,separation curve point 160,mass_da,10400.0,"cysteine-detectability-audit/source_data_submitted/Source_Data_Fig3_search_space.csv (panel a, row separation curve point 160)",drawn curve grid point (reused unchanged from the original figure build)
Fig4,b,separation curve point 160,separation_ppm,1.7075062307691216,"cysteine-detectability-audit/source_data_submitted/Source_Data_Fig3_search_space.csv (panel a, row separation curve point 160)",drawn curve grid point (reused unchanged from the original figure build)
Fig4,b,separation curve point 161,mass_da,10500.0,"cysteine-detectability-audit/source_data_submitted/Source_Data_Fig3_search_space.csv (panel a, row separation curve point 161)",drawn curve grid point (reused unchanged from the original figure build)
Fig4,b,separation curve point 161,separation_ppm,1.6912442666665586,"cysteine-detectability-audit/source_data_submitted/Source_Data_Fig3_search_space.csv (panel a, row separation curve point 161)",drawn curve grid point (reused unchanged from the original figure build)
Fig4,b,separation curve point 162,mass_da,10600.0,"cysteine-detectability-audit/source_data_submitted/Source_Data_Fig3_search_space.csv (panel a, row separation curve point 162)",drawn curve grid point (reused unchanged from the original figure build)
Fig4,b,separation curve point 162,separation_ppm,1.6752891320753647,"cysteine-detectability-audit/source_data_submitted/Source_Data_Fig3_search_space.csv (panel a, row separation curve point 162)",drawn curve grid point (reused unchanged from the original figure build)
Fig4,b,separation curve point 163,mass_da,10700.0,"cysteine-detectability-audit/source_data_submitted/Source_Data_Fig3_search_space.csv (panel a, row separation curve point 163)",drawn curve grid point (reused unchanged from the original figure build)
Fig4,b,separation curve point 163,separation_ppm,1.6596322242989594,"cysteine-detectability-audit/source_data_submitted/Source_Data_Fig3_search_space.csv (panel a, row separation curve point 163)",drawn curve grid point (reused unchanged from the original figure build)
Fig4,b,separation curve point 164,mass_da,10800.0,"cysteine-detectability-audit/source_data_submitted/Source_Data_Fig3_search_space.csv (panel a, row separation curve point 164)",drawn curve grid point (reused unchanged from the original figure build)
Fig4,b,separation curve point 164,separation_ppm,1.6442652592591542,"cysteine-detectability-audit/source_data_submitted/Source_Data_Fig3_search_space.csv (panel a, row separation curve point 164)",drawn curve grid point (reused unchanged from the original figure build)
Fig4,b,separation curve point 165,mass_da,10900.0,"cysteine-detectability-audit/source_data_submitted/Source_Data_Fig3_search_space.csv (panel a, row separation curve point 165)",drawn curve grid point (reused unchanged from the original figure build)
Fig4,b,separation curve point 165,separation_ppm,1.6291802568806297,"cysteine-detectability-audit/source_data_submitted/Source_Data_Fig3_search_space.csv (panel a, row separation curve point 165)",drawn curve grid point (reused unchanged from the original figure build)
Fig4,b,separation curve point 166,mass_da,11000.0,"cysteine-detectability-audit/source_data_submitted/Source_Data_Fig3_search_space.csv (panel a, row separation curve point 166)",drawn curve grid point (reused unchanged from the original figure build)
Fig4,b,separation curve point 166,separation_ppm,1.6143695272726242,"cysteine-detectability-audit/source_data_submitted/Source_Data_Fig3_search_space.csv (panel a, row separation curve point 166)",drawn curve grid point (reused unchanged from the original figure build)
Fig4,b,separation curve point 167,mass_da,11100.0,"cysteine-detectability-audit/source_data_submitted/Source_Data_Fig3_search_space.csv (panel a, row separation curve point 167)",drawn curve grid point (reused unchanged from the original figure build)
Fig4,b,separation curve point 167,separation_ppm,1.5998256576575554,"cysteine-detectability-audit/source_data_submitted/Source_Data_Fig3_search_space.csv (panel a, row separation curve point 167)",drawn curve grid point (reused unchanged from the original figure build)
Fig4,b,separation curve point 168,mass_da,11200.0,"cysteine-detectability-audit/source_data_submitted/Source_Data_Fig3_search_space.csv (panel a, row separation curve point 168)",drawn curve grid point (reused unchanged from the original figure build)
Fig4,b,separation curve point 168,separation_ppm,1.5855414999998987,"cysteine-detectability-audit/source_data_submitted/Source_Data_Fig3_search_space.csv (panel a, row separation curve point 168)",drawn curve grid point (reused unchanged from the original figure build)
Fig4,b,separation curve point 169,mass_da,11300.0,"cysteine-detectability-audit/source_data_submitted/Source_Data_Fig3_search_space.csv (panel a, row separation curve point 169)",drawn curve grid point (reused unchanged from the original figure build)
Fig4,b,separation curve point 169,separation_ppm,1.571510159291935,"cysteine-detectability-audit/source_data_submitted/Source_Data_Fig3_search_space.csv (panel a, row separation curve point 169)",drawn curve grid point (reused unchanged from the original figure build)
Fig4,b,separation curve point 170,mass_da,11400.0,"cysteine-detectability-audit/source_data_submitted/Source_Data_Fig3_search_space.csv (panel a, row separation curve point 170)",drawn curve grid point (reused unchanged from the original figure build)
Fig4,b,separation curve point 170,separation_ppm,1.5577249824560409,"cysteine-detectability-audit/source_data_submitted/Source_Data_Fig3_search_space.csv (panel a, row separation curve point 170)",drawn curve grid point (reused unchanged from the original figure build)
Fig4,b,separation curve point 171,mass_da,11500.0,"cysteine-detectability-audit/source_data_submitted/Source_Data_Fig3_search_space.csv (panel a, row separation curve point 171)",drawn curve grid point (reused unchanged from the original figure build)
Fig4,b,separation curve point 171,separation_ppm,1.5441795478259883,"cysteine-detectability-audit/source_data_submitted/Source_Data_Fig3_search_space.csv (panel a, row separation curve point 171)",drawn curve grid point (reused unchanged from the original figure build)
Fig4,b,separation curve point 172,mass_da,11600.0,"cysteine-detectability-audit/source_data_submitted/Source_Data_Fig3_search_space.csv (panel a, row separation curve point 172)",drawn curve grid point (reused unchanged from the original figure build)
Fig4,b,separation curve point 172,separation_ppm,1.530867655172316,"cysteine-detectability-audit/source_data_submitted/Source_Data_Fig3_search_space.csv (panel a, row separation curve point 172)",drawn curve grid point (reused unchanged from the original figure build)
Fig4,b,separation curve point 173,mass_da,11700.0,"cysteine-detectability-audit/source_data_submitted/Source_Data_Fig3_search_space.csv (panel a, row separation curve point 173)",drawn curve grid point (reused unchanged from the original figure build)
Fig4,b,separation curve point 173,separation_ppm,1.5177833162392191,"cysteine-detectability-audit/source_data_submitted/Source_Data_Fig3_search_space.csv (panel a, row separation curve point 173)",drawn curve grid point (reused unchanged from the original figure build)
Fig4,b,separation curve point 174,mass_da,11800.0,"cysteine-detectability-audit/source_data_submitted/Source_Data_Fig3_search_space.csv (panel a, row separation curve point 174)",drawn curve grid point (reused unchanged from the original figure build)
Fig4,b,separation curve point 174,separation_ppm,1.5049207457626157,"cysteine-detectability-audit/source_data_submitted/Source_Data_Fig3_search_space.csv (panel a, row separation curve point 174)",drawn curve grid point (reused unchanged from the original figure build)
Fig4,b,separation curve point 175,mass_da,11900.0,"cysteine-detectability-audit/source_data_submitted/Source_Data_Fig3_search_space.csv (panel a, row separation curve point 175)",drawn curve grid point (reused unchanged from the original figure build)
Fig4,b,separation curve point 175,separation_ppm,1.4922743529410811,"cysteine-detectability-audit/source_data_submitted/Source_Data_Fig3_search_space.csv (panel a, row separation curve point 175)",drawn curve grid point (reused unchanged from the original figure build)
Fig4,b,separation curve point 176,mass_da,12000.0,"cysteine-detectability-audit/source_data_submitted/Source_Data_Fig3_search_space.csv (panel a, row separation curve point 176)",drawn curve grid point (reused unchanged from the original figure build)
Fig4,b,separation curve point 176,separation_ppm,1.4798387333332388,"cysteine-detectability-audit/source_data_submitted/Source_Data_Fig3_search_space.csv (panel a, row separation curve point 176)",drawn curve grid point (reused unchanged from the original figure build)
Fig4,b,separation curve point 177,mass_da,12100.0,"cysteine-detectability-audit/source_data_submitted/Source_Data_Fig3_search_space.csv (panel a, row separation curve point 177)",drawn curve grid point (reused unchanged from the original figure build)
Fig4,b,separation curve point 177,separation_ppm,1.467608661156931,"cysteine-detectability-audit/source_data_submitted/Source_Data_Fig3_search_space.csv (panel a, row separation curve point 177)",drawn curve grid point (reused unchanged from the original figure build)
Fig4,b,separation curve point 178,mass_da,12200.0,"cysteine-detectability-audit/source_data_submitted/Source_Data_Fig3_search_space.csv (panel a, row separation curve point 178)",drawn curve grid point (reused unchanged from the original figure build)
Fig4,b,separation curve point 178,separation_ppm,1.4555790819671202,"cysteine-detectability-audit/source_data_submitted/Source_Data_Fig3_search_space.csv (panel a, row separation curve point 178)",drawn curve grid point (reused unchanged from the original figure build)
Fig4,b,separation curve point 179,mass_da,12300.0,"cysteine-detectability-audit/source_data_submitted/Source_Data_Fig3_search_space.csv (panel a, row separation curve point 179)",drawn curve grid point (reused unchanged from the original figure build)
Fig4,b,separation curve point 179,separation_ppm,1.4437451056909647,"cysteine-detectability-audit/source_data_submitted/Source_Data_Fig3_search_space.csv (panel a, row separation curve point 179)",drawn curve grid point (reused unchanged from the original figure build)
Fig4,b,separation curve point 180,mass_da,12400.0,"cysteine-detectability-audit/source_data_submitted/Source_Data_Fig3_search_space.csv (panel a, row separation curve point 180)",drawn curve grid point (reused unchanged from the original figure build)
Fig4,b,separation curve point 180,separation_ppm,1.4321019999999085,"cysteine-detectability-audit/source_data_submitted/Source_Data_Fig3_search_space.csv (panel a, row separation curve point 180)",drawn curve grid point (reused unchanged from the original figure build)
Fig4,b,separation curve point 181,mass_da,12500.0,"cysteine-detectability-audit/source_data_submitted/Source_Data_Fig3_search_space.csv (panel a, row separation curve point 181)",drawn curve grid point (reused unchanged from the original figure build)
Fig4,b,separation curve point 181,separation_ppm,1.4206451839999092,"cysteine-detectability-audit/source_data_submitted/Source_Data_Fig3_search_space.csv (panel a, row separation curve point 181)",drawn curve grid point (reused unchanged from the original figure build)
Fig4,b,separation curve point 182,mass_da,12600.0,"cysteine-detectability-audit/source_data_submitted/Source_Data_Fig3_search_space.csv (panel a, row separation curve point 182)",drawn curve grid point (reused unchanged from the original figure build)
Fig4,b,separation curve point 182,separation_ppm,1.409370222222132,"cysteine-detectability-audit/source_data_submitted/Source_Data_Fig3_search_space.csv (panel a, row separation curve point 182)",drawn curve grid point (reused unchanged from the original figure build)
Fig4,b,separation curve point 183,mass_da,12700.0,"cysteine-detectability-audit/source_data_submitted/Source_Data_Fig3_search_space.csv (panel a, row separation curve point 183)",drawn curve grid point (reused unchanged from the original figure build)
Fig4,b,separation curve point 183,separation_ppm,1.3982728188975484,"cysteine-detectability-audit/source_data_submitted/Source_Data_Fig3_search_space.csv (panel a, row separation curve point 183)",drawn curve grid point (reused unchanged from the original figure build)
Fig4,b,separation curve point 184,mass_da,12800.0,"cysteine-detectability-audit/source_data_submitted/Source_Data_Fig3_search_space.csv (panel a, row separation curve point 184)",drawn curve grid point (reused unchanged from the original figure build)
Fig4,b,separation curve point 184,separation_ppm,1.3873488124999114,"cysteine-detectability-audit/source_data_submitted/Source_Data_Fig3_search_space.csv (panel a, row separation curve point 184)",drawn curve grid point (reused unchanged from the original figure build)
Fig4,b,separation curve point 185,mass_da,12900.0,"cysteine-detectability-audit/source_data_submitted/Source_Data_Fig3_search_space.csv (panel a, row separation curve point 185)",drawn curve grid point (reused unchanged from the original figure build)
Fig4,b,separation curve point 185,separation_ppm,1.3765941705425477,"cysteine-detectability-audit/source_data_submitted/Source_Data_Fig3_search_space.csv (panel a, row separation curve point 185)",drawn curve grid point (reused unchanged from the original figure build)
Fig4,b,separation curve point 186,mass_da,13000.0,"cysteine-detectability-audit/source_data_submitted/Source_Data_Fig3_search_space.csv (panel a, row separation curve point 186)",drawn curve grid point (reused unchanged from the original figure build)
Fig4,b,separation curve point 186,separation_ppm,1.3660049846152973,"cysteine-detectability-audit/source_data_submitted/Source_Data_Fig3_search_space.csv (panel a, row separation curve point 186)",drawn curve grid point (reused unchanged from the original figure build)
Fig4,b,separation label,separation_da,0.017758,"cysteine-detectability-audit/source_data_submitted/Source_Data_Fig3_search_space.csv (panel a, separation label)",printed
Fig4,b,window +/-10.0 ppm,tolerance_ppm,10.0,"cysteine-detectability-audit/source_data_submitted/Source_Data_Fig3_search_space.csv (panel a, row window +/-10.0 ppm, field tolerance_ppm)",plotted / printed
Fig4,b,window +/-10.0 ppm,mass_limit_da,1775.8064799998865,"cysteine-detectability-audit/source_data_submitted/Source_Data_Fig3_search_space.csv (panel a, row window +/-10.0 ppm, field mass_limit_da)",plotted / printed
Fig4,b,window +/-10.0 ppm,fraction_theoretical_cys_peptides_at_or_below_plus32_only,0.33716043809564405,"cysteine-detectability-audit/source_data_submitted/Source_Data_Fig3_search_space.csv (panel a, row window +/-10.0 ppm, field fraction_theoretical_cys_peptides_at_or_below_plus32_only)",plotted / printed
Fig4,b,window +/-10.0 ppm,mass_limit_da_printed,1776,cysteine-detectability-audit/source_data_submitted/Source_Data_Fig3_search_space.csv,mass_limit_da rounded to 1 Da for printing
Fig4,b,window +/-10.0 ppm,percent_printed,34,cysteine-detectability-audit/source_data_submitted/Source_Data_Fig3_search_space.csv,"fraction x 100 rounded for printing ("">99.9%"" printed when 0.999 < fraction < 1)"
Fig4,b,window +/-4.5 ppm,tolerance_ppm,4.5,"cysteine-detectability-audit/source_data_submitted/Source_Data_Fig3_search_space.csv (panel a, row window +/-4.5 ppm, field tolerance_ppm)",plotted / printed
Fig4,b,window +/-4.5 ppm,mass_limit_da,3946.2366222219694,"cysteine-detectability-audit/source_data_submitted/Source_Data_Fig3_search_space.csv (panel a, row window +/-4.5 ppm, field mass_limit_da)",plotted / printed
Fig4,b,window +/-4.5 ppm,fraction_theoretical_cys_peptides_at_or_below_plus32_only,0.9999961251048644,"cysteine-detectability-audit/source_data_submitted/Source_Data_Fig3_search_space.csv (panel a, row window +/-4.5 ppm, field fraction_theoretical_cys_peptides_at_or_below_plus32_only)",plotted / printed
Fig4,b,window +/-4.5 ppm,mass_limit_da_printed,3946,cysteine-detectability-audit/source_data_submitted/Source_Data_Fig3_search_space.csv,mass_limit_da rounded to 1 Da for printing
Fig4,b,window +/-4.5 ppm,percent_printed,99.9,cysteine-detectability-audit/source_data_submitted/Source_Data_Fig3_search_space.csv,"fraction x 100 rounded for printing ("">99.9%"" printed when 0.999 < fraction < 1)"
Fig4,b,window +/-2.0 ppm,tolerance_ppm,2.0,"cysteine-detectability-audit/source_data_submitted/Source_Data_Fig3_search_space.csv (panel a, row window +/-2.0 ppm, field tolerance_ppm)",plotted / printed
Fig4,b,window +/-2.0 ppm,mass_limit_da,8879.032399999433,"cysteine-detectability-audit/source_data_submitted/Source_Data_Fig3_search_space.csv (panel a, row window +/-2.0 ppm, field mass_limit_da)",plotted / printed
Fig4,b,window +/-2.0 ppm,fraction_theoretical_cys_peptides_at_or_below_plus32_only,1.0,"cysteine-detectability-audit/source_data_submitted/Source_Data_Fig3_search_space.csv (panel a, row window +/-2.0 ppm, field fraction_theoretical_cys_peptides_at_or_below_plus32_only)",plotted / printed
Fig4,b,window +/-2.0 ppm,mass_limit_da_printed,8879,cysteine-detectability-audit/source_data_submitted/Source_Data_Fig3_search_space.csv,mass_limit_da rounded to 1 Da for printing
Fig4,b,window +/-2.0 ppm,percent_printed,100,cysteine-detectability-audit/source_data_submitted/Source_Data_Fig3_search_space.csv,"fraction x 100 rounded for printing ("">99.9%"" printed when 0.999 < fraction < 1)"
Fig4,c,"insulin files (ion-trap MS2, 1.0005-Da bins)|best E-value (0.0, 1.0]",share_tied,0.8076923076923077,"cysteine-detectability-audit/source_data_submitted/Source_Data_Fig3_search_space.csv (panel d, row insulin files (ion-trap MS2, 1.0005-Da bins)|best E-value (0.0, 1.0], field share_tied)",plotted (share) / printed under the axis (tied/n)
Fig4,c,"insulin files (ion-trap MS2, 1.0005-Da bins)|best E-value (0.0, 1.0]",n_tied,21.0,"cysteine-detectability-audit/source_data_submitted/Source_Data_Fig3_search_space.csv (panel d, row insulin files (ion-trap MS2, 1.0005-Da bins)|best E-value (0.0, 1.0], field n_tied)",plotted (share) / printed under the axis (tied/n)
Fig4,c,"insulin files (ion-trap MS2, 1.0005-Da bins)|best E-value (0.0, 1.0]",n_both_scored,26.0,"cysteine-detectability-audit/source_data_submitted/Source_Data_Fig3_search_space.csv (panel d, row insulin files (ion-trap MS2, 1.0005-Da bins)|best E-value (0.0, 1.0], field n_both_scored)",plotted (share) / printed under the axis (tied/n)
Fig4,c,"insulin files (ion-trap MS2, 1.0005-Da bins)|best E-value (1.0, 10.0]",share_tied,0.8214285714285714,"cysteine-detectability-audit/source_data_submitted/Source_Data_Fig3_search_space.csv (panel d, row insulin files (ion-trap MS2, 1.0005-Da bins)|best E-value (1.0, 10.0], field share_tied)",plotted (share) / printed under the axis (tied/n)
Fig4,c,"insulin files (ion-trap MS2, 1.0005-Da bins)|best E-value (1.0, 10.0]",n_tied,46.0,"cysteine-detectability-audit/source_data_submitted/Source_Data_Fig3_search_space.csv (panel d, row insulin files (ion-trap MS2, 1.0005-Da bins)|best E-value (1.0, 10.0], field n_tied)",plotted (share) / printed under the axis (tied/n)
Fig4,c,"insulin files (ion-trap MS2, 1.0005-Da bins)|best E-value (1.0, 10.0]",n_both_scored,56.0,"cysteine-detectability-audit/source_data_submitted/Source_Data_Fig3_search_space.csv (panel d, row insulin files (ion-trap MS2, 1.0005-Da bins)|best E-value (1.0, 10.0], field n_both_scored)",plotted (share) / printed under the axis (tied/n)
Fig4,c,"insulin files (ion-trap MS2, 1.0005-Da bins)|best E-value (10.0, 100.0]",share_tied,0.875,"cysteine-detectability-audit/source_data_submitted/Source_Data_Fig3_search_space.csv (panel d, row insulin files (ion-trap MS2, 1.0005-Da bins)|best E-value (10.0, 100.0], field share_tied)",plotted (share) / printed under the axis (tied/n)
Fig4,c,"insulin files (ion-trap MS2, 1.0005-Da bins)|best E-value (10.0, 100.0]",n_tied,14.0,"cysteine-detectability-audit/source_data_submitted/Source_Data_Fig3_search_space.csv (panel d, row insulin files (ion-trap MS2, 1.0005-Da bins)|best E-value (10.0, 100.0], field n_tied)",plotted (share) / printed under the axis (tied/n)
Fig4,c,"insulin files (ion-trap MS2, 1.0005-Da bins)|best E-value (10.0, 100.0]",n_both_scored,16.0,"cysteine-detectability-audit/source_data_submitted/Source_Data_Fig3_search_space.csv (panel d, row insulin files (ion-trap MS2, 1.0005-Da bins)|best E-value (10.0, 100.0], field n_both_scored)",plotted (share) / printed under the axis (tied/n)
Fig4,c,"insulin files (ion-trap MS2, 1.0005-Da bins)|best E-value (100.0, 1000.1]",share_tied,1.0,"cysteine-detectability-audit/source_data_submitted/Source_Data_Fig3_search_space.csv (panel d, row insulin files (ion-trap MS2, 1.0005-Da bins)|best E-value (100.0, 1000.1], field share_tied)",plotted (share) / printed under the axis (tied/n)
Fig4,c,"insulin files (ion-trap MS2, 1.0005-Da bins)|best E-value (100.0, 1000.1]",n_tied,2.0,"cysteine-detectability-audit/source_data_submitted/Source_Data_Fig3_search_space.csv (panel d, row insulin files (ion-trap MS2, 1.0005-Da bins)|best E-value (100.0, 1000.1], field n_tied)",plotted (share) / printed under the axis (tied/n)
Fig4,c,"insulin files (ion-trap MS2, 1.0005-Da bins)|best E-value (100.0, 1000.1]",n_both_scored,2.0,"cysteine-detectability-audit/source_data_submitted/Source_Data_Fig3_search_space.csv (panel d, row insulin files (ion-trap MS2, 1.0005-Da bins)|best E-value (100.0, 1000.1], field n_both_scored)",plotted (share) / printed under the axis (tied/n)
Fig4,c,"insulin files (ion-trap MS2, 1.0005-Da bins)|best E-value all",share_tied,0.83,"cysteine-detectability-audit/source_data_submitted/Source_Data_Fig3_search_space.csv (panel d, row insulin files (ion-trap MS2, 1.0005-Da bins)|best E-value all, field share_tied)",plotted (share) / printed under the axis (tied/n)
Fig4,c,"insulin files (ion-trap MS2, 1.0005-Da bins)|best E-value all",n_tied,83.0,"cysteine-detectability-audit/source_data_submitted/Source_Data_Fig3_search_space.csv (panel d, row insulin files (ion-trap MS2, 1.0005-Da bins)|best E-value all, field n_tied)",plotted (share) / printed under the axis (tied/n)
Fig4,c,"insulin files (ion-trap MS2, 1.0005-Da bins)|best E-value all",n_both_scored,100.0,"cysteine-detectability-audit/source_data_submitted/Source_Data_Fig3_search_space.csv (panel d, row insulin files (ion-trap MS2, 1.0005-Da bins)|best E-value all, field n_both_scored)",plotted (share) / printed under the axis (tied/n)
Fig4,c,"insulin files (ion-trap MS2, 1.0005-Da bins)|best E-value all",percent_printed,83,cysteine-detectability-audit/source_data_submitted/Source_Data_Fig3_search_space.csv,share_tied x 100 rounded for printing
Fig4,c,"Fig-1D (FTMS MS2, 0.02-Da bins)|best E-value (0.0, 1.0]",share_tied,0.1,"cysteine-detectability-audit/source_data_submitted/Source_Data_Fig3_search_space.csv (panel d, row Fig-1D (FTMS MS2, 0.02-Da bins)|best E-value (0.0, 1.0], field share_tied)",plotted (share) / printed under the axis (tied/n)
Fig4,c,"Fig-1D (FTMS MS2, 0.02-Da bins)|best E-value (0.0, 1.0]",n_tied,6.0,"cysteine-detectability-audit/source_data_submitted/Source_Data_Fig3_search_space.csv (panel d, row Fig-1D (FTMS MS2, 0.02-Da bins)|best E-value (0.0, 1.0], field n_tied)",plotted (share) / printed under the axis (tied/n)
Fig4,c,"Fig-1D (FTMS MS2, 0.02-Da bins)|best E-value (0.0, 1.0]",n_both_scored,60.0,"cysteine-detectability-audit/source_data_submitted/Source_Data_Fig3_search_space.csv (panel d, row Fig-1D (FTMS MS2, 0.02-Da bins)|best E-value (0.0, 1.0], field n_both_scored)",plotted (share) / printed under the axis (tied/n)
Fig4,c,"Fig-1D (FTMS MS2, 0.02-Da bins)|best E-value (1.0, 10.0]",share_tied,0.2248062015503876,"cysteine-detectability-audit/source_data_submitted/Source_Data_Fig3_search_space.csv (panel d, row Fig-1D (FTMS MS2, 0.02-Da bins)|best E-value (1.0, 10.0], field share_tied)",plotted (share) / printed under the axis (tied/n)
Fig4,c,"Fig-1D (FTMS MS2, 0.02-Da bins)|best E-value (1.0, 10.0]",n_tied,58.0,"cysteine-detectability-audit/source_data_submitted/Source_Data_Fig3_search_space.csv (panel d, row Fig-1D (FTMS MS2, 0.02-Da bins)|best E-value (1.0, 10.0], field n_tied)",plotted (share) / printed under the axis (tied/n)
Fig4,c,"Fig-1D (FTMS MS2, 0.02-Da bins)|best E-value (1.0, 10.0]",n_both_scored,258.0,"cysteine-detectability-audit/source_data_submitted/Source_Data_Fig3_search_space.csv (panel d, row Fig-1D (FTMS MS2, 0.02-Da bins)|best E-value (1.0, 10.0], field n_both_scored)",plotted (share) / printed under the axis (tied/n)
Fig4,c,"Fig-1D (FTMS MS2, 0.02-Da bins)|best E-value (10.0, 100.0]",share_tied,0.3699186991869919,"cysteine-detectability-audit/source_data_submitted/Source_Data_Fig3_search_space.csv (panel d, row Fig-1D (FTMS MS2, 0.02-Da bins)|best E-value (10.0, 100.0], field share_tied)",plotted (share) / printed under the axis (tied/n)
Fig4,c,"Fig-1D (FTMS MS2, 0.02-Da bins)|best E-value (10.0, 100.0]",n_tied,91.0,"cysteine-detectability-audit/source_data_submitted/Source_Data_Fig3_search_space.csv (panel d, row Fig-1D (FTMS MS2, 0.02-Da bins)|best E-value (10.0, 100.0], field n_tied)",plotted (share) / printed under the axis (tied/n)
Fig4,c,"Fig-1D (FTMS MS2, 0.02-Da bins)|best E-value (10.0, 100.0]",n_both_scored,246.0,"cysteine-detectability-audit/source_data_submitted/Source_Data_Fig3_search_space.csv (panel d, row Fig-1D (FTMS MS2, 0.02-Da bins)|best E-value (10.0, 100.0], field n_both_scored)",plotted (share) / printed under the axis (tied/n)
Fig4,c,"Fig-1D (FTMS MS2, 0.02-Da bins)|best E-value (100.0, 1000.1]",share_tied,0.4322033898305085,"cysteine-detectability-audit/source_data_submitted/Source_Data_Fig3_search_space.csv (panel d, row Fig-1D (FTMS MS2, 0.02-Da bins)|best E-value (100.0, 1000.1], field share_tied)",plotted (share) / printed under the axis (tied/n)
Fig4,c,"Fig-1D (FTMS MS2, 0.02-Da bins)|best E-value (100.0, 1000.1]",n_tied,51.0,"cysteine-detectability-audit/source_data_submitted/Source_Data_Fig3_search_space.csv (panel d, row Fig-1D (FTMS MS2, 0.02-Da bins)|best E-value (100.0, 1000.1], field n_tied)",plotted (share) / printed under the axis (tied/n)
Fig4,c,"Fig-1D (FTMS MS2, 0.02-Da bins)|best E-value (100.0, 1000.1]",n_both_scored,118.0,"cysteine-detectability-audit/source_data_submitted/Source_Data_Fig3_search_space.csv (panel d, row Fig-1D (FTMS MS2, 0.02-Da bins)|best E-value (100.0, 1000.1], field n_both_scored)",plotted (share) / printed under the axis (tied/n)
Fig4,c,"Fig-1D (FTMS MS2, 0.02-Da bins)|best E-value all",share_tied,0.3020527859237537,"cysteine-detectability-audit/source_data_submitted/Source_Data_Fig3_search_space.csv (panel d, row Fig-1D (FTMS MS2, 0.02-Da bins)|best E-value all, field share_tied)",plotted (share) / printed under the axis (tied/n)
Fig4,c,"Fig-1D (FTMS MS2, 0.02-Da bins)|best E-value all",n_tied,206.0,"cysteine-detectability-audit/source_data_submitted/Source_Data_Fig3_search_space.csv (panel d, row Fig-1D (FTMS MS2, 0.02-Da bins)|best E-value all, field n_tied)",plotted (share) / printed under the axis (tied/n)
Fig4,c,"Fig-1D (FTMS MS2, 0.02-Da bins)|best E-value all",n_both_scored,682.0,"cysteine-detectability-audit/source_data_submitted/Source_Data_Fig3_search_space.csv (panel d, row Fig-1D (FTMS MS2, 0.02-Da bins)|best E-value all, field n_both_scored)",plotted (share) / printed under the axis (tied/n)
Fig4,c,"Fig-1D (FTMS MS2, 0.02-Da bins)|best E-value all",percent_printed,30,cysteine-detectability-audit/source_data_submitted/Source_Data_Fig3_search_space.csv,share_tied x 100 rounded for printing
Fig4,a,printed constants,interval_level_percent,95,Supplemental Note 7; cysteine-detectability-audit/source_data_submitted/Source_Data_text_artefact4_public_cohorts.csv,printed in key
Fig4,b,printed constants,ppm_label_tolerances,10; 4.5; 2,cysteine-detectability-audit/source_data_submitted/Source_Data_Fig3_search_space.csv,printed window labels
Fig4,c,printed constants,fragment_bin_ion_trap_da,1.0005,"cysteine-detectability-audit/source_data_submitted/Source_Data_Fig3_search_space.csv (panel d, row names)",printed group label
Fig4,c,printed constants,fragment_bin_ftms_da,0.02,"cysteine-detectability-audit/source_data_submitted/Source_Data_Fig3_search_space.csv (panel d, row names)",printed group label
Fig4,c,printed constants,evalue_bin_edge_1,1,"cysteine-detectability-audit/source_data_submitted/Source_Data_Fig3_search_space.csv (panel d, row names: best E-value bins)",x tick label
Fig4,c,printed constants,evalue_bin_edge_10,10,"cysteine-detectability-audit/source_data_submitted/Source_Data_Fig3_search_space.csv (panel d, row names: best E-value bins)",x tick label
Fig4,c,printed constants,evalue_bin_edge_100,100,"cysteine-detectability-audit/source_data_submitted/Source_Data_Fig3_search_space.csv (panel d, row names: best E-value bins)",x tick label
