figure,panel,row,field,value,source_table,specification_label
FigS2,a,window +/-10.0 ppm,tolerance_ppm,10.0,cysteine-detectability-audit/source_data_submitted/Source_Data_Fig3_search_space.csv (originally: posthoc_2026-09-30/results/H_artifact5_docs/precursor_accuracy_decidability.csv),"reused unchanged from the original figure build; window: alternative outside the precursor window (M < M*); any file, unbiased measurement (zero offset) (value from the 'parameter' cell)"
FigS2,a,window +/-10.0 ppm,mass_limit_da,1775.8064799998865,cysteine-detectability-audit/source_data_submitted/Source_Data_Fig3_search_space.csv (originally: posthoc_2026-09-30/results/H_artifact5_docs/precursor_accuracy_decidability.csv),"reused unchanged from the original figure build; window: alternative outside the precursor window (M < M*); any file, unbiased measurement (zero offset)"
FigS2,a,window +/-10.0 ppm,fraction_theoretical_cys_peptides_at_or_below_plus32_only,0.33716043809564405,cysteine-detectability-audit/source_data_submitted/Source_Data_Fig3_search_space.csv (originally: posthoc_2026-09-30/results/H_artifact5_docs/precursor_accuracy_decidability.csv),"reused unchanged from the original figure build; window: alternative outside the precursor window (M < M*); any file, unbiased measurement (zero offset)"
FigS2,a,window +/-4.5 ppm,tolerance_ppm,4.5,cysteine-detectability-audit/source_data_submitted/Source_Data_Fig3_search_space.csv (originally: posthoc_2026-09-30/results/H_artifact5_docs/precursor_accuracy_decidability.csv),"reused unchanged from the original figure build; window: alternative outside the precursor window (M < M*); any file, unbiased measurement (zero offset) (value from the 'parameter' cell)"
FigS2,a,window +/-4.5 ppm,mass_limit_da,3946.2366222219694,cysteine-detectability-audit/source_data_submitted/Source_Data_Fig3_search_space.csv (originally: posthoc_2026-09-30/results/H_artifact5_docs/precursor_accuracy_decidability.csv),"reused unchanged from the original figure build; window: alternative outside the precursor window (M < M*); any file, unbiased measurement (zero offset)"
FigS2,a,window +/-4.5 ppm,fraction_theoretical_cys_peptides_at_or_below_plus32_only,0.9999961251048644,cysteine-detectability-audit/source_data_submitted/Source_Data_Fig3_search_space.csv (originally: posthoc_2026-09-30/results/H_artifact5_docs/precursor_accuracy_decidability.csv),"reused unchanged from the original figure build; window: alternative outside the precursor window (M < M*); any file, unbiased measurement (zero offset)"
FigS2,a,window +/-2.0 ppm,tolerance_ppm,2.0,cysteine-detectability-audit/source_data_submitted/Source_Data_Fig3_search_space.csv (originally: posthoc_2026-09-30/results/H_artifact5_docs/precursor_accuracy_decidability.csv),"reused unchanged from the original figure build; window: alternative outside the precursor window (M < M*); any file, unbiased measurement (zero offset) (value from the 'parameter' cell)"
FigS2,a,window +/-2.0 ppm,mass_limit_da,8879.032399999433,cysteine-detectability-audit/source_data_submitted/Source_Data_Fig3_search_space.csv (originally: posthoc_2026-09-30/results/H_artifact5_docs/precursor_accuracy_decidability.csv),"reused unchanged from the original figure build; window: alternative outside the precursor window (M < M*); any file, unbiased measurement (zero offset)"
FigS2,a,window +/-2.0 ppm,fraction_theoretical_cys_peptides_at_or_below_plus32_only,1.0,cysteine-detectability-audit/source_data_submitted/Source_Data_Fig3_search_space.csv (originally: posthoc_2026-09-30/results/H_artifact5_docs/precursor_accuracy_decidability.csv),"reused unchanged from the original figure build; window: alternative outside the precursor window (M < M*); any file, unbiased measurement (zero offset)"
FigS2,a,separation label,separation_da,0.017758,cysteine-detectability-audit/source_data_submitted/Source_Data_Fig3_search_space.csv (originally: posthoc_2026-09-30/results/H_artifact5_docs/fragment_bin_arithmetic.csv),reused unchanged from the original figure build; printed curve label; dioxidation minus sulfide (shift_mz at fragment charge 1)
FigS2,a,separation curve point 001,mass_da,1100,"cysteine-detectability-audit/source_data_submitted/Source_Data_Fig3_search_space.csv (originally: derived: K/M ppm, K = tolerance x mass_limit_da of the stored window rows (H_artifact5_docs/precursor_accuracy_decidability.csv))",reused unchanged from the original figure build; grid point of the drawn curve
FigS2,a,separation curve point 001,separation_ppm,16.14369527272624,"cysteine-detectability-audit/source_data_submitted/Source_Data_Fig3_search_space.csv (originally: derived: K/M ppm, K = tolerance x mass_limit_da of the stored window rows (H_artifact5_docs/precursor_accuracy_decidability.csv))","reused unchanged from the original figure build; K / mass_da, K = 10.0 x 1775.8064799998865 = 17758.064799998865 ppm x Da"
FigS2,a,separation curve point 002,mass_da,1120,"cysteine-detectability-audit/source_data_submitted/Source_Data_Fig3_search_space.csv (originally: derived: K/M ppm, K = tolerance x mass_limit_da of the stored window rows (H_artifact5_docs/precursor_accuracy_decidability.csv))",reused unchanged from the original figure build; grid point of the drawn curve
FigS2,a,separation curve point 002,separation_ppm,15.855414999998986,"cysteine-detectability-audit/source_data_submitted/Source_Data_Fig3_search_space.csv (originally: derived: K/M ppm, K = tolerance x mass_limit_da of the stored window rows (H_artifact5_docs/precursor_accuracy_decidability.csv))","reused unchanged from the original figure build; K / mass_da, K = 10.0 x 1775.8064799998865 = 17758.064799998865 ppm x Da"
FigS2,a,separation curve point 003,mass_da,1140,"cysteine-detectability-audit/source_data_submitted/Source_Data_Fig3_search_space.csv (originally: derived: K/M ppm, K = tolerance x mass_limit_da of the stored window rows (H_artifact5_docs/precursor_accuracy_decidability.csv))",reused unchanged from the original figure build; grid point of the drawn curve
FigS2,a,separation curve point 003,separation_ppm,15.577249824560408,"cysteine-detectability-audit/source_data_submitted/Source_Data_Fig3_search_space.csv (originally: derived: K/M ppm, K = tolerance x mass_limit_da of the stored window rows (H_artifact5_docs/precursor_accuracy_decidability.csv))","reused unchanged from the original figure build; K / mass_da, K = 10.0 x 1775.8064799998865 = 17758.064799998865 ppm x Da"
FigS2,a,separation curve point 004,mass_da,1160,"cysteine-detectability-audit/source_data_submitted/Source_Data_Fig3_search_space.csv (originally: derived: K/M ppm, K = tolerance x mass_limit_da of the stored window rows (H_artifact5_docs/precursor_accuracy_decidability.csv))",reused unchanged from the original figure build; grid point of the drawn curve
FigS2,a,separation curve point 004,separation_ppm,15.30867655172316,"cysteine-detectability-audit/source_data_submitted/Source_Data_Fig3_search_space.csv (originally: derived: K/M ppm, K = tolerance x mass_limit_da of the stored window rows (H_artifact5_docs/precursor_accuracy_decidability.csv))","reused unchanged from the original figure build; K / mass_da, K = 10.0 x 1775.8064799998865 = 17758.064799998865 ppm x Da"
FigS2,a,separation curve point 005,mass_da,1180,"cysteine-detectability-audit/source_data_submitted/Source_Data_Fig3_search_space.csv (originally: derived: K/M ppm, K = tolerance x mass_limit_da of the stored window rows (H_artifact5_docs/precursor_accuracy_decidability.csv))",reused unchanged from the original figure build; grid point of the drawn curve
FigS2,a,separation curve point 005,separation_ppm,15.049207457626157,"cysteine-detectability-audit/source_data_submitted/Source_Data_Fig3_search_space.csv (originally: derived: K/M ppm, K = tolerance x mass_limit_da of the stored window rows (H_artifact5_docs/precursor_accuracy_decidability.csv))","reused unchanged from the original figure build; K / mass_da, K = 10.0 x 1775.8064799998865 = 17758.064799998865 ppm x Da"
FigS2,a,separation curve point 006,mass_da,1200,"cysteine-detectability-audit/source_data_submitted/Source_Data_Fig3_search_space.csv (originally: derived: K/M ppm, K = tolerance x mass_limit_da of the stored window rows (H_artifact5_docs/precursor_accuracy_decidability.csv))",reused unchanged from the original figure build; grid point of the drawn curve
FigS2,a,separation curve point 006,separation_ppm,14.798387333332387,"cysteine-detectability-audit/source_data_submitted/Source_Data_Fig3_search_space.csv (originally: derived: K/M ppm, K = tolerance x mass_limit_da of the stored window rows (H_artifact5_docs/precursor_accuracy_decidability.csv))","reused unchanged from the original figure build; K / mass_da, K = 10.0 x 1775.8064799998865 = 17758.064799998865 ppm x Da"
FigS2,a,separation curve point 007,mass_da,1220,"cysteine-detectability-audit/source_data_submitted/Source_Data_Fig3_search_space.csv (originally: derived: K/M ppm, K = tolerance x mass_limit_da of the stored window rows (H_artifact5_docs/precursor_accuracy_decidability.csv))",reused unchanged from the original figure build; grid point of the drawn curve
FigS2,a,separation curve point 007,separation_ppm,14.5557908196712,"cysteine-detectability-audit/source_data_submitted/Source_Data_Fig3_search_space.csv (originally: derived: K/M ppm, K = tolerance x mass_limit_da of the stored window rows (H_artifact5_docs/precursor_accuracy_decidability.csv))","reused unchanged from the original figure build; K / mass_da, K = 10.0 x 1775.8064799998865 = 17758.064799998865 ppm x Da"
FigS2,a,separation curve point 008,mass_da,1240,"cysteine-detectability-audit/source_data_submitted/Source_Data_Fig3_search_space.csv (originally: derived: K/M ppm, K = tolerance x mass_limit_da of the stored window rows (H_artifact5_docs/precursor_accuracy_decidability.csv))",reused unchanged from the original figure build; grid point of the drawn curve
FigS2,a,separation curve point 008,separation_ppm,14.321019999999084,"cysteine-detectability-audit/source_data_submitted/Source_Data_Fig3_search_space.csv (originally: derived: K/M ppm, K = tolerance x mass_limit_da of the stored window rows (H_artifact5_docs/precursor_accuracy_decidability.csv))","reused unchanged from the original figure build; K / mass_da, K = 10.0 x 1775.8064799998865 = 17758.064799998865 ppm x Da"
FigS2,a,separation curve point 009,mass_da,1260,"cysteine-detectability-audit/source_data_submitted/Source_Data_Fig3_search_space.csv (originally: derived: K/M ppm, K = tolerance x mass_limit_da of the stored window rows (H_artifact5_docs/precursor_accuracy_decidability.csv))",reused unchanged from the original figure build; grid point of the drawn curve
FigS2,a,separation curve point 009,separation_ppm,14.09370222222132,"cysteine-detectability-audit/source_data_submitted/Source_Data_Fig3_search_space.csv (originally: derived: K/M ppm, K = tolerance x mass_limit_da of the stored window rows (H_artifact5_docs/precursor_accuracy_decidability.csv))","reused unchanged from the original figure build; K / mass_da, K = 10.0 x 1775.8064799998865 = 17758.064799998865 ppm x Da"
FigS2,a,separation curve point 010,mass_da,1280,"cysteine-detectability-audit/source_data_submitted/Source_Data_Fig3_search_space.csv (originally: derived: K/M ppm, K = tolerance x mass_limit_da of the stored window rows (H_artifact5_docs/precursor_accuracy_decidability.csv))",reused unchanged from the original figure build; grid point of the drawn curve
FigS2,a,separation curve point 010,separation_ppm,13.873488124999113,"cysteine-detectability-audit/source_data_submitted/Source_Data_Fig3_search_space.csv (originally: derived: K/M ppm, K = tolerance x mass_limit_da of the stored window rows (H_artifact5_docs/precursor_accuracy_decidability.csv))","reused unchanged from the original figure build; K / mass_da, K = 10.0 x 1775.8064799998865 = 17758.064799998865 ppm x Da"
FigS2,a,separation curve point 011,mass_da,1300,"cysteine-detectability-audit/source_data_submitted/Source_Data_Fig3_search_space.csv (originally: derived: K/M ppm, K = tolerance x mass_limit_da of the stored window rows (H_artifact5_docs/precursor_accuracy_decidability.csv))",reused unchanged from the original figure build; grid point of the drawn curve
FigS2,a,separation curve point 011,separation_ppm,13.660049846152972,"cysteine-detectability-audit/source_data_submitted/Source_Data_Fig3_search_space.csv (originally: derived: K/M ppm, K = tolerance x mass_limit_da of the stored window rows (H_artifact5_docs/precursor_accuracy_decidability.csv))","reused unchanged from the original figure build; K / mass_da, K = 10.0 x 1775.8064799998865 = 17758.064799998865 ppm x Da"
FigS2,a,separation curve point 012,mass_da,1320,"cysteine-detectability-audit/source_data_submitted/Source_Data_Fig3_search_space.csv (originally: derived: K/M ppm, K = tolerance x mass_limit_da of the stored window rows (H_artifact5_docs/precursor_accuracy_decidability.csv))",reused unchanged from the original figure build; grid point of the drawn curve
FigS2,a,separation curve point 012,separation_ppm,13.453079393938534,"cysteine-detectability-audit/source_data_submitted/Source_Data_Fig3_search_space.csv (originally: derived: K/M ppm, K = tolerance x mass_limit_da of the stored window rows (H_artifact5_docs/precursor_accuracy_decidability.csv))","reused unchanged from the original figure build; K / mass_da, K = 10.0 x 1775.8064799998865 = 17758.064799998865 ppm x Da"
FigS2,a,separation curve point 013,mass_da,1340,"cysteine-detectability-audit/source_data_submitted/Source_Data_Fig3_search_space.csv (originally: derived: K/M ppm, K = tolerance x mass_limit_da of the stored window rows (H_artifact5_docs/precursor_accuracy_decidability.csv))",reused unchanged from the original figure build; grid point of the drawn curve
FigS2,a,separation curve point 013,separation_ppm,13.252287164178258,"cysteine-detectability-audit/source_data_submitted/Source_Data_Fig3_search_space.csv (originally: derived: K/M ppm, K = tolerance x mass_limit_da of the stored window rows (H_artifact5_docs/precursor_accuracy_decidability.csv))","reused unchanged from the original figure build; K / mass_da, K = 10.0 x 1775.8064799998865 = 17758.064799998865 ppm x Da"
FigS2,a,separation curve point 014,mass_da,1360,"cysteine-detectability-audit/source_data_submitted/Source_Data_Fig3_search_space.csv (originally: derived: K/M ppm, K = tolerance x mass_limit_da of the stored window rows (H_artifact5_docs/precursor_accuracy_decidability.csv))",reused unchanged from the original figure build; grid point of the drawn curve
FigS2,a,separation curve point 014,separation_ppm,13.05740058823446,"cysteine-detectability-audit/source_data_submitted/Source_Data_Fig3_search_space.csv (originally: derived: K/M ppm, K = tolerance x mass_limit_da of the stored window rows (H_artifact5_docs/precursor_accuracy_decidability.csv))","reused unchanged from the original figure build; K / mass_da, K = 10.0 x 1775.8064799998865 = 17758.064799998865 ppm x Da"
FigS2,a,separation curve point 015,mass_da,1380,"cysteine-detectability-audit/source_data_submitted/Source_Data_Fig3_search_space.csv (originally: derived: K/M ppm, K = tolerance x mass_limit_da of the stored window rows (H_artifact5_docs/precursor_accuracy_decidability.csv))",reused unchanged from the original figure build; grid point of the drawn curve
FigS2,a,separation curve point 015,separation_ppm,12.868162898549903,"cysteine-detectability-audit/source_data_submitted/Source_Data_Fig3_search_space.csv (originally: derived: K/M ppm, K = tolerance x mass_limit_da of the stored window rows (H_artifact5_docs/precursor_accuracy_decidability.csv))","reused unchanged from the original figure build; K / mass_da, K = 10.0 x 1775.8064799998865 = 17758.064799998865 ppm x Da"
FigS2,a,separation curve point 016,mass_da,1400,"cysteine-detectability-audit/source_data_submitted/Source_Data_Fig3_search_space.csv (originally: derived: K/M ppm, K = tolerance x mass_limit_da of the stored window rows (H_artifact5_docs/precursor_accuracy_decidability.csv))",reused unchanged from the original figure build; grid point of the drawn curve
FigS2,a,separation curve point 016,separation_ppm,12.68433199999919,"cysteine-detectability-audit/source_data_submitted/Source_Data_Fig3_search_space.csv (originally: derived: K/M ppm, K = tolerance x mass_limit_da of the stored window rows (H_artifact5_docs/precursor_accuracy_decidability.csv))","reused unchanged from the original figure build; K / mass_da, K = 10.0 x 1775.8064799998865 = 17758.064799998865 ppm x Da"
FigS2,a,separation curve point 017,mass_da,1420,"cysteine-detectability-audit/source_data_submitted/Source_Data_Fig3_search_space.csv (originally: derived: K/M ppm, K = tolerance x mass_limit_da of the stored window rows (H_artifact5_docs/precursor_accuracy_decidability.csv))",reused unchanged from the original figure build; grid point of the drawn curve
FigS2,a,separation curve point 017,separation_ppm,12.50567943661892,"cysteine-detectability-audit/source_data_submitted/Source_Data_Fig3_search_space.csv (originally: derived: K/M ppm, K = tolerance x mass_limit_da of the stored window rows (H_artifact5_docs/precursor_accuracy_decidability.csv))","reused unchanged from the original figure build; K / mass_da, K = 10.0 x 1775.8064799998865 = 17758.064799998865 ppm x Da"
FigS2,a,separation curve point 018,mass_da,1440,"cysteine-detectability-audit/source_data_submitted/Source_Data_Fig3_search_space.csv (originally: derived: K/M ppm, K = tolerance x mass_limit_da of the stored window rows (H_artifact5_docs/precursor_accuracy_decidability.csv))",reused unchanged from the original figure build; grid point of the drawn curve
FigS2,a,separation curve point 018,separation_ppm,12.331989444443657,"cysteine-detectability-audit/source_data_submitted/Source_Data_Fig3_search_space.csv (originally: derived: K/M ppm, K = tolerance x mass_limit_da of the stored window rows (H_artifact5_docs/precursor_accuracy_decidability.csv))","reused unchanged from the original figure build; K / mass_da, K = 10.0 x 1775.8064799998865 = 17758.064799998865 ppm x Da"
FigS2,a,separation curve point 019,mass_da,1460,"cysteine-detectability-audit/source_data_submitted/Source_Data_Fig3_search_space.csv (originally: derived: K/M ppm, K = tolerance x mass_limit_da of the stored window rows (H_artifact5_docs/precursor_accuracy_decidability.csv))",reused unchanged from the original figure build; grid point of the drawn curve
FigS2,a,separation curve point 019,separation_ppm,12.163058082191004,"cysteine-detectability-audit/source_data_submitted/Source_Data_Fig3_search_space.csv (originally: derived: K/M ppm, K = tolerance x mass_limit_da of the stored window rows (H_artifact5_docs/precursor_accuracy_decidability.csv))","reused unchanged from the original figure build; K / mass_da, K = 10.0 x 1775.8064799998865 = 17758.064799998865 ppm x Da"
FigS2,a,separation curve point 020,mass_da,1480,"cysteine-detectability-audit/source_data_submitted/Source_Data_Fig3_search_space.csv (originally: derived: K/M ppm, K = tolerance x mass_limit_da of the stored window rows (H_artifact5_docs/precursor_accuracy_decidability.csv))",reused unchanged from the original figure build; grid point of the drawn curve
FigS2,a,separation curve point 020,separation_ppm,11.998692432431666,"cysteine-detectability-audit/source_data_submitted/Source_Data_Fig3_search_space.csv (originally: derived: K/M ppm, K = tolerance x mass_limit_da of the stored window rows (H_artifact5_docs/precursor_accuracy_decidability.csv))","reused unchanged from the original figure build; K / mass_da, K = 10.0 x 1775.8064799998865 = 17758.064799998865 ppm x Da"
FigS2,a,separation curve point 021,mass_da,1500,"cysteine-detectability-audit/source_data_submitted/Source_Data_Fig3_search_space.csv (originally: derived: K/M ppm, K = tolerance x mass_limit_da of the stored window rows (H_artifact5_docs/precursor_accuracy_decidability.csv))",reused unchanged from the original figure build; grid point of the drawn curve
FigS2,a,separation curve point 021,separation_ppm,11.83870986666591,"cysteine-detectability-audit/source_data_submitted/Source_Data_Fig3_search_space.csv (originally: derived: K/M ppm, K = tolerance x mass_limit_da of the stored window rows (H_artifact5_docs/precursor_accuracy_decidability.csv))","reused unchanged from the original figure build; K / mass_da, K = 10.0 x 1775.8064799998865 = 17758.064799998865 ppm x Da"
FigS2,a,separation curve point 022,mass_da,1520,"cysteine-detectability-audit/source_data_submitted/Source_Data_Fig3_search_space.csv (originally: derived: K/M ppm, K = tolerance x mass_limit_da of the stored window rows (H_artifact5_docs/precursor_accuracy_decidability.csv))",reused unchanged from the original figure build; grid point of the drawn curve
FigS2,a,separation curve point 022,separation_ppm,11.682937368420307,"cysteine-detectability-audit/source_data_submitted/Source_Data_Fig3_search_space.csv (originally: derived: K/M ppm, K = tolerance x mass_limit_da of the stored window rows (H_artifact5_docs/precursor_accuracy_decidability.csv))","reused unchanged from the original figure build; K / mass_da, K = 10.0 x 1775.8064799998865 = 17758.064799998865 ppm x Da"
FigS2,a,separation curve point 023,mass_da,1540,"cysteine-detectability-audit/source_data_submitted/Source_Data_Fig3_search_space.csv (originally: derived: K/M ppm, K = tolerance x mass_limit_da of the stored window rows (H_artifact5_docs/precursor_accuracy_decidability.csv))",reused unchanged from the original figure build; grid point of the drawn curve
FigS2,a,separation curve point 023,separation_ppm,11.531210909090172,"cysteine-detectability-audit/source_data_submitted/Source_Data_Fig3_search_space.csv (originally: derived: K/M ppm, K = tolerance x mass_limit_da of the stored window rows (H_artifact5_docs/precursor_accuracy_decidability.csv))","reused unchanged from the original figure build; K / mass_da, K = 10.0 x 1775.8064799998865 = 17758.064799998865 ppm x Da"
FigS2,a,separation curve point 024,mass_da,1560,"cysteine-detectability-audit/source_data_submitted/Source_Data_Fig3_search_space.csv (originally: derived: K/M ppm, K = tolerance x mass_limit_da of the stored window rows (H_artifact5_docs/precursor_accuracy_decidability.csv))",reused unchanged from the original figure build; grid point of the drawn curve
FigS2,a,separation curve point 024,separation_ppm,11.383374871794144,"cysteine-detectability-audit/source_data_submitted/Source_Data_Fig3_search_space.csv (originally: derived: K/M ppm, K = tolerance x mass_limit_da of the stored window rows (H_artifact5_docs/precursor_accuracy_decidability.csv))","reused unchanged from the original figure build; K / mass_da, K = 10.0 x 1775.8064799998865 = 17758.064799998865 ppm x Da"
FigS2,a,separation curve point 025,mass_da,1580,"cysteine-detectability-audit/source_data_submitted/Source_Data_Fig3_search_space.csv (originally: derived: K/M ppm, K = tolerance x mass_limit_da of the stored window rows (H_artifact5_docs/precursor_accuracy_decidability.csv))",reused unchanged from the original figure build; grid point of the drawn curve
FigS2,a,separation curve point 025,separation_ppm,11.239281518986623,"cysteine-detectability-audit/source_data_submitted/Source_Data_Fig3_search_space.csv (originally: derived: K/M ppm, K = tolerance x mass_limit_da of the stored window rows (H_artifact5_docs/precursor_accuracy_decidability.csv))","reused unchanged from the original figure build; K / mass_da, K = 10.0 x 1775.8064799998865 = 17758.064799998865 ppm x Da"
FigS2,a,separation curve point 026,mass_da,1600,"cysteine-detectability-audit/source_data_submitted/Source_Data_Fig3_search_space.csv (originally: derived: K/M ppm, K = tolerance x mass_limit_da of the stored window rows (H_artifact5_docs/precursor_accuracy_decidability.csv))",reused unchanged from the original figure build; grid point of the drawn curve
FigS2,a,separation curve point 026,separation_ppm,11.098790499999291,"cysteine-detectability-audit/source_data_submitted/Source_Data_Fig3_search_space.csv (originally: derived: K/M ppm, K = tolerance x mass_limit_da of the stored window rows (H_artifact5_docs/precursor_accuracy_decidability.csv))","reused unchanged from the original figure build; K / mass_da, K = 10.0 x 1775.8064799998865 = 17758.064799998865 ppm x Da"
FigS2,a,separation curve point 027,mass_da,1620,"cysteine-detectability-audit/source_data_submitted/Source_Data_Fig3_search_space.csv (originally: derived: K/M ppm, K = tolerance x mass_limit_da of the stored window rows (H_artifact5_docs/precursor_accuracy_decidability.csv))",reused unchanged from the original figure build; grid point of the drawn curve
FigS2,a,separation curve point 027,separation_ppm,10.961768395061029,"cysteine-detectability-audit/source_data_submitted/Source_Data_Fig3_search_space.csv (originally: derived: K/M ppm, K = tolerance x mass_limit_da of the stored window rows (H_artifact5_docs/precursor_accuracy_decidability.csv))","reused unchanged from the original figure build; K / mass_da, K = 10.0 x 1775.8064799998865 = 17758.064799998865 ppm x Da"
FigS2,a,separation curve point 028,mass_da,1640,"cysteine-detectability-audit/source_data_submitted/Source_Data_Fig3_search_space.csv (originally: derived: K/M ppm, K = tolerance x mass_limit_da of the stored window rows (H_artifact5_docs/precursor_accuracy_decidability.csv))",reused unchanged from the original figure build; grid point of the drawn curve
FigS2,a,separation curve point 028,separation_ppm,10.828088292682235,"cysteine-detectability-audit/source_data_submitted/Source_Data_Fig3_search_space.csv (originally: derived: K/M ppm, K = tolerance x mass_limit_da of the stored window rows (H_artifact5_docs/precursor_accuracy_decidability.csv))","reused unchanged from the original figure build; K / mass_da, K = 10.0 x 1775.8064799998865 = 17758.064799998865 ppm x Da"
FigS2,a,separation curve point 029,mass_da,1660,"cysteine-detectability-audit/source_data_submitted/Source_Data_Fig3_search_space.csv (originally: derived: K/M ppm, K = tolerance x mass_limit_da of the stored window rows (H_artifact5_docs/precursor_accuracy_decidability.csv))",reused unchanged from the original figure build; grid point of the drawn curve
FigS2,a,separation curve point 029,separation_ppm,10.697629397589678,"cysteine-detectability-audit/source_data_submitted/Source_Data_Fig3_search_space.csv (originally: derived: K/M ppm, K = tolerance x mass_limit_da of the stored window rows (H_artifact5_docs/precursor_accuracy_decidability.csv))","reused unchanged from the original figure build; K / mass_da, K = 10.0 x 1775.8064799998865 = 17758.064799998865 ppm x Da"
FigS2,a,separation curve point 030,mass_da,1680,"cysteine-detectability-audit/source_data_submitted/Source_Data_Fig3_search_space.csv (originally: derived: K/M ppm, K = tolerance x mass_limit_da of the stored window rows (H_artifact5_docs/precursor_accuracy_decidability.csv))",reused unchanged from the original figure build; grid point of the drawn curve
FigS2,a,separation curve point 030,separation_ppm,10.570276666665992,"cysteine-detectability-audit/source_data_submitted/Source_Data_Fig3_search_space.csv (originally: derived: K/M ppm, K = tolerance x mass_limit_da of the stored window rows (H_artifact5_docs/precursor_accuracy_decidability.csv))","reused unchanged from the original figure build; K / mass_da, K = 10.0 x 1775.8064799998865 = 17758.064799998865 ppm x Da"
FigS2,a,separation curve point 031,mass_da,1700,"cysteine-detectability-audit/source_data_submitted/Source_Data_Fig3_search_space.csv (originally: derived: K/M ppm, K = tolerance x mass_limit_da of the stored window rows (H_artifact5_docs/precursor_accuracy_decidability.csv))",reused unchanged from the original figure build; grid point of the drawn curve
FigS2,a,separation curve point 031,separation_ppm,10.445920470587568,"cysteine-detectability-audit/source_data_submitted/Source_Data_Fig3_search_space.csv (originally: derived: K/M ppm, K = tolerance x mass_limit_da of the stored window rows (H_artifact5_docs/precursor_accuracy_decidability.csv))","reused unchanged from the original figure build; K / mass_da, K = 10.0 x 1775.8064799998865 = 17758.064799998865 ppm x Da"
FigS2,a,separation curve point 032,mass_da,1720,"cysteine-detectability-audit/source_data_submitted/Source_Data_Fig3_search_space.csv (originally: derived: K/M ppm, K = tolerance x mass_limit_da of the stored window rows (H_artifact5_docs/precursor_accuracy_decidability.csv))",reused unchanged from the original figure build; grid point of the drawn curve
FigS2,a,separation curve point 032,separation_ppm,10.324456279069107,"cysteine-detectability-audit/source_data_submitted/Source_Data_Fig3_search_space.csv (originally: derived: K/M ppm, K = tolerance x mass_limit_da of the stored window rows (H_artifact5_docs/precursor_accuracy_decidability.csv))","reused unchanged from the original figure build; K / mass_da, K = 10.0 x 1775.8064799998865 = 17758.064799998865 ppm x Da"
FigS2,a,separation curve point 033,mass_da,1740,"cysteine-detectability-audit/source_data_submitted/Source_Data_Fig3_search_space.csv (originally: derived: K/M ppm, K = tolerance x mass_limit_da of the stored window rows (H_artifact5_docs/precursor_accuracy_decidability.csv))",reused unchanged from the original figure build; grid point of the drawn curve
FigS2,a,separation curve point 033,separation_ppm,10.20578436781544,"cysteine-detectability-audit/source_data_submitted/Source_Data_Fig3_search_space.csv (originally: derived: K/M ppm, K = tolerance x mass_limit_da of the stored window rows (H_artifact5_docs/precursor_accuracy_decidability.csv))","reused unchanged from the original figure build; K / mass_da, K = 10.0 x 1775.8064799998865 = 17758.064799998865 ppm x Da"
FigS2,a,separation curve point 034,mass_da,1760,"cysteine-detectability-audit/source_data_submitted/Source_Data_Fig3_search_space.csv (originally: derived: K/M ppm, K = tolerance x mass_limit_da of the stored window rows (H_artifact5_docs/precursor_accuracy_decidability.csv))",reused unchanged from the original figure build; grid point of the drawn curve
FigS2,a,separation curve point 034,separation_ppm,10.089809545453901,"cysteine-detectability-audit/source_data_submitted/Source_Data_Fig3_search_space.csv (originally: derived: K/M ppm, K = tolerance x mass_limit_da of the stored window rows (H_artifact5_docs/precursor_accuracy_decidability.csv))","reused unchanged from the original figure build; K / mass_da, K = 10.0 x 1775.8064799998865 = 17758.064799998865 ppm x Da"
FigS2,a,separation curve point 035,mass_da,1780,"cysteine-detectability-audit/source_data_submitted/Source_Data_Fig3_search_space.csv (originally: derived: K/M ppm, K = tolerance x mass_limit_da of the stored window rows (H_artifact5_docs/precursor_accuracy_decidability.csv))",reused unchanged from the original figure build; grid point of the drawn curve
FigS2,a,separation curve point 035,separation_ppm,9.976440898875767,"cysteine-detectability-audit/source_data_submitted/Source_Data_Fig3_search_space.csv (originally: derived: K/M ppm, K = tolerance x mass_limit_da of the stored window rows (H_artifact5_docs/precursor_accuracy_decidability.csv))","reused unchanged from the original figure build; K / mass_da, K = 10.0 x 1775.8064799998865 = 17758.064799998865 ppm x Da"
FigS2,a,separation curve point 036,mass_da,1800,"cysteine-detectability-audit/source_data_submitted/Source_Data_Fig3_search_space.csv (originally: derived: K/M ppm, K = tolerance x mass_limit_da of the stored window rows (H_artifact5_docs/precursor_accuracy_decidability.csv))",reused unchanged from the original figure build; grid point of the drawn curve
FigS2,a,separation curve point 036,separation_ppm,9.865591555554925,"cysteine-detectability-audit/source_data_submitted/Source_Data_Fig3_search_space.csv (originally: derived: K/M ppm, K = tolerance x mass_limit_da of the stored window rows (H_artifact5_docs/precursor_accuracy_decidability.csv))","reused unchanged from the original figure build; K / mass_da, K = 10.0 x 1775.8064799998865 = 17758.064799998865 ppm x Da"
FigS2,a,separation curve point 037,mass_da,1820,"cysteine-detectability-audit/source_data_submitted/Source_Data_Fig3_search_space.csv (originally: derived: K/M ppm, K = tolerance x mass_limit_da of the stored window rows (H_artifact5_docs/precursor_accuracy_decidability.csv))",reused unchanged from the original figure build; grid point of the drawn curve
FigS2,a,separation curve point 037,separation_ppm,9.757178461537839,"cysteine-detectability-audit/source_data_submitted/Source_Data_Fig3_search_space.csv (originally: derived: K/M ppm, K = tolerance x mass_limit_da of the stored window rows (H_artifact5_docs/precursor_accuracy_decidability.csv))","reused unchanged from the original figure build; K / mass_da, K = 10.0 x 1775.8064799998865 = 17758.064799998865 ppm x Da"
FigS2,a,separation curve point 038,mass_da,1840,"cysteine-detectability-audit/source_data_submitted/Source_Data_Fig3_search_space.csv (originally: derived: K/M ppm, K = tolerance x mass_limit_da of the stored window rows (H_artifact5_docs/precursor_accuracy_decidability.csv))",reused unchanged from the original figure build; grid point of the drawn curve
FigS2,a,separation curve point 038,separation_ppm,9.651122173912427,"cysteine-detectability-audit/source_data_submitted/Source_Data_Fig3_search_space.csv (originally: derived: K/M ppm, K = tolerance x mass_limit_da of the stored window rows (H_artifact5_docs/precursor_accuracy_decidability.csv))","reused unchanged from the original figure build; K / mass_da, K = 10.0 x 1775.8064799998865 = 17758.064799998865 ppm x Da"
FigS2,a,separation curve point 039,mass_da,1860,"cysteine-detectability-audit/source_data_submitted/Source_Data_Fig3_search_space.csv (originally: derived: K/M ppm, K = tolerance x mass_limit_da of the stored window rows (H_artifact5_docs/precursor_accuracy_decidability.csv))",reused unchanged from the original figure build; grid point of the drawn curve
FigS2,a,separation curve point 039,separation_ppm,9.547346666666057,"cysteine-detectability-audit/source_data_submitted/Source_Data_Fig3_search_space.csv (originally: derived: K/M ppm, K = tolerance x mass_limit_da of the stored window rows (H_artifact5_docs/precursor_accuracy_decidability.csv))","reused unchanged from the original figure build; K / mass_da, K = 10.0 x 1775.8064799998865 = 17758.064799998865 ppm x Da"
FigS2,a,separation curve point 040,mass_da,1880,"cysteine-detectability-audit/source_data_submitted/Source_Data_Fig3_search_space.csv (originally: derived: K/M ppm, K = tolerance x mass_limit_da of the stored window rows (H_artifact5_docs/precursor_accuracy_decidability.csv))",reused unchanged from the original figure build; grid point of the drawn curve
FigS2,a,separation curve point 040,separation_ppm,9.445779148935566,"cysteine-detectability-audit/source_data_submitted/Source_Data_Fig3_search_space.csv (originally: derived: K/M ppm, K = tolerance x mass_limit_da of the stored window rows (H_artifact5_docs/precursor_accuracy_decidability.csv))","reused unchanged from the original figure build; K / mass_da, K = 10.0 x 1775.8064799998865 = 17758.064799998865 ppm x Da"
FigS2,a,separation curve point 041,mass_da,1900,"cysteine-detectability-audit/source_data_submitted/Source_Data_Fig3_search_space.csv (originally: derived: K/M ppm, K = tolerance x mass_limit_da of the stored window rows (H_artifact5_docs/precursor_accuracy_decidability.csv))",reused unchanged from the original figure build; grid point of the drawn curve
FigS2,a,separation curve point 041,separation_ppm,9.346349894736244,"cysteine-detectability-audit/source_data_submitted/Source_Data_Fig3_search_space.csv (originally: derived: K/M ppm, K = tolerance x mass_limit_da of the stored window rows (H_artifact5_docs/precursor_accuracy_decidability.csv))","reused unchanged from the original figure build; K / mass_da, K = 10.0 x 1775.8064799998865 = 17758.064799998865 ppm x Da"
FigS2,a,separation curve point 042,mass_da,1920,"cysteine-detectability-audit/source_data_submitted/Source_Data_Fig3_search_space.csv (originally: derived: K/M ppm, K = tolerance x mass_limit_da of the stored window rows (H_artifact5_docs/precursor_accuracy_decidability.csv))",reused unchanged from the original figure build; grid point of the drawn curve
FigS2,a,separation curve point 042,separation_ppm,9.248992083332743,"cysteine-detectability-audit/source_data_submitted/Source_Data_Fig3_search_space.csv (originally: derived: K/M ppm, K = tolerance x mass_limit_da of the stored window rows (H_artifact5_docs/precursor_accuracy_decidability.csv))","reused unchanged from the original figure build; K / mass_da, K = 10.0 x 1775.8064799998865 = 17758.064799998865 ppm x Da"
FigS2,a,separation curve point 043,mass_da,1940,"cysteine-detectability-audit/source_data_submitted/Source_Data_Fig3_search_space.csv (originally: derived: K/M ppm, K = tolerance x mass_limit_da of the stored window rows (H_artifact5_docs/precursor_accuracy_decidability.csv))",reused unchanged from the original figure build; grid point of the drawn curve
FigS2,a,separation curve point 043,separation_ppm,9.153641649483951,"cysteine-detectability-audit/source_data_submitted/Source_Data_Fig3_search_space.csv (originally: derived: K/M ppm, K = tolerance x mass_limit_da of the stored window rows (H_artifact5_docs/precursor_accuracy_decidability.csv))","reused unchanged from the original figure build; K / mass_da, K = 10.0 x 1775.8064799998865 = 17758.064799998865 ppm x Da"
FigS2,a,separation curve point 044,mass_da,1960,"cysteine-detectability-audit/source_data_submitted/Source_Data_Fig3_search_space.csv (originally: derived: K/M ppm, K = tolerance x mass_limit_da of the stored window rows (H_artifact5_docs/precursor_accuracy_decidability.csv))",reused unchanged from the original figure build; grid point of the drawn curve
FigS2,a,separation curve point 044,separation_ppm,9.060237142856565,"cysteine-detectability-audit/source_data_submitted/Source_Data_Fig3_search_space.csv (originally: derived: K/M ppm, K = tolerance x mass_limit_da of the stored window rows (H_artifact5_docs/precursor_accuracy_decidability.csv))","reused unchanged from the original figure build; K / mass_da, K = 10.0 x 1775.8064799998865 = 17758.064799998865 ppm x Da"
FigS2,a,separation curve point 045,mass_da,1980,"cysteine-detectability-audit/source_data_submitted/Source_Data_Fig3_search_space.csv (originally: derived: K/M ppm, K = tolerance x mass_limit_da of the stored window rows (H_artifact5_docs/precursor_accuracy_decidability.csv))",reused unchanged from the original figure build; grid point of the drawn curve
FigS2,a,separation curve point 045,separation_ppm,8.968719595959023,"cysteine-detectability-audit/source_data_submitted/Source_Data_Fig3_search_space.csv (originally: derived: K/M ppm, K = tolerance x mass_limit_da of the stored window rows (H_artifact5_docs/precursor_accuracy_decidability.csv))","reused unchanged from the original figure build; K / mass_da, K = 10.0 x 1775.8064799998865 = 17758.064799998865 ppm x Da"
FigS2,a,separation curve point 046,mass_da,2000,"cysteine-detectability-audit/source_data_submitted/Source_Data_Fig3_search_space.csv (originally: derived: K/M ppm, K = tolerance x mass_limit_da of the stored window rows (H_artifact5_docs/precursor_accuracy_decidability.csv))",reused unchanged from the original figure build; grid point of the drawn curve
FigS2,a,separation curve point 046,separation_ppm,8.879032399999433,"cysteine-detectability-audit/source_data_submitted/Source_Data_Fig3_search_space.csv (originally: derived: K/M ppm, K = tolerance x mass_limit_da of the stored window rows (H_artifact5_docs/precursor_accuracy_decidability.csv))","reused unchanged from the original figure build; K / mass_da, K = 10.0 x 1775.8064799998865 = 17758.064799998865 ppm x Da"
FigS2,a,separation curve point 047,mass_da,2050,"cysteine-detectability-audit/source_data_submitted/Source_Data_Fig3_search_space.csv (originally: derived: K/M ppm, K = tolerance x mass_limit_da of the stored window rows (H_artifact5_docs/precursor_accuracy_decidability.csv))",reused unchanged from the original figure build; grid point of the drawn curve
FigS2,a,separation curve point 047,separation_ppm,8.662470634145787,"cysteine-detectability-audit/source_data_submitted/Source_Data_Fig3_search_space.csv (originally: derived: K/M ppm, K = tolerance x mass_limit_da of the stored window rows (H_artifact5_docs/precursor_accuracy_decidability.csv))","reused unchanged from the original figure build; K / mass_da, K = 10.0 x 1775.8064799998865 = 17758.064799998865 ppm x Da"
FigS2,a,separation curve point 048,mass_da,2100,"cysteine-detectability-audit/source_data_submitted/Source_Data_Fig3_search_space.csv (originally: derived: K/M ppm, K = tolerance x mass_limit_da of the stored window rows (H_artifact5_docs/precursor_accuracy_decidability.csv))",reused unchanged from the original figure build; grid point of the drawn curve
FigS2,a,separation curve point 048,separation_ppm,8.456221333332794,"cysteine-detectability-audit/source_data_submitted/Source_Data_Fig3_search_space.csv (originally: derived: K/M ppm, K = tolerance x mass_limit_da of the stored window rows (H_artifact5_docs/precursor_accuracy_decidability.csv))","reused unchanged from the original figure build; K / mass_da, K = 10.0 x 1775.8064799998865 = 17758.064799998865 ppm x Da"
FigS2,a,separation curve point 049,mass_da,2150,"cysteine-detectability-audit/source_data_submitted/Source_Data_Fig3_search_space.csv (originally: derived: K/M ppm, K = tolerance x mass_limit_da of the stored window rows (H_artifact5_docs/precursor_accuracy_decidability.csv))",reused unchanged from the original figure build; grid point of the drawn curve
FigS2,a,separation curve point 049,separation_ppm,8.259565023255286,"cysteine-detectability-audit/source_data_submitted/Source_Data_Fig3_search_space.csv (originally: derived: K/M ppm, K = tolerance x mass_limit_da of the stored window rows (H_artifact5_docs/precursor_accuracy_decidability.csv))","reused unchanged from the original figure build; K / mass_da, K = 10.0 x 1775.8064799998865 = 17758.064799998865 ppm x Da"
FigS2,a,separation curve point 050,mass_da,2200,"cysteine-detectability-audit/source_data_submitted/Source_Data_Fig3_search_space.csv (originally: derived: K/M ppm, K = tolerance x mass_limit_da of the stored window rows (H_artifact5_docs/precursor_accuracy_decidability.csv))",reused unchanged from the original figure build; grid point of the drawn curve
FigS2,a,separation curve point 050,separation_ppm,8.07184763636312,"cysteine-detectability-audit/source_data_submitted/Source_Data_Fig3_search_space.csv (originally: derived: K/M ppm, K = tolerance x mass_limit_da of the stored window rows (H_artifact5_docs/precursor_accuracy_decidability.csv))","reused unchanged from the original figure build; K / mass_da, K = 10.0 x 1775.8064799998865 = 17758.064799998865 ppm x Da"
FigS2,a,separation curve point 051,mass_da,2250,"cysteine-detectability-audit/source_data_submitted/Source_Data_Fig3_search_space.csv (originally: derived: K/M ppm, K = tolerance x mass_limit_da of the stored window rows (H_artifact5_docs/precursor_accuracy_decidability.csv))",reused unchanged from the original figure build; grid point of the drawn curve
FigS2,a,separation curve point 051,separation_ppm,7.89247324444394,"cysteine-detectability-audit/source_data_submitted/Source_Data_Fig3_search_space.csv (originally: derived: K/M ppm, K = tolerance x mass_limit_da of the stored window rows (H_artifact5_docs/precursor_accuracy_decidability.csv))","reused unchanged from the original figure build; K / mass_da, K = 10.0 x 1775.8064799998865 = 17758.064799998865 ppm x Da"
FigS2,a,separation curve point 052,mass_da,2300,"cysteine-detectability-audit/source_data_submitted/Source_Data_Fig3_search_space.csv (originally: derived: K/M ppm, K = tolerance x mass_limit_da of the stored window rows (H_artifact5_docs/precursor_accuracy_decidability.csv))",reused unchanged from the original figure build; grid point of the drawn curve
FigS2,a,separation curve point 052,separation_ppm,7.720897739129941,"cysteine-detectability-audit/source_data_submitted/Source_Data_Fig3_search_space.csv (originally: derived: K/M ppm, K = tolerance x mass_limit_da of the stored window rows (H_artifact5_docs/precursor_accuracy_decidability.csv))","reused unchanged from the original figure build; K / mass_da, K = 10.0 x 1775.8064799998865 = 17758.064799998865 ppm x Da"
FigS2,a,separation curve point 053,mass_da,2350,"cysteine-detectability-audit/source_data_submitted/Source_Data_Fig3_search_space.csv (originally: derived: K/M ppm, K = tolerance x mass_limit_da of the stored window rows (H_artifact5_docs/precursor_accuracy_decidability.csv))",reused unchanged from the original figure build; grid point of the drawn curve
FigS2,a,separation curve point 053,separation_ppm,7.5566233191484535,"cysteine-detectability-audit/source_data_submitted/Source_Data_Fig3_search_space.csv (originally: derived: K/M ppm, K = tolerance x mass_limit_da of the stored window rows (H_artifact5_docs/precursor_accuracy_decidability.csv))","reused unchanged from the original figure build; K / mass_da, K = 10.0 x 1775.8064799998865 = 17758.064799998865 ppm x Da"
FigS2,a,separation curve point 054,mass_da,2400,"cysteine-detectability-audit/source_data_submitted/Source_Data_Fig3_search_space.csv (originally: derived: K/M ppm, K = tolerance x mass_limit_da of the stored window rows (H_artifact5_docs/precursor_accuracy_decidability.csv))",reused unchanged from the original figure build; grid point of the drawn curve
FigS2,a,separation curve point 054,separation_ppm,7.399193666666194,"cysteine-detectability-audit/source_data_submitted/Source_Data_Fig3_search_space.csv (originally: derived: K/M ppm, K = tolerance x mass_limit_da of the stored window rows (H_artifact5_docs/precursor_accuracy_decidability.csv))","reused unchanged from the original figure build; K / mass_da, K = 10.0 x 1775.8064799998865 = 17758.064799998865 ppm x Da"
FigS2,a,separation curve point 055,mass_da,2450,"cysteine-detectability-audit/source_data_submitted/Source_Data_Fig3_search_space.csv (originally: derived: K/M ppm, K = tolerance x mass_limit_da of the stored window rows (H_artifact5_docs/precursor_accuracy_decidability.csv))",reused unchanged from the original figure build; grid point of the drawn curve
FigS2,a,separation curve point 055,separation_ppm,7.248189714285251,"cysteine-detectability-audit/source_data_submitted/Source_Data_Fig3_search_space.csv (originally: derived: K/M ppm, K = tolerance x mass_limit_da of the stored window rows (H_artifact5_docs/precursor_accuracy_decidability.csv))","reused unchanged from the original figure build; K / mass_da, K = 10.0 x 1775.8064799998865 = 17758.064799998865 ppm x Da"
FigS2,a,separation curve point 056,mass_da,2500,"cysteine-detectability-audit/source_data_submitted/Source_Data_Fig3_search_space.csv (originally: derived: K/M ppm, K = tolerance x mass_limit_da of the stored window rows (H_artifact5_docs/precursor_accuracy_decidability.csv))",reused unchanged from the original figure build; grid point of the drawn curve
FigS2,a,separation curve point 056,separation_ppm,7.103225919999546,"cysteine-detectability-audit/source_data_submitted/Source_Data_Fig3_search_space.csv (originally: derived: K/M ppm, K = tolerance x mass_limit_da of the stored window rows (H_artifact5_docs/precursor_accuracy_decidability.csv))","reused unchanged from the original figure build; K / mass_da, K = 10.0 x 1775.8064799998865 = 17758.064799998865 ppm x Da"
FigS2,a,separation curve point 057,mass_da,2550,"cysteine-detectability-audit/source_data_submitted/Source_Data_Fig3_search_space.csv (originally: derived: K/M ppm, K = tolerance x mass_limit_da of the stored window rows (H_artifact5_docs/precursor_accuracy_decidability.csv))",reused unchanged from the original figure build; grid point of the drawn curve
FigS2,a,separation curve point 057,separation_ppm,6.963946980391712,"cysteine-detectability-audit/source_data_submitted/Source_Data_Fig3_search_space.csv (originally: derived: K/M ppm, K = tolerance x mass_limit_da of the stored window rows (H_artifact5_docs/precursor_accuracy_decidability.csv))","reused unchanged from the original figure build; K / mass_da, K = 10.0 x 1775.8064799998865 = 17758.064799998865 ppm x Da"
FigS2,a,separation curve point 058,mass_da,2600,"cysteine-detectability-audit/source_data_submitted/Source_Data_Fig3_search_space.csv (originally: derived: K/M ppm, K = tolerance x mass_limit_da of the stored window rows (H_artifact5_docs/precursor_accuracy_decidability.csv))",reused unchanged from the original figure build; grid point of the drawn curve
FigS2,a,separation curve point 058,separation_ppm,6.830024923076486,"cysteine-detectability-audit/source_data_submitted/Source_Data_Fig3_search_space.csv (originally: derived: K/M ppm, K = tolerance x mass_limit_da of the stored window rows (H_artifact5_docs/precursor_accuracy_decidability.csv))","reused unchanged from the original figure build; K / mass_da, K = 10.0 x 1775.8064799998865 = 17758.064799998865 ppm x Da"
FigS2,a,separation curve point 059,mass_da,2650,"cysteine-detectability-audit/source_data_submitted/Source_Data_Fig3_search_space.csv (originally: derived: K/M ppm, K = tolerance x mass_limit_da of the stored window rows (H_artifact5_docs/precursor_accuracy_decidability.csv))",reused unchanged from the original figure build; grid point of the drawn curve
FigS2,a,separation curve point 059,separation_ppm,6.701156528301459,"cysteine-detectability-audit/source_data_submitted/Source_Data_Fig3_search_space.csv (originally: derived: K/M ppm, K = tolerance x mass_limit_da of the stored window rows (H_artifact5_docs/precursor_accuracy_decidability.csv))","reused unchanged from the original figure build; K / mass_da, K = 10.0 x 1775.8064799998865 = 17758.064799998865 ppm x Da"
FigS2,a,separation curve point 060,mass_da,2700,"cysteine-detectability-audit/source_data_submitted/Source_Data_Fig3_search_space.csv (originally: derived: K/M ppm, K = tolerance x mass_limit_da of the stored window rows (H_artifact5_docs/precursor_accuracy_decidability.csv))",reused unchanged from the original figure build; grid point of the drawn curve
FigS2,a,separation curve point 060,separation_ppm,6.577061037036617,"cysteine-detectability-audit/source_data_submitted/Source_Data_Fig3_search_space.csv (originally: derived: K/M ppm, K = tolerance x mass_limit_da of the stored window rows (H_artifact5_docs/precursor_accuracy_decidability.csv))","reused unchanged from the original figure build; K / mass_da, K = 10.0 x 1775.8064799998865 = 17758.064799998865 ppm x Da"
FigS2,a,separation curve point 061,mass_da,2750,"cysteine-detectability-audit/source_data_submitted/Source_Data_Fig3_search_space.csv (originally: derived: K/M ppm, K = tolerance x mass_limit_da of the stored window rows (H_artifact5_docs/precursor_accuracy_decidability.csv))",reused unchanged from the original figure build; grid point of the drawn curve
FigS2,a,separation curve point 061,separation_ppm,6.457478109090497,"cysteine-detectability-audit/source_data_submitted/Source_Data_Fig3_search_space.csv (originally: derived: K/M ppm, K = tolerance x mass_limit_da of the stored window rows (H_artifact5_docs/precursor_accuracy_decidability.csv))","reused unchanged from the original figure build; K / mass_da, K = 10.0 x 1775.8064799998865 = 17758.064799998865 ppm x Da"
FigS2,a,separation curve point 062,mass_da,2800,"cysteine-detectability-audit/source_data_submitted/Source_Data_Fig3_search_space.csv (originally: derived: K/M ppm, K = tolerance x mass_limit_da of the stored window rows (H_artifact5_docs/precursor_accuracy_decidability.csv))",reused unchanged from the original figure build; grid point of the drawn curve
FigS2,a,separation curve point 062,separation_ppm,6.342165999999595,"cysteine-detectability-audit/source_data_submitted/Source_Data_Fig3_search_space.csv (originally: derived: K/M ppm, K = tolerance x mass_limit_da of the stored window rows (H_artifact5_docs/precursor_accuracy_decidability.csv))","reused unchanged from the original figure build; K / mass_da, K = 10.0 x 1775.8064799998865 = 17758.064799998865 ppm x Da"
FigS2,a,separation curve point 063,mass_da,2850,"cysteine-detectability-audit/source_data_submitted/Source_Data_Fig3_search_space.csv (originally: derived: K/M ppm, K = tolerance x mass_limit_da of the stored window rows (H_artifact5_docs/precursor_accuracy_decidability.csv))",reused unchanged from the original figure build; grid point of the drawn curve
FigS2,a,separation curve point 063,separation_ppm,6.230899929824163,"cysteine-detectability-audit/source_data_submitted/Source_Data_Fig3_search_space.csv (originally: derived: K/M ppm, K = tolerance x mass_limit_da of the stored window rows (H_artifact5_docs/precursor_accuracy_decidability.csv))","reused unchanged from the original figure build; K / mass_da, K = 10.0 x 1775.8064799998865 = 17758.064799998865 ppm x Da"
FigS2,a,separation curve point 064,mass_da,2900,"cysteine-detectability-audit/source_data_submitted/Source_Data_Fig3_search_space.csv (originally: derived: K/M ppm, K = tolerance x mass_limit_da of the stored window rows (H_artifact5_docs/precursor_accuracy_decidability.csv))",reused unchanged from the original figure build; grid point of the drawn curve
FigS2,a,separation curve point 064,separation_ppm,6.123470620689264,"cysteine-detectability-audit/source_data_submitted/Source_Data_Fig3_search_space.csv (originally: derived: K/M ppm, K = tolerance x mass_limit_da of the stored window rows (H_artifact5_docs/precursor_accuracy_decidability.csv))","reused unchanged from the original figure build; K / mass_da, K = 10.0 x 1775.8064799998865 = 17758.064799998865 ppm x Da"
FigS2,a,separation curve point 065,mass_da,2950,"cysteine-detectability-audit/source_data_submitted/Source_Data_Fig3_search_space.csv (originally: derived: K/M ppm, K = tolerance x mass_limit_da of the stored window rows (H_artifact5_docs/precursor_accuracy_decidability.csv))",reused unchanged from the original figure build; grid point of the drawn curve
FigS2,a,separation curve point 065,separation_ppm,6.019682983050463,"cysteine-detectability-audit/source_data_submitted/Source_Data_Fig3_search_space.csv (originally: derived: K/M ppm, K = tolerance x mass_limit_da of the stored window rows (H_artifact5_docs/precursor_accuracy_decidability.csv))","reused unchanged from the original figure build; K / mass_da, K = 10.0 x 1775.8064799998865 = 17758.064799998865 ppm x Da"
FigS2,a,separation curve point 066,mass_da,3000,"cysteine-detectability-audit/source_data_submitted/Source_Data_Fig3_search_space.csv (originally: derived: K/M ppm, K = tolerance x mass_limit_da of the stored window rows (H_artifact5_docs/precursor_accuracy_decidability.csv))",reused unchanged from the original figure build; grid point of the drawn curve
FigS2,a,separation curve point 066,separation_ppm,5.919354933332955,"cysteine-detectability-audit/source_data_submitted/Source_Data_Fig3_search_space.csv (originally: derived: K/M ppm, K = tolerance x mass_limit_da of the stored window rows (H_artifact5_docs/precursor_accuracy_decidability.csv))","reused unchanged from the original figure build; K / mass_da, K = 10.0 x 1775.8064799998865 = 17758.064799998865 ppm x Da"
FigS2,a,separation curve point 067,mass_da,3050,"cysteine-detectability-audit/source_data_submitted/Source_Data_Fig3_search_space.csv (originally: derived: K/M ppm, K = tolerance x mass_limit_da of the stored window rows (H_artifact5_docs/precursor_accuracy_decidability.csv))",reused unchanged from the original figure build; grid point of the drawn curve
FigS2,a,separation curve point 067,separation_ppm,5.822316327868481,"cysteine-detectability-audit/source_data_submitted/Source_Data_Fig3_search_space.csv (originally: derived: K/M ppm, K = tolerance x mass_limit_da of the stored window rows (H_artifact5_docs/precursor_accuracy_decidability.csv))","reused unchanged from the original figure build; K / mass_da, K = 10.0 x 1775.8064799998865 = 17758.064799998865 ppm x Da"
FigS2,a,separation curve point 068,mass_da,3100,"cysteine-detectability-audit/source_data_submitted/Source_Data_Fig3_search_space.csv (originally: derived: K/M ppm, K = tolerance x mass_limit_da of the stored window rows (H_artifact5_docs/precursor_accuracy_decidability.csv))",reused unchanged from the original figure build; grid point of the drawn curve
FigS2,a,separation curve point 068,separation_ppm,5.728407999999634,"cysteine-detectability-audit/source_data_submitted/Source_Data_Fig3_search_space.csv (originally: derived: K/M ppm, K = tolerance x mass_limit_da of the stored window rows (H_artifact5_docs/precursor_accuracy_decidability.csv))","reused unchanged from the original figure build; K / mass_da, K = 10.0 x 1775.8064799998865 = 17758.064799998865 ppm x Da"
FigS2,a,separation curve point 069,mass_da,3150,"cysteine-detectability-audit/source_data_submitted/Source_Data_Fig3_search_space.csv (originally: derived: K/M ppm, K = tolerance x mass_limit_da of the stored window rows (H_artifact5_docs/precursor_accuracy_decidability.csv))",reused unchanged from the original figure build; grid point of the drawn curve
FigS2,a,separation curve point 069,separation_ppm,5.637480888888528,"cysteine-detectability-audit/source_data_submitted/Source_Data_Fig3_search_space.csv (originally: derived: K/M ppm, K = tolerance x mass_limit_da of the stored window rows (H_artifact5_docs/precursor_accuracy_decidability.csv))","reused unchanged from the original figure build; K / mass_da, K = 10.0 x 1775.8064799998865 = 17758.064799998865 ppm x Da"
FigS2,a,separation curve point 070,mass_da,3200,"cysteine-detectability-audit/source_data_submitted/Source_Data_Fig3_search_space.csv (originally: derived: K/M ppm, K = tolerance x mass_limit_da of the stored window rows (H_artifact5_docs/precursor_accuracy_decidability.csv))",reused unchanged from the original figure build; grid point of the drawn curve
FigS2,a,separation curve point 070,separation_ppm,5.5493952499996455,"cysteine-detectability-audit/source_data_submitted/Source_Data_Fig3_search_space.csv (originally: derived: K/M ppm, K = tolerance x mass_limit_da of the stored window rows (H_artifact5_docs/precursor_accuracy_decidability.csv))","reused unchanged from the original figure build; K / mass_da, K = 10.0 x 1775.8064799998865 = 17758.064799998865 ppm x Da"
FigS2,a,separation curve point 071,mass_da,3250,"cysteine-detectability-audit/source_data_submitted/Source_Data_Fig3_search_space.csv (originally: derived: K/M ppm, K = tolerance x mass_limit_da of the stored window rows (H_artifact5_docs/precursor_accuracy_decidability.csv))",reused unchanged from the original figure build; grid point of the drawn curve
FigS2,a,separation curve point 071,separation_ppm,5.464019938461189,"cysteine-detectability-audit/source_data_submitted/Source_Data_Fig3_search_space.csv (originally: derived: K/M ppm, K = tolerance x mass_limit_da of the stored window rows (H_artifact5_docs/precursor_accuracy_decidability.csv))","reused unchanged from the original figure build; K / mass_da, K = 10.0 x 1775.8064799998865 = 17758.064799998865 ppm x Da"
FigS2,a,separation curve point 072,mass_da,3300,"cysteine-detectability-audit/source_data_submitted/Source_Data_Fig3_search_space.csv (originally: derived: K/M ppm, K = tolerance x mass_limit_da of the stored window rows (H_artifact5_docs/precursor_accuracy_decidability.csv))",reused unchanged from the original figure build; grid point of the drawn curve
FigS2,a,separation curve point 072,separation_ppm,5.381231757575414,"cysteine-detectability-audit/source_data_submitted/Source_Data_Fig3_search_space.csv (originally: derived: K/M ppm, K = tolerance x mass_limit_da of the stored window rows (H_artifact5_docs/precursor_accuracy_decidability.csv))","reused unchanged from the original figure build; K / mass_da, K = 10.0 x 1775.8064799998865 = 17758.064799998865 ppm x Da"
FigS2,a,separation curve point 073,mass_da,3350,"cysteine-detectability-audit/source_data_submitted/Source_Data_Fig3_search_space.csv (originally: derived: K/M ppm, K = tolerance x mass_limit_da of the stored window rows (H_artifact5_docs/precursor_accuracy_decidability.csv))",reused unchanged from the original figure build; grid point of the drawn curve
FigS2,a,separation curve point 073,separation_ppm,5.300914865671303,"cysteine-detectability-audit/source_data_submitted/Source_Data_Fig3_search_space.csv (originally: derived: K/M ppm, K = tolerance x mass_limit_da of the stored window rows (H_artifact5_docs/precursor_accuracy_decidability.csv))","reused unchanged from the original figure build; K / mass_da, K = 10.0 x 1775.8064799998865 = 17758.064799998865 ppm x Da"
FigS2,a,separation curve point 074,mass_da,3400,"cysteine-detectability-audit/source_data_submitted/Source_Data_Fig3_search_space.csv (originally: derived: K/M ppm, K = tolerance x mass_limit_da of the stored window rows (H_artifact5_docs/precursor_accuracy_decidability.csv))",reused unchanged from the original figure build; grid point of the drawn curve
FigS2,a,separation curve point 074,separation_ppm,5.222960235293784,"cysteine-detectability-audit/source_data_submitted/Source_Data_Fig3_search_space.csv (originally: derived: K/M ppm, K = tolerance x mass_limit_da of the stored window rows (H_artifact5_docs/precursor_accuracy_decidability.csv))","reused unchanged from the original figure build; K / mass_da, K = 10.0 x 1775.8064799998865 = 17758.064799998865 ppm x Da"
FigS2,a,separation curve point 075,mass_da,3450,"cysteine-detectability-audit/source_data_submitted/Source_Data_Fig3_search_space.csv (originally: derived: K/M ppm, K = tolerance x mass_limit_da of the stored window rows (H_artifact5_docs/precursor_accuracy_decidability.csv))",reused unchanged from the original figure build; grid point of the drawn curve
FigS2,a,separation curve point 075,separation_ppm,5.147265159419961,"cysteine-detectability-audit/source_data_submitted/Source_Data_Fig3_search_space.csv (originally: derived: K/M ppm, K = tolerance x mass_limit_da of the stored window rows (H_artifact5_docs/precursor_accuracy_decidability.csv))","reused unchanged from the original figure build; K / mass_da, K = 10.0 x 1775.8064799998865 = 17758.064799998865 ppm x Da"
FigS2,a,separation curve point 076,mass_da,3500,"cysteine-detectability-audit/source_data_submitted/Source_Data_Fig3_search_space.csv (originally: derived: K/M ppm, K = tolerance x mass_limit_da of the stored window rows (H_artifact5_docs/precursor_accuracy_decidability.csv))",reused unchanged from the original figure build; grid point of the drawn curve
FigS2,a,separation curve point 076,separation_ppm,5.073732799999676,"cysteine-detectability-audit/source_data_submitted/Source_Data_Fig3_search_space.csv (originally: derived: K/M ppm, K = tolerance x mass_limit_da of the stored window rows (H_artifact5_docs/precursor_accuracy_decidability.csv))","reused unchanged from the original figure build; K / mass_da, K = 10.0 x 1775.8064799998865 = 17758.064799998865 ppm x Da"
FigS2,a,separation curve point 077,mass_da,3550,"cysteine-detectability-audit/source_data_submitted/Source_Data_Fig3_search_space.csv (originally: derived: K/M ppm, K = tolerance x mass_limit_da of the stored window rows (H_artifact5_docs/precursor_accuracy_decidability.csv))",reused unchanged from the original figure build; grid point of the drawn curve
FigS2,a,separation curve point 077,separation_ppm,5.002271774647568,"cysteine-detectability-audit/source_data_submitted/Source_Data_Fig3_search_space.csv (originally: derived: K/M ppm, K = tolerance x mass_limit_da of the stored window rows (H_artifact5_docs/precursor_accuracy_decidability.csv))","reused unchanged from the original figure build; K / mass_da, K = 10.0 x 1775.8064799998865 = 17758.064799998865 ppm x Da"
FigS2,a,separation curve point 078,mass_da,3600,"cysteine-detectability-audit/source_data_submitted/Source_Data_Fig3_search_space.csv (originally: derived: K/M ppm, K = tolerance x mass_limit_da of the stored window rows (H_artifact5_docs/precursor_accuracy_decidability.csv))",reused unchanged from the original figure build; grid point of the drawn curve
FigS2,a,separation curve point 078,separation_ppm,4.9327957777774625,"cysteine-detectability-audit/source_data_submitted/Source_Data_Fig3_search_space.csv (originally: derived: K/M ppm, K = tolerance x mass_limit_da of the stored window rows (H_artifact5_docs/precursor_accuracy_decidability.csv))","reused unchanged from the original figure build; K / mass_da, K = 10.0 x 1775.8064799998865 = 17758.064799998865 ppm x Da"
FigS2,a,separation curve point 079,mass_da,3650,"cysteine-detectability-audit/source_data_submitted/Source_Data_Fig3_search_space.csv (originally: derived: K/M ppm, K = tolerance x mass_limit_da of the stored window rows (H_artifact5_docs/precursor_accuracy_decidability.csv))",reused unchanged from the original figure build; grid point of the drawn curve
FigS2,a,separation curve point 079,separation_ppm,4.865223232876401,"cysteine-detectability-audit/source_data_submitted/Source_Data_Fig3_search_space.csv (originally: derived: K/M ppm, K = tolerance x mass_limit_da of the stored window rows (H_artifact5_docs/precursor_accuracy_decidability.csv))","reused unchanged from the original figure build; K / mass_da, K = 10.0 x 1775.8064799998865 = 17758.064799998865 ppm x Da"
FigS2,a,separation curve point 080,mass_da,3700,"cysteine-detectability-audit/source_data_submitted/Source_Data_Fig3_search_space.csv (originally: derived: K/M ppm, K = tolerance x mass_limit_da of the stored window rows (H_artifact5_docs/precursor_accuracy_decidability.csv))",reused unchanged from the original figure build; grid point of the drawn curve
FigS2,a,separation curve point 080,separation_ppm,4.799476972972666,"cysteine-detectability-audit/source_data_submitted/Source_Data_Fig3_search_space.csv (originally: derived: K/M ppm, K = tolerance x mass_limit_da of the stored window rows (H_artifact5_docs/precursor_accuracy_decidability.csv))","reused unchanged from the original figure build; K / mass_da, K = 10.0 x 1775.8064799998865 = 17758.064799998865 ppm x Da"
FigS2,a,separation curve point 081,mass_da,3750,"cysteine-detectability-audit/source_data_submitted/Source_Data_Fig3_search_space.csv (originally: derived: K/M ppm, K = tolerance x mass_limit_da of the stored window rows (H_artifact5_docs/precursor_accuracy_decidability.csv))",reused unchanged from the original figure build; grid point of the drawn curve
FigS2,a,separation curve point 081,separation_ppm,4.735483946666364,"cysteine-detectability-audit/source_data_submitted/Source_Data_Fig3_search_space.csv (originally: derived: K/M ppm, K = tolerance x mass_limit_da of the stored window rows (H_artifact5_docs/precursor_accuracy_decidability.csv))","reused unchanged from the original figure build; K / mass_da, K = 10.0 x 1775.8064799998865 = 17758.064799998865 ppm x Da"
FigS2,a,separation curve point 082,mass_da,3800,"cysteine-detectability-audit/source_data_submitted/Source_Data_Fig3_search_space.csv (originally: derived: K/M ppm, K = tolerance x mass_limit_da of the stored window rows (H_artifact5_docs/precursor_accuracy_decidability.csv))",reused unchanged from the original figure build; grid point of the drawn curve
FigS2,a,separation curve point 082,separation_ppm,4.673174947368122,"cysteine-detectability-audit/source_data_submitted/Source_Data_Fig3_search_space.csv (originally: derived: K/M ppm, K = tolerance x mass_limit_da of the stored window rows (H_artifact5_docs/precursor_accuracy_decidability.csv))","reused unchanged from the original figure build; K / mass_da, K = 10.0 x 1775.8064799998865 = 17758.064799998865 ppm x Da"
FigS2,a,separation curve point 083,mass_da,3850,"cysteine-detectability-audit/source_data_submitted/Source_Data_Fig3_search_space.csv (originally: derived: K/M ppm, K = tolerance x mass_limit_da of the stored window rows (H_artifact5_docs/precursor_accuracy_decidability.csv))",reused unchanged from the original figure build; grid point of the drawn curve
FigS2,a,separation curve point 083,separation_ppm,4.612484363636069,"cysteine-detectability-audit/source_data_submitted/Source_Data_Fig3_search_space.csv (originally: derived: K/M ppm, K = tolerance x mass_limit_da of the stored window rows (H_artifact5_docs/precursor_accuracy_decidability.csv))","reused unchanged from the original figure build; K / mass_da, K = 10.0 x 1775.8064799998865 = 17758.064799998865 ppm x Da"
FigS2,a,separation curve point 084,mass_da,3900,"cysteine-detectability-audit/source_data_submitted/Source_Data_Fig3_search_space.csv (originally: derived: K/M ppm, K = tolerance x mass_limit_da of the stored window rows (H_artifact5_docs/precursor_accuracy_decidability.csv))",reused unchanged from the original figure build; grid point of the drawn curve
FigS2,a,separation curve point 084,separation_ppm,4.553349948717658,"cysteine-detectability-audit/source_data_submitted/Source_Data_Fig3_search_space.csv (originally: derived: K/M ppm, K = tolerance x mass_limit_da of the stored window rows (H_artifact5_docs/precursor_accuracy_decidability.csv))","reused unchanged from the original figure build; K / mass_da, K = 10.0 x 1775.8064799998865 = 17758.064799998865 ppm x Da"
FigS2,a,separation curve point 085,mass_da,3950,"cysteine-detectability-audit/source_data_submitted/Source_Data_Fig3_search_space.csv (originally: derived: K/M ppm, K = tolerance x mass_limit_da of the stored window rows (H_artifact5_docs/precursor_accuracy_decidability.csv))",reused unchanged from the original figure build; grid point of the drawn curve
FigS2,a,separation curve point 085,separation_ppm,4.495712607594649,"cysteine-detectability-audit/source_data_submitted/Source_Data_Fig3_search_space.csv (originally: derived: K/M ppm, K = tolerance x mass_limit_da of the stored window rows (H_artifact5_docs/precursor_accuracy_decidability.csv))","reused unchanged from the original figure build; K / mass_da, K = 10.0 x 1775.8064799998865 = 17758.064799998865 ppm x Da"
FigS2,a,separation curve point 086,mass_da,4000,"cysteine-detectability-audit/source_data_submitted/Source_Data_Fig3_search_space.csv (originally: derived: K/M ppm, K = tolerance x mass_limit_da of the stored window rows (H_artifact5_docs/precursor_accuracy_decidability.csv))",reused unchanged from the original figure build; grid point of the drawn curve
FigS2,a,separation curve point 086,separation_ppm,4.439516199999717,"cysteine-detectability-audit/source_data_submitted/Source_Data_Fig3_search_space.csv (originally: derived: K/M ppm, K = tolerance x mass_limit_da of the stored window rows (H_artifact5_docs/precursor_accuracy_decidability.csv))","reused unchanged from the original figure build; K / mass_da, K = 10.0 x 1775.8064799998865 = 17758.064799998865 ppm x Da"
FigS2,a,separation curve point 087,mass_da,4050,"cysteine-detectability-audit/source_data_submitted/Source_Data_Fig3_search_space.csv (originally: derived: K/M ppm, K = tolerance x mass_limit_da of the stored window rows (H_artifact5_docs/precursor_accuracy_decidability.csv))",reused unchanged from the original figure build; grid point of the drawn curve
FigS2,a,separation curve point 087,separation_ppm,4.384707358024411,"cysteine-detectability-audit/source_data_submitted/Source_Data_Fig3_search_space.csv (originally: derived: K/M ppm, K = tolerance x mass_limit_da of the stored window rows (H_artifact5_docs/precursor_accuracy_decidability.csv))","reused unchanged from the original figure build; K / mass_da, K = 10.0 x 1775.8064799998865 = 17758.064799998865 ppm x Da"
FigS2,a,separation curve point 088,mass_da,4100,"cysteine-detectability-audit/source_data_submitted/Source_Data_Fig3_search_space.csv (originally: derived: K/M ppm, K = tolerance x mass_limit_da of the stored window rows (H_artifact5_docs/precursor_accuracy_decidability.csv))",reused unchanged from the original figure build; grid point of the drawn curve
FigS2,a,separation curve point 088,separation_ppm,4.331235317072894,"cysteine-detectability-audit/source_data_submitted/Source_Data_Fig3_search_space.csv (originally: derived: K/M ppm, K = tolerance x mass_limit_da of the stored window rows (H_artifact5_docs/precursor_accuracy_decidability.csv))","reused unchanged from the original figure build; K / mass_da, K = 10.0 x 1775.8064799998865 = 17758.064799998865 ppm x Da"
FigS2,a,separation curve point 089,mass_da,4150,"cysteine-detectability-audit/source_data_submitted/Source_Data_Fig3_search_space.csv (originally: derived: K/M ppm, K = tolerance x mass_limit_da of the stored window rows (H_artifact5_docs/precursor_accuracy_decidability.csv))",reused unchanged from the original figure build; grid point of the drawn curve
FigS2,a,separation curve point 089,separation_ppm,4.279051759035871,"cysteine-detectability-audit/source_data_submitted/Source_Data_Fig3_search_space.csv (originally: derived: K/M ppm, K = tolerance x mass_limit_da of the stored window rows (H_artifact5_docs/precursor_accuracy_decidability.csv))","reused unchanged from the original figure build; K / mass_da, K = 10.0 x 1775.8064799998865 = 17758.064799998865 ppm x Da"
FigS2,a,separation curve point 090,mass_da,4200,"cysteine-detectability-audit/source_data_submitted/Source_Data_Fig3_search_space.csv (originally: derived: K/M ppm, K = tolerance x mass_limit_da of the stored window rows (H_artifact5_docs/precursor_accuracy_decidability.csv))",reused unchanged from the original figure build; grid point of the drawn curve
FigS2,a,separation curve point 090,separation_ppm,4.228110666666397,"cysteine-detectability-audit/source_data_submitted/Source_Data_Fig3_search_space.csv (originally: derived: K/M ppm, K = tolerance x mass_limit_da of the stored window rows (H_artifact5_docs/precursor_accuracy_decidability.csv))","reused unchanged from the original figure build; K / mass_da, K = 10.0 x 1775.8064799998865 = 17758.064799998865 ppm x Da"
FigS2,a,separation curve point 091,mass_da,4250,"cysteine-detectability-audit/source_data_submitted/Source_Data_Fig3_search_space.csv (originally: derived: K/M ppm, K = tolerance x mass_limit_da of the stored window rows (H_artifact5_docs/precursor_accuracy_decidability.csv))",reused unchanged from the original figure build; grid point of the drawn curve
FigS2,a,separation curve point 091,separation_ppm,4.178368188235027,"cysteine-detectability-audit/source_data_submitted/Source_Data_Fig3_search_space.csv (originally: derived: K/M ppm, K = tolerance x mass_limit_da of the stored window rows (H_artifact5_docs/precursor_accuracy_decidability.csv))","reused unchanged from the original figure build; K / mass_da, K = 10.0 x 1775.8064799998865 = 17758.064799998865 ppm x Da"
FigS2,a,separation curve point 092,mass_da,4300,"cysteine-detectability-audit/source_data_submitted/Source_Data_Fig3_search_space.csv (originally: derived: K/M ppm, K = tolerance x mass_limit_da of the stored window rows (H_artifact5_docs/precursor_accuracy_decidability.csv))",reused unchanged from the original figure build; grid point of the drawn curve
FigS2,a,separation curve point 092,separation_ppm,4.129782511627643,"cysteine-detectability-audit/source_data_submitted/Source_Data_Fig3_search_space.csv (originally: derived: K/M ppm, K = tolerance x mass_limit_da of the stored window rows (H_artifact5_docs/precursor_accuracy_decidability.csv))","reused unchanged from the original figure build; K / mass_da, K = 10.0 x 1775.8064799998865 = 17758.064799998865 ppm x Da"
FigS2,a,separation curve point 093,mass_da,4350,"cysteine-detectability-audit/source_data_submitted/Source_Data_Fig3_search_space.csv (originally: derived: K/M ppm, K = tolerance x mass_limit_da of the stored window rows (H_artifact5_docs/precursor_accuracy_decidability.csv))",reused unchanged from the original figure build; grid point of the drawn curve
FigS2,a,separation curve point 093,separation_ppm,4.082313747126176,"cysteine-detectability-audit/source_data_submitted/Source_Data_Fig3_search_space.csv (originally: derived: K/M ppm, K = tolerance x mass_limit_da of the stored window rows (H_artifact5_docs/precursor_accuracy_decidability.csv))","reused unchanged from the original figure build; K / mass_da, K = 10.0 x 1775.8064799998865 = 17758.064799998865 ppm x Da"
FigS2,a,separation curve point 094,mass_da,4400,"cysteine-detectability-audit/source_data_submitted/Source_Data_Fig3_search_space.csv (originally: derived: K/M ppm, K = tolerance x mass_limit_da of the stored window rows (H_artifact5_docs/precursor_accuracy_decidability.csv))",reused unchanged from the original figure build; grid point of the drawn curve
FigS2,a,separation curve point 094,separation_ppm,4.03592381818156,"cysteine-detectability-audit/source_data_submitted/Source_Data_Fig3_search_space.csv (originally: derived: K/M ppm, K = tolerance x mass_limit_da of the stored window rows (H_artifact5_docs/precursor_accuracy_decidability.csv))","reused unchanged from the original figure build; K / mass_da, K = 10.0 x 1775.8064799998865 = 17758.064799998865 ppm x Da"
FigS2,a,separation curve point 095,mass_da,4450,"cysteine-detectability-audit/source_data_submitted/Source_Data_Fig3_search_space.csv (originally: derived: K/M ppm, K = tolerance x mass_limit_da of the stored window rows (H_artifact5_docs/precursor_accuracy_decidability.csv))",reused unchanged from the original figure build; grid point of the drawn curve
FigS2,a,separation curve point 095,separation_ppm,3.9905763595503068,"cysteine-detectability-audit/source_data_submitted/Source_Data_Fig3_search_space.csv (originally: derived: K/M ppm, K = tolerance x mass_limit_da of the stored window rows (H_artifact5_docs/precursor_accuracy_decidability.csv))","reused unchanged from the original figure build; K / mass_da, K = 10.0 x 1775.8064799998865 = 17758.064799998865 ppm x Da"
FigS2,a,separation curve point 096,mass_da,4500,"cysteine-detectability-audit/source_data_submitted/Source_Data_Fig3_search_space.csv (originally: derived: K/M ppm, K = tolerance x mass_limit_da of the stored window rows (H_artifact5_docs/precursor_accuracy_decidability.csv))",reused unchanged from the original figure build; grid point of the drawn curve
FigS2,a,separation curve point 096,separation_ppm,3.94623662222197,"cysteine-detectability-audit/source_data_submitted/Source_Data_Fig3_search_space.csv (originally: derived: K/M ppm, K = tolerance x mass_limit_da of the stored window rows (H_artifact5_docs/precursor_accuracy_decidability.csv))","reused unchanged from the original figure build; K / mass_da, K = 10.0 x 1775.8064799998865 = 17758.064799998865 ppm x Da"
FigS2,a,separation curve point 097,mass_da,4550,"cysteine-detectability-audit/source_data_submitted/Source_Data_Fig3_search_space.csv (originally: derived: K/M ppm, K = tolerance x mass_limit_da of the stored window rows (H_artifact5_docs/precursor_accuracy_decidability.csv))",reused unchanged from the original figure build; grid point of the drawn curve
FigS2,a,separation curve point 097,separation_ppm,3.902871384615135,"cysteine-detectability-audit/source_data_submitted/Source_Data_Fig3_search_space.csv (originally: derived: K/M ppm, K = tolerance x mass_limit_da of the stored window rows (H_artifact5_docs/precursor_accuracy_decidability.csv))","reused unchanged from the original figure build; K / mass_da, K = 10.0 x 1775.8064799998865 = 17758.064799998865 ppm x Da"
FigS2,a,separation curve point 098,mass_da,4600,"cysteine-detectability-audit/source_data_submitted/Source_Data_Fig3_search_space.csv (originally: derived: K/M ppm, K = tolerance x mass_limit_da of the stored window rows (H_artifact5_docs/precursor_accuracy_decidability.csv))",reused unchanged from the original figure build; grid point of the drawn curve
FigS2,a,separation curve point 098,separation_ppm,3.8604488695649706,"cysteine-detectability-audit/source_data_submitted/Source_Data_Fig3_search_space.csv (originally: derived: K/M ppm, K = tolerance x mass_limit_da of the stored window rows (H_artifact5_docs/precursor_accuracy_decidability.csv))","reused unchanged from the original figure build; K / mass_da, K = 10.0 x 1775.8064799998865 = 17758.064799998865 ppm x Da"
FigS2,a,separation curve point 099,mass_da,4650,"cysteine-detectability-audit/source_data_submitted/Source_Data_Fig3_search_space.csv (originally: derived: K/M ppm, K = tolerance x mass_limit_da of the stored window rows (H_artifact5_docs/precursor_accuracy_decidability.csv))",reused unchanged from the original figure build; grid point of the drawn curve
FigS2,a,separation curve point 099,separation_ppm,3.8189386666664227,"cysteine-detectability-audit/source_data_submitted/Source_Data_Fig3_search_space.csv (originally: derived: K/M ppm, K = tolerance x mass_limit_da of the stored window rows (H_artifact5_docs/precursor_accuracy_decidability.csv))","reused unchanged from the original figure build; K / mass_da, K = 10.0 x 1775.8064799998865 = 17758.064799998865 ppm x Da"
FigS2,a,separation curve point 100,mass_da,4700,"cysteine-detectability-audit/source_data_submitted/Source_Data_Fig3_search_space.csv (originally: derived: K/M ppm, K = tolerance x mass_limit_da of the stored window rows (H_artifact5_docs/precursor_accuracy_decidability.csv))",reused unchanged from the original figure build; grid point of the drawn curve
FigS2,a,separation curve point 100,separation_ppm,3.7783116595742268,"cysteine-detectability-audit/source_data_submitted/Source_Data_Fig3_search_space.csv (originally: derived: K/M ppm, K = tolerance x mass_limit_da of the stored window rows (H_artifact5_docs/precursor_accuracy_decidability.csv))","reused unchanged from the original figure build; K / mass_da, K = 10.0 x 1775.8064799998865 = 17758.064799998865 ppm x Da"
FigS2,a,separation curve point 101,mass_da,4750,"cysteine-detectability-audit/source_data_submitted/Source_Data_Fig3_search_space.csv (originally: derived: K/M ppm, K = tolerance x mass_limit_da of the stored window rows (H_artifact5_docs/precursor_accuracy_decidability.csv))",reused unchanged from the original figure build; grid point of the drawn curve
FigS2,a,separation curve point 101,separation_ppm,3.738539957894498,"cysteine-detectability-audit/source_data_submitted/Source_Data_Fig3_search_space.csv (originally: derived: K/M ppm, K = tolerance x mass_limit_da of the stored window rows (H_artifact5_docs/precursor_accuracy_decidability.csv))","reused unchanged from the original figure build; K / mass_da, K = 10.0 x 1775.8064799998865 = 17758.064799998865 ppm x Da"
FigS2,a,separation curve point 102,mass_da,4800,"cysteine-detectability-audit/source_data_submitted/Source_Data_Fig3_search_space.csv (originally: derived: K/M ppm, K = tolerance x mass_limit_da of the stored window rows (H_artifact5_docs/precursor_accuracy_decidability.csv))",reused unchanged from the original figure build; grid point of the drawn curve
FigS2,a,separation curve point 102,separation_ppm,3.699596833333097,"cysteine-detectability-audit/source_data_submitted/Source_Data_Fig3_search_space.csv (originally: derived: K/M ppm, K = tolerance x mass_limit_da of the stored window rows (H_artifact5_docs/precursor_accuracy_decidability.csv))","reused unchanged from the original figure build; K / mass_da, K = 10.0 x 1775.8064799998865 = 17758.064799998865 ppm x Da"
FigS2,a,separation curve point 103,mass_da,4850,"cysteine-detectability-audit/source_data_submitted/Source_Data_Fig3_search_space.csv (originally: derived: K/M ppm, K = tolerance x mass_limit_da of the stored window rows (H_artifact5_docs/precursor_accuracy_decidability.csv))",reused unchanged from the original figure build; grid point of the drawn curve
FigS2,a,separation curve point 103,separation_ppm,3.6614566597935805,"cysteine-detectability-audit/source_data_submitted/Source_Data_Fig3_search_space.csv (originally: derived: K/M ppm, K = tolerance x mass_limit_da of the stored window rows (H_artifact5_docs/precursor_accuracy_decidability.csv))","reused unchanged from the original figure build; K / mass_da, K = 10.0 x 1775.8064799998865 = 17758.064799998865 ppm x Da"
FigS2,a,separation curve point 104,mass_da,4900,"cysteine-detectability-audit/source_data_submitted/Source_Data_Fig3_search_space.csv (originally: derived: K/M ppm, K = tolerance x mass_limit_da of the stored window rows (H_artifact5_docs/precursor_accuracy_decidability.csv))",reused unchanged from the original figure build; grid point of the drawn curve
FigS2,a,separation curve point 104,separation_ppm,3.6240948571426257,"cysteine-detectability-audit/source_data_submitted/Source_Data_Fig3_search_space.csv (originally: derived: K/M ppm, K = tolerance x mass_limit_da of the stored window rows (H_artifact5_docs/precursor_accuracy_decidability.csv))","reused unchanged from the original figure build; K / mass_da, K = 10.0 x 1775.8064799998865 = 17758.064799998865 ppm x Da"
FigS2,a,separation curve point 105,mass_da,4950,"cysteine-detectability-audit/source_data_submitted/Source_Data_Fig3_search_space.csv (originally: derived: K/M ppm, K = tolerance x mass_limit_da of the stored window rows (H_artifact5_docs/precursor_accuracy_decidability.csv))",reused unchanged from the original figure build; grid point of the drawn curve
FigS2,a,separation curve point 105,separation_ppm,3.587487838383609,"cysteine-detectability-audit/source_data_submitted/Source_Data_Fig3_search_space.csv (originally: derived: K/M ppm, K = tolerance x mass_limit_da of the stored window rows (H_artifact5_docs/precursor_accuracy_decidability.csv))","reused unchanged from the original figure build; K / mass_da, K = 10.0 x 1775.8064799998865 = 17758.064799998865 ppm x Da"
FigS2,a,separation curve point 106,mass_da,5000,"cysteine-detectability-audit/source_data_submitted/Source_Data_Fig3_search_space.csv (originally: derived: K/M ppm, K = tolerance x mass_limit_da of the stored window rows (H_artifact5_docs/precursor_accuracy_decidability.csv))",reused unchanged from the original figure build; grid point of the drawn curve
FigS2,a,separation curve point 106,separation_ppm,3.551612959999773,"cysteine-detectability-audit/source_data_submitted/Source_Data_Fig3_search_space.csv (originally: derived: K/M ppm, K = tolerance x mass_limit_da of the stored window rows (H_artifact5_docs/precursor_accuracy_decidability.csv))","reused unchanged from the original figure build; K / mass_da, K = 10.0 x 1775.8064799998865 = 17758.064799998865 ppm x Da"
FigS2,a,separation curve point 107,mass_da,5100,"cysteine-detectability-audit/source_data_submitted/Source_Data_Fig3_search_space.csv (originally: derived: K/M ppm, K = tolerance x mass_limit_da of the stored window rows (H_artifact5_docs/precursor_accuracy_decidability.csv))",reused unchanged from the original figure build; grid point of the drawn curve
FigS2,a,separation curve point 107,separation_ppm,3.481973490195856,"cysteine-detectability-audit/source_data_submitted/Source_Data_Fig3_search_space.csv (originally: derived: K/M ppm, K = tolerance x mass_limit_da of the stored window rows (H_artifact5_docs/precursor_accuracy_decidability.csv))","reused unchanged from the original figure build; K / mass_da, K = 10.0 x 1775.8064799998865 = 17758.064799998865 ppm x Da"
FigS2,a,separation curve point 108,mass_da,5200,"cysteine-detectability-audit/source_data_submitted/Source_Data_Fig3_search_space.csv (originally: derived: K/M ppm, K = tolerance x mass_limit_da of the stored window rows (H_artifact5_docs/precursor_accuracy_decidability.csv))",reused unchanged from the original figure build; grid point of the drawn curve
FigS2,a,separation curve point 108,separation_ppm,3.415012461538243,"cysteine-detectability-audit/source_data_submitted/Source_Data_Fig3_search_space.csv (originally: derived: K/M ppm, K = tolerance x mass_limit_da of the stored window rows (H_artifact5_docs/precursor_accuracy_decidability.csv))","reused unchanged from the original figure build; K / mass_da, K = 10.0 x 1775.8064799998865 = 17758.064799998865 ppm x Da"
FigS2,a,separation curve point 109,mass_da,5300,"cysteine-detectability-audit/source_data_submitted/Source_Data_Fig3_search_space.csv (originally: derived: K/M ppm, K = tolerance x mass_limit_da of the stored window rows (H_artifact5_docs/precursor_accuracy_decidability.csv))",reused unchanged from the original figure build; grid point of the drawn curve
FigS2,a,separation curve point 109,separation_ppm,3.3505782641507293,"cysteine-detectability-audit/source_data_submitted/Source_Data_Fig3_search_space.csv (originally: derived: K/M ppm, K = tolerance x mass_limit_da of the stored window rows (H_artifact5_docs/precursor_accuracy_decidability.csv))","reused unchanged from the original figure build; K / mass_da, K = 10.0 x 1775.8064799998865 = 17758.064799998865 ppm x Da"
FigS2,a,separation curve point 110,mass_da,5400,"cysteine-detectability-audit/source_data_submitted/Source_Data_Fig3_search_space.csv (originally: derived: K/M ppm, K = tolerance x mass_limit_da of the stored window rows (H_artifact5_docs/precursor_accuracy_decidability.csv))",reused unchanged from the original figure build; grid point of the drawn curve
FigS2,a,separation curve point 110,separation_ppm,3.2885305185183085,"cysteine-detectability-audit/source_data_submitted/Source_Data_Fig3_search_space.csv (originally: derived: K/M ppm, K = tolerance x mass_limit_da of the stored window rows (H_artifact5_docs/precursor_accuracy_decidability.csv))","reused unchanged from the original figure build; K / mass_da, K = 10.0 x 1775.8064799998865 = 17758.064799998865 ppm x Da"
FigS2,a,separation curve point 111,mass_da,5500,"cysteine-detectability-audit/source_data_submitted/Source_Data_Fig3_search_space.csv (originally: derived: K/M ppm, K = tolerance x mass_limit_da of the stored window rows (H_artifact5_docs/precursor_accuracy_decidability.csv))",reused unchanged from the original figure build; grid point of the drawn curve
FigS2,a,separation curve point 111,separation_ppm,3.2287390545452483,"cysteine-detectability-audit/source_data_submitted/Source_Data_Fig3_search_space.csv (originally: derived: K/M ppm, K = tolerance x mass_limit_da of the stored window rows (H_artifact5_docs/precursor_accuracy_decidability.csv))","reused unchanged from the original figure build; K / mass_da, K = 10.0 x 1775.8064799998865 = 17758.064799998865 ppm x Da"
FigS2,a,separation curve point 112,mass_da,5600,"cysteine-detectability-audit/source_data_submitted/Source_Data_Fig3_search_space.csv (originally: derived: K/M ppm, K = tolerance x mass_limit_da of the stored window rows (H_artifact5_docs/precursor_accuracy_decidability.csv))",reused unchanged from the original figure build; grid point of the drawn curve
FigS2,a,separation curve point 112,separation_ppm,3.1710829999997974,"cysteine-detectability-audit/source_data_submitted/Source_Data_Fig3_search_space.csv (originally: derived: K/M ppm, K = tolerance x mass_limit_da of the stored window rows (H_artifact5_docs/precursor_accuracy_decidability.csv))","reused unchanged from the original figure build; K / mass_da, K = 10.0 x 1775.8064799998865 = 17758.064799998865 ppm x Da"
FigS2,a,separation curve point 113,mass_da,5700,"cysteine-detectability-audit/source_data_submitted/Source_Data_Fig3_search_space.csv (originally: derived: K/M ppm, K = tolerance x mass_limit_da of the stored window rows (H_artifact5_docs/precursor_accuracy_decidability.csv))",reused unchanged from the original figure build; grid point of the drawn curve
FigS2,a,separation curve point 113,separation_ppm,3.1154499649120817,"cysteine-detectability-audit/source_data_submitted/Source_Data_Fig3_search_space.csv (originally: derived: K/M ppm, K = tolerance x mass_limit_da of the stored window rows (H_artifact5_docs/precursor_accuracy_decidability.csv))","reused unchanged from the original figure build; K / mass_da, K = 10.0 x 1775.8064799998865 = 17758.064799998865 ppm x Da"
FigS2,a,separation curve point 114,mass_da,5800,"cysteine-detectability-audit/source_data_submitted/Source_Data_Fig3_search_space.csv (originally: derived: K/M ppm, K = tolerance x mass_limit_da of the stored window rows (H_artifact5_docs/precursor_accuracy_decidability.csv))",reused unchanged from the original figure build; grid point of the drawn curve
FigS2,a,separation curve point 114,separation_ppm,3.061735310344632,"cysteine-detectability-audit/source_data_submitted/Source_Data_Fig3_search_space.csv (originally: derived: K/M ppm, K = tolerance x mass_limit_da of the stored window rows (H_artifact5_docs/precursor_accuracy_decidability.csv))","reused unchanged from the original figure build; K / mass_da, K = 10.0 x 1775.8064799998865 = 17758.064799998865 ppm x Da"
FigS2,a,separation curve point 115,mass_da,5900,"cysteine-detectability-audit/source_data_submitted/Source_Data_Fig3_search_space.csv (originally: derived: K/M ppm, K = tolerance x mass_limit_da of the stored window rows (H_artifact5_docs/precursor_accuracy_decidability.csv))",reused unchanged from the original figure build; grid point of the drawn curve
FigS2,a,separation curve point 115,separation_ppm,3.0098414915252314,"cysteine-detectability-audit/source_data_submitted/Source_Data_Fig3_search_space.csv (originally: derived: K/M ppm, K = tolerance x mass_limit_da of the stored window rows (H_artifact5_docs/precursor_accuracy_decidability.csv))","reused unchanged from the original figure build; K / mass_da, K = 10.0 x 1775.8064799998865 = 17758.064799998865 ppm x Da"
FigS2,a,separation curve point 116,mass_da,6000,"cysteine-detectability-audit/source_data_submitted/Source_Data_Fig3_search_space.csv (originally: derived: K/M ppm, K = tolerance x mass_limit_da of the stored window rows (H_artifact5_docs/precursor_accuracy_decidability.csv))",reused unchanged from the original figure build; grid point of the drawn curve
FigS2,a,separation curve point 116,separation_ppm,2.9596774666664776,"cysteine-detectability-audit/source_data_submitted/Source_Data_Fig3_search_space.csv (originally: derived: K/M ppm, K = tolerance x mass_limit_da of the stored window rows (H_artifact5_docs/precursor_accuracy_decidability.csv))","reused unchanged from the original figure build; K / mass_da, K = 10.0 x 1775.8064799998865 = 17758.064799998865 ppm x Da"
FigS2,a,separation curve point 117,mass_da,6100,"cysteine-detectability-audit/source_data_submitted/Source_Data_Fig3_search_space.csv (originally: derived: K/M ppm, K = tolerance x mass_limit_da of the stored window rows (H_artifact5_docs/precursor_accuracy_decidability.csv))",reused unchanged from the original figure build; grid point of the drawn curve
FigS2,a,separation curve point 117,separation_ppm,2.9111581639342403,"cysteine-detectability-audit/source_data_submitted/Source_Data_Fig3_search_space.csv (originally: derived: K/M ppm, K = tolerance x mass_limit_da of the stored window rows (H_artifact5_docs/precursor_accuracy_decidability.csv))","reused unchanged from the original figure build; K / mass_da, K = 10.0 x 1775.8064799998865 = 17758.064799998865 ppm x Da"
FigS2,a,separation curve point 118,mass_da,6200,"cysteine-detectability-audit/source_data_submitted/Source_Data_Fig3_search_space.csv (originally: derived: K/M ppm, K = tolerance x mass_limit_da of the stored window rows (H_artifact5_docs/precursor_accuracy_decidability.csv))",reused unchanged from the original figure build; grid point of the drawn curve
FigS2,a,separation curve point 118,separation_ppm,2.864203999999817,"cysteine-detectability-audit/source_data_submitted/Source_Data_Fig3_search_space.csv (originally: derived: K/M ppm, K = tolerance x mass_limit_da of the stored window rows (H_artifact5_docs/precursor_accuracy_decidability.csv))","reused unchanged from the original figure build; K / mass_da, K = 10.0 x 1775.8064799998865 = 17758.064799998865 ppm x Da"
FigS2,a,separation curve point 119,mass_da,6300,"cysteine-detectability-audit/source_data_submitted/Source_Data_Fig3_search_space.csv (originally: derived: K/M ppm, K = tolerance x mass_limit_da of the stored window rows (H_artifact5_docs/precursor_accuracy_decidability.csv))",reused unchanged from the original figure build; grid point of the drawn curve
FigS2,a,separation curve point 119,separation_ppm,2.818740444444264,"cysteine-detectability-audit/source_data_submitted/Source_Data_Fig3_search_space.csv (originally: derived: K/M ppm, K = tolerance x mass_limit_da of the stored window rows (H_artifact5_docs/precursor_accuracy_decidability.csv))","reused unchanged from the original figure build; K / mass_da, K = 10.0 x 1775.8064799998865 = 17758.064799998865 ppm x Da"
FigS2,a,separation curve point 120,mass_da,6400,"cysteine-detectability-audit/source_data_submitted/Source_Data_Fig3_search_space.csv (originally: derived: K/M ppm, K = tolerance x mass_limit_da of the stored window rows (H_artifact5_docs/precursor_accuracy_decidability.csv))",reused unchanged from the original figure build; grid point of the drawn curve
FigS2,a,separation curve point 120,separation_ppm,2.7746976249998228,"cysteine-detectability-audit/source_data_submitted/Source_Data_Fig3_search_space.csv (originally: derived: K/M ppm, K = tolerance x mass_limit_da of the stored window rows (H_artifact5_docs/precursor_accuracy_decidability.csv))","reused unchanged from the original figure build; K / mass_da, K = 10.0 x 1775.8064799998865 = 17758.064799998865 ppm x Da"
FigS2,a,separation curve point 121,mass_da,6500,"cysteine-detectability-audit/source_data_submitted/Source_Data_Fig3_search_space.csv (originally: derived: K/M ppm, K = tolerance x mass_limit_da of the stored window rows (H_artifact5_docs/precursor_accuracy_decidability.csv))",reused unchanged from the original figure build; grid point of the drawn curve
FigS2,a,separation curve point 121,separation_ppm,2.7320099692305946,"cysteine-detectability-audit/source_data_submitted/Source_Data_Fig3_search_space.csv (originally: derived: K/M ppm, K = tolerance x mass_limit_da of the stored window rows (H_artifact5_docs/precursor_accuracy_decidability.csv))","reused unchanged from the original figure build; K / mass_da, K = 10.0 x 1775.8064799998865 = 17758.064799998865 ppm x Da"
FigS2,a,separation curve point 122,mass_da,6600,"cysteine-detectability-audit/source_data_submitted/Source_Data_Fig3_search_space.csv (originally: derived: K/M ppm, K = tolerance x mass_limit_da of the stored window rows (H_artifact5_docs/precursor_accuracy_decidability.csv))",reused unchanged from the original figure build; grid point of the drawn curve
FigS2,a,separation curve point 122,separation_ppm,2.690615878787707,"cysteine-detectability-audit/source_data_submitted/Source_Data_Fig3_search_space.csv (originally: derived: K/M ppm, K = tolerance x mass_limit_da of the stored window rows (H_artifact5_docs/precursor_accuracy_decidability.csv))","reused unchanged from the original figure build; K / mass_da, K = 10.0 x 1775.8064799998865 = 17758.064799998865 ppm x Da"
FigS2,a,separation curve point 123,mass_da,6700,"cysteine-detectability-audit/source_data_submitted/Source_Data_Fig3_search_space.csv (originally: derived: K/M ppm, K = tolerance x mass_limit_da of the stored window rows (H_artifact5_docs/precursor_accuracy_decidability.csv))",reused unchanged from the original figure build; grid point of the drawn curve
FigS2,a,separation curve point 123,separation_ppm,2.6504574328356516,"cysteine-detectability-audit/source_data_submitted/Source_Data_Fig3_search_space.csv (originally: derived: K/M ppm, K = tolerance x mass_limit_da of the stored window rows (H_artifact5_docs/precursor_accuracy_decidability.csv))","reused unchanged from the original figure build; K / mass_da, K = 10.0 x 1775.8064799998865 = 17758.064799998865 ppm x Da"
FigS2,a,separation curve point 124,mass_da,6800,"cysteine-detectability-audit/source_data_submitted/Source_Data_Fig3_search_space.csv (originally: derived: K/M ppm, K = tolerance x mass_limit_da of the stored window rows (H_artifact5_docs/precursor_accuracy_decidability.csv))",reused unchanged from the original figure build; grid point of the drawn curve
FigS2,a,separation curve point 124,separation_ppm,2.611480117646892,"cysteine-detectability-audit/source_data_submitted/Source_Data_Fig3_search_space.csv (originally: derived: K/M ppm, K = tolerance x mass_limit_da of the stored window rows (H_artifact5_docs/precursor_accuracy_decidability.csv))","reused unchanged from the original figure build; K / mass_da, K = 10.0 x 1775.8064799998865 = 17758.064799998865 ppm x Da"
FigS2,a,separation curve point 125,mass_da,6900,"cysteine-detectability-audit/source_data_submitted/Source_Data_Fig3_search_space.csv (originally: derived: K/M ppm, K = tolerance x mass_limit_da of the stored window rows (H_artifact5_docs/precursor_accuracy_decidability.csv))",reused unchanged from the original figure build; grid point of the drawn curve
FigS2,a,separation curve point 125,separation_ppm,2.5736325797099804,"cysteine-detectability-audit/source_data_submitted/Source_Data_Fig3_search_space.csv (originally: derived: K/M ppm, K = tolerance x mass_limit_da of the stored window rows (H_artifact5_docs/precursor_accuracy_decidability.csv))","reused unchanged from the original figure build; K / mass_da, K = 10.0 x 1775.8064799998865 = 17758.064799998865 ppm x Da"
FigS2,a,separation curve point 126,mass_da,7000,"cysteine-detectability-audit/source_data_submitted/Source_Data_Fig3_search_space.csv (originally: derived: K/M ppm, K = tolerance x mass_limit_da of the stored window rows (H_artifact5_docs/precursor_accuracy_decidability.csv))",reused unchanged from the original figure build; grid point of the drawn curve
FigS2,a,separation curve point 126,separation_ppm,2.536866399999838,"cysteine-detectability-audit/source_data_submitted/Source_Data_Fig3_search_space.csv (originally: derived: K/M ppm, K = tolerance x mass_limit_da of the stored window rows (H_artifact5_docs/precursor_accuracy_decidability.csv))","reused unchanged from the original figure build; K / mass_da, K = 10.0 x 1775.8064799998865 = 17758.064799998865 ppm x Da"
FigS2,a,separation curve point 127,mass_da,7100,"cysteine-detectability-audit/source_data_submitted/Source_Data_Fig3_search_space.csv (originally: derived: K/M ppm, K = tolerance x mass_limit_da of the stored window rows (H_artifact5_docs/precursor_accuracy_decidability.csv))",reused unchanged from the original figure build; grid point of the drawn curve
FigS2,a,separation curve point 127,separation_ppm,2.501135887323784,"cysteine-detectability-audit/source_data_submitted/Source_Data_Fig3_search_space.csv (originally: derived: K/M ppm, K = tolerance x mass_limit_da of the stored window rows (H_artifact5_docs/precursor_accuracy_decidability.csv))","reused unchanged from the original figure build; K / mass_da, K = 10.0 x 1775.8064799998865 = 17758.064799998865 ppm x Da"
FigS2,a,separation curve point 128,mass_da,7200,"cysteine-detectability-audit/source_data_submitted/Source_Data_Fig3_search_space.csv (originally: derived: K/M ppm, K = tolerance x mass_limit_da of the stored window rows (H_artifact5_docs/precursor_accuracy_decidability.csv))",reused unchanged from the original figure build; grid point of the drawn curve
FigS2,a,separation curve point 128,separation_ppm,2.4663978888887312,"cysteine-detectability-audit/source_data_submitted/Source_Data_Fig3_search_space.csv (originally: derived: K/M ppm, K = tolerance x mass_limit_da of the stored window rows (H_artifact5_docs/precursor_accuracy_decidability.csv))","reused unchanged from the original figure build; K / mass_da, K = 10.0 x 1775.8064799998865 = 17758.064799998865 ppm x Da"
FigS2,a,separation curve point 129,mass_da,7300,"cysteine-detectability-audit/source_data_submitted/Source_Data_Fig3_search_space.csv (originally: derived: K/M ppm, K = tolerance x mass_limit_da of the stored window rows (H_artifact5_docs/precursor_accuracy_decidability.csv))",reused unchanged from the original figure build; grid point of the drawn curve
FigS2,a,separation curve point 129,separation_ppm,2.4326116164382006,"cysteine-detectability-audit/source_data_submitted/Source_Data_Fig3_search_space.csv (originally: derived: K/M ppm, K = tolerance x mass_limit_da of the stored window rows (H_artifact5_docs/precursor_accuracy_decidability.csv))","reused unchanged from the original figure build; K / mass_da, K = 10.0 x 1775.8064799998865 = 17758.064799998865 ppm x Da"
FigS2,a,separation curve point 130,mass_da,7400,"cysteine-detectability-audit/source_data_submitted/Source_Data_Fig3_search_space.csv (originally: derived: K/M ppm, K = tolerance x mass_limit_da of the stored window rows (H_artifact5_docs/precursor_accuracy_decidability.csv))",reused unchanged from the original figure build; grid point of the drawn curve
FigS2,a,separation curve point 130,separation_ppm,2.399738486486333,"cysteine-detectability-audit/source_data_submitted/Source_Data_Fig3_search_space.csv (originally: derived: K/M ppm, K = tolerance x mass_limit_da of the stored window rows (H_artifact5_docs/precursor_accuracy_decidability.csv))","reused unchanged from the original figure build; K / mass_da, K = 10.0 x 1775.8064799998865 = 17758.064799998865 ppm x Da"
FigS2,a,separation curve point 131,mass_da,7500,"cysteine-detectability-audit/source_data_submitted/Source_Data_Fig3_search_space.csv (originally: derived: K/M ppm, K = tolerance x mass_limit_da of the stored window rows (H_artifact5_docs/precursor_accuracy_decidability.csv))",reused unchanged from the original figure build; grid point of the drawn curve
FigS2,a,separation curve point 131,separation_ppm,2.367741973333182,"cysteine-detectability-audit/source_data_submitted/Source_Data_Fig3_search_space.csv (originally: derived: K/M ppm, K = tolerance x mass_limit_da of the stored window rows (H_artifact5_docs/precursor_accuracy_decidability.csv))","reused unchanged from the original figure build; K / mass_da, K = 10.0 x 1775.8064799998865 = 17758.064799998865 ppm x Da"
FigS2,a,separation curve point 132,mass_da,7600,"cysteine-detectability-audit/source_data_submitted/Source_Data_Fig3_search_space.csv (originally: derived: K/M ppm, K = tolerance x mass_limit_da of the stored window rows (H_artifact5_docs/precursor_accuracy_decidability.csv))",reused unchanged from the original figure build; grid point of the drawn curve
FigS2,a,separation curve point 132,separation_ppm,2.336587473684061,"cysteine-detectability-audit/source_data_submitted/Source_Data_Fig3_search_space.csv (originally: derived: K/M ppm, K = tolerance x mass_limit_da of the stored window rows (H_artifact5_docs/precursor_accuracy_decidability.csv))","reused unchanged from the original figure build; K / mass_da, K = 10.0 x 1775.8064799998865 = 17758.064799998865 ppm x Da"
FigS2,a,separation curve point 133,mass_da,7700,"cysteine-detectability-audit/source_data_submitted/Source_Data_Fig3_search_space.csv (originally: derived: K/M ppm, K = tolerance x mass_limit_da of the stored window rows (H_artifact5_docs/precursor_accuracy_decidability.csv))",reused unchanged from the original figure build; grid point of the drawn curve
FigS2,a,separation curve point 133,separation_ppm,2.3062421818180345,"cysteine-detectability-audit/source_data_submitted/Source_Data_Fig3_search_space.csv (originally: derived: K/M ppm, K = tolerance x mass_limit_da of the stored window rows (H_artifact5_docs/precursor_accuracy_decidability.csv))","reused unchanged from the original figure build; K / mass_da, K = 10.0 x 1775.8064799998865 = 17758.064799998865 ppm x Da"
FigS2,a,separation curve point 134,mass_da,7800,"cysteine-detectability-audit/source_data_submitted/Source_Data_Fig3_search_space.csv (originally: derived: K/M ppm, K = tolerance x mass_limit_da of the stored window rows (H_artifact5_docs/precursor_accuracy_decidability.csv))",reused unchanged from the original figure build; grid point of the drawn curve
FigS2,a,separation curve point 134,separation_ppm,2.276674974358829,"cysteine-detectability-audit/source_data_submitted/Source_Data_Fig3_search_space.csv (originally: derived: K/M ppm, K = tolerance x mass_limit_da of the stored window rows (H_artifact5_docs/precursor_accuracy_decidability.csv))","reused unchanged from the original figure build; K / mass_da, K = 10.0 x 1775.8064799998865 = 17758.064799998865 ppm x Da"
FigS2,a,separation curve point 135,mass_da,7900,"cysteine-detectability-audit/source_data_submitted/Source_Data_Fig3_search_space.csv (originally: derived: K/M ppm, K = tolerance x mass_limit_da of the stored window rows (H_artifact5_docs/precursor_accuracy_decidability.csv))",reused unchanged from the original figure build; grid point of the drawn curve
FigS2,a,separation curve point 135,separation_ppm,2.2478563037973247,"cysteine-detectability-audit/source_data_submitted/Source_Data_Fig3_search_space.csv (originally: derived: K/M ppm, K = tolerance x mass_limit_da of the stored window rows (H_artifact5_docs/precursor_accuracy_decidability.csv))","reused unchanged from the original figure build; K / mass_da, K = 10.0 x 1775.8064799998865 = 17758.064799998865 ppm x Da"
FigS2,a,separation curve point 136,mass_da,8000,"cysteine-detectability-audit/source_data_submitted/Source_Data_Fig3_search_space.csv (originally: derived: K/M ppm, K = tolerance x mass_limit_da of the stored window rows (H_artifact5_docs/precursor_accuracy_decidability.csv))",reused unchanged from the original figure build; grid point of the drawn curve
FigS2,a,separation curve point 136,separation_ppm,2.2197580999998583,"cysteine-detectability-audit/source_data_submitted/Source_Data_Fig3_search_space.csv (originally: derived: K/M ppm, K = tolerance x mass_limit_da of the stored window rows (H_artifact5_docs/precursor_accuracy_decidability.csv))","reused unchanged from the original figure build; K / mass_da, K = 10.0 x 1775.8064799998865 = 17758.064799998865 ppm x Da"
FigS2,a,separation curve point 137,mass_da,8100,"cysteine-detectability-audit/source_data_submitted/Source_Data_Fig3_search_space.csv (originally: derived: K/M ppm, K = tolerance x mass_limit_da of the stored window rows (H_artifact5_docs/precursor_accuracy_decidability.csv))",reused unchanged from the original figure build; grid point of the drawn curve
FigS2,a,separation curve point 137,separation_ppm,2.1923536790122053,"cysteine-detectability-audit/source_data_submitted/Source_Data_Fig3_search_space.csv (originally: derived: K/M ppm, K = tolerance x mass_limit_da of the stored window rows (H_artifact5_docs/precursor_accuracy_decidability.csv))","reused unchanged from the original figure build; K / mass_da, K = 10.0 x 1775.8064799998865 = 17758.064799998865 ppm x Da"
FigS2,a,separation curve point 138,mass_da,8200,"cysteine-detectability-audit/source_data_submitted/Source_Data_Fig3_search_space.csv (originally: derived: K/M ppm, K = tolerance x mass_limit_da of the stored window rows (H_artifact5_docs/precursor_accuracy_decidability.csv))",reused unchanged from the original figure build; grid point of the drawn curve
FigS2,a,separation curve point 138,separation_ppm,2.165617658536447,"cysteine-detectability-audit/source_data_submitted/Source_Data_Fig3_search_space.csv (originally: derived: K/M ppm, K = tolerance x mass_limit_da of the stored window rows (H_artifact5_docs/precursor_accuracy_decidability.csv))","reused unchanged from the original figure build; K / mass_da, K = 10.0 x 1775.8064799998865 = 17758.064799998865 ppm x Da"
FigS2,a,separation curve point 139,mass_da,8300,"cysteine-detectability-audit/source_data_submitted/Source_Data_Fig3_search_space.csv (originally: derived: K/M ppm, K = tolerance x mass_limit_da of the stored window rows (H_artifact5_docs/precursor_accuracy_decidability.csv))",reused unchanged from the original figure build; grid point of the drawn curve
FigS2,a,separation curve point 139,separation_ppm,2.1395258795179357,"cysteine-detectability-audit/source_data_submitted/Source_Data_Fig3_search_space.csv (originally: derived: K/M ppm, K = tolerance x mass_limit_da of the stored window rows (H_artifact5_docs/precursor_accuracy_decidability.csv))","reused unchanged from the original figure build; K / mass_da, K = 10.0 x 1775.8064799998865 = 17758.064799998865 ppm x Da"
FigS2,a,separation curve point 140,mass_da,8400,"cysteine-detectability-audit/source_data_submitted/Source_Data_Fig3_search_space.csv (originally: derived: K/M ppm, K = tolerance x mass_limit_da of the stored window rows (H_artifact5_docs/precursor_accuracy_decidability.csv))",reused unchanged from the original figure build; grid point of the drawn curve
FigS2,a,separation curve point 140,separation_ppm,2.1140553333331984,"cysteine-detectability-audit/source_data_submitted/Source_Data_Fig3_search_space.csv (originally: derived: K/M ppm, K = tolerance x mass_limit_da of the stored window rows (H_artifact5_docs/precursor_accuracy_decidability.csv))","reused unchanged from the original figure build; K / mass_da, K = 10.0 x 1775.8064799998865 = 17758.064799998865 ppm x Da"
FigS2,a,separation curve point 141,mass_da,8500,"cysteine-detectability-audit/source_data_submitted/Source_Data_Fig3_search_space.csv (originally: derived: K/M ppm, K = tolerance x mass_limit_da of the stored window rows (H_artifact5_docs/precursor_accuracy_decidability.csv))",reused unchanged from the original figure build; grid point of the drawn curve
FigS2,a,separation curve point 141,separation_ppm,2.0891840941175137,"cysteine-detectability-audit/source_data_submitted/Source_Data_Fig3_search_space.csv (originally: derived: K/M ppm, K = tolerance x mass_limit_da of the stored window rows (H_artifact5_docs/precursor_accuracy_decidability.csv))","reused unchanged from the original figure build; K / mass_da, K = 10.0 x 1775.8064799998865 = 17758.064799998865 ppm x Da"
FigS2,a,separation curve point 142,mass_da,8600,"cysteine-detectability-audit/source_data_submitted/Source_Data_Fig3_search_space.csv (originally: derived: K/M ppm, K = tolerance x mass_limit_da of the stored window rows (H_artifact5_docs/precursor_accuracy_decidability.csv))",reused unchanged from the original figure build; grid point of the drawn curve
FigS2,a,separation curve point 142,separation_ppm,2.0648912558138215,"cysteine-detectability-audit/source_data_submitted/Source_Data_Fig3_search_space.csv (originally: derived: K/M ppm, K = tolerance x mass_limit_da of the stored window rows (H_artifact5_docs/precursor_accuracy_decidability.csv))","reused unchanged from the original figure build; K / mass_da, K = 10.0 x 1775.8064799998865 = 17758.064799998865 ppm x Da"
FigS2,a,separation curve point 143,mass_da,8700,"cysteine-detectability-audit/source_data_submitted/Source_Data_Fig3_search_space.csv (originally: derived: K/M ppm, K = tolerance x mass_limit_da of the stored window rows (H_artifact5_docs/precursor_accuracy_decidability.csv))",reused unchanged from the original figure build; grid point of the drawn curve
FigS2,a,separation curve point 143,separation_ppm,2.041156873563088,"cysteine-detectability-audit/source_data_submitted/Source_Data_Fig3_search_space.csv (originally: derived: K/M ppm, K = tolerance x mass_limit_da of the stored window rows (H_artifact5_docs/precursor_accuracy_decidability.csv))","reused unchanged from the original figure build; K / mass_da, K = 10.0 x 1775.8064799998865 = 17758.064799998865 ppm x Da"
FigS2,a,separation curve point 144,mass_da,8800,"cysteine-detectability-audit/source_data_submitted/Source_Data_Fig3_search_space.csv (originally: derived: K/M ppm, K = tolerance x mass_limit_da of the stored window rows (H_artifact5_docs/precursor_accuracy_decidability.csv))",reused unchanged from the original figure build; grid point of the drawn curve
FigS2,a,separation curve point 144,separation_ppm,2.01796190909078,"cysteine-detectability-audit/source_data_submitted/Source_Data_Fig3_search_space.csv (originally: derived: K/M ppm, K = tolerance x mass_limit_da of the stored window rows (H_artifact5_docs/precursor_accuracy_decidability.csv))","reused unchanged from the original figure build; K / mass_da, K = 10.0 x 1775.8064799998865 = 17758.064799998865 ppm x Da"
FigS2,a,separation curve point 145,mass_da,8900,"cysteine-detectability-audit/source_data_submitted/Source_Data_Fig3_search_space.csv (originally: derived: K/M ppm, K = tolerance x mass_limit_da of the stored window rows (H_artifact5_docs/precursor_accuracy_decidability.csv))",reused unchanged from the original figure build; grid point of the drawn curve
FigS2,a,separation curve point 145,separation_ppm,1.9952881797751534,"cysteine-detectability-audit/source_data_submitted/Source_Data_Fig3_search_space.csv (originally: derived: K/M ppm, K = tolerance x mass_limit_da of the stored window rows (H_artifact5_docs/precursor_accuracy_decidability.csv))","reused unchanged from the original figure build; K / mass_da, K = 10.0 x 1775.8064799998865 = 17758.064799998865 ppm x Da"
FigS2,a,separation curve point 146,mass_da,9000,"cysteine-detectability-audit/source_data_submitted/Source_Data_Fig3_search_space.csv (originally: derived: K/M ppm, K = tolerance x mass_limit_da of the stored window rows (H_artifact5_docs/precursor_accuracy_decidability.csv))",reused unchanged from the original figure build; grid point of the drawn curve
FigS2,a,separation curve point 146,separation_ppm,1.973118311110985,"cysteine-detectability-audit/source_data_submitted/Source_Data_Fig3_search_space.csv (originally: derived: K/M ppm, K = tolerance x mass_limit_da of the stored window rows (H_artifact5_docs/precursor_accuracy_decidability.csv))","reused unchanged from the original figure build; K / mass_da, K = 10.0 x 1775.8064799998865 = 17758.064799998865 ppm x Da"
FigS2,a,separation curve point 147,mass_da,9100,"cysteine-detectability-audit/source_data_submitted/Source_Data_Fig3_search_space.csv (originally: derived: K/M ppm, K = tolerance x mass_limit_da of the stored window rows (H_artifact5_docs/precursor_accuracy_decidability.csv))",reused unchanged from the original figure build; grid point of the drawn curve
FigS2,a,separation curve point 147,separation_ppm,1.9514356923075675,"cysteine-detectability-audit/source_data_submitted/Source_Data_Fig3_search_space.csv (originally: derived: K/M ppm, K = tolerance x mass_limit_da of the stored window rows (H_artifact5_docs/precursor_accuracy_decidability.csv))","reused unchanged from the original figure build; K / mass_da, K = 10.0 x 1775.8064799998865 = 17758.064799998865 ppm x Da"
FigS2,a,separation curve point 148,mass_da,9200,"cysteine-detectability-audit/source_data_submitted/Source_Data_Fig3_search_space.csv (originally: derived: K/M ppm, K = tolerance x mass_limit_da of the stored window rows (H_artifact5_docs/precursor_accuracy_decidability.csv))",reused unchanged from the original figure build; grid point of the drawn curve
FigS2,a,separation curve point 148,separation_ppm,1.9302244347824853,"cysteine-detectability-audit/source_data_submitted/Source_Data_Fig3_search_space.csv (originally: derived: K/M ppm, K = tolerance x mass_limit_da of the stored window rows (H_artifact5_docs/precursor_accuracy_decidability.csv))","reused unchanged from the original figure build; K / mass_da, K = 10.0 x 1775.8064799998865 = 17758.064799998865 ppm x Da"
FigS2,a,separation curve point 149,mass_da,9300,"cysteine-detectability-audit/source_data_submitted/Source_Data_Fig3_search_space.csv (originally: derived: K/M ppm, K = tolerance x mass_limit_da of the stored window rows (H_artifact5_docs/precursor_accuracy_decidability.csv))",reused unchanged from the original figure build; grid point of the drawn curve
FigS2,a,separation curve point 149,separation_ppm,1.9094693333332113,"cysteine-detectability-audit/source_data_submitted/Source_Data_Fig3_search_space.csv (originally: derived: K/M ppm, K = tolerance x mass_limit_da of the stored window rows (H_artifact5_docs/precursor_accuracy_decidability.csv))","reused unchanged from the original figure build; K / mass_da, K = 10.0 x 1775.8064799998865 = 17758.064799998865 ppm x Da"
FigS2,a,separation curve point 150,mass_da,9400,"cysteine-detectability-audit/source_data_submitted/Source_Data_Fig3_search_space.csv (originally: derived: K/M ppm, K = tolerance x mass_limit_da of the stored window rows (H_artifact5_docs/precursor_accuracy_decidability.csv))",reused unchanged from the original figure build; grid point of the drawn curve
FigS2,a,separation curve point 150,separation_ppm,1.8891558297871134,"cysteine-detectability-audit/source_data_submitted/Source_Data_Fig3_search_space.csv (originally: derived: K/M ppm, K = tolerance x mass_limit_da of the stored window rows (H_artifact5_docs/precursor_accuracy_decidability.csv))","reused unchanged from the original figure build; K / mass_da, K = 10.0 x 1775.8064799998865 = 17758.064799998865 ppm x Da"
FigS2,a,separation curve point 151,mass_da,9500,"cysteine-detectability-audit/source_data_submitted/Source_Data_Fig3_search_space.csv (originally: derived: K/M ppm, K = tolerance x mass_limit_da of the stored window rows (H_artifact5_docs/precursor_accuracy_decidability.csv))",reused unchanged from the original figure build; grid point of the drawn curve
FigS2,a,separation curve point 151,separation_ppm,1.869269978947249,"cysteine-detectability-audit/source_data_submitted/Source_Data_Fig3_search_space.csv (originally: derived: K/M ppm, K = tolerance x mass_limit_da of the stored window rows (H_artifact5_docs/precursor_accuracy_decidability.csv))","reused unchanged from the original figure build; K / mass_da, K = 10.0 x 1775.8064799998865 = 17758.064799998865 ppm x Da"
FigS2,a,separation curve point 152,mass_da,9600,"cysteine-detectability-audit/source_data_submitted/Source_Data_Fig3_search_space.csv (originally: derived: K/M ppm, K = tolerance x mass_limit_da of the stored window rows (H_artifact5_docs/precursor_accuracy_decidability.csv))",reused unchanged from the original figure build; grid point of the drawn curve
FigS2,a,separation curve point 152,separation_ppm,1.8497984166665484,"cysteine-detectability-audit/source_data_submitted/Source_Data_Fig3_search_space.csv (originally: derived: K/M ppm, K = tolerance x mass_limit_da of the stored window rows (H_artifact5_docs/precursor_accuracy_decidability.csv))","reused unchanged from the original figure build; K / mass_da, K = 10.0 x 1775.8064799998865 = 17758.064799998865 ppm x Da"
FigS2,a,separation curve point 153,mass_da,9700,"cysteine-detectability-audit/source_data_submitted/Source_Data_Fig3_search_space.csv (originally: derived: K/M ppm, K = tolerance x mass_limit_da of the stored window rows (H_artifact5_docs/precursor_accuracy_decidability.csv))",reused unchanged from the original figure build; grid point of the drawn curve
FigS2,a,separation curve point 153,separation_ppm,1.8307283298967902,"cysteine-detectability-audit/source_data_submitted/Source_Data_Fig3_search_space.csv (originally: derived: K/M ppm, K = tolerance x mass_limit_da of the stored window rows (H_artifact5_docs/precursor_accuracy_decidability.csv))","reused unchanged from the original figure build; K / mass_da, K = 10.0 x 1775.8064799998865 = 17758.064799998865 ppm x Da"
FigS2,a,separation curve point 154,mass_da,9800,"cysteine-detectability-audit/source_data_submitted/Source_Data_Fig3_search_space.csv (originally: derived: K/M ppm, K = tolerance x mass_limit_da of the stored window rows (H_artifact5_docs/precursor_accuracy_decidability.csv))",reused unchanged from the original figure build; grid point of the drawn curve
FigS2,a,separation curve point 154,separation_ppm,1.8120474285713128,"cysteine-detectability-audit/source_data_submitted/Source_Data_Fig3_search_space.csv (originally: derived: K/M ppm, K = tolerance x mass_limit_da of the stored window rows (H_artifact5_docs/precursor_accuracy_decidability.csv))","reused unchanged from the original figure build; K / mass_da, K = 10.0 x 1775.8064799998865 = 17758.064799998865 ppm x Da"
FigS2,a,separation curve point 155,mass_da,9900,"cysteine-detectability-audit/source_data_submitted/Source_Data_Fig3_search_space.csv (originally: derived: K/M ppm, K = tolerance x mass_limit_da of the stored window rows (H_artifact5_docs/precursor_accuracy_decidability.csv))",reused unchanged from the original figure build; grid point of the drawn curve
FigS2,a,separation curve point 155,separation_ppm,1.7937439191918045,"cysteine-detectability-audit/source_data_submitted/Source_Data_Fig3_search_space.csv (originally: derived: K/M ppm, K = tolerance x mass_limit_da of the stored window rows (H_artifact5_docs/precursor_accuracy_decidability.csv))","reused unchanged from the original figure build; K / mass_da, K = 10.0 x 1775.8064799998865 = 17758.064799998865 ppm x Da"
FigS2,a,separation curve point 156,mass_da,10000,"cysteine-detectability-audit/source_data_submitted/Source_Data_Fig3_search_space.csv (originally: derived: K/M ppm, K = tolerance x mass_limit_da of the stored window rows (H_artifact5_docs/precursor_accuracy_decidability.csv))",reused unchanged from the original figure build; grid point of the drawn curve
FigS2,a,separation curve point 156,separation_ppm,1.7758064799998865,"cysteine-detectability-audit/source_data_submitted/Source_Data_Fig3_search_space.csv (originally: derived: K/M ppm, K = tolerance x mass_limit_da of the stored window rows (H_artifact5_docs/precursor_accuracy_decidability.csv))","reused unchanged from the original figure build; K / mass_da, K = 10.0 x 1775.8064799998865 = 17758.064799998865 ppm x Da"
FigS2,a,separation curve point 157,mass_da,10100,"cysteine-detectability-audit/source_data_submitted/Source_Data_Fig3_search_space.csv (originally: derived: K/M ppm, K = tolerance x mass_limit_da of the stored window rows (H_artifact5_docs/precursor_accuracy_decidability.csv))",reused unchanged from the original figure build; grid point of the drawn curve
FigS2,a,separation curve point 157,separation_ppm,1.75822423762365,"cysteine-detectability-audit/source_data_submitted/Source_Data_Fig3_search_space.csv (originally: derived: K/M ppm, K = tolerance x mass_limit_da of the stored window rows (H_artifact5_docs/precursor_accuracy_decidability.csv))","reused unchanged from the original figure build; K / mass_da, K = 10.0 x 1775.8064799998865 = 17758.064799998865 ppm x Da"
FigS2,a,separation curve point 158,mass_da,10200,"cysteine-detectability-audit/source_data_submitted/Source_Data_Fig3_search_space.csv (originally: derived: K/M ppm, K = tolerance x mass_limit_da of the stored window rows (H_artifact5_docs/precursor_accuracy_decidability.csv))",reused unchanged from the original figure build; grid point of the drawn curve
FigS2,a,separation curve point 158,separation_ppm,1.740986745097928,"cysteine-detectability-audit/source_data_submitted/Source_Data_Fig3_search_space.csv (originally: derived: K/M ppm, K = tolerance x mass_limit_da of the stored window rows (H_artifact5_docs/precursor_accuracy_decidability.csv))","reused unchanged from the original figure build; K / mass_da, K = 10.0 x 1775.8064799998865 = 17758.064799998865 ppm x Da"
FigS2,a,separation curve point 159,mass_da,10300,"cysteine-detectability-audit/source_data_submitted/Source_Data_Fig3_search_space.csv (originally: derived: K/M ppm, K = tolerance x mass_limit_da of the stored window rows (H_artifact5_docs/precursor_accuracy_decidability.csv))",reused unchanged from the original figure build; grid point of the drawn curve
FigS2,a,separation curve point 159,separation_ppm,1.7240839611649383,"cysteine-detectability-audit/source_data_submitted/Source_Data_Fig3_search_space.csv (originally: derived: K/M ppm, K = tolerance x mass_limit_da of the stored window rows (H_artifact5_docs/precursor_accuracy_decidability.csv))","reused unchanged from the original figure build; K / mass_da, K = 10.0 x 1775.8064799998865 = 17758.064799998865 ppm x Da"
FigS2,a,separation curve point 160,mass_da,10400,"cysteine-detectability-audit/source_data_submitted/Source_Data_Fig3_search_space.csv (originally: derived: K/M ppm, K = tolerance x mass_limit_da of the stored window rows (H_artifact5_docs/precursor_accuracy_decidability.csv))",reused unchanged from the original figure build; grid point of the drawn curve
FigS2,a,separation curve point 160,separation_ppm,1.7075062307691216,"cysteine-detectability-audit/source_data_submitted/Source_Data_Fig3_search_space.csv (originally: derived: K/M ppm, K = tolerance x mass_limit_da of the stored window rows (H_artifact5_docs/precursor_accuracy_decidability.csv))","reused unchanged from the original figure build; K / mass_da, K = 10.0 x 1775.8064799998865 = 17758.064799998865 ppm x Da"
FigS2,a,separation curve point 161,mass_da,10500,"cysteine-detectability-audit/source_data_submitted/Source_Data_Fig3_search_space.csv (originally: derived: K/M ppm, K = tolerance x mass_limit_da of the stored window rows (H_artifact5_docs/precursor_accuracy_decidability.csv))",reused unchanged from the original figure build; grid point of the drawn curve
FigS2,a,separation curve point 161,separation_ppm,1.6912442666665586,"cysteine-detectability-audit/source_data_submitted/Source_Data_Fig3_search_space.csv (originally: derived: K/M ppm, K = tolerance x mass_limit_da of the stored window rows (H_artifact5_docs/precursor_accuracy_decidability.csv))","reused unchanged from the original figure build; K / mass_da, K = 10.0 x 1775.8064799998865 = 17758.064799998865 ppm x Da"
FigS2,a,separation curve point 162,mass_da,10600,"cysteine-detectability-audit/source_data_submitted/Source_Data_Fig3_search_space.csv (originally: derived: K/M ppm, K = tolerance x mass_limit_da of the stored window rows (H_artifact5_docs/precursor_accuracy_decidability.csv))",reused unchanged from the original figure build; grid point of the drawn curve
FigS2,a,separation curve point 162,separation_ppm,1.6752891320753647,"cysteine-detectability-audit/source_data_submitted/Source_Data_Fig3_search_space.csv (originally: derived: K/M ppm, K = tolerance x mass_limit_da of the stored window rows (H_artifact5_docs/precursor_accuracy_decidability.csv))","reused unchanged from the original figure build; K / mass_da, K = 10.0 x 1775.8064799998865 = 17758.064799998865 ppm x Da"
FigS2,a,separation curve point 163,mass_da,10700,"cysteine-detectability-audit/source_data_submitted/Source_Data_Fig3_search_space.csv (originally: derived: K/M ppm, K = tolerance x mass_limit_da of the stored window rows (H_artifact5_docs/precursor_accuracy_decidability.csv))",reused unchanged from the original figure build; grid point of the drawn curve
FigS2,a,separation curve point 163,separation_ppm,1.6596322242989594,"cysteine-detectability-audit/source_data_submitted/Source_Data_Fig3_search_space.csv (originally: derived: K/M ppm, K = tolerance x mass_limit_da of the stored window rows (H_artifact5_docs/precursor_accuracy_decidability.csv))","reused unchanged from the original figure build; K / mass_da, K = 10.0 x 1775.8064799998865 = 17758.064799998865 ppm x Da"
FigS2,a,separation curve point 164,mass_da,10800,"cysteine-detectability-audit/source_data_submitted/Source_Data_Fig3_search_space.csv (originally: derived: K/M ppm, K = tolerance x mass_limit_da of the stored window rows (H_artifact5_docs/precursor_accuracy_decidability.csv))",reused unchanged from the original figure build; grid point of the drawn curve
FigS2,a,separation curve point 164,separation_ppm,1.6442652592591542,"cysteine-detectability-audit/source_data_submitted/Source_Data_Fig3_search_space.csv (originally: derived: K/M ppm, K = tolerance x mass_limit_da of the stored window rows (H_artifact5_docs/precursor_accuracy_decidability.csv))","reused unchanged from the original figure build; K / mass_da, K = 10.0 x 1775.8064799998865 = 17758.064799998865 ppm x Da"
FigS2,a,separation curve point 165,mass_da,10900,"cysteine-detectability-audit/source_data_submitted/Source_Data_Fig3_search_space.csv (originally: derived: K/M ppm, K = tolerance x mass_limit_da of the stored window rows (H_artifact5_docs/precursor_accuracy_decidability.csv))",reused unchanged from the original figure build; grid point of the drawn curve
FigS2,a,separation curve point 165,separation_ppm,1.6291802568806297,"cysteine-detectability-audit/source_data_submitted/Source_Data_Fig3_search_space.csv (originally: derived: K/M ppm, K = tolerance x mass_limit_da of the stored window rows (H_artifact5_docs/precursor_accuracy_decidability.csv))","reused unchanged from the original figure build; K / mass_da, K = 10.0 x 1775.8064799998865 = 17758.064799998865 ppm x Da"
FigS2,a,separation curve point 166,mass_da,11000,"cysteine-detectability-audit/source_data_submitted/Source_Data_Fig3_search_space.csv (originally: derived: K/M ppm, K = tolerance x mass_limit_da of the stored window rows (H_artifact5_docs/precursor_accuracy_decidability.csv))",reused unchanged from the original figure build; grid point of the drawn curve
FigS2,a,separation curve point 166,separation_ppm,1.6143695272726242,"cysteine-detectability-audit/source_data_submitted/Source_Data_Fig3_search_space.csv (originally: derived: K/M ppm, K = tolerance x mass_limit_da of the stored window rows (H_artifact5_docs/precursor_accuracy_decidability.csv))","reused unchanged from the original figure build; K / mass_da, K = 10.0 x 1775.8064799998865 = 17758.064799998865 ppm x Da"
FigS2,a,separation curve point 167,mass_da,11100,"cysteine-detectability-audit/source_data_submitted/Source_Data_Fig3_search_space.csv (originally: derived: K/M ppm, K = tolerance x mass_limit_da of the stored window rows (H_artifact5_docs/precursor_accuracy_decidability.csv))",reused unchanged from the original figure build; grid point of the drawn curve
FigS2,a,separation curve point 167,separation_ppm,1.5998256576575554,"cysteine-detectability-audit/source_data_submitted/Source_Data_Fig3_search_space.csv (originally: derived: K/M ppm, K = tolerance x mass_limit_da of the stored window rows (H_artifact5_docs/precursor_accuracy_decidability.csv))","reused unchanged from the original figure build; K / mass_da, K = 10.0 x 1775.8064799998865 = 17758.064799998865 ppm x Da"
FigS2,a,separation curve point 168,mass_da,11200,"cysteine-detectability-audit/source_data_submitted/Source_Data_Fig3_search_space.csv (originally: derived: K/M ppm, K = tolerance x mass_limit_da of the stored window rows (H_artifact5_docs/precursor_accuracy_decidability.csv))",reused unchanged from the original figure build; grid point of the drawn curve
FigS2,a,separation curve point 168,separation_ppm,1.5855414999998987,"cysteine-detectability-audit/source_data_submitted/Source_Data_Fig3_search_space.csv (originally: derived: K/M ppm, K = tolerance x mass_limit_da of the stored window rows (H_artifact5_docs/precursor_accuracy_decidability.csv))","reused unchanged from the original figure build; K / mass_da, K = 10.0 x 1775.8064799998865 = 17758.064799998865 ppm x Da"
FigS2,a,separation curve point 169,mass_da,11300,"cysteine-detectability-audit/source_data_submitted/Source_Data_Fig3_search_space.csv (originally: derived: K/M ppm, K = tolerance x mass_limit_da of the stored window rows (H_artifact5_docs/precursor_accuracy_decidability.csv))",reused unchanged from the original figure build; grid point of the drawn curve
FigS2,a,separation curve point 169,separation_ppm,1.571510159291935,"cysteine-detectability-audit/source_data_submitted/Source_Data_Fig3_search_space.csv (originally: derived: K/M ppm, K = tolerance x mass_limit_da of the stored window rows (H_artifact5_docs/precursor_accuracy_decidability.csv))","reused unchanged from the original figure build; K / mass_da, K = 10.0 x 1775.8064799998865 = 17758.064799998865 ppm x Da"
FigS2,a,separation curve point 170,mass_da,11400,"cysteine-detectability-audit/source_data_submitted/Source_Data_Fig3_search_space.csv (originally: derived: K/M ppm, K = tolerance x mass_limit_da of the stored window rows (H_artifact5_docs/precursor_accuracy_decidability.csv))",reused unchanged from the original figure build; grid point of the drawn curve
FigS2,a,separation curve point 170,separation_ppm,1.5577249824560409,"cysteine-detectability-audit/source_data_submitted/Source_Data_Fig3_search_space.csv (originally: derived: K/M ppm, K = tolerance x mass_limit_da of the stored window rows (H_artifact5_docs/precursor_accuracy_decidability.csv))","reused unchanged from the original figure build; K / mass_da, K = 10.0 x 1775.8064799998865 = 17758.064799998865 ppm x Da"
FigS2,a,separation curve point 171,mass_da,11500,"cysteine-detectability-audit/source_data_submitted/Source_Data_Fig3_search_space.csv (originally: derived: K/M ppm, K = tolerance x mass_limit_da of the stored window rows (H_artifact5_docs/precursor_accuracy_decidability.csv))",reused unchanged from the original figure build; grid point of the drawn curve
FigS2,a,separation curve point 171,separation_ppm,1.5441795478259883,"cysteine-detectability-audit/source_data_submitted/Source_Data_Fig3_search_space.csv (originally: derived: K/M ppm, K = tolerance x mass_limit_da of the stored window rows (H_artifact5_docs/precursor_accuracy_decidability.csv))","reused unchanged from the original figure build; K / mass_da, K = 10.0 x 1775.8064799998865 = 17758.064799998865 ppm x Da"
FigS2,a,separation curve point 172,mass_da,11600,"cysteine-detectability-audit/source_data_submitted/Source_Data_Fig3_search_space.csv (originally: derived: K/M ppm, K = tolerance x mass_limit_da of the stored window rows (H_artifact5_docs/precursor_accuracy_decidability.csv))",reused unchanged from the original figure build; grid point of the drawn curve
FigS2,a,separation curve point 172,separation_ppm,1.530867655172316,"cysteine-detectability-audit/source_data_submitted/Source_Data_Fig3_search_space.csv (originally: derived: K/M ppm, K = tolerance x mass_limit_da of the stored window rows (H_artifact5_docs/precursor_accuracy_decidability.csv))","reused unchanged from the original figure build; K / mass_da, K = 10.0 x 1775.8064799998865 = 17758.064799998865 ppm x Da"
FigS2,a,separation curve point 173,mass_da,11700,"cysteine-detectability-audit/source_data_submitted/Source_Data_Fig3_search_space.csv (originally: derived: K/M ppm, K = tolerance x mass_limit_da of the stored window rows (H_artifact5_docs/precursor_accuracy_decidability.csv))",reused unchanged from the original figure build; grid point of the drawn curve
FigS2,a,separation curve point 173,separation_ppm,1.5177833162392191,"cysteine-detectability-audit/source_data_submitted/Source_Data_Fig3_search_space.csv (originally: derived: K/M ppm, K = tolerance x mass_limit_da of the stored window rows (H_artifact5_docs/precursor_accuracy_decidability.csv))","reused unchanged from the original figure build; K / mass_da, K = 10.0 x 1775.8064799998865 = 17758.064799998865 ppm x Da"
FigS2,a,separation curve point 174,mass_da,11800,"cysteine-detectability-audit/source_data_submitted/Source_Data_Fig3_search_space.csv (originally: derived: K/M ppm, K = tolerance x mass_limit_da of the stored window rows (H_artifact5_docs/precursor_accuracy_decidability.csv))",reused unchanged from the original figure build; grid point of the drawn curve
FigS2,a,separation curve point 174,separation_ppm,1.5049207457626157,"cysteine-detectability-audit/source_data_submitted/Source_Data_Fig3_search_space.csv (originally: derived: K/M ppm, K = tolerance x mass_limit_da of the stored window rows (H_artifact5_docs/precursor_accuracy_decidability.csv))","reused unchanged from the original figure build; K / mass_da, K = 10.0 x 1775.8064799998865 = 17758.064799998865 ppm x Da"
FigS2,a,separation curve point 175,mass_da,11900,"cysteine-detectability-audit/source_data_submitted/Source_Data_Fig3_search_space.csv (originally: derived: K/M ppm, K = tolerance x mass_limit_da of the stored window rows (H_artifact5_docs/precursor_accuracy_decidability.csv))",reused unchanged from the original figure build; grid point of the drawn curve
FigS2,a,separation curve point 175,separation_ppm,1.4922743529410811,"cysteine-detectability-audit/source_data_submitted/Source_Data_Fig3_search_space.csv (originally: derived: K/M ppm, K = tolerance x mass_limit_da of the stored window rows (H_artifact5_docs/precursor_accuracy_decidability.csv))","reused unchanged from the original figure build; K / mass_da, K = 10.0 x 1775.8064799998865 = 17758.064799998865 ppm x Da"
FigS2,a,separation curve point 176,mass_da,12000,"cysteine-detectability-audit/source_data_submitted/Source_Data_Fig3_search_space.csv (originally: derived: K/M ppm, K = tolerance x mass_limit_da of the stored window rows (H_artifact5_docs/precursor_accuracy_decidability.csv))",reused unchanged from the original figure build; grid point of the drawn curve
FigS2,a,separation curve point 176,separation_ppm,1.4798387333332388,"cysteine-detectability-audit/source_data_submitted/Source_Data_Fig3_search_space.csv (originally: derived: K/M ppm, K = tolerance x mass_limit_da of the stored window rows (H_artifact5_docs/precursor_accuracy_decidability.csv))","reused unchanged from the original figure build; K / mass_da, K = 10.0 x 1775.8064799998865 = 17758.064799998865 ppm x Da"
FigS2,a,separation curve point 177,mass_da,12100,"cysteine-detectability-audit/source_data_submitted/Source_Data_Fig3_search_space.csv (originally: derived: K/M ppm, K = tolerance x mass_limit_da of the stored window rows (H_artifact5_docs/precursor_accuracy_decidability.csv))",reused unchanged from the original figure build; grid point of the drawn curve
FigS2,a,separation curve point 177,separation_ppm,1.467608661156931,"cysteine-detectability-audit/source_data_submitted/Source_Data_Fig3_search_space.csv (originally: derived: K/M ppm, K = tolerance x mass_limit_da of the stored window rows (H_artifact5_docs/precursor_accuracy_decidability.csv))","reused unchanged from the original figure build; K / mass_da, K = 10.0 x 1775.8064799998865 = 17758.064799998865 ppm x Da"
FigS2,a,separation curve point 178,mass_da,12200,"cysteine-detectability-audit/source_data_submitted/Source_Data_Fig3_search_space.csv (originally: derived: K/M ppm, K = tolerance x mass_limit_da of the stored window rows (H_artifact5_docs/precursor_accuracy_decidability.csv))",reused unchanged from the original figure build; grid point of the drawn curve
FigS2,a,separation curve point 178,separation_ppm,1.4555790819671202,"cysteine-detectability-audit/source_data_submitted/Source_Data_Fig3_search_space.csv (originally: derived: K/M ppm, K = tolerance x mass_limit_da of the stored window rows (H_artifact5_docs/precursor_accuracy_decidability.csv))","reused unchanged from the original figure build; K / mass_da, K = 10.0 x 1775.8064799998865 = 17758.064799998865 ppm x Da"
FigS2,a,separation curve point 179,mass_da,12300,"cysteine-detectability-audit/source_data_submitted/Source_Data_Fig3_search_space.csv (originally: derived: K/M ppm, K = tolerance x mass_limit_da of the stored window rows (H_artifact5_docs/precursor_accuracy_decidability.csv))",reused unchanged from the original figure build; grid point of the drawn curve
FigS2,a,separation curve point 179,separation_ppm,1.4437451056909647,"cysteine-detectability-audit/source_data_submitted/Source_Data_Fig3_search_space.csv (originally: derived: K/M ppm, K = tolerance x mass_limit_da of the stored window rows (H_artifact5_docs/precursor_accuracy_decidability.csv))","reused unchanged from the original figure build; K / mass_da, K = 10.0 x 1775.8064799998865 = 17758.064799998865 ppm x Da"
FigS2,a,separation curve point 180,mass_da,12400,"cysteine-detectability-audit/source_data_submitted/Source_Data_Fig3_search_space.csv (originally: derived: K/M ppm, K = tolerance x mass_limit_da of the stored window rows (H_artifact5_docs/precursor_accuracy_decidability.csv))",reused unchanged from the original figure build; grid point of the drawn curve
FigS2,a,separation curve point 180,separation_ppm,1.4321019999999085,"cysteine-detectability-audit/source_data_submitted/Source_Data_Fig3_search_space.csv (originally: derived: K/M ppm, K = tolerance x mass_limit_da of the stored window rows (H_artifact5_docs/precursor_accuracy_decidability.csv))","reused unchanged from the original figure build; K / mass_da, K = 10.0 x 1775.8064799998865 = 17758.064799998865 ppm x Da"
FigS2,a,separation curve point 181,mass_da,12500,"cysteine-detectability-audit/source_data_submitted/Source_Data_Fig3_search_space.csv (originally: derived: K/M ppm, K = tolerance x mass_limit_da of the stored window rows (H_artifact5_docs/precursor_accuracy_decidability.csv))",reused unchanged from the original figure build; grid point of the drawn curve
FigS2,a,separation curve point 181,separation_ppm,1.4206451839999092,"cysteine-detectability-audit/source_data_submitted/Source_Data_Fig3_search_space.csv (originally: derived: K/M ppm, K = tolerance x mass_limit_da of the stored window rows (H_artifact5_docs/precursor_accuracy_decidability.csv))","reused unchanged from the original figure build; K / mass_da, K = 10.0 x 1775.8064799998865 = 17758.064799998865 ppm x Da"
FigS2,a,separation curve point 182,mass_da,12600,"cysteine-detectability-audit/source_data_submitted/Source_Data_Fig3_search_space.csv (originally: derived: K/M ppm, K = tolerance x mass_limit_da of the stored window rows (H_artifact5_docs/precursor_accuracy_decidability.csv))",reused unchanged from the original figure build; grid point of the drawn curve
FigS2,a,separation curve point 182,separation_ppm,1.409370222222132,"cysteine-detectability-audit/source_data_submitted/Source_Data_Fig3_search_space.csv (originally: derived: K/M ppm, K = tolerance x mass_limit_da of the stored window rows (H_artifact5_docs/precursor_accuracy_decidability.csv))","reused unchanged from the original figure build; K / mass_da, K = 10.0 x 1775.8064799998865 = 17758.064799998865 ppm x Da"
FigS2,a,separation curve point 183,mass_da,12700,"cysteine-detectability-audit/source_data_submitted/Source_Data_Fig3_search_space.csv (originally: derived: K/M ppm, K = tolerance x mass_limit_da of the stored window rows (H_artifact5_docs/precursor_accuracy_decidability.csv))",reused unchanged from the original figure build; grid point of the drawn curve
FigS2,a,separation curve point 183,separation_ppm,1.3982728188975484,"cysteine-detectability-audit/source_data_submitted/Source_Data_Fig3_search_space.csv (originally: derived: K/M ppm, K = tolerance x mass_limit_da of the stored window rows (H_artifact5_docs/precursor_accuracy_decidability.csv))","reused unchanged from the original figure build; K / mass_da, K = 10.0 x 1775.8064799998865 = 17758.064799998865 ppm x Da"
FigS2,a,separation curve point 184,mass_da,12800,"cysteine-detectability-audit/source_data_submitted/Source_Data_Fig3_search_space.csv (originally: derived: K/M ppm, K = tolerance x mass_limit_da of the stored window rows (H_artifact5_docs/precursor_accuracy_decidability.csv))",reused unchanged from the original figure build; grid point of the drawn curve
FigS2,a,separation curve point 184,separation_ppm,1.3873488124999114,"cysteine-detectability-audit/source_data_submitted/Source_Data_Fig3_search_space.csv (originally: derived: K/M ppm, K = tolerance x mass_limit_da of the stored window rows (H_artifact5_docs/precursor_accuracy_decidability.csv))","reused unchanged from the original figure build; K / mass_da, K = 10.0 x 1775.8064799998865 = 17758.064799998865 ppm x Da"
FigS2,a,separation curve point 185,mass_da,12900,"cysteine-detectability-audit/source_data_submitted/Source_Data_Fig3_search_space.csv (originally: derived: K/M ppm, K = tolerance x mass_limit_da of the stored window rows (H_artifact5_docs/precursor_accuracy_decidability.csv))",reused unchanged from the original figure build; grid point of the drawn curve
FigS2,a,separation curve point 185,separation_ppm,1.3765941705425477,"cysteine-detectability-audit/source_data_submitted/Source_Data_Fig3_search_space.csv (originally: derived: K/M ppm, K = tolerance x mass_limit_da of the stored window rows (H_artifact5_docs/precursor_accuracy_decidability.csv))","reused unchanged from the original figure build; K / mass_da, K = 10.0 x 1775.8064799998865 = 17758.064799998865 ppm x Da"
FigS2,a,separation curve point 186,mass_da,13000,"cysteine-detectability-audit/source_data_submitted/Source_Data_Fig3_search_space.csv (originally: derived: K/M ppm, K = tolerance x mass_limit_da of the stored window rows (H_artifact5_docs/precursor_accuracy_decidability.csv))",reused unchanged from the original figure build; grid point of the drawn curve
FigS2,a,separation curve point 186,separation_ppm,1.3660049846152973,"cysteine-detectability-audit/source_data_submitted/Source_Data_Fig3_search_space.csv (originally: derived: K/M ppm, K = tolerance x mass_limit_da of the stored window rows (H_artifact5_docs/precursor_accuracy_decidability.csv))","reused unchanged from the original figure build; K / mass_da, K = 10.0 x 1775.8064799998865 = 17758.064799998865 ppm x Da"
FigS2,a,2-SD mass range|Fig-1D,mass_limit_da,2122.9515110939724,cysteine-detectability-audit/source_data_submitted/Source_Data_Fig3_search_space.csv (originally: posthoc_2026-09-30/results/H_artifact5_docs/precursor_accuracy_decidability.csv),reused unchanged from the original figure build; accuracy: separation >= 4 SD (2 SD each side of the midpoint); PXD015307 re-search Fig-1D (n baseline PSMs 245); SD 2.0912 ppm
FigS2,a,2-SD mass range|Fig4-L_CTH_Cys,mass_limit_da,10862.530462441193,cysteine-detectability-audit/source_data_submitted/Source_Data_Fig3_search_space.csv (originally: posthoc_2026-09-30/results/H_artifact5_docs/precursor_accuracy_decidability.csv),reused unchanged from the original figure build; accuracy: separation >= 4 SD (2 SD each side of the midpoint); PXD015307 re-search Fig4-L_CTH_Cys (n baseline PSMs 14); SD 0.4087 ppm
FigS2,a,2-SD mass range|Fig4-L_NaHS,mass_limit_da,2181.2588807545403,cysteine-detectability-audit/source_data_submitted/Source_Data_Fig3_search_space.csv (originally: posthoc_2026-09-30/results/H_artifact5_docs/precursor_accuracy_decidability.csv),reused unchanged from the original figure build; accuracy: separation >= 4 SD (2 SD each side of the midpoint); PXD015307 re-search Fig4-L_NaHS (n baseline PSMs 18); SD 2.0353 ppm
FigS2,a,2-SD mass range|Fig4-L_control,mass_limit_da,7523.32858837437,cysteine-detectability-audit/source_data_submitted/Source_Data_Fig3_search_space.csv (originally: posthoc_2026-09-30/results/H_artifact5_docs/precursor_accuracy_decidability.csv),reused unchanged from the original figure build; accuracy: separation >= 4 SD (2 SD each side of the midpoint); PXD015307 re-search Fig4-L_control (n baseline PSMs 26); SD 0.5901 ppm
FigS2,a,2-SD mass range|Fig4-L_heat_inactive_CTH,mass_limit_da,4246.309134385189,cysteine-detectability-audit/source_data_submitted/Source_Data_Fig3_search_space.csv (originally: posthoc_2026-09-30/results/H_artifact5_docs/precursor_accuracy_decidability.csv),reused unchanged from the original figure build; accuracy: separation >= 4 SD (2 SD each side of the midpoint); PXD015307 re-search Fig4-L_heat_inactive_CTH (n baseline PSMs 18); SD 1.0455 ppm
FigS2,b,deposit PSMs|control,n_psms,0,cysteine-detectability-audit/source_data_submitted/Source_Data_Fig3_search_space.csv (originally: posthoc_2026-09-30/results/H_artifact5_docs/deposit_plus32_summary.json),reused unchanged from the original figure build; targeted_arms.control.n_psms (the control consensus file carries no PSM)
FigS2,b,deposit PSM 01|CTH_Cys|B chain|z=3|Nethylmaleimide,observed_ppm,2.8200269493414774,cysteine-detectability-audit/source_data_submitted/Source_Data_Fig3_search_space.csv (originally: results/search_space_mass_accuracy.csv),reused unchanged from the original figure build; the deposit's TargetPsms.DeltaMassInPPM (stored extraction); chain from the sequence (H_artifact5_docs/deposit_sulfide_psms_reassessed.csv); no sulfide
FigS2,b,deposit PSM 02|CTH_Cys|B chain|z=4|Nethylmaleimide,observed_ppm,4.3925271003949025,cysteine-detectability-audit/source_data_submitted/Source_Data_Fig3_search_space.csv (originally: results/search_space_mass_accuracy.csv),reused unchanged from the original figure build; the deposit's TargetPsms.DeltaMassInPPM (stored extraction); chain from the sequence (H_artifact5_docs/deposit_sulfide_psms_reassessed.csv); no sulfide
FigS2,b,deposit PSM 03|CTH_Cys|B chain|z=3|Nethylmaleimide,observed_ppm,4.512319976489981,cysteine-detectability-audit/source_data_submitted/Source_Data_Fig3_search_space.csv (originally: results/search_space_mass_accuracy.csv),reused unchanged from the original figure build; the deposit's TargetPsms.DeltaMassInPPM (stored extraction); chain from the sequence (H_artifact5_docs/deposit_sulfide_psms_reassessed.csv); no sulfide
FigS2,b,deposit PSM 04|CTH_Cys|B chain|z=4|Nethylmaleimide,observed_ppm,4.724349262580883,cysteine-detectability-audit/source_data_submitted/Source_Data_Fig3_search_space.csv (originally: results/search_space_mass_accuracy.csv),reused unchanged from the original figure build; the deposit's TargetPsms.DeltaMassInPPM (stored extraction); chain from the sequence (H_artifact5_docs/deposit_sulfide_psms_reassessed.csv); no sulfide
FigS2,b,deposit PSM 05|CTH_Cys|B chain|z=3|Nethylmaleimide,observed_ppm,6.204613003638484,cysteine-detectability-audit/source_data_submitted/Source_Data_Fig3_search_space.csv (originally: results/search_space_mass_accuracy.csv),reused unchanged from the original figure build; the deposit's TargetPsms.DeltaMassInPPM (stored extraction); chain from the sequence (H_artifact5_docs/deposit_sulfide_psms_reassessed.csv); no sulfide
FigS2,b,deposit PSM 06|CTH_Cys|B chain|z=5|Nethylmaleimide,observed_ppm,5.765933954136738,cysteine-detectability-audit/source_data_submitted/Source_Data_Fig3_search_space.csv (originally: results/search_space_mass_accuracy.csv),reused unchanged from the original figure build; the deposit's TargetPsms.DeltaMassInPPM (stored extraction); chain from the sequence (H_artifact5_docs/deposit_sulfide_psms_reassessed.csv); no sulfide
FigS2,b,deposit PSM 07|CTH_Cys|B chain|z=4|Nethylmaleimide,observed_ppm,5.321629154515649,cysteine-detectability-audit/source_data_submitted/Source_Data_Fig3_search_space.csv (originally: results/search_space_mass_accuracy.csv),reused unchanged from the original figure build; the deposit's TargetPsms.DeltaMassInPPM (stored extraction); chain from the sequence (H_artifact5_docs/deposit_sulfide_psms_reassessed.csv); no sulfide
FigS2,b,deposit PSM 08|CTH_Cys|B chain|z=5|Nethylmaleimide,observed_ppm,6.180711656869215,cysteine-detectability-audit/source_data_submitted/Source_Data_Fig3_search_space.csv (originally: results/search_space_mass_accuracy.csv),reused unchanged from the original figure build; the deposit's TargetPsms.DeltaMassInPPM (stored extraction); chain from the sequence (H_artifact5_docs/deposit_sulfide_psms_reassessed.csv); no sulfide
FigS2,b,deposit PSM 09|CTH_Cys|B chain|z=5|Nethylmaleimide,observed_ppm,5.765933954136738,cysteine-detectability-audit/source_data_submitted/Source_Data_Fig3_search_space.csv (originally: results/search_space_mass_accuracy.csv),reused unchanged from the original figure build; the deposit's TargetPsms.DeltaMassInPPM (stored extraction); chain from the sequence (H_artifact5_docs/deposit_sulfide_psms_reassessed.csv); no sulfide
FigS2,b,deposit PSM 10|CTH_Cys|B chain|z=4|Nethylmaleimide,observed_ppm,5.803824877115274,cysteine-detectability-audit/source_data_submitted/Source_Data_Fig3_search_space.csv (originally: results/search_space_mass_accuracy.csv),reused unchanged from the original figure build; the deposit's TargetPsms.DeltaMassInPPM (stored extraction); chain from the sequence (H_artifact5_docs/deposit_sulfide_psms_reassessed.csv); no sulfide
FigS2,b,deposit PSM 11|CTH_Cys|B chain|z=4|Nethylmaleimide,observed_ppm,6.284722354799146,cysteine-detectability-audit/source_data_submitted/Source_Data_Fig3_search_space.csv (originally: results/search_space_mass_accuracy.csv),reused unchanged from the original figure build; the deposit's TargetPsms.DeltaMassInPPM (stored extraction); chain from the sequence (H_artifact5_docs/deposit_sulfide_psms_reassessed.csv); no sulfide
FigS2,b,deposit PSM 12|CTH_Cys|B chain|z=4|Nethylmaleimide,observed_ppm,6.216022715130022,cysteine-detectability-audit/source_data_submitted/Source_Data_Fig3_search_space.csv (originally: results/search_space_mass_accuracy.csv),reused unchanged from the original figure build; the deposit's TargetPsms.DeltaMassInPPM (stored extraction); chain from the sequence (H_artifact5_docs/deposit_sulfide_psms_reassessed.csv); no sulfide
FigS2,b,deposit PSM 13|CTH_Cys|A chain|z=2|Nethylmaleimide;Sulfide,observed_ppm,-6.497743547370178,cysteine-detectability-audit/source_data_submitted/Source_Data_Fig3_search_space.csv (originally: results/search_space_mass_accuracy.csv),reused unchanged from the original figure build; the deposit's TargetPsms.DeltaMassInPPM (stored extraction); chain from the sequence (H_artifact5_docs/deposit_sulfide_psms_reassessed.csv); sulfide-assigned
FigS2,b,deposit PSM 14|CTH_Cys|A chain|z=2|Sulfide,observed_ppm,4.598372052546707,cysteine-detectability-audit/source_data_submitted/Source_Data_Fig3_search_space.csv (originally: results/search_space_mass_accuracy.csv),reused unchanged from the original figure build; the deposit's TargetPsms.DeltaMassInPPM (stored extraction); chain from the sequence (H_artifact5_docs/deposit_sulfide_psms_reassessed.csv); sulfide-assigned
FigS2,b,deposit PSM 15|NaHS|B chain|z=4|Nethylmaleimide;Sulfide,observed_ppm,4.41737649307104,cysteine-detectability-audit/source_data_submitted/Source_Data_Fig3_search_space.csv (originally: results/search_space_mass_accuracy.csv),reused unchanged from the original figure build; the deposit's TargetPsms.DeltaMassInPPM (stored extraction); chain from the sequence (H_artifact5_docs/deposit_sulfide_psms_reassessed.csv); sulfide-assigned
FigS2,b,deposit PSM 16|NaHS|B chain|z=4|Nethylmaleimide;Sulfide,observed_ppm,7.75364331130552,cysteine-detectability-audit/source_data_submitted/Source_Data_Fig3_search_space.csv (originally: results/search_space_mass_accuracy.csv),reused unchanged from the original figure build; the deposit's TargetPsms.DeltaMassInPPM (stored extraction); chain from the sequence (H_artifact5_docs/deposit_sulfide_psms_reassessed.csv); sulfide-assigned
FigS2,b,deposit PSM 17|NaHS|B chain|z=5|Nethylmaleimide,observed_ppm,5.9318450352297285,cysteine-detectability-audit/source_data_submitted/Source_Data_Fig3_search_space.csv (originally: results/search_space_mass_accuracy.csv),reused unchanged from the original figure build; the deposit's TargetPsms.DeltaMassInPPM (stored extraction); chain from the sequence (H_artifact5_docs/deposit_sulfide_psms_reassessed.csv); no sulfide
FigS2,b,deposit PSM 18|NaHS|B chain|z=4|Nethylmaleimide,observed_ppm,5.520722451827238,cysteine-detectability-audit/source_data_submitted/Source_Data_Fig3_search_space.csv (originally: results/search_space_mass_accuracy.csv),reused unchanged from the original figure build; the deposit's TargetPsms.DeltaMassInPPM (stored extraction); chain from the sequence (H_artifact5_docs/deposit_sulfide_psms_reassessed.csv); no sulfide
FigS2,b,deposit PSM 19|NaHS|B chain|z=5|Nethylmaleimide,observed_ppm,6.678444900148186,cysteine-detectability-audit/source_data_submitted/Source_Data_Fig3_search_space.csv (originally: results/search_space_mass_accuracy.csv),reused unchanged from the original figure build; the deposit's TargetPsms.DeltaMassInPPM (stored extraction); chain from the sequence (H_artifact5_docs/deposit_sulfide_psms_reassessed.csv); no sulfide
FigS2,b,deposit PSM 20|NaHS|B chain|z=4|Nethylmaleimide,observed_ppm,5.587086884264434,cysteine-detectability-audit/source_data_submitted/Source_Data_Fig3_search_space.csv (originally: results/search_space_mass_accuracy.csv),reused unchanged from the original figure build; the deposit's TargetPsms.DeltaMassInPPM (stored extraction); chain from the sequence (H_artifact5_docs/deposit_sulfide_psms_reassessed.csv); no sulfide
FigS2,b,deposit PSM 21|NaHS|B chain|z=5|Nethylmaleimide,observed_ppm,6.8443559812411765,cysteine-detectability-audit/source_data_submitted/Source_Data_Fig3_search_space.csv (originally: results/search_space_mass_accuracy.csv),reused unchanged from the original figure build; the deposit's TargetPsms.DeltaMassInPPM (stored extraction); chain from the sequence (H_artifact5_docs/deposit_sulfide_psms_reassessed.csv); no sulfide
FigS2,b,deposit PSM 22|NaHS|B chain|z=3|Nethylmaleimide,observed_ppm,7.299626138852222,cysteine-detectability-audit/source_data_submitted/Source_Data_Fig3_search_space.csv (originally: results/search_space_mass_accuracy.csv),reused unchanged from the original figure build; the deposit's TargetPsms.DeltaMassInPPM (stored extraction); chain from the sequence (H_artifact5_docs/deposit_sulfide_psms_reassessed.csv); no sulfide
FigS2,b,deposit PSM 23|NaHS|B chain|z=4|Nethylmaleimide,observed_ppm,5.852544614013219,cysteine-detectability-audit/source_data_submitted/Source_Data_Fig3_search_space.csv (originally: results/search_space_mass_accuracy.csv),reused unchanged from the original figure build; the deposit's TargetPsms.DeltaMassInPPM (stored extraction); chain from the sequence (H_artifact5_docs/deposit_sulfide_psms_reassessed.csv); no sulfide
FigS2,b,deposit PSM 24|NaHS|B chain|z=3|Nethylmaleimide,observed_ppm,5.40823981439213,cysteine-detectability-audit/source_data_submitted/Source_Data_Fig3_search_space.csv (originally: results/search_space_mass_accuracy.csv),reused unchanged from the original figure build; the deposit's TargetPsms.DeltaMassInPPM (stored extraction); chain from the sequence (H_artifact5_docs/deposit_sulfide_psms_reassessed.csv); no sulfide
FigS2,b,deposit PSM 25|NaHS|B chain|z=3|Nethylmaleimide,observed_ppm,5.607333111703719,cysteine-detectability-audit/source_data_submitted/Source_Data_Fig3_search_space.csv (originally: results/search_space_mass_accuracy.csv),reused unchanged from the original figure build; the deposit's TargetPsms.DeltaMassInPPM (stored extraction); chain from the sequence (H_artifact5_docs/deposit_sulfide_psms_reassessed.csv); no sulfide
FigS2,b,deposit PSM 26|NaHS|B chain|z=4|Nethylmaleimide,observed_ppm,3.399337488695915,cysteine-detectability-audit/source_data_submitted/Source_Data_Fig3_search_space.csv (originally: results/search_space_mass_accuracy.csv),reused unchanged from the original figure build; the deposit's TargetPsms.DeltaMassInPPM (stored extraction); chain from the sequence (H_artifact5_docs/deposit_sulfide_psms_reassessed.csv); no sulfide
FigS2,b,deposit PSM 27|NaHS|B chain|z=4|Nethylmaleimide,observed_ppm,4.498531723401908,cysteine-detectability-audit/source_data_submitted/Source_Data_Fig3_search_space.csv (originally: results/search_space_mass_accuracy.csv),reused unchanged from the original figure build; the deposit's TargetPsms.DeltaMassInPPM (stored extraction); chain from the sequence (H_artifact5_docs/deposit_sulfide_psms_reassessed.csv); no sulfide
FigS2,b,deposit PSM 28|NaHS|B chain|z=4|Nethylmaleimide,observed_ppm,4.704630642409281,cysteine-detectability-audit/source_data_submitted/Source_Data_Fig3_search_space.csv (originally: results/search_space_mass_accuracy.csv),reused unchanged from the original figure build; the deposit's TargetPsms.DeltaMassInPPM (stored extraction); chain from the sequence (H_artifact5_docs/deposit_sulfide_psms_reassessed.csv); no sulfide
FigS2,b,deposit PSM 29|NaHS|B chain|z=5|Nethylmaleimide,observed_ppm,8.171644629985101,cysteine-detectability-audit/source_data_submitted/Source_Data_Fig3_search_space.csv (originally: results/search_space_mass_accuracy.csv),reused unchanged from the original figure build; the deposit's TargetPsms.DeltaMassInPPM (stored extraction); chain from the sequence (H_artifact5_docs/deposit_sulfide_psms_reassessed.csv); no sulfide
FigS2,b,deposit PSM 30|NaHS|B chain|z=4|Nethylmaleimide,observed_ppm,1.0079410460978946,cysteine-detectability-audit/source_data_submitted/Source_Data_Fig3_search_space.csv (originally: results/search_space_mass_accuracy.csv),reused unchanged from the original figure build; the deposit's TargetPsms.DeltaMassInPPM (stored extraction); chain from the sequence (H_artifact5_docs/deposit_sulfide_psms_reassessed.csv); no sulfide
FigS2,b,deposit PSM 31|NaHS|B chain|z=4|Nethylmaleimide,observed_ppm,3.795247208460136,cysteine-detectability-audit/source_data_submitted/Source_Data_Fig3_search_space.csv (originally: results/search_space_mass_accuracy.csv),reused unchanged from the original figure build; the deposit's TargetPsms.DeltaMassInPPM (stored extraction); chain from the sequence (H_artifact5_docs/deposit_sulfide_psms_reassessed.csv); no sulfide
FigS2,b,deposit PSM 32|NaHS|B chain|z=5|Nethylmaleimide,observed_ppm,5.600022873043748,cysteine-detectability-audit/source_data_submitted/Source_Data_Fig3_search_space.csv (originally: results/search_space_mass_accuracy.csv),reused unchanged from the original figure build; the deposit's TargetPsms.DeltaMassInPPM (stored extraction); chain from the sequence (H_artifact5_docs/deposit_sulfide_psms_reassessed.csv); no sulfide
FigS2,b,deposit PSM 33|NaHS|B chain|z=5|Nethylmaleimide,observed_ppm,6.097756116322719,cysteine-detectability-audit/source_data_submitted/Source_Data_Fig3_search_space.csv (originally: results/search_space_mass_accuracy.csv),reused unchanged from the original figure build; the deposit's TargetPsms.DeltaMassInPPM (stored extraction); chain from the sequence (H_artifact5_docs/deposit_sulfide_psms_reassessed.csv); no sulfide
FigS2,b,deposit PSM 34|NaHS|B chain|z=4|Nethylmaleimide,observed_ppm,3.5961539111485474,cysteine-detectability-audit/source_data_submitted/Source_Data_Fig3_search_space.csv (originally: results/search_space_mass_accuracy.csv),reused unchanged from the original figure build; the deposit's TargetPsms.DeltaMassInPPM (stored extraction); chain from the sequence (H_artifact5_docs/deposit_sulfide_psms_reassessed.csv); no sulfide
FigS2,b,deposit PSM 35|NaHS|A chain|z=3|Nethylmaleimide,observed_ppm,-0.37993296490518536,cysteine-detectability-audit/source_data_submitted/Source_Data_Fig3_search_space.csv (originally: results/search_space_mass_accuracy.csv),reused unchanged from the original figure build; the deposit's TargetPsms.DeltaMassInPPM (stored extraction); chain from the sequence (H_artifact5_docs/deposit_sulfide_psms_reassessed.csv); no sulfide
FigS2,b,deposit PSM 36|NaHS|A chain|z=3|Nethylmaleimide,observed_ppm,-1.4230301729922967,cysteine-detectability-audit/source_data_submitted/Source_Data_Fig3_search_space.csv (originally: results/search_space_mass_accuracy.csv),reused unchanged from the original figure build; the deposit's TargetPsms.DeltaMassInPPM (stored extraction); chain from the sequence (H_artifact5_docs/deposit_sulfide_psms_reassessed.csv); no sulfide
FigS2,b,deposit PSM 37|NaHS|B chain|z=5|Nethylmaleimide,observed_ppm,2.8624900350094036,cysteine-detectability-audit/source_data_submitted/Source_Data_Fig3_search_space.csv (originally: results/search_space_mass_accuracy.csv),reused unchanged from the original figure build; the deposit's TargetPsms.DeltaMassInPPM (stored extraction); chain from the sequence (H_artifact5_docs/deposit_sulfide_psms_reassessed.csv); no sulfide
FigS2,b,deposit PSM 38|NaHS|B chain|z=5|Nethylmaleimide,observed_ppm,4.189778683753328,cysteine-detectability-audit/source_data_submitted/Source_Data_Fig3_search_space.csv (originally: results/search_space_mass_accuracy.csv),reused unchanged from the original figure build; the deposit's TargetPsms.DeltaMassInPPM (stored extraction); chain from the sequence (H_artifact5_docs/deposit_sulfide_psms_reassessed.csv); no sulfide
FigS2,b,deposit PSM 39|NaHS|B chain|z=4|Nethylmaleimide,observed_ppm,3.8616116408973324,cysteine-detectability-audit/source_data_submitted/Source_Data_Fig3_search_space.csv (originally: results/search_space_mass_accuracy.csv),reused unchanged from the original figure build; the deposit's TargetPsms.DeltaMassInPPM (stored extraction); chain from the sequence (H_artifact5_docs/deposit_sulfide_psms_reassessed.csv); no sulfide
FigS2,b,deposit PSM 40|NaHS|B chain|z=4|Nethylmaleimide,observed_ppm,2.202500829967427,cysteine-detectability-audit/source_data_submitted/Source_Data_Fig3_search_space.csv (originally: results/search_space_mass_accuracy.csv),reused unchanged from the original figure build; the deposit's TargetPsms.DeltaMassInPPM (stored extraction); chain from the sequence (H_artifact5_docs/deposit_sulfide_psms_reassessed.csv); no sulfide
FigS2,b,deposit PSM 41|NaHS|B chain|z=5|Nethylmaleimide,observed_ppm,4.521600845939309,cysteine-detectability-audit/source_data_submitted/Source_Data_Fig3_search_space.csv (originally: results/search_space_mass_accuracy.csv),reused unchanged from the original figure build; the deposit's TargetPsms.DeltaMassInPPM (stored extraction); chain from the sequence (H_artifact5_docs/deposit_sulfide_psms_reassessed.csv); no sulfide
FigS2,b,deposit PSM 42|NaHS|B chain|z=5|Nethylmaleimide,observed_ppm,3.028401116102394,cysteine-detectability-audit/source_data_submitted/Source_Data_Fig3_search_space.csv (originally: results/search_space_mass_accuracy.csv),reused unchanged from the original figure build; the deposit's TargetPsms.DeltaMassInPPM (stored extraction); chain from the sequence (H_artifact5_docs/deposit_sulfide_psms_reassessed.csv); no sulfide
FigS2,b,deposit PSM 43|NaHS|B chain|z=4|Nethylmaleimide,observed_ppm,5.587086884264434,cysteine-detectability-audit/source_data_submitted/Source_Data_Fig3_search_space.csv (originally: results/search_space_mass_accuracy.csv),reused unchanged from the original figure build; the deposit's TargetPsms.DeltaMassInPPM (stored extraction); chain from the sequence (H_artifact5_docs/deposit_sulfide_psms_reassessed.csv); no sulfide
FigS2,b,deposit PSM 44|NaHS|B chain|z=5|Nethylmaleimide,observed_ppm,3.7750009810208516,cysteine-detectability-audit/source_data_submitted/Source_Data_Fig3_search_space.csv (originally: results/search_space_mass_accuracy.csv),reused unchanged from the original figure build; the deposit's TargetPsms.DeltaMassInPPM (stored extraction); chain from the sequence (H_artifact5_docs/deposit_sulfide_psms_reassessed.csv); no sulfide
FigS2,b,deposit PSM 45|heat_inactive_CTH|B chain|z=4|Nethylmaleimide,observed_ppm,5.056171424766864,cysteine-detectability-audit/source_data_submitted/Source_Data_Fig3_search_space.csv (originally: results/search_space_mass_accuracy.csv),reused unchanged from the original figure build; the deposit's TargetPsms.DeltaMassInPPM (stored extraction); chain from the sequence (H_artifact5_docs/deposit_sulfide_psms_reassessed.csv); no sulfide
FigS2,b,deposit PSM 46|heat_inactive_CTH|B chain|z=5|Nethylmaleimide,observed_ppm,7.7568669272526245,cysteine-detectability-audit/source_data_submitted/Source_Data_Fig3_search_space.csv (originally: results/search_space_mass_accuracy.csv),reused unchanged from the original figure build; the deposit's TargetPsms.DeltaMassInPPM (stored extraction); chain from the sequence (H_artifact5_docs/deposit_sulfide_psms_reassessed.csv); no sulfide
FigS2,b,deposit PSM 47|heat_inactive_CTH|B chain|z=4|Nethylmaleimide,observed_ppm,6.516188938385181,cysteine-detectability-audit/source_data_submitted/Source_Data_Fig3_search_space.csv (originally: results/search_space_mass_accuracy.csv),reused unchanged from the original figure build; the deposit's TargetPsms.DeltaMassInPPM (stored extraction); chain from the sequence (H_artifact5_docs/deposit_sulfide_psms_reassessed.csv); no sulfide
FigS2,b,deposit PSM 48|heat_inactive_CTH|B chain|z=5|Nethylmaleimide,observed_ppm,5.600022873043748,cysteine-detectability-audit/source_data_submitted/Source_Data_Fig3_search_space.csv (originally: results/search_space_mass_accuracy.csv),reused unchanged from the original figure build; the deposit's TargetPsms.DeltaMassInPPM (stored extraction); chain from the sequence (H_artifact5_docs/deposit_sulfide_psms_reassessed.csv); no sulfide
FigS2,b,deposit PSM 49|heat_inactive_CTH|B chain|z=4|Nethylmaleimide,observed_ppm,5.122535857204061,cysteine-detectability-audit/source_data_submitted/Source_Data_Fig3_search_space.csv (originally: results/search_space_mass_accuracy.csv),reused unchanged from the original figure build; the deposit's TargetPsms.DeltaMassInPPM (stored extraction); chain from the sequence (H_artifact5_docs/deposit_sulfide_psms_reassessed.csv); no sulfide
FigS2,b,deposit PSM 50|heat_inactive_CTH|B chain|z=5|Nethylmaleimide,observed_ppm,5.351156251404261,cysteine-detectability-audit/source_data_submitted/Source_Data_Fig3_search_space.csv (originally: results/search_space_mass_accuracy.csv),reused unchanged from the original figure build; the deposit's TargetPsms.DeltaMassInPPM (stored extraction); chain from the sequence (H_artifact5_docs/deposit_sulfide_psms_reassessed.csv); no sulfide
FigS2,b,deposit PSM 51|heat_inactive_CTH|B chain|z=3|Nethylmaleimide,observed_ppm,5.2091465170805415,cysteine-detectability-audit/source_data_submitted/Source_Data_Fig3_search_space.csv (originally: results/search_space_mass_accuracy.csv),reused unchanged from the original figure build; the deposit's TargetPsms.DeltaMassInPPM (stored extraction); chain from the sequence (H_artifact5_docs/deposit_sulfide_psms_reassessed.csv); no sulfide
FigS2,b,deposit PSM 52|heat_inactive_CTH|B chain|z=3|Nethylmaleimide,observed_ppm,6.5032529496058675,cysteine-detectability-audit/source_data_submitted/Source_Data_Fig3_search_space.csv (originally: results/search_space_mass_accuracy.csv),reused unchanged from the original figure build; the deposit's TargetPsms.DeltaMassInPPM (stored extraction); chain from the sequence (H_artifact5_docs/deposit_sulfide_psms_reassessed.csv); no sulfide
FigS2,b,deposit PSM 53|heat_inactive_CTH|B chain|z=3|Nethylmaleimide,observed_ppm,6.304159652294279,cysteine-detectability-audit/source_data_submitted/Source_Data_Fig3_search_space.csv (originally: results/search_space_mass_accuracy.csv),reused unchanged from the original figure build; the deposit's TargetPsms.DeltaMassInPPM (stored extraction); chain from the sequence (H_artifact5_docs/deposit_sulfide_psms_reassessed.csv); no sulfide
FigS2,b,sulfide PSM|CTH_Cys|A chain|z=2|Nethylmaleimide;Sulfide|-6.497743547370178|baseline D1,observed_ppm,-6.497743547370178,cysteine-detectability-audit/source_data_submitted/Source_Data_Fig3_search_space.csv (originally: posthoc_2026-09-30/results/H_artifact5_docs/deposit_sulfide_psms_baseline_sensitivity.csv),"reused unchanged from the original figure build; D1 file, all non-sulfide PSMs (median, SD); baseline PSMs A 0 / B 12; spread from: SD of the same PSMs"
FigS2,b,sulfide PSM|CTH_Cys|A chain|z=2|Nethylmaleimide;Sulfide|-6.497743547370178|baseline D1,n_baseline_psms,12,cysteine-detectability-audit/source_data_submitted/Source_Data_Fig3_search_space.csv (originally: posthoc_2026-09-30/results/H_artifact5_docs/deposit_sulfide_psms_baseline_sensitivity.csv),"reused unchanged from the original figure build; D1 file, all non-sulfide PSMs (median, SD); baseline PSMs A 0 / B 12; spread from: SD of the same PSMs"
FigS2,b,sulfide PSM|CTH_Cys|A chain|z=2|Nethylmaleimide;Sulfide|-6.497743547370178|baseline D1,centre_ppm,5.765933954136738,cysteine-detectability-audit/source_data_submitted/Source_Data_Fig3_search_space.csv (originally: posthoc_2026-09-30/results/H_artifact5_docs/deposit_sulfide_psms_baseline_sensitivity.csv),"reused unchanged from the original figure build; D1 file, all non-sulfide PSMs (median, SD); baseline PSMs A 0 / B 12; spread from: SD of the same PSMs"
FigS2,b,sulfide PSM|CTH_Cys|A chain|z=2|Nethylmaleimide;Sulfide|-6.497743547370178|baseline D1,expected_ppm_if_dioxidised_but_reported_as_sulfide,12.759933954136738,cysteine-detectability-audit/source_data_submitted/Source_Data_Fig3_search_space.csv (originally: posthoc_2026-09-30/results/H_artifact5_docs/deposit_sulfide_psms_baseline_sensitivity.csv),"reused unchanged from the original figure build; D1 file, all non-sulfide PSMs (median, SD); baseline PSMs A 0 / B 12; spread from: SD of the same PSMs"
FigS2,b,sulfide PSM|CTH_Cys|A chain|z=2|Nethylmaleimide;Sulfide|-6.497743547370178|baseline D1,z_if_sulfide,-11.7396251872847,cysteine-detectability-audit/source_data_submitted/Source_Data_Fig3_search_space.csv (originally: posthoc_2026-09-30/results/H_artifact5_docs/deposit_sulfide_psms_baseline_sensitivity.csv),"reused unchanged from the original figure build; D1 file, all non-sulfide PSMs (median, SD); baseline PSMs A 0 / B 12; spread from: SD of the same PSMs"
FigS2,b,sulfide PSM|CTH_Cys|A chain|z=2|Nethylmaleimide;Sulfide|-6.497743547370178|baseline D1,z_if_dioxidation,-18.434757096108967,cysteine-detectability-audit/source_data_submitted/Source_Data_Fig3_search_space.csv (originally: posthoc_2026-09-30/results/H_artifact5_docs/deposit_sulfide_psms_baseline_sensitivity.csv),"reused unchanged from the original figure build; D1 file, all non-sulfide PSMs (median, SD); baseline PSMs A 0 / B 12; spread from: SD of the same PSMs"
FigS2,b,sulfide PSM|CTH_Cys|A chain|z=2|Nethylmaleimide;Sulfide|-6.497743547370178|baseline D1,reading,neither,cysteine-detectability-audit/source_data_submitted/Source_Data_Fig3_search_space.csv (originally: posthoc_2026-09-30/results/H_artifact5_docs/deposit_sulfide_psms_baseline_sensitivity.csv),"reused unchanged from the original figure build; D1 file, all non-sulfide PSMs (median, SD); baseline PSMs A 0 / B 12; spread from: SD of the same PSMs"
FigS2,b,sulfide PSM|CTH_Cys|A chain|z=2|Nethylmaleimide;Sulfide|-6.497743547370178|baseline D6b,observed_ppm,-6.497743547370178,cysteine-detectability-audit/source_data_submitted/Source_Data_Fig3_search_space.csv (originally: posthoc_2026-09-30/results/H_artifact5_docs/deposit_sulfide_psms_baseline_sensitivity.csv),"reused unchanged from the original figure build; D6b four files, same chain (file SD as stand-in); baseline PSMs A 2 / B 0; spread from: SD of all non-sulfide PSMs of the file"
FigS2,b,sulfide PSM|CTH_Cys|A chain|z=2|Nethylmaleimide;Sulfide|-6.497743547370178|baseline D6b,n_baseline_psms,2,cysteine-detectability-audit/source_data_submitted/Source_Data_Fig3_search_space.csv (originally: posthoc_2026-09-30/results/H_artifact5_docs/deposit_sulfide_psms_baseline_sensitivity.csv),"reused unchanged from the original figure build; D6b four files, same chain (file SD as stand-in); baseline PSMs A 2 / B 0; spread from: SD of all non-sulfide PSMs of the file"
FigS2,b,sulfide PSM|CTH_Cys|A chain|z=2|Nethylmaleimide;Sulfide|-6.497743547370178|baseline D6b,centre_ppm,-0.901481568948741,cysteine-detectability-audit/source_data_submitted/Source_Data_Fig3_search_space.csv (originally: posthoc_2026-09-30/results/H_artifact5_docs/deposit_sulfide_psms_baseline_sensitivity.csv),"reused unchanged from the original figure build; D6b four files, same chain (file SD as stand-in); baseline PSMs A 2 / B 0; spread from: SD of all non-sulfide PSMs of the file"
FigS2,b,sulfide PSM|CTH_Cys|A chain|z=2|Nethylmaleimide;Sulfide|-6.497743547370178|baseline D6b,expected_ppm_if_dioxidised_but_reported_as_sulfide,6.092518431051259,cysteine-detectability-audit/source_data_submitted/Source_Data_Fig3_search_space.csv (originally: posthoc_2026-09-30/results/H_artifact5_docs/deposit_sulfide_psms_baseline_sensitivity.csv),"reused unchanged from the original figure build; D6b four files, same chain (file SD as stand-in); baseline PSMs A 2 / B 0; spread from: SD of all non-sulfide PSMs of the file"
FigS2,b,sulfide PSM|CTH_Cys|A chain|z=2|Nethylmaleimide;Sulfide|-6.497743547370178|baseline D6b,z_if_sulfide,-5.357122124945579,cysteine-detectability-audit/source_data_submitted/Source_Data_Fig3_search_space.csv (originally: posthoc_2026-09-30/results/H_artifact5_docs/deposit_sulfide_psms_baseline_sensitivity.csv),"reused unchanged from the original figure build; D6b four files, same chain (file SD as stand-in); baseline PSMs A 2 / B 0; spread from: SD of all non-sulfide PSMs of the file"
FigS2,b,sulfide PSM|CTH_Cys|A chain|z=2|Nethylmaleimide;Sulfide|-6.497743547370178|baseline D6b,z_if_dioxidation,-12.052254033769845,cysteine-detectability-audit/source_data_submitted/Source_Data_Fig3_search_space.csv (originally: posthoc_2026-09-30/results/H_artifact5_docs/deposit_sulfide_psms_baseline_sensitivity.csv),"reused unchanged from the original figure build; D6b four files, same chain (file SD as stand-in); baseline PSMs A 2 / B 0; spread from: SD of all non-sulfide PSMs of the file"
FigS2,b,sulfide PSM|CTH_Cys|A chain|z=2|Nethylmaleimide;Sulfide|-6.497743547370178|baseline D6b,reading,neither,cysteine-detectability-audit/source_data_submitted/Source_Data_Fig3_search_space.csv (originally: posthoc_2026-09-30/results/H_artifact5_docs/deposit_sulfide_psms_baseline_sensitivity.csv),"reused unchanged from the original figure build; D6b four files, same chain (file SD as stand-in); baseline PSMs A 2 / B 0; spread from: SD of all non-sulfide PSMs of the file"
FigS2,b,sulfide PSM|CTH_Cys|A chain|z=2|Sulfide|4.598372052546707|baseline D1,observed_ppm,4.598372052546707,cysteine-detectability-audit/source_data_submitted/Source_Data_Fig3_search_space.csv (originally: posthoc_2026-09-30/results/H_artifact5_docs/deposit_sulfide_psms_baseline_sensitivity.csv),"reused unchanged from the original figure build; D1 file, all non-sulfide PSMs (median, SD); baseline PSMs A 0 / B 12; spread from: SD of the same PSMs"
FigS2,b,sulfide PSM|CTH_Cys|A chain|z=2|Sulfide|4.598372052546707|baseline D1,n_baseline_psms,12,cysteine-detectability-audit/source_data_submitted/Source_Data_Fig3_search_space.csv (originally: posthoc_2026-09-30/results/H_artifact5_docs/deposit_sulfide_psms_baseline_sensitivity.csv),"reused unchanged from the original figure build; D1 file, all non-sulfide PSMs (median, SD); baseline PSMs A 0 / B 12; spread from: SD of the same PSMs"
FigS2,b,sulfide PSM|CTH_Cys|A chain|z=2|Sulfide|4.598372052546707|baseline D1,centre_ppm,5.765933954136738,cysteine-detectability-audit/source_data_submitted/Source_Data_Fig3_search_space.csv (originally: posthoc_2026-09-30/results/H_artifact5_docs/deposit_sulfide_psms_baseline_sensitivity.csv),"reused unchanged from the original figure build; D1 file, all non-sulfide PSMs (median, SD); baseline PSMs A 0 / B 12; spread from: SD of the same PSMs"
FigS2,b,sulfide PSM|CTH_Cys|A chain|z=2|Sulfide|4.598372052546707|baseline D1,expected_ppm_if_dioxidised_but_reported_as_sulfide,12.759933954136738,cysteine-detectability-audit/source_data_submitted/Source_Data_Fig3_search_space.csv (originally: posthoc_2026-09-30/results/H_artifact5_docs/deposit_sulfide_psms_baseline_sensitivity.csv),"reused unchanged from the original figure build; D1 file, all non-sulfide PSMs (median, SD); baseline PSMs A 0 / B 12; spread from: SD of the same PSMs"
FigS2,b,sulfide PSM|CTH_Cys|A chain|z=2|Sulfide|4.598372052546707|baseline D1,z_if_sulfide,-1.1176695657510658,cysteine-detectability-audit/source_data_submitted/Source_Data_Fig3_search_space.csv (originally: posthoc_2026-09-30/results/H_artifact5_docs/deposit_sulfide_psms_baseline_sensitivity.csv),"reused unchanged from the original figure build; D1 file, all non-sulfide PSMs (median, SD); baseline PSMs A 0 / B 12; spread from: SD of the same PSMs"
FigS2,b,sulfide PSM|CTH_Cys|A chain|z=2|Sulfide|4.598372052546707|baseline D1,z_if_dioxidation,-7.8128014745753305,cysteine-detectability-audit/source_data_submitted/Source_Data_Fig3_search_space.csv (originally: posthoc_2026-09-30/results/H_artifact5_docs/deposit_sulfide_psms_baseline_sensitivity.csv),"reused unchanged from the original figure build; D1 file, all non-sulfide PSMs (median, SD); baseline PSMs A 0 / B 12; spread from: SD of the same PSMs"
FigS2,b,sulfide PSM|CTH_Cys|A chain|z=2|Sulfide|4.598372052546707|baseline D1,reading,sulfide only,cysteine-detectability-audit/source_data_submitted/Source_Data_Fig3_search_space.csv (originally: posthoc_2026-09-30/results/H_artifact5_docs/deposit_sulfide_psms_baseline_sensitivity.csv),"reused unchanged from the original figure build; D1 file, all non-sulfide PSMs (median, SD); baseline PSMs A 0 / B 12; spread from: SD of the same PSMs"
FigS2,b,sulfide PSM|CTH_Cys|A chain|z=2|Sulfide|4.598372052546707|baseline D6b,observed_ppm,4.598372052546707,cysteine-detectability-audit/source_data_submitted/Source_Data_Fig3_search_space.csv (originally: posthoc_2026-09-30/results/H_artifact5_docs/deposit_sulfide_psms_baseline_sensitivity.csv),"reused unchanged from the original figure build; D6b four files, same chain (file SD as stand-in); baseline PSMs A 2 / B 0; spread from: SD of all non-sulfide PSMs of the file"
FigS2,b,sulfide PSM|CTH_Cys|A chain|z=2|Sulfide|4.598372052546707|baseline D6b,n_baseline_psms,2,cysteine-detectability-audit/source_data_submitted/Source_Data_Fig3_search_space.csv (originally: posthoc_2026-09-30/results/H_artifact5_docs/deposit_sulfide_psms_baseline_sensitivity.csv),"reused unchanged from the original figure build; D6b four files, same chain (file SD as stand-in); baseline PSMs A 2 / B 0; spread from: SD of all non-sulfide PSMs of the file"
FigS2,b,sulfide PSM|CTH_Cys|A chain|z=2|Sulfide|4.598372052546707|baseline D6b,centre_ppm,-0.901481568948741,cysteine-detectability-audit/source_data_submitted/Source_Data_Fig3_search_space.csv (originally: posthoc_2026-09-30/results/H_artifact5_docs/deposit_sulfide_psms_baseline_sensitivity.csv),"reused unchanged from the original figure build; D6b four files, same chain (file SD as stand-in); baseline PSMs A 2 / B 0; spread from: SD of all non-sulfide PSMs of the file"
FigS2,b,sulfide PSM|CTH_Cys|A chain|z=2|Sulfide|4.598372052546707|baseline D6b,expected_ppm_if_dioxidised_but_reported_as_sulfide,6.092518431051259,cysteine-detectability-audit/source_data_submitted/Source_Data_Fig3_search_space.csv (originally: posthoc_2026-09-30/results/H_artifact5_docs/deposit_sulfide_psms_baseline_sensitivity.csv),"reused unchanged from the original figure build; D6b four files, same chain (file SD as stand-in); baseline PSMs A 2 / B 0; spread from: SD of all non-sulfide PSMs of the file"
FigS2,b,sulfide PSM|CTH_Cys|A chain|z=2|Sulfide|4.598372052546707|baseline D6b,z_if_sulfide,5.264833496588056,cysteine-detectability-audit/source_data_submitted/Source_Data_Fig3_search_space.csv (originally: posthoc_2026-09-30/results/H_artifact5_docs/deposit_sulfide_psms_baseline_sensitivity.csv),"reused unchanged from the original figure build; D6b four files, same chain (file SD as stand-in); baseline PSMs A 2 / B 0; spread from: SD of all non-sulfide PSMs of the file"
FigS2,b,sulfide PSM|CTH_Cys|A chain|z=2|Sulfide|4.598372052546707|baseline D6b,z_if_dioxidation,-1.4302984122362088,cysteine-detectability-audit/source_data_submitted/Source_Data_Fig3_search_space.csv (originally: posthoc_2026-09-30/results/H_artifact5_docs/deposit_sulfide_psms_baseline_sensitivity.csv),"reused unchanged from the original figure build; D6b four files, same chain (file SD as stand-in); baseline PSMs A 2 / B 0; spread from: SD of all non-sulfide PSMs of the file"
FigS2,b,sulfide PSM|CTH_Cys|A chain|z=2|Sulfide|4.598372052546707|baseline D6b,reading,dioxidation only,cysteine-detectability-audit/source_data_submitted/Source_Data_Fig3_search_space.csv (originally: posthoc_2026-09-30/results/H_artifact5_docs/deposit_sulfide_psms_baseline_sensitivity.csv),"reused unchanged from the original figure build; D6b four files, same chain (file SD as stand-in); baseline PSMs A 2 / B 0; spread from: SD of all non-sulfide PSMs of the file"
FigS2,b,sulfide PSM|NaHS|B chain|z=4|Nethylmaleimide;Sulfide|4.41737649307104|baseline D6a,observed_ppm,4.41737649307104,cysteine-detectability-audit/source_data_submitted/Source_Data_Fig3_search_space.csv (originally: posthoc_2026-09-30/results/H_artifact5_docs/deposit_sulfide_psms_baseline_sensitivity.csv),"reused unchanged from the original figure build; D6a four files, same chain (SD of those PSMs); baseline PSMs A 0 / B 47; spread from: SD of the same PSMs"
FigS2,b,sulfide PSM|NaHS|B chain|z=4|Nethylmaleimide;Sulfide|4.41737649307104|baseline D6a,n_baseline_psms,47,cysteine-detectability-audit/source_data_submitted/Source_Data_Fig3_search_space.csv (originally: posthoc_2026-09-30/results/H_artifact5_docs/deposit_sulfide_psms_baseline_sensitivity.csv),"reused unchanged from the original figure build; D6a four files, same chain (SD of those PSMs); baseline PSMs A 0 / B 47; spread from: SD of the same PSMs"
FigS2,b,sulfide PSM|NaHS|B chain|z=4|Nethylmaleimide;Sulfide|4.41737649307104|baseline D6a,centre_ppm,5.520722451827238,cysteine-detectability-audit/source_data_submitted/Source_Data_Fig3_search_space.csv (originally: posthoc_2026-09-30/results/H_artifact5_docs/deposit_sulfide_psms_baseline_sensitivity.csv),"reused unchanged from the original figure build; D6a four files, same chain (SD of those PSMs); baseline PSMs A 0 / B 47; spread from: SD of the same PSMs"
FigS2,b,sulfide PSM|NaHS|B chain|z=4|Nethylmaleimide;Sulfide|4.41737649307104|baseline D6a,expected_ppm_if_dioxidised_but_reported_as_sulfide,10.474722451827237,cysteine-detectability-audit/source_data_submitted/Source_Data_Fig3_search_space.csv (originally: posthoc_2026-09-30/results/H_artifact5_docs/deposit_sulfide_psms_baseline_sensitivity.csv),"reused unchanged from the original figure build; D6a four files, same chain (SD of those PSMs); baseline PSMs A 0 / B 47; spread from: SD of the same PSMs"
FigS2,b,sulfide PSM|NaHS|B chain|z=4|Nethylmaleimide;Sulfide|4.41737649307104|baseline D6a,z_if_sulfide,-0.7685442951944083,cysteine-detectability-audit/source_data_submitted/Source_Data_Fig3_search_space.csv (originally: posthoc_2026-09-30/results/H_artifact5_docs/deposit_sulfide_psms_baseline_sensitivity.csv),"reused unchanged from the original figure build; D6a four files, same chain (SD of those PSMs); baseline PSMs A 0 / B 47; spread from: SD of the same PSMs"
FigS2,b,sulfide PSM|NaHS|B chain|z=4|Nethylmaleimide;Sulfide|4.41737649307104|baseline D6a,z_if_dioxidation,-4.219291912637214,cysteine-detectability-audit/source_data_submitted/Source_Data_Fig3_search_space.csv (originally: posthoc_2026-09-30/results/H_artifact5_docs/deposit_sulfide_psms_baseline_sensitivity.csv),"reused unchanged from the original figure build; D6a four files, same chain (SD of those PSMs); baseline PSMs A 0 / B 47; spread from: SD of the same PSMs"
FigS2,b,sulfide PSM|NaHS|B chain|z=4|Nethylmaleimide;Sulfide|4.41737649307104|baseline D6a,reading,sulfide only,cysteine-detectability-audit/source_data_submitted/Source_Data_Fig3_search_space.csv (originally: posthoc_2026-09-30/results/H_artifact5_docs/deposit_sulfide_psms_baseline_sensitivity.csv),"reused unchanged from the original figure build; D6a four files, same chain (SD of those PSMs); baseline PSMs A 0 / B 47; spread from: SD of the same PSMs"
FigS2,b,sulfide PSM|NaHS|B chain|z=4|Nethylmaleimide;Sulfide|7.75364331130552|baseline D6a,observed_ppm,7.75364331130552,cysteine-detectability-audit/source_data_submitted/Source_Data_Fig3_search_space.csv (originally: posthoc_2026-09-30/results/H_artifact5_docs/deposit_sulfide_psms_baseline_sensitivity.csv),"reused unchanged from the original figure build; D6a four files, same chain (SD of those PSMs); baseline PSMs A 0 / B 47; spread from: SD of the same PSMs"
FigS2,b,sulfide PSM|NaHS|B chain|z=4|Nethylmaleimide;Sulfide|7.75364331130552|baseline D6a,n_baseline_psms,47,cysteine-detectability-audit/source_data_submitted/Source_Data_Fig3_search_space.csv (originally: posthoc_2026-09-30/results/H_artifact5_docs/deposit_sulfide_psms_baseline_sensitivity.csv),"reused unchanged from the original figure build; D6a four files, same chain (SD of those PSMs); baseline PSMs A 0 / B 47; spread from: SD of the same PSMs"
FigS2,b,sulfide PSM|NaHS|B chain|z=4|Nethylmaleimide;Sulfide|7.75364331130552|baseline D6a,centre_ppm,5.520722451827238,cysteine-detectability-audit/source_data_submitted/Source_Data_Fig3_search_space.csv (originally: posthoc_2026-09-30/results/H_artifact5_docs/deposit_sulfide_psms_baseline_sensitivity.csv),"reused unchanged from the original figure build; D6a four files, same chain (SD of those PSMs); baseline PSMs A 0 / B 47; spread from: SD of the same PSMs"
FigS2,b,sulfide PSM|NaHS|B chain|z=4|Nethylmaleimide;Sulfide|7.75364331130552|baseline D6a,expected_ppm_if_dioxidised_but_reported_as_sulfide,10.474722451827237,cysteine-detectability-audit/source_data_submitted/Source_Data_Fig3_search_space.csv (originally: posthoc_2026-09-30/results/H_artifact5_docs/deposit_sulfide_psms_baseline_sensitivity.csv),"reused unchanged from the original figure build; D6a four files, same chain (SD of those PSMs); baseline PSMs A 0 / B 47; spread from: SD of the same PSMs"
FigS2,b,sulfide PSM|NaHS|B chain|z=4|Nethylmaleimide;Sulfide|7.75364331130552|baseline D6a,z_if_sulfide,1.555358565963469,cysteine-detectability-audit/source_data_submitted/Source_Data_Fig3_search_space.csv (originally: posthoc_2026-09-30/results/H_artifact5_docs/deposit_sulfide_psms_baseline_sensitivity.csv),"reused unchanged from the original figure build; D6a four files, same chain (SD of those PSMs); baseline PSMs A 0 / B 47; spread from: SD of the same PSMs"
FigS2,b,sulfide PSM|NaHS|B chain|z=4|Nethylmaleimide;Sulfide|7.75364331130552|baseline D6a,z_if_dioxidation,-1.8953890514793368,cysteine-detectability-audit/source_data_submitted/Source_Data_Fig3_search_space.csv (originally: posthoc_2026-09-30/results/H_artifact5_docs/deposit_sulfide_psms_baseline_sensitivity.csv),"reused unchanged from the original figure build; D6a four files, same chain (SD of those PSMs); baseline PSMs A 0 / B 47; spread from: SD of the same PSMs"
FigS2,b,sulfide PSM|NaHS|B chain|z=4|Nethylmaleimide;Sulfide|7.75364331130552|baseline D6a,reading,either,cysteine-detectability-audit/source_data_submitted/Source_Data_Fig3_search_space.csv (originally: posthoc_2026-09-30/results/H_artifact5_docs/deposit_sulfide_psms_baseline_sensitivity.csv),"reused unchanged from the original figure build; D6a four files, same chain (SD of those PSMs); baseline PSMs A 0 / B 47; spread from: SD of the same PSMs"
FigS2,c,Fig-1D,n_psms_at_1pct_fdr,245,cysteine-detectability-audit/source_data_submitted/Source_Data_Fig3_search_space.csv (originally: results/pxd015307_research_summary.csv),reused unchanged from the original figure build
FigS2,c,Fig-1D,n_plus32_cys_psms,0,cysteine-detectability-audit/source_data_submitted/Source_Data_Fig3_search_space.csv (originally: results/pxd015307_research_summary.csv),reused unchanged from the original figure build
FigS2,c,Fig4-L_CTH_Cys,n_psms_at_1pct_fdr,14,cysteine-detectability-audit/source_data_submitted/Source_Data_Fig3_search_space.csv (originally: results/pxd015307_research_summary.csv),reused unchanged from the original figure build
FigS2,c,Fig4-L_CTH_Cys,n_plus32_cys_psms,0,cysteine-detectability-audit/source_data_submitted/Source_Data_Fig3_search_space.csv (originally: results/pxd015307_research_summary.csv),reused unchanged from the original figure build
FigS2,c,Fig4-L_NaHS,n_psms_at_1pct_fdr,18,cysteine-detectability-audit/source_data_submitted/Source_Data_Fig3_search_space.csv (originally: results/pxd015307_research_summary.csv),reused unchanged from the original figure build
FigS2,c,Fig4-L_NaHS,n_plus32_cys_psms,0,cysteine-detectability-audit/source_data_submitted/Source_Data_Fig3_search_space.csv (originally: results/pxd015307_research_summary.csv),reused unchanged from the original figure build
FigS2,c,Fig4-L_control,n_psms_at_1pct_fdr,26,cysteine-detectability-audit/source_data_submitted/Source_Data_Fig3_search_space.csv (originally: results/pxd015307_research_summary.csv),reused unchanged from the original figure build
FigS2,c,Fig4-L_control,n_plus32_cys_psms,0,cysteine-detectability-audit/source_data_submitted/Source_Data_Fig3_search_space.csv (originally: results/pxd015307_research_summary.csv),reused unchanged from the original figure build
FigS2,c,Fig4-L_heat_inactive_CTH,n_psms_at_1pct_fdr,18,cysteine-detectability-audit/source_data_submitted/Source_Data_Fig3_search_space.csv (originally: results/pxd015307_research_summary.csv),reused unchanged from the original figure build
FigS2,c,Fig4-L_heat_inactive_CTH,n_plus32_cys_psms,0,cysteine-detectability-audit/source_data_submitted/Source_Data_Fig3_search_space.csv (originally: results/pxd015307_research_summary.csv),reused unchanged from the original figure build
FigS2,d,"Fig-1D (FTMS MS2, 0.02-Da bins)|best E-value (0.0, 1.0]",n_both_scored,60,cysteine-detectability-audit/source_data_submitted/Source_Data_Fig3_search_space.csv (originally: posthoc_2026-09-30/results/H_artifact5_docs/single_cys_tie_rate_when_both_scored.csv),reused unchanged from the original figure build; single-cysteine spectra whose best interpretation carries one +32-class modification and whose alternative lies inside the +/-10-ppm window (both scored)
FigS2,d,"Fig-1D (FTMS MS2, 0.02-Da bins)|best E-value (0.0, 1.0]",n_tied,6,cysteine-detectability-audit/source_data_submitted/Source_Data_Fig3_search_space.csv (originally: posthoc_2026-09-30/results/H_artifact5_docs/single_cys_tie_rate_when_both_scored.csv),reused unchanged from the original figure build; single-cysteine spectra whose best interpretation carries one +32-class modification and whose alternative lies inside the +/-10-ppm window (both scored)
FigS2,d,"Fig-1D (FTMS MS2, 0.02-Da bins)|best E-value (0.0, 1.0]",share_tied,0.1,cysteine-detectability-audit/source_data_submitted/Source_Data_Fig3_search_space.csv (originally: posthoc_2026-09-30/results/H_artifact5_docs/single_cys_tie_rate_when_both_scored.csv),reused unchanged from the original figure build; single-cysteine spectra whose best interpretation carries one +32-class modification and whose alternative lies inside the +/-10-ppm window (both scored)
FigS2,d,"Fig-1D (FTMS MS2, 0.02-Da bins)|best E-value (1.0, 10.0]",n_both_scored,258,cysteine-detectability-audit/source_data_submitted/Source_Data_Fig3_search_space.csv (originally: posthoc_2026-09-30/results/H_artifact5_docs/single_cys_tie_rate_when_both_scored.csv),reused unchanged from the original figure build; single-cysteine spectra whose best interpretation carries one +32-class modification and whose alternative lies inside the +/-10-ppm window (both scored)
FigS2,d,"Fig-1D (FTMS MS2, 0.02-Da bins)|best E-value (1.0, 10.0]",n_tied,58,cysteine-detectability-audit/source_data_submitted/Source_Data_Fig3_search_space.csv (originally: posthoc_2026-09-30/results/H_artifact5_docs/single_cys_tie_rate_when_both_scored.csv),reused unchanged from the original figure build; single-cysteine spectra whose best interpretation carries one +32-class modification and whose alternative lies inside the +/-10-ppm window (both scored)
FigS2,d,"Fig-1D (FTMS MS2, 0.02-Da bins)|best E-value (1.0, 10.0]",share_tied,0.2248062015503876,cysteine-detectability-audit/source_data_submitted/Source_Data_Fig3_search_space.csv (originally: posthoc_2026-09-30/results/H_artifact5_docs/single_cys_tie_rate_when_both_scored.csv),reused unchanged from the original figure build; single-cysteine spectra whose best interpretation carries one +32-class modification and whose alternative lies inside the +/-10-ppm window (both scored)
FigS2,d,"Fig-1D (FTMS MS2, 0.02-Da bins)|best E-value (10.0, 100.0]",n_both_scored,246,cysteine-detectability-audit/source_data_submitted/Source_Data_Fig3_search_space.csv (originally: posthoc_2026-09-30/results/H_artifact5_docs/single_cys_tie_rate_when_both_scored.csv),reused unchanged from the original figure build; single-cysteine spectra whose best interpretation carries one +32-class modification and whose alternative lies inside the +/-10-ppm window (both scored)
FigS2,d,"Fig-1D (FTMS MS2, 0.02-Da bins)|best E-value (10.0, 100.0]",n_tied,91,cysteine-detectability-audit/source_data_submitted/Source_Data_Fig3_search_space.csv (originally: posthoc_2026-09-30/results/H_artifact5_docs/single_cys_tie_rate_when_both_scored.csv),reused unchanged from the original figure build; single-cysteine spectra whose best interpretation carries one +32-class modification and whose alternative lies inside the +/-10-ppm window (both scored)
FigS2,d,"Fig-1D (FTMS MS2, 0.02-Da bins)|best E-value (10.0, 100.0]",share_tied,0.3699186991869919,cysteine-detectability-audit/source_data_submitted/Source_Data_Fig3_search_space.csv (originally: posthoc_2026-09-30/results/H_artifact5_docs/single_cys_tie_rate_when_both_scored.csv),reused unchanged from the original figure build; single-cysteine spectra whose best interpretation carries one +32-class modification and whose alternative lies inside the +/-10-ppm window (both scored)
FigS2,d,"Fig-1D (FTMS MS2, 0.02-Da bins)|best E-value (100.0, 1000.1]",n_both_scored,118,cysteine-detectability-audit/source_data_submitted/Source_Data_Fig3_search_space.csv (originally: posthoc_2026-09-30/results/H_artifact5_docs/single_cys_tie_rate_when_both_scored.csv),reused unchanged from the original figure build; single-cysteine spectra whose best interpretation carries one +32-class modification and whose alternative lies inside the +/-10-ppm window (both scored)
FigS2,d,"Fig-1D (FTMS MS2, 0.02-Da bins)|best E-value (100.0, 1000.1]",n_tied,51,cysteine-detectability-audit/source_data_submitted/Source_Data_Fig3_search_space.csv (originally: posthoc_2026-09-30/results/H_artifact5_docs/single_cys_tie_rate_when_both_scored.csv),reused unchanged from the original figure build; single-cysteine spectra whose best interpretation carries one +32-class modification and whose alternative lies inside the +/-10-ppm window (both scored)
FigS2,d,"Fig-1D (FTMS MS2, 0.02-Da bins)|best E-value (100.0, 1000.1]",share_tied,0.4322033898305085,cysteine-detectability-audit/source_data_submitted/Source_Data_Fig3_search_space.csv (originally: posthoc_2026-09-30/results/H_artifact5_docs/single_cys_tie_rate_when_both_scored.csv),reused unchanged from the original figure build; single-cysteine spectra whose best interpretation carries one +32-class modification and whose alternative lies inside the +/-10-ppm window (both scored)
FigS2,d,"insulin files (ion-trap MS2, 1.0005-Da bins)|best E-value (0.0, 1.0]",n_both_scored,26,cysteine-detectability-audit/source_data_submitted/Source_Data_Fig3_search_space.csv (originally: posthoc_2026-09-30/results/H_artifact5_docs/single_cys_tie_rate_when_both_scored.csv),reused unchanged from the original figure build; single-cysteine spectra whose best interpretation carries one +32-class modification and whose alternative lies inside the +/-10-ppm window (both scored)
FigS2,d,"insulin files (ion-trap MS2, 1.0005-Da bins)|best E-value (0.0, 1.0]",n_tied,21,cysteine-detectability-audit/source_data_submitted/Source_Data_Fig3_search_space.csv (originally: posthoc_2026-09-30/results/H_artifact5_docs/single_cys_tie_rate_when_both_scored.csv),reused unchanged from the original figure build; single-cysteine spectra whose best interpretation carries one +32-class modification and whose alternative lies inside the +/-10-ppm window (both scored)
FigS2,d,"insulin files (ion-trap MS2, 1.0005-Da bins)|best E-value (0.0, 1.0]",share_tied,0.8076923076923077,cysteine-detectability-audit/source_data_submitted/Source_Data_Fig3_search_space.csv (originally: posthoc_2026-09-30/results/H_artifact5_docs/single_cys_tie_rate_when_both_scored.csv),reused unchanged from the original figure build; single-cysteine spectra whose best interpretation carries one +32-class modification and whose alternative lies inside the +/-10-ppm window (both scored)
FigS2,d,"insulin files (ion-trap MS2, 1.0005-Da bins)|best E-value (1.0, 10.0]",n_both_scored,56,cysteine-detectability-audit/source_data_submitted/Source_Data_Fig3_search_space.csv (originally: posthoc_2026-09-30/results/H_artifact5_docs/single_cys_tie_rate_when_both_scored.csv),reused unchanged from the original figure build; single-cysteine spectra whose best interpretation carries one +32-class modification and whose alternative lies inside the +/-10-ppm window (both scored)
FigS2,d,"insulin files (ion-trap MS2, 1.0005-Da bins)|best E-value (1.0, 10.0]",n_tied,46,cysteine-detectability-audit/source_data_submitted/Source_Data_Fig3_search_space.csv (originally: posthoc_2026-09-30/results/H_artifact5_docs/single_cys_tie_rate_when_both_scored.csv),reused unchanged from the original figure build; single-cysteine spectra whose best interpretation carries one +32-class modification and whose alternative lies inside the +/-10-ppm window (both scored)
FigS2,d,"insulin files (ion-trap MS2, 1.0005-Da bins)|best E-value (1.0, 10.0]",share_tied,0.8214285714285714,cysteine-detectability-audit/source_data_submitted/Source_Data_Fig3_search_space.csv (originally: posthoc_2026-09-30/results/H_artifact5_docs/single_cys_tie_rate_when_both_scored.csv),reused unchanged from the original figure build; single-cysteine spectra whose best interpretation carries one +32-class modification and whose alternative lies inside the +/-10-ppm window (both scored)
FigS2,d,"insulin files (ion-trap MS2, 1.0005-Da bins)|best E-value (10.0, 100.0]",n_both_scored,16,cysteine-detectability-audit/source_data_submitted/Source_Data_Fig3_search_space.csv (originally: posthoc_2026-09-30/results/H_artifact5_docs/single_cys_tie_rate_when_both_scored.csv),reused unchanged from the original figure build; single-cysteine spectra whose best interpretation carries one +32-class modification and whose alternative lies inside the +/-10-ppm window (both scored)
FigS2,d,"insulin files (ion-trap MS2, 1.0005-Da bins)|best E-value (10.0, 100.0]",n_tied,14,cysteine-detectability-audit/source_data_submitted/Source_Data_Fig3_search_space.csv (originally: posthoc_2026-09-30/results/H_artifact5_docs/single_cys_tie_rate_when_both_scored.csv),reused unchanged from the original figure build; single-cysteine spectra whose best interpretation carries one +32-class modification and whose alternative lies inside the +/-10-ppm window (both scored)
FigS2,d,"insulin files (ion-trap MS2, 1.0005-Da bins)|best E-value (10.0, 100.0]",share_tied,0.875,cysteine-detectability-audit/source_data_submitted/Source_Data_Fig3_search_space.csv (originally: posthoc_2026-09-30/results/H_artifact5_docs/single_cys_tie_rate_when_both_scored.csv),reused unchanged from the original figure build; single-cysteine spectra whose best interpretation carries one +32-class modification and whose alternative lies inside the +/-10-ppm window (both scored)
FigS2,d,"insulin files (ion-trap MS2, 1.0005-Da bins)|best E-value (100.0, 1000.1]",n_both_scored,2,cysteine-detectability-audit/source_data_submitted/Source_Data_Fig3_search_space.csv (originally: posthoc_2026-09-30/results/H_artifact5_docs/single_cys_tie_rate_when_both_scored.csv),reused unchanged from the original figure build; single-cysteine spectra whose best interpretation carries one +32-class modification and whose alternative lies inside the +/-10-ppm window (both scored)
FigS2,d,"insulin files (ion-trap MS2, 1.0005-Da bins)|best E-value (100.0, 1000.1]",n_tied,2,cysteine-detectability-audit/source_data_submitted/Source_Data_Fig3_search_space.csv (originally: posthoc_2026-09-30/results/H_artifact5_docs/single_cys_tie_rate_when_both_scored.csv),reused unchanged from the original figure build; single-cysteine spectra whose best interpretation carries one +32-class modification and whose alternative lies inside the +/-10-ppm window (both scored)
FigS2,d,"insulin files (ion-trap MS2, 1.0005-Da bins)|best E-value (100.0, 1000.1]",share_tied,1.0,cysteine-detectability-audit/source_data_submitted/Source_Data_Fig3_search_space.csv (originally: posthoc_2026-09-30/results/H_artifact5_docs/single_cys_tie_rate_when_both_scored.csv),reused unchanged from the original figure build; single-cysteine spectra whose best interpretation carries one +32-class modification and whose alternative lies inside the +/-10-ppm window (both scored)
FigS2,d,"Fig-1D (FTMS MS2, 0.02-Da bins)|best E-value all",n_both_scored,682,cysteine-detectability-audit/source_data_submitted/Source_Data_Fig3_search_space.csv (originally: posthoc_2026-09-30/results/H_artifact5_docs/single_cys_tie_rate_when_both_scored.csv),reused unchanged from the original figure build; single-cysteine spectra whose best interpretation carries one +32-class modification and whose alternative lies inside the +/-10-ppm window (both scored)
FigS2,d,"Fig-1D (FTMS MS2, 0.02-Da bins)|best E-value all",n_tied,206,cysteine-detectability-audit/source_data_submitted/Source_Data_Fig3_search_space.csv (originally: posthoc_2026-09-30/results/H_artifact5_docs/single_cys_tie_rate_when_both_scored.csv),reused unchanged from the original figure build; single-cysteine spectra whose best interpretation carries one +32-class modification and whose alternative lies inside the +/-10-ppm window (both scored)
FigS2,d,"Fig-1D (FTMS MS2, 0.02-Da bins)|best E-value all",share_tied,0.3020527859237537,cysteine-detectability-audit/source_data_submitted/Source_Data_Fig3_search_space.csv (originally: posthoc_2026-09-30/results/H_artifact5_docs/single_cys_tie_rate_when_both_scored.csv),reused unchanged from the original figure build; single-cysteine spectra whose best interpretation carries one +32-class modification and whose alternative lies inside the +/-10-ppm window (both scored)
FigS2,d,"insulin files (ion-trap MS2, 1.0005-Da bins)|best E-value all",n_both_scored,100,cysteine-detectability-audit/source_data_submitted/Source_Data_Fig3_search_space.csv (originally: posthoc_2026-09-30/results/H_artifact5_docs/single_cys_tie_rate_when_both_scored.csv),reused unchanged from the original figure build; single-cysteine spectra whose best interpretation carries one +32-class modification and whose alternative lies inside the +/-10-ppm window (both scored)
FigS2,d,"insulin files (ion-trap MS2, 1.0005-Da bins)|best E-value all",n_tied,83,cysteine-detectability-audit/source_data_submitted/Source_Data_Fig3_search_space.csv (originally: posthoc_2026-09-30/results/H_artifact5_docs/single_cys_tie_rate_when_both_scored.csv),reused unchanged from the original figure build; single-cysteine spectra whose best interpretation carries one +32-class modification and whose alternative lies inside the +/-10-ppm window (both scored)
FigS2,d,"insulin files (ion-trap MS2, 1.0005-Da bins)|best E-value all",share_tied,0.83,cysteine-detectability-audit/source_data_submitted/Source_Data_Fig3_search_space.csv (originally: posthoc_2026-09-30/results/H_artifact5_docs/single_cys_tie_rate_when_both_scored.csv),reused unchanged from the original figure build; single-cysteine spectra whose best interpretation carries one +32-class modification and whose alternative lies inside the +/-10-ppm window (both scored)
