figure,panel,row,field,value,source_table,specification_label
Fig3,a,window +/-10.0 ppm,tolerance_ppm,10.0,H_artifact5_docs/precursor_accuracy_decidability.csv,"window: alternative outside the precursor window (M < M*); any file, unbiased measurement (zero offset) (value from the 'parameter' cell)"
Fig3,a,window +/-10.0 ppm,mass_limit_da,1775.8064799998865,H_artifact5_docs/precursor_accuracy_decidability.csv,"window: alternative outside the precursor window (M < M*); any file, unbiased measurement (zero offset)"
Fig3,a,window +/-10.0 ppm,fraction_theoretical_cys_peptides_at_or_below_plus32_only,0.33716043809564405,H_artifact5_docs/precursor_accuracy_decidability.csv,"window: alternative outside the precursor window (M < M*); any file, unbiased measurement (zero offset)"
Fig3,a,window +/-4.5 ppm,tolerance_ppm,4.5,H_artifact5_docs/precursor_accuracy_decidability.csv,"window: alternative outside the precursor window (M < M*); any file, unbiased measurement (zero offset) (value from the 'parameter' cell)"
Fig3,a,window +/-4.5 ppm,mass_limit_da,3946.2366222219694,H_artifact5_docs/precursor_accuracy_decidability.csv,"window: alternative outside the precursor window (M < M*); any file, unbiased measurement (zero offset)"
Fig3,a,window +/-4.5 ppm,fraction_theoretical_cys_peptides_at_or_below_plus32_only,0.9999961251048644,H_artifact5_docs/precursor_accuracy_decidability.csv,"window: alternative outside the precursor window (M < M*); any file, unbiased measurement (zero offset)"
Fig3,a,window +/-2.0 ppm,tolerance_ppm,2.0,H_artifact5_docs/precursor_accuracy_decidability.csv,"window: alternative outside the precursor window (M < M*); any file, unbiased measurement (zero offset) (value from the 'parameter' cell)"
Fig3,a,window +/-2.0 ppm,mass_limit_da,8879.032399999433,H_artifact5_docs/precursor_accuracy_decidability.csv,"window: alternative outside the precursor window (M < M*); any file, unbiased measurement (zero offset)"
Fig3,a,window +/-2.0 ppm,fraction_theoretical_cys_peptides_at_or_below_plus32_only,1.0,H_artifact5_docs/precursor_accuracy_decidability.csv,"window: alternative outside the precursor window (M < M*); any file, unbiased measurement (zero offset)"
Fig3,a,separation label,separation_da,0.017758,H_artifact5_docs/fragment_bin_arithmetic.csv,printed curve label; dioxidation minus sulfide (shift_mz at fragment charge 1)
Fig3,a,separation curve point 001,mass_da,1100,"derived: K/M ppm, K = tolerance x mass_limit_da of the stored window rows (H_artifact5_docs/precursor_accuracy_decidability.csv)",grid point of the drawn curve
Fig3,a,separation curve point 001,separation_ppm,16.14369527272624,"derived: K/M ppm, K = tolerance x mass_limit_da of the stored window rows (H_artifact5_docs/precursor_accuracy_decidability.csv)","K / mass_da, K = 10.0 x 1775.8064799998865 = 17758.064799998865 ppm x Da"
Fig3,a,separation curve point 002,mass_da,1120,"derived: K/M ppm, K = tolerance x mass_limit_da of the stored window rows (H_artifact5_docs/precursor_accuracy_decidability.csv)",grid point of the drawn curve
Fig3,a,separation curve point 002,separation_ppm,15.855414999998986,"derived: K/M ppm, K = tolerance x mass_limit_da of the stored window rows (H_artifact5_docs/precursor_accuracy_decidability.csv)","K / mass_da, K = 10.0 x 1775.8064799998865 = 17758.064799998865 ppm x Da"
Fig3,a,separation curve point 003,mass_da,1140,"derived: K/M ppm, K = tolerance x mass_limit_da of the stored window rows (H_artifact5_docs/precursor_accuracy_decidability.csv)",grid point of the drawn curve
Fig3,a,separation curve point 003,separation_ppm,15.577249824560408,"derived: K/M ppm, K = tolerance x mass_limit_da of the stored window rows (H_artifact5_docs/precursor_accuracy_decidability.csv)","K / mass_da, K = 10.0 x 1775.8064799998865 = 17758.064799998865 ppm x Da"
Fig3,a,separation curve point 004,mass_da,1160,"derived: K/M ppm, K = tolerance x mass_limit_da of the stored window rows (H_artifact5_docs/precursor_accuracy_decidability.csv)",grid point of the drawn curve
Fig3,a,separation curve point 004,separation_ppm,15.30867655172316,"derived: K/M ppm, K = tolerance x mass_limit_da of the stored window rows (H_artifact5_docs/precursor_accuracy_decidability.csv)","K / mass_da, K = 10.0 x 1775.8064799998865 = 17758.064799998865 ppm x Da"
Fig3,a,separation curve point 005,mass_da,1180,"derived: K/M ppm, K = tolerance x mass_limit_da of the stored window rows (H_artifact5_docs/precursor_accuracy_decidability.csv)",grid point of the drawn curve
Fig3,a,separation curve point 005,separation_ppm,15.049207457626157,"derived: K/M ppm, K = tolerance x mass_limit_da of the stored window rows (H_artifact5_docs/precursor_accuracy_decidability.csv)","K / mass_da, K = 10.0 x 1775.8064799998865 = 17758.064799998865 ppm x Da"
Fig3,a,separation curve point 006,mass_da,1200,"derived: K/M ppm, K = tolerance x mass_limit_da of the stored window rows (H_artifact5_docs/precursor_accuracy_decidability.csv)",grid point of the drawn curve
Fig3,a,separation curve point 006,separation_ppm,14.798387333332387,"derived: K/M ppm, K = tolerance x mass_limit_da of the stored window rows (H_artifact5_docs/precursor_accuracy_decidability.csv)","K / mass_da, K = 10.0 x 1775.8064799998865 = 17758.064799998865 ppm x Da"
Fig3,a,separation curve point 007,mass_da,1220,"derived: K/M ppm, K = tolerance x mass_limit_da of the stored window rows (H_artifact5_docs/precursor_accuracy_decidability.csv)",grid point of the drawn curve
Fig3,a,separation curve point 007,separation_ppm,14.5557908196712,"derived: K/M ppm, K = tolerance x mass_limit_da of the stored window rows (H_artifact5_docs/precursor_accuracy_decidability.csv)","K / mass_da, K = 10.0 x 1775.8064799998865 = 17758.064799998865 ppm x Da"
Fig3,a,separation curve point 008,mass_da,1240,"derived: K/M ppm, K = tolerance x mass_limit_da of the stored window rows (H_artifact5_docs/precursor_accuracy_decidability.csv)",grid point of the drawn curve
Fig3,a,separation curve point 008,separation_ppm,14.321019999999084,"derived: K/M ppm, K = tolerance x mass_limit_da of the stored window rows (H_artifact5_docs/precursor_accuracy_decidability.csv)","K / mass_da, K = 10.0 x 1775.8064799998865 = 17758.064799998865 ppm x Da"
Fig3,a,separation curve point 009,mass_da,1260,"derived: K/M ppm, K = tolerance x mass_limit_da of the stored window rows (H_artifact5_docs/precursor_accuracy_decidability.csv)",grid point of the drawn curve
Fig3,a,separation curve point 009,separation_ppm,14.09370222222132,"derived: K/M ppm, K = tolerance x mass_limit_da of the stored window rows (H_artifact5_docs/precursor_accuracy_decidability.csv)","K / mass_da, K = 10.0 x 1775.8064799998865 = 17758.064799998865 ppm x Da"
Fig3,a,separation curve point 010,mass_da,1280,"derived: K/M ppm, K = tolerance x mass_limit_da of the stored window rows (H_artifact5_docs/precursor_accuracy_decidability.csv)",grid point of the drawn curve
Fig3,a,separation curve point 010,separation_ppm,13.873488124999113,"derived: K/M ppm, K = tolerance x mass_limit_da of the stored window rows (H_artifact5_docs/precursor_accuracy_decidability.csv)","K / mass_da, K = 10.0 x 1775.8064799998865 = 17758.064799998865 ppm x Da"
Fig3,a,separation curve point 011,mass_da,1300,"derived: K/M ppm, K = tolerance x mass_limit_da of the stored window rows (H_artifact5_docs/precursor_accuracy_decidability.csv)",grid point of the drawn curve
Fig3,a,separation curve point 011,separation_ppm,13.660049846152972,"derived: K/M ppm, K = tolerance x mass_limit_da of the stored window rows (H_artifact5_docs/precursor_accuracy_decidability.csv)","K / mass_da, K = 10.0 x 1775.8064799998865 = 17758.064799998865 ppm x Da"
Fig3,a,separation curve point 012,mass_da,1320,"derived: K/M ppm, K = tolerance x mass_limit_da of the stored window rows (H_artifact5_docs/precursor_accuracy_decidability.csv)",grid point of the drawn curve
Fig3,a,separation curve point 012,separation_ppm,13.453079393938534,"derived: K/M ppm, K = tolerance x mass_limit_da of the stored window rows (H_artifact5_docs/precursor_accuracy_decidability.csv)","K / mass_da, K = 10.0 x 1775.8064799998865 = 17758.064799998865 ppm x Da"
Fig3,a,separation curve point 013,mass_da,1340,"derived: K/M ppm, K = tolerance x mass_limit_da of the stored window rows (H_artifact5_docs/precursor_accuracy_decidability.csv)",grid point of the drawn curve
Fig3,a,separation curve point 013,separation_ppm,13.252287164178258,"derived: K/M ppm, K = tolerance x mass_limit_da of the stored window rows (H_artifact5_docs/precursor_accuracy_decidability.csv)","K / mass_da, K = 10.0 x 1775.8064799998865 = 17758.064799998865 ppm x Da"
Fig3,a,separation curve point 014,mass_da,1360,"derived: K/M ppm, K = tolerance x mass_limit_da of the stored window rows (H_artifact5_docs/precursor_accuracy_decidability.csv)",grid point of the drawn curve
Fig3,a,separation curve point 014,separation_ppm,13.05740058823446,"derived: K/M ppm, K = tolerance x mass_limit_da of the stored window rows (H_artifact5_docs/precursor_accuracy_decidability.csv)","K / mass_da, K = 10.0 x 1775.8064799998865 = 17758.064799998865 ppm x Da"
Fig3,a,separation curve point 015,mass_da,1380,"derived: K/M ppm, K = tolerance x mass_limit_da of the stored window rows (H_artifact5_docs/precursor_accuracy_decidability.csv)",grid point of the drawn curve
Fig3,a,separation curve point 015,separation_ppm,12.868162898549903,"derived: K/M ppm, K = tolerance x mass_limit_da of the stored window rows (H_artifact5_docs/precursor_accuracy_decidability.csv)","K / mass_da, K = 10.0 x 1775.8064799998865 = 17758.064799998865 ppm x Da"
Fig3,a,separation curve point 016,mass_da,1400,"derived: K/M ppm, K = tolerance x mass_limit_da of the stored window rows (H_artifact5_docs/precursor_accuracy_decidability.csv)",grid point of the drawn curve
Fig3,a,separation curve point 016,separation_ppm,12.68433199999919,"derived: K/M ppm, K = tolerance x mass_limit_da of the stored window rows (H_artifact5_docs/precursor_accuracy_decidability.csv)","K / mass_da, K = 10.0 x 1775.8064799998865 = 17758.064799998865 ppm x Da"
Fig3,a,separation curve point 017,mass_da,1420,"derived: K/M ppm, K = tolerance x mass_limit_da of the stored window rows (H_artifact5_docs/precursor_accuracy_decidability.csv)",grid point of the drawn curve
Fig3,a,separation curve point 017,separation_ppm,12.50567943661892,"derived: K/M ppm, K = tolerance x mass_limit_da of the stored window rows (H_artifact5_docs/precursor_accuracy_decidability.csv)","K / mass_da, K = 10.0 x 1775.8064799998865 = 17758.064799998865 ppm x Da"
Fig3,a,separation curve point 018,mass_da,1440,"derived: K/M ppm, K = tolerance x mass_limit_da of the stored window rows (H_artifact5_docs/precursor_accuracy_decidability.csv)",grid point of the drawn curve
Fig3,a,separation curve point 018,separation_ppm,12.331989444443657,"derived: K/M ppm, K = tolerance x mass_limit_da of the stored window rows (H_artifact5_docs/precursor_accuracy_decidability.csv)","K / mass_da, K = 10.0 x 1775.8064799998865 = 17758.064799998865 ppm x Da"
Fig3,a,separation curve point 019,mass_da,1460,"derived: K/M ppm, K = tolerance x mass_limit_da of the stored window rows (H_artifact5_docs/precursor_accuracy_decidability.csv)",grid point of the drawn curve
Fig3,a,separation curve point 019,separation_ppm,12.163058082191004,"derived: K/M ppm, K = tolerance x mass_limit_da of the stored window rows (H_artifact5_docs/precursor_accuracy_decidability.csv)","K / mass_da, K = 10.0 x 1775.8064799998865 = 17758.064799998865 ppm x Da"
Fig3,a,separation curve point 020,mass_da,1480,"derived: K/M ppm, K = tolerance x mass_limit_da of the stored window rows (H_artifact5_docs/precursor_accuracy_decidability.csv)",grid point of the drawn curve
Fig3,a,separation curve point 020,separation_ppm,11.998692432431666,"derived: K/M ppm, K = tolerance x mass_limit_da of the stored window rows (H_artifact5_docs/precursor_accuracy_decidability.csv)","K / mass_da, K = 10.0 x 1775.8064799998865 = 17758.064799998865 ppm x Da"
Fig3,a,separation curve point 021,mass_da,1500,"derived: K/M ppm, K = tolerance x mass_limit_da of the stored window rows (H_artifact5_docs/precursor_accuracy_decidability.csv)",grid point of the drawn curve
Fig3,a,separation curve point 021,separation_ppm,11.83870986666591,"derived: K/M ppm, K = tolerance x mass_limit_da of the stored window rows (H_artifact5_docs/precursor_accuracy_decidability.csv)","K / mass_da, K = 10.0 x 1775.8064799998865 = 17758.064799998865 ppm x Da"
Fig3,a,separation curve point 022,mass_da,1520,"derived: K/M ppm, K = tolerance x mass_limit_da of the stored window rows (H_artifact5_docs/precursor_accuracy_decidability.csv)",grid point of the drawn curve
Fig3,a,separation curve point 022,separation_ppm,11.682937368420307,"derived: K/M ppm, K = tolerance x mass_limit_da of the stored window rows (H_artifact5_docs/precursor_accuracy_decidability.csv)","K / mass_da, K = 10.0 x 1775.8064799998865 = 17758.064799998865 ppm x Da"
Fig3,a,separation curve point 023,mass_da,1540,"derived: K/M ppm, K = tolerance x mass_limit_da of the stored window rows (H_artifact5_docs/precursor_accuracy_decidability.csv)",grid point of the drawn curve
Fig3,a,separation curve point 023,separation_ppm,11.531210909090172,"derived: K/M ppm, K = tolerance x mass_limit_da of the stored window rows (H_artifact5_docs/precursor_accuracy_decidability.csv)","K / mass_da, K = 10.0 x 1775.8064799998865 = 17758.064799998865 ppm x Da"
Fig3,a,separation curve point 024,mass_da,1560,"derived: K/M ppm, K = tolerance x mass_limit_da of the stored window rows (H_artifact5_docs/precursor_accuracy_decidability.csv)",grid point of the drawn curve
Fig3,a,separation curve point 024,separation_ppm,11.383374871794144,"derived: K/M ppm, K = tolerance x mass_limit_da of the stored window rows (H_artifact5_docs/precursor_accuracy_decidability.csv)","K / mass_da, K = 10.0 x 1775.8064799998865 = 17758.064799998865 ppm x Da"
Fig3,a,separation curve point 025,mass_da,1580,"derived: K/M ppm, K = tolerance x mass_limit_da of the stored window rows (H_artifact5_docs/precursor_accuracy_decidability.csv)",grid point of the drawn curve
Fig3,a,separation curve point 025,separation_ppm,11.239281518986623,"derived: K/M ppm, K = tolerance x mass_limit_da of the stored window rows (H_artifact5_docs/precursor_accuracy_decidability.csv)","K / mass_da, K = 10.0 x 1775.8064799998865 = 17758.064799998865 ppm x Da"
Fig3,a,separation curve point 026,mass_da,1600,"derived: K/M ppm, K = tolerance x mass_limit_da of the stored window rows (H_artifact5_docs/precursor_accuracy_decidability.csv)",grid point of the drawn curve
Fig3,a,separation curve point 026,separation_ppm,11.098790499999291,"derived: K/M ppm, K = tolerance x mass_limit_da of the stored window rows (H_artifact5_docs/precursor_accuracy_decidability.csv)","K / mass_da, K = 10.0 x 1775.8064799998865 = 17758.064799998865 ppm x Da"
Fig3,a,separation curve point 027,mass_da,1620,"derived: K/M ppm, K = tolerance x mass_limit_da of the stored window rows (H_artifact5_docs/precursor_accuracy_decidability.csv)",grid point of the drawn curve
Fig3,a,separation curve point 027,separation_ppm,10.961768395061029,"derived: K/M ppm, K = tolerance x mass_limit_da of the stored window rows (H_artifact5_docs/precursor_accuracy_decidability.csv)","K / mass_da, K = 10.0 x 1775.8064799998865 = 17758.064799998865 ppm x Da"
Fig3,a,separation curve point 028,mass_da,1640,"derived: K/M ppm, K = tolerance x mass_limit_da of the stored window rows (H_artifact5_docs/precursor_accuracy_decidability.csv)",grid point of the drawn curve
Fig3,a,separation curve point 028,separation_ppm,10.828088292682235,"derived: K/M ppm, K = tolerance x mass_limit_da of the stored window rows (H_artifact5_docs/precursor_accuracy_decidability.csv)","K / mass_da, K = 10.0 x 1775.8064799998865 = 17758.064799998865 ppm x Da"
Fig3,a,separation curve point 029,mass_da,1660,"derived: K/M ppm, K = tolerance x mass_limit_da of the stored window rows (H_artifact5_docs/precursor_accuracy_decidability.csv)",grid point of the drawn curve
Fig3,a,separation curve point 029,separation_ppm,10.697629397589678,"derived: K/M ppm, K = tolerance x mass_limit_da of the stored window rows (H_artifact5_docs/precursor_accuracy_decidability.csv)","K / mass_da, K = 10.0 x 1775.8064799998865 = 17758.064799998865 ppm x Da"
Fig3,a,separation curve point 030,mass_da,1680,"derived: K/M ppm, K = tolerance x mass_limit_da of the stored window rows (H_artifact5_docs/precursor_accuracy_decidability.csv)",grid point of the drawn curve
Fig3,a,separation curve point 030,separation_ppm,10.570276666665992,"derived: K/M ppm, K = tolerance x mass_limit_da of the stored window rows (H_artifact5_docs/precursor_accuracy_decidability.csv)","K / mass_da, K = 10.0 x 1775.8064799998865 = 17758.064799998865 ppm x Da"
Fig3,a,separation curve point 031,mass_da,1700,"derived: K/M ppm, K = tolerance x mass_limit_da of the stored window rows (H_artifact5_docs/precursor_accuracy_decidability.csv)",grid point of the drawn curve
Fig3,a,separation curve point 031,separation_ppm,10.445920470587568,"derived: K/M ppm, K = tolerance x mass_limit_da of the stored window rows (H_artifact5_docs/precursor_accuracy_decidability.csv)","K / mass_da, K = 10.0 x 1775.8064799998865 = 17758.064799998865 ppm x Da"
Fig3,a,separation curve point 032,mass_da,1720,"derived: K/M ppm, K = tolerance x mass_limit_da of the stored window rows (H_artifact5_docs/precursor_accuracy_decidability.csv)",grid point of the drawn curve
Fig3,a,separation curve point 032,separation_ppm,10.324456279069107,"derived: K/M ppm, K = tolerance x mass_limit_da of the stored window rows (H_artifact5_docs/precursor_accuracy_decidability.csv)","K / mass_da, K = 10.0 x 1775.8064799998865 = 17758.064799998865 ppm x Da"
Fig3,a,separation curve point 033,mass_da,1740,"derived: K/M ppm, K = tolerance x mass_limit_da of the stored window rows (H_artifact5_docs/precursor_accuracy_decidability.csv)",grid point of the drawn curve
Fig3,a,separation curve point 033,separation_ppm,10.20578436781544,"derived: K/M ppm, K = tolerance x mass_limit_da of the stored window rows (H_artifact5_docs/precursor_accuracy_decidability.csv)","K / mass_da, K = 10.0 x 1775.8064799998865 = 17758.064799998865 ppm x Da"
Fig3,a,separation curve point 034,mass_da,1760,"derived: K/M ppm, K = tolerance x mass_limit_da of the stored window rows (H_artifact5_docs/precursor_accuracy_decidability.csv)",grid point of the drawn curve
Fig3,a,separation curve point 034,separation_ppm,10.089809545453901,"derived: K/M ppm, K = tolerance x mass_limit_da of the stored window rows (H_artifact5_docs/precursor_accuracy_decidability.csv)","K / mass_da, K = 10.0 x 1775.8064799998865 = 17758.064799998865 ppm x Da"
Fig3,a,separation curve point 035,mass_da,1780,"derived: K/M ppm, K = tolerance x mass_limit_da of the stored window rows (H_artifact5_docs/precursor_accuracy_decidability.csv)",grid point of the drawn curve
Fig3,a,separation curve point 035,separation_ppm,9.976440898875767,"derived: K/M ppm, K = tolerance x mass_limit_da of the stored window rows (H_artifact5_docs/precursor_accuracy_decidability.csv)","K / mass_da, K = 10.0 x 1775.8064799998865 = 17758.064799998865 ppm x Da"
Fig3,a,separation curve point 036,mass_da,1800,"derived: K/M ppm, K = tolerance x mass_limit_da of the stored window rows (H_artifact5_docs/precursor_accuracy_decidability.csv)",grid point of the drawn curve
Fig3,a,separation curve point 036,separation_ppm,9.865591555554925,"derived: K/M ppm, K = tolerance x mass_limit_da of the stored window rows (H_artifact5_docs/precursor_accuracy_decidability.csv)","K / mass_da, K = 10.0 x 1775.8064799998865 = 17758.064799998865 ppm x Da"
Fig3,a,separation curve point 037,mass_da,1820,"derived: K/M ppm, K = tolerance x mass_limit_da of the stored window rows (H_artifact5_docs/precursor_accuracy_decidability.csv)",grid point of the drawn curve
Fig3,a,separation curve point 037,separation_ppm,9.757178461537839,"derived: K/M ppm, K = tolerance x mass_limit_da of the stored window rows (H_artifact5_docs/precursor_accuracy_decidability.csv)","K / mass_da, K = 10.0 x 1775.8064799998865 = 17758.064799998865 ppm x Da"
Fig3,a,separation curve point 038,mass_da,1840,"derived: K/M ppm, K = tolerance x mass_limit_da of the stored window rows (H_artifact5_docs/precursor_accuracy_decidability.csv)",grid point of the drawn curve
Fig3,a,separation curve point 038,separation_ppm,9.651122173912427,"derived: K/M ppm, K = tolerance x mass_limit_da of the stored window rows (H_artifact5_docs/precursor_accuracy_decidability.csv)","K / mass_da, K = 10.0 x 1775.8064799998865 = 17758.064799998865 ppm x Da"
Fig3,a,separation curve point 039,mass_da,1860,"derived: K/M ppm, K = tolerance x mass_limit_da of the stored window rows (H_artifact5_docs/precursor_accuracy_decidability.csv)",grid point of the drawn curve
Fig3,a,separation curve point 039,separation_ppm,9.547346666666057,"derived: K/M ppm, K = tolerance x mass_limit_da of the stored window rows (H_artifact5_docs/precursor_accuracy_decidability.csv)","K / mass_da, K = 10.0 x 1775.8064799998865 = 17758.064799998865 ppm x Da"
Fig3,a,separation curve point 040,mass_da,1880,"derived: K/M ppm, K = tolerance x mass_limit_da of the stored window rows (H_artifact5_docs/precursor_accuracy_decidability.csv)",grid point of the drawn curve
Fig3,a,separation curve point 040,separation_ppm,9.445779148935566,"derived: K/M ppm, K = tolerance x mass_limit_da of the stored window rows (H_artifact5_docs/precursor_accuracy_decidability.csv)","K / mass_da, K = 10.0 x 1775.8064799998865 = 17758.064799998865 ppm x Da"
Fig3,a,separation curve point 041,mass_da,1900,"derived: K/M ppm, K = tolerance x mass_limit_da of the stored window rows (H_artifact5_docs/precursor_accuracy_decidability.csv)",grid point of the drawn curve
Fig3,a,separation curve point 041,separation_ppm,9.346349894736244,"derived: K/M ppm, K = tolerance x mass_limit_da of the stored window rows (H_artifact5_docs/precursor_accuracy_decidability.csv)","K / mass_da, K = 10.0 x 1775.8064799998865 = 17758.064799998865 ppm x Da"
Fig3,a,separation curve point 042,mass_da,1920,"derived: K/M ppm, K = tolerance x mass_limit_da of the stored window rows (H_artifact5_docs/precursor_accuracy_decidability.csv)",grid point of the drawn curve
Fig3,a,separation curve point 042,separation_ppm,9.248992083332743,"derived: K/M ppm, K = tolerance x mass_limit_da of the stored window rows (H_artifact5_docs/precursor_accuracy_decidability.csv)","K / mass_da, K = 10.0 x 1775.8064799998865 = 17758.064799998865 ppm x Da"
Fig3,a,separation curve point 043,mass_da,1940,"derived: K/M ppm, K = tolerance x mass_limit_da of the stored window rows (H_artifact5_docs/precursor_accuracy_decidability.csv)",grid point of the drawn curve
Fig3,a,separation curve point 043,separation_ppm,9.153641649483951,"derived: K/M ppm, K = tolerance x mass_limit_da of the stored window rows (H_artifact5_docs/precursor_accuracy_decidability.csv)","K / mass_da, K = 10.0 x 1775.8064799998865 = 17758.064799998865 ppm x Da"
Fig3,a,separation curve point 044,mass_da,1960,"derived: K/M ppm, K = tolerance x mass_limit_da of the stored window rows (H_artifact5_docs/precursor_accuracy_decidability.csv)",grid point of the drawn curve
Fig3,a,separation curve point 044,separation_ppm,9.060237142856565,"derived: K/M ppm, K = tolerance x mass_limit_da of the stored window rows (H_artifact5_docs/precursor_accuracy_decidability.csv)","K / mass_da, K = 10.0 x 1775.8064799998865 = 17758.064799998865 ppm x Da"
Fig3,a,separation curve point 045,mass_da,1980,"derived: K/M ppm, K = tolerance x mass_limit_da of the stored window rows (H_artifact5_docs/precursor_accuracy_decidability.csv)",grid point of the drawn curve
Fig3,a,separation curve point 045,separation_ppm,8.968719595959023,"derived: K/M ppm, K = tolerance x mass_limit_da of the stored window rows (H_artifact5_docs/precursor_accuracy_decidability.csv)","K / mass_da, K = 10.0 x 1775.8064799998865 = 17758.064799998865 ppm x Da"
Fig3,a,separation curve point 046,mass_da,2000,"derived: K/M ppm, K = tolerance x mass_limit_da of the stored window rows (H_artifact5_docs/precursor_accuracy_decidability.csv)",grid point of the drawn curve
Fig3,a,separation curve point 046,separation_ppm,8.879032399999433,"derived: K/M ppm, K = tolerance x mass_limit_da of the stored window rows (H_artifact5_docs/precursor_accuracy_decidability.csv)","K / mass_da, K = 10.0 x 1775.8064799998865 = 17758.064799998865 ppm x Da"
Fig3,a,separation curve point 047,mass_da,2050,"derived: K/M ppm, K = tolerance x mass_limit_da of the stored window rows (H_artifact5_docs/precursor_accuracy_decidability.csv)",grid point of the drawn curve
Fig3,a,separation curve point 047,separation_ppm,8.662470634145787,"derived: K/M ppm, K = tolerance x mass_limit_da of the stored window rows (H_artifact5_docs/precursor_accuracy_decidability.csv)","K / mass_da, K = 10.0 x 1775.8064799998865 = 17758.064799998865 ppm x Da"
Fig3,a,separation curve point 048,mass_da,2100,"derived: K/M ppm, K = tolerance x mass_limit_da of the stored window rows (H_artifact5_docs/precursor_accuracy_decidability.csv)",grid point of the drawn curve
Fig3,a,separation curve point 048,separation_ppm,8.456221333332794,"derived: K/M ppm, K = tolerance x mass_limit_da of the stored window rows (H_artifact5_docs/precursor_accuracy_decidability.csv)","K / mass_da, K = 10.0 x 1775.8064799998865 = 17758.064799998865 ppm x Da"
Fig3,a,separation curve point 049,mass_da,2150,"derived: K/M ppm, K = tolerance x mass_limit_da of the stored window rows (H_artifact5_docs/precursor_accuracy_decidability.csv)",grid point of the drawn curve
Fig3,a,separation curve point 049,separation_ppm,8.259565023255286,"derived: K/M ppm, K = tolerance x mass_limit_da of the stored window rows (H_artifact5_docs/precursor_accuracy_decidability.csv)","K / mass_da, K = 10.0 x 1775.8064799998865 = 17758.064799998865 ppm x Da"
Fig3,a,separation curve point 050,mass_da,2200,"derived: K/M ppm, K = tolerance x mass_limit_da of the stored window rows (H_artifact5_docs/precursor_accuracy_decidability.csv)",grid point of the drawn curve
Fig3,a,separation curve point 050,separation_ppm,8.07184763636312,"derived: K/M ppm, K = tolerance x mass_limit_da of the stored window rows (H_artifact5_docs/precursor_accuracy_decidability.csv)","K / mass_da, K = 10.0 x 1775.8064799998865 = 17758.064799998865 ppm x Da"
Fig3,a,separation curve point 051,mass_da,2250,"derived: K/M ppm, K = tolerance x mass_limit_da of the stored window rows (H_artifact5_docs/precursor_accuracy_decidability.csv)",grid point of the drawn curve
Fig3,a,separation curve point 051,separation_ppm,7.89247324444394,"derived: K/M ppm, K = tolerance x mass_limit_da of the stored window rows (H_artifact5_docs/precursor_accuracy_decidability.csv)","K / mass_da, K = 10.0 x 1775.8064799998865 = 17758.064799998865 ppm x Da"
Fig3,a,separation curve point 052,mass_da,2300,"derived: K/M ppm, K = tolerance x mass_limit_da of the stored window rows (H_artifact5_docs/precursor_accuracy_decidability.csv)",grid point of the drawn curve
Fig3,a,separation curve point 052,separation_ppm,7.720897739129941,"derived: K/M ppm, K = tolerance x mass_limit_da of the stored window rows (H_artifact5_docs/precursor_accuracy_decidability.csv)","K / mass_da, K = 10.0 x 1775.8064799998865 = 17758.064799998865 ppm x Da"
Fig3,a,separation curve point 053,mass_da,2350,"derived: K/M ppm, K = tolerance x mass_limit_da of the stored window rows (H_artifact5_docs/precursor_accuracy_decidability.csv)",grid point of the drawn curve
Fig3,a,separation curve point 053,separation_ppm,7.5566233191484535,"derived: K/M ppm, K = tolerance x mass_limit_da of the stored window rows (H_artifact5_docs/precursor_accuracy_decidability.csv)","K / mass_da, K = 10.0 x 1775.8064799998865 = 17758.064799998865 ppm x Da"
Fig3,a,separation curve point 054,mass_da,2400,"derived: K/M ppm, K = tolerance x mass_limit_da of the stored window rows (H_artifact5_docs/precursor_accuracy_decidability.csv)",grid point of the drawn curve
Fig3,a,separation curve point 054,separation_ppm,7.399193666666194,"derived: K/M ppm, K = tolerance x mass_limit_da of the stored window rows (H_artifact5_docs/precursor_accuracy_decidability.csv)","K / mass_da, K = 10.0 x 1775.8064799998865 = 17758.064799998865 ppm x Da"
Fig3,a,separation curve point 055,mass_da,2450,"derived: K/M ppm, K = tolerance x mass_limit_da of the stored window rows (H_artifact5_docs/precursor_accuracy_decidability.csv)",grid point of the drawn curve
Fig3,a,separation curve point 055,separation_ppm,7.248189714285251,"derived: K/M ppm, K = tolerance x mass_limit_da of the stored window rows (H_artifact5_docs/precursor_accuracy_decidability.csv)","K / mass_da, K = 10.0 x 1775.8064799998865 = 17758.064799998865 ppm x Da"
Fig3,a,separation curve point 056,mass_da,2500,"derived: K/M ppm, K = tolerance x mass_limit_da of the stored window rows (H_artifact5_docs/precursor_accuracy_decidability.csv)",grid point of the drawn curve
Fig3,a,separation curve point 056,separation_ppm,7.103225919999546,"derived: K/M ppm, K = tolerance x mass_limit_da of the stored window rows (H_artifact5_docs/precursor_accuracy_decidability.csv)","K / mass_da, K = 10.0 x 1775.8064799998865 = 17758.064799998865 ppm x Da"
Fig3,a,separation curve point 057,mass_da,2550,"derived: K/M ppm, K = tolerance x mass_limit_da of the stored window rows (H_artifact5_docs/precursor_accuracy_decidability.csv)",grid point of the drawn curve
Fig3,a,separation curve point 057,separation_ppm,6.963946980391712,"derived: K/M ppm, K = tolerance x mass_limit_da of the stored window rows (H_artifact5_docs/precursor_accuracy_decidability.csv)","K / mass_da, K = 10.0 x 1775.8064799998865 = 17758.064799998865 ppm x Da"
Fig3,a,separation curve point 058,mass_da,2600,"derived: K/M ppm, K = tolerance x mass_limit_da of the stored window rows (H_artifact5_docs/precursor_accuracy_decidability.csv)",grid point of the drawn curve
Fig3,a,separation curve point 058,separation_ppm,6.830024923076486,"derived: K/M ppm, K = tolerance x mass_limit_da of the stored window rows (H_artifact5_docs/precursor_accuracy_decidability.csv)","K / mass_da, K = 10.0 x 1775.8064799998865 = 17758.064799998865 ppm x Da"
Fig3,a,separation curve point 059,mass_da,2650,"derived: K/M ppm, K = tolerance x mass_limit_da of the stored window rows (H_artifact5_docs/precursor_accuracy_decidability.csv)",grid point of the drawn curve
Fig3,a,separation curve point 059,separation_ppm,6.701156528301459,"derived: K/M ppm, K = tolerance x mass_limit_da of the stored window rows (H_artifact5_docs/precursor_accuracy_decidability.csv)","K / mass_da, K = 10.0 x 1775.8064799998865 = 17758.064799998865 ppm x Da"
Fig3,a,separation curve point 060,mass_da,2700,"derived: K/M ppm, K = tolerance x mass_limit_da of the stored window rows (H_artifact5_docs/precursor_accuracy_decidability.csv)",grid point of the drawn curve
Fig3,a,separation curve point 060,separation_ppm,6.577061037036617,"derived: K/M ppm, K = tolerance x mass_limit_da of the stored window rows (H_artifact5_docs/precursor_accuracy_decidability.csv)","K / mass_da, K = 10.0 x 1775.8064799998865 = 17758.064799998865 ppm x Da"
Fig3,a,separation curve point 061,mass_da,2750,"derived: K/M ppm, K = tolerance x mass_limit_da of the stored window rows (H_artifact5_docs/precursor_accuracy_decidability.csv)",grid point of the drawn curve
Fig3,a,separation curve point 061,separation_ppm,6.457478109090497,"derived: K/M ppm, K = tolerance x mass_limit_da of the stored window rows (H_artifact5_docs/precursor_accuracy_decidability.csv)","K / mass_da, K = 10.0 x 1775.8064799998865 = 17758.064799998865 ppm x Da"
Fig3,a,separation curve point 062,mass_da,2800,"derived: K/M ppm, K = tolerance x mass_limit_da of the stored window rows (H_artifact5_docs/precursor_accuracy_decidability.csv)",grid point of the drawn curve
Fig3,a,separation curve point 062,separation_ppm,6.342165999999595,"derived: K/M ppm, K = tolerance x mass_limit_da of the stored window rows (H_artifact5_docs/precursor_accuracy_decidability.csv)","K / mass_da, K = 10.0 x 1775.8064799998865 = 17758.064799998865 ppm x Da"
Fig3,a,separation curve point 063,mass_da,2850,"derived: K/M ppm, K = tolerance x mass_limit_da of the stored window rows (H_artifact5_docs/precursor_accuracy_decidability.csv)",grid point of the drawn curve
Fig3,a,separation curve point 063,separation_ppm,6.230899929824163,"derived: K/M ppm, K = tolerance x mass_limit_da of the stored window rows (H_artifact5_docs/precursor_accuracy_decidability.csv)","K / mass_da, K = 10.0 x 1775.8064799998865 = 17758.064799998865 ppm x Da"
Fig3,a,separation curve point 064,mass_da,2900,"derived: K/M ppm, K = tolerance x mass_limit_da of the stored window rows (H_artifact5_docs/precursor_accuracy_decidability.csv)",grid point of the drawn curve
Fig3,a,separation curve point 064,separation_ppm,6.123470620689264,"derived: K/M ppm, K = tolerance x mass_limit_da of the stored window rows (H_artifact5_docs/precursor_accuracy_decidability.csv)","K / mass_da, K = 10.0 x 1775.8064799998865 = 17758.064799998865 ppm x Da"
Fig3,a,separation curve point 065,mass_da,2950,"derived: K/M ppm, K = tolerance x mass_limit_da of the stored window rows (H_artifact5_docs/precursor_accuracy_decidability.csv)",grid point of the drawn curve
Fig3,a,separation curve point 065,separation_ppm,6.019682983050463,"derived: K/M ppm, K = tolerance x mass_limit_da of the stored window rows (H_artifact5_docs/precursor_accuracy_decidability.csv)","K / mass_da, K = 10.0 x 1775.8064799998865 = 17758.064799998865 ppm x Da"
Fig3,a,separation curve point 066,mass_da,3000,"derived: K/M ppm, K = tolerance x mass_limit_da of the stored window rows (H_artifact5_docs/precursor_accuracy_decidability.csv)",grid point of the drawn curve
Fig3,a,separation curve point 066,separation_ppm,5.919354933332955,"derived: K/M ppm, K = tolerance x mass_limit_da of the stored window rows (H_artifact5_docs/precursor_accuracy_decidability.csv)","K / mass_da, K = 10.0 x 1775.8064799998865 = 17758.064799998865 ppm x Da"
Fig3,a,separation curve point 067,mass_da,3050,"derived: K/M ppm, K = tolerance x mass_limit_da of the stored window rows (H_artifact5_docs/precursor_accuracy_decidability.csv)",grid point of the drawn curve
Fig3,a,separation curve point 067,separation_ppm,5.822316327868481,"derived: K/M ppm, K = tolerance x mass_limit_da of the stored window rows (H_artifact5_docs/precursor_accuracy_decidability.csv)","K / mass_da, K = 10.0 x 1775.8064799998865 = 17758.064799998865 ppm x Da"
Fig3,a,separation curve point 068,mass_da,3100,"derived: K/M ppm, K = tolerance x mass_limit_da of the stored window rows (H_artifact5_docs/precursor_accuracy_decidability.csv)",grid point of the drawn curve
Fig3,a,separation curve point 068,separation_ppm,5.728407999999634,"derived: K/M ppm, K = tolerance x mass_limit_da of the stored window rows (H_artifact5_docs/precursor_accuracy_decidability.csv)","K / mass_da, K = 10.0 x 1775.8064799998865 = 17758.064799998865 ppm x Da"
Fig3,a,separation curve point 069,mass_da,3150,"derived: K/M ppm, K = tolerance x mass_limit_da of the stored window rows (H_artifact5_docs/precursor_accuracy_decidability.csv)",grid point of the drawn curve
Fig3,a,separation curve point 069,separation_ppm,5.637480888888528,"derived: K/M ppm, K = tolerance x mass_limit_da of the stored window rows (H_artifact5_docs/precursor_accuracy_decidability.csv)","K / mass_da, K = 10.0 x 1775.8064799998865 = 17758.064799998865 ppm x Da"
Fig3,a,separation curve point 070,mass_da,3200,"derived: K/M ppm, K = tolerance x mass_limit_da of the stored window rows (H_artifact5_docs/precursor_accuracy_decidability.csv)",grid point of the drawn curve
Fig3,a,separation curve point 070,separation_ppm,5.5493952499996455,"derived: K/M ppm, K = tolerance x mass_limit_da of the stored window rows (H_artifact5_docs/precursor_accuracy_decidability.csv)","K / mass_da, K = 10.0 x 1775.8064799998865 = 17758.064799998865 ppm x Da"
Fig3,a,separation curve point 071,mass_da,3250,"derived: K/M ppm, K = tolerance x mass_limit_da of the stored window rows (H_artifact5_docs/precursor_accuracy_decidability.csv)",grid point of the drawn curve
Fig3,a,separation curve point 071,separation_ppm,5.464019938461189,"derived: K/M ppm, K = tolerance x mass_limit_da of the stored window rows (H_artifact5_docs/precursor_accuracy_decidability.csv)","K / mass_da, K = 10.0 x 1775.8064799998865 = 17758.064799998865 ppm x Da"
Fig3,a,separation curve point 072,mass_da,3300,"derived: K/M ppm, K = tolerance x mass_limit_da of the stored window rows (H_artifact5_docs/precursor_accuracy_decidability.csv)",grid point of the drawn curve
Fig3,a,separation curve point 072,separation_ppm,5.381231757575414,"derived: K/M ppm, K = tolerance x mass_limit_da of the stored window rows (H_artifact5_docs/precursor_accuracy_decidability.csv)","K / mass_da, K = 10.0 x 1775.8064799998865 = 17758.064799998865 ppm x Da"
Fig3,a,separation curve point 073,mass_da,3350,"derived: K/M ppm, K = tolerance x mass_limit_da of the stored window rows (H_artifact5_docs/precursor_accuracy_decidability.csv)",grid point of the drawn curve
Fig3,a,separation curve point 073,separation_ppm,5.300914865671303,"derived: K/M ppm, K = tolerance x mass_limit_da of the stored window rows (H_artifact5_docs/precursor_accuracy_decidability.csv)","K / mass_da, K = 10.0 x 1775.8064799998865 = 17758.064799998865 ppm x Da"
Fig3,a,separation curve point 074,mass_da,3400,"derived: K/M ppm, K = tolerance x mass_limit_da of the stored window rows (H_artifact5_docs/precursor_accuracy_decidability.csv)",grid point of the drawn curve
Fig3,a,separation curve point 074,separation_ppm,5.222960235293784,"derived: K/M ppm, K = tolerance x mass_limit_da of the stored window rows (H_artifact5_docs/precursor_accuracy_decidability.csv)","K / mass_da, K = 10.0 x 1775.8064799998865 = 17758.064799998865 ppm x Da"
Fig3,a,separation curve point 075,mass_da,3450,"derived: K/M ppm, K = tolerance x mass_limit_da of the stored window rows (H_artifact5_docs/precursor_accuracy_decidability.csv)",grid point of the drawn curve
Fig3,a,separation curve point 075,separation_ppm,5.147265159419961,"derived: K/M ppm, K = tolerance x mass_limit_da of the stored window rows (H_artifact5_docs/precursor_accuracy_decidability.csv)","K / mass_da, K = 10.0 x 1775.8064799998865 = 17758.064799998865 ppm x Da"
Fig3,a,separation curve point 076,mass_da,3500,"derived: K/M ppm, K = tolerance x mass_limit_da of the stored window rows (H_artifact5_docs/precursor_accuracy_decidability.csv)",grid point of the drawn curve
Fig3,a,separation curve point 076,separation_ppm,5.073732799999676,"derived: K/M ppm, K = tolerance x mass_limit_da of the stored window rows (H_artifact5_docs/precursor_accuracy_decidability.csv)","K / mass_da, K = 10.0 x 1775.8064799998865 = 17758.064799998865 ppm x Da"
Fig3,a,separation curve point 077,mass_da,3550,"derived: K/M ppm, K = tolerance x mass_limit_da of the stored window rows (H_artifact5_docs/precursor_accuracy_decidability.csv)",grid point of the drawn curve
Fig3,a,separation curve point 077,separation_ppm,5.002271774647568,"derived: K/M ppm, K = tolerance x mass_limit_da of the stored window rows (H_artifact5_docs/precursor_accuracy_decidability.csv)","K / mass_da, K = 10.0 x 1775.8064799998865 = 17758.064799998865 ppm x Da"
Fig3,a,separation curve point 078,mass_da,3600,"derived: K/M ppm, K = tolerance x mass_limit_da of the stored window rows (H_artifact5_docs/precursor_accuracy_decidability.csv)",grid point of the drawn curve
Fig3,a,separation curve point 078,separation_ppm,4.9327957777774625,"derived: K/M ppm, K = tolerance x mass_limit_da of the stored window rows (H_artifact5_docs/precursor_accuracy_decidability.csv)","K / mass_da, K = 10.0 x 1775.8064799998865 = 17758.064799998865 ppm x Da"
Fig3,a,separation curve point 079,mass_da,3650,"derived: K/M ppm, K = tolerance x mass_limit_da of the stored window rows (H_artifact5_docs/precursor_accuracy_decidability.csv)",grid point of the drawn curve
Fig3,a,separation curve point 079,separation_ppm,4.865223232876401,"derived: K/M ppm, K = tolerance x mass_limit_da of the stored window rows (H_artifact5_docs/precursor_accuracy_decidability.csv)","K / mass_da, K = 10.0 x 1775.8064799998865 = 17758.064799998865 ppm x Da"
Fig3,a,separation curve point 080,mass_da,3700,"derived: K/M ppm, K = tolerance x mass_limit_da of the stored window rows (H_artifact5_docs/precursor_accuracy_decidability.csv)",grid point of the drawn curve
Fig3,a,separation curve point 080,separation_ppm,4.799476972972666,"derived: K/M ppm, K = tolerance x mass_limit_da of the stored window rows (H_artifact5_docs/precursor_accuracy_decidability.csv)","K / mass_da, K = 10.0 x 1775.8064799998865 = 17758.064799998865 ppm x Da"
Fig3,a,separation curve point 081,mass_da,3750,"derived: K/M ppm, K = tolerance x mass_limit_da of the stored window rows (H_artifact5_docs/precursor_accuracy_decidability.csv)",grid point of the drawn curve
Fig3,a,separation curve point 081,separation_ppm,4.735483946666364,"derived: K/M ppm, K = tolerance x mass_limit_da of the stored window rows (H_artifact5_docs/precursor_accuracy_decidability.csv)","K / mass_da, K = 10.0 x 1775.8064799998865 = 17758.064799998865 ppm x Da"
Fig3,a,separation curve point 082,mass_da,3800,"derived: K/M ppm, K = tolerance x mass_limit_da of the stored window rows (H_artifact5_docs/precursor_accuracy_decidability.csv)",grid point of the drawn curve
Fig3,a,separation curve point 082,separation_ppm,4.673174947368122,"derived: K/M ppm, K = tolerance x mass_limit_da of the stored window rows (H_artifact5_docs/precursor_accuracy_decidability.csv)","K / mass_da, K = 10.0 x 1775.8064799998865 = 17758.064799998865 ppm x Da"
Fig3,a,separation curve point 083,mass_da,3850,"derived: K/M ppm, K = tolerance x mass_limit_da of the stored window rows (H_artifact5_docs/precursor_accuracy_decidability.csv)",grid point of the drawn curve
Fig3,a,separation curve point 083,separation_ppm,4.612484363636069,"derived: K/M ppm, K = tolerance x mass_limit_da of the stored window rows (H_artifact5_docs/precursor_accuracy_decidability.csv)","K / mass_da, K = 10.0 x 1775.8064799998865 = 17758.064799998865 ppm x Da"
Fig3,a,separation curve point 084,mass_da,3900,"derived: K/M ppm, K = tolerance x mass_limit_da of the stored window rows (H_artifact5_docs/precursor_accuracy_decidability.csv)",grid point of the drawn curve
Fig3,a,separation curve point 084,separation_ppm,4.553349948717658,"derived: K/M ppm, K = tolerance x mass_limit_da of the stored window rows (H_artifact5_docs/precursor_accuracy_decidability.csv)","K / mass_da, K = 10.0 x 1775.8064799998865 = 17758.064799998865 ppm x Da"
Fig3,a,separation curve point 085,mass_da,3950,"derived: K/M ppm, K = tolerance x mass_limit_da of the stored window rows (H_artifact5_docs/precursor_accuracy_decidability.csv)",grid point of the drawn curve
Fig3,a,separation curve point 085,separation_ppm,4.495712607594649,"derived: K/M ppm, K = tolerance x mass_limit_da of the stored window rows (H_artifact5_docs/precursor_accuracy_decidability.csv)","K / mass_da, K = 10.0 x 1775.8064799998865 = 17758.064799998865 ppm x Da"
Fig3,a,separation curve point 086,mass_da,4000,"derived: K/M ppm, K = tolerance x mass_limit_da of the stored window rows (H_artifact5_docs/precursor_accuracy_decidability.csv)",grid point of the drawn curve
Fig3,a,separation curve point 086,separation_ppm,4.439516199999717,"derived: K/M ppm, K = tolerance x mass_limit_da of the stored window rows (H_artifact5_docs/precursor_accuracy_decidability.csv)","K / mass_da, K = 10.0 x 1775.8064799998865 = 17758.064799998865 ppm x Da"
Fig3,a,separation curve point 087,mass_da,4050,"derived: K/M ppm, K = tolerance x mass_limit_da of the stored window rows (H_artifact5_docs/precursor_accuracy_decidability.csv)",grid point of the drawn curve
Fig3,a,separation curve point 087,separation_ppm,4.384707358024411,"derived: K/M ppm, K = tolerance x mass_limit_da of the stored window rows (H_artifact5_docs/precursor_accuracy_decidability.csv)","K / mass_da, K = 10.0 x 1775.8064799998865 = 17758.064799998865 ppm x Da"
Fig3,a,separation curve point 088,mass_da,4100,"derived: K/M ppm, K = tolerance x mass_limit_da of the stored window rows (H_artifact5_docs/precursor_accuracy_decidability.csv)",grid point of the drawn curve
Fig3,a,separation curve point 088,separation_ppm,4.331235317072894,"derived: K/M ppm, K = tolerance x mass_limit_da of the stored window rows (H_artifact5_docs/precursor_accuracy_decidability.csv)","K / mass_da, K = 10.0 x 1775.8064799998865 = 17758.064799998865 ppm x Da"
Fig3,a,separation curve point 089,mass_da,4150,"derived: K/M ppm, K = tolerance x mass_limit_da of the stored window rows (H_artifact5_docs/precursor_accuracy_decidability.csv)",grid point of the drawn curve
Fig3,a,separation curve point 089,separation_ppm,4.279051759035871,"derived: K/M ppm, K = tolerance x mass_limit_da of the stored window rows (H_artifact5_docs/precursor_accuracy_decidability.csv)","K / mass_da, K = 10.0 x 1775.8064799998865 = 17758.064799998865 ppm x Da"
Fig3,a,separation curve point 090,mass_da,4200,"derived: K/M ppm, K = tolerance x mass_limit_da of the stored window rows (H_artifact5_docs/precursor_accuracy_decidability.csv)",grid point of the drawn curve
Fig3,a,separation curve point 090,separation_ppm,4.228110666666397,"derived: K/M ppm, K = tolerance x mass_limit_da of the stored window rows (H_artifact5_docs/precursor_accuracy_decidability.csv)","K / mass_da, K = 10.0 x 1775.8064799998865 = 17758.064799998865 ppm x Da"
Fig3,a,separation curve point 091,mass_da,4250,"derived: K/M ppm, K = tolerance x mass_limit_da of the stored window rows (H_artifact5_docs/precursor_accuracy_decidability.csv)",grid point of the drawn curve
Fig3,a,separation curve point 091,separation_ppm,4.178368188235027,"derived: K/M ppm, K = tolerance x mass_limit_da of the stored window rows (H_artifact5_docs/precursor_accuracy_decidability.csv)","K / mass_da, K = 10.0 x 1775.8064799998865 = 17758.064799998865 ppm x Da"
Fig3,a,separation curve point 092,mass_da,4300,"derived: K/M ppm, K = tolerance x mass_limit_da of the stored window rows (H_artifact5_docs/precursor_accuracy_decidability.csv)",grid point of the drawn curve
Fig3,a,separation curve point 092,separation_ppm,4.129782511627643,"derived: K/M ppm, K = tolerance x mass_limit_da of the stored window rows (H_artifact5_docs/precursor_accuracy_decidability.csv)","K / mass_da, K = 10.0 x 1775.8064799998865 = 17758.064799998865 ppm x Da"
Fig3,a,separation curve point 093,mass_da,4350,"derived: K/M ppm, K = tolerance x mass_limit_da of the stored window rows (H_artifact5_docs/precursor_accuracy_decidability.csv)",grid point of the drawn curve
Fig3,a,separation curve point 093,separation_ppm,4.082313747126176,"derived: K/M ppm, K = tolerance x mass_limit_da of the stored window rows (H_artifact5_docs/precursor_accuracy_decidability.csv)","K / mass_da, K = 10.0 x 1775.8064799998865 = 17758.064799998865 ppm x Da"
Fig3,a,separation curve point 094,mass_da,4400,"derived: K/M ppm, K = tolerance x mass_limit_da of the stored window rows (H_artifact5_docs/precursor_accuracy_decidability.csv)",grid point of the drawn curve
Fig3,a,separation curve point 094,separation_ppm,4.03592381818156,"derived: K/M ppm, K = tolerance x mass_limit_da of the stored window rows (H_artifact5_docs/precursor_accuracy_decidability.csv)","K / mass_da, K = 10.0 x 1775.8064799998865 = 17758.064799998865 ppm x Da"
Fig3,a,separation curve point 095,mass_da,4450,"derived: K/M ppm, K = tolerance x mass_limit_da of the stored window rows (H_artifact5_docs/precursor_accuracy_decidability.csv)",grid point of the drawn curve
Fig3,a,separation curve point 095,separation_ppm,3.9905763595503068,"derived: K/M ppm, K = tolerance x mass_limit_da of the stored window rows (H_artifact5_docs/precursor_accuracy_decidability.csv)","K / mass_da, K = 10.0 x 1775.8064799998865 = 17758.064799998865 ppm x Da"
Fig3,a,separation curve point 096,mass_da,4500,"derived: K/M ppm, K = tolerance x mass_limit_da of the stored window rows (H_artifact5_docs/precursor_accuracy_decidability.csv)",grid point of the drawn curve
Fig3,a,separation curve point 096,separation_ppm,3.94623662222197,"derived: K/M ppm, K = tolerance x mass_limit_da of the stored window rows (H_artifact5_docs/precursor_accuracy_decidability.csv)","K / mass_da, K = 10.0 x 1775.8064799998865 = 17758.064799998865 ppm x Da"
Fig3,a,separation curve point 097,mass_da,4550,"derived: K/M ppm, K = tolerance x mass_limit_da of the stored window rows (H_artifact5_docs/precursor_accuracy_decidability.csv)",grid point of the drawn curve
Fig3,a,separation curve point 097,separation_ppm,3.902871384615135,"derived: K/M ppm, K = tolerance x mass_limit_da of the stored window rows (H_artifact5_docs/precursor_accuracy_decidability.csv)","K / mass_da, K = 10.0 x 1775.8064799998865 = 17758.064799998865 ppm x Da"
Fig3,a,separation curve point 098,mass_da,4600,"derived: K/M ppm, K = tolerance x mass_limit_da of the stored window rows (H_artifact5_docs/precursor_accuracy_decidability.csv)",grid point of the drawn curve
Fig3,a,separation curve point 098,separation_ppm,3.8604488695649706,"derived: K/M ppm, K = tolerance x mass_limit_da of the stored window rows (H_artifact5_docs/precursor_accuracy_decidability.csv)","K / mass_da, K = 10.0 x 1775.8064799998865 = 17758.064799998865 ppm x Da"
Fig3,a,separation curve point 099,mass_da,4650,"derived: K/M ppm, K = tolerance x mass_limit_da of the stored window rows (H_artifact5_docs/precursor_accuracy_decidability.csv)",grid point of the drawn curve
Fig3,a,separation curve point 099,separation_ppm,3.8189386666664227,"derived: K/M ppm, K = tolerance x mass_limit_da of the stored window rows (H_artifact5_docs/precursor_accuracy_decidability.csv)","K / mass_da, K = 10.0 x 1775.8064799998865 = 17758.064799998865 ppm x Da"
Fig3,a,separation curve point 100,mass_da,4700,"derived: K/M ppm, K = tolerance x mass_limit_da of the stored window rows (H_artifact5_docs/precursor_accuracy_decidability.csv)",grid point of the drawn curve
Fig3,a,separation curve point 100,separation_ppm,3.7783116595742268,"derived: K/M ppm, K = tolerance x mass_limit_da of the stored window rows (H_artifact5_docs/precursor_accuracy_decidability.csv)","K / mass_da, K = 10.0 x 1775.8064799998865 = 17758.064799998865 ppm x Da"
Fig3,a,separation curve point 101,mass_da,4750,"derived: K/M ppm, K = tolerance x mass_limit_da of the stored window rows (H_artifact5_docs/precursor_accuracy_decidability.csv)",grid point of the drawn curve
Fig3,a,separation curve point 101,separation_ppm,3.738539957894498,"derived: K/M ppm, K = tolerance x mass_limit_da of the stored window rows (H_artifact5_docs/precursor_accuracy_decidability.csv)","K / mass_da, K = 10.0 x 1775.8064799998865 = 17758.064799998865 ppm x Da"
Fig3,a,separation curve point 102,mass_da,4800,"derived: K/M ppm, K = tolerance x mass_limit_da of the stored window rows (H_artifact5_docs/precursor_accuracy_decidability.csv)",grid point of the drawn curve
Fig3,a,separation curve point 102,separation_ppm,3.699596833333097,"derived: K/M ppm, K = tolerance x mass_limit_da of the stored window rows (H_artifact5_docs/precursor_accuracy_decidability.csv)","K / mass_da, K = 10.0 x 1775.8064799998865 = 17758.064799998865 ppm x Da"
Fig3,a,separation curve point 103,mass_da,4850,"derived: K/M ppm, K = tolerance x mass_limit_da of the stored window rows (H_artifact5_docs/precursor_accuracy_decidability.csv)",grid point of the drawn curve
Fig3,a,separation curve point 103,separation_ppm,3.6614566597935805,"derived: K/M ppm, K = tolerance x mass_limit_da of the stored window rows (H_artifact5_docs/precursor_accuracy_decidability.csv)","K / mass_da, K = 10.0 x 1775.8064799998865 = 17758.064799998865 ppm x Da"
Fig3,a,separation curve point 104,mass_da,4900,"derived: K/M ppm, K = tolerance x mass_limit_da of the stored window rows (H_artifact5_docs/precursor_accuracy_decidability.csv)",grid point of the drawn curve
Fig3,a,separation curve point 104,separation_ppm,3.6240948571426257,"derived: K/M ppm, K = tolerance x mass_limit_da of the stored window rows (H_artifact5_docs/precursor_accuracy_decidability.csv)","K / mass_da, K = 10.0 x 1775.8064799998865 = 17758.064799998865 ppm x Da"
Fig3,a,separation curve point 105,mass_da,4950,"derived: K/M ppm, K = tolerance x mass_limit_da of the stored window rows (H_artifact5_docs/precursor_accuracy_decidability.csv)",grid point of the drawn curve
Fig3,a,separation curve point 105,separation_ppm,3.587487838383609,"derived: K/M ppm, K = tolerance x mass_limit_da of the stored window rows (H_artifact5_docs/precursor_accuracy_decidability.csv)","K / mass_da, K = 10.0 x 1775.8064799998865 = 17758.064799998865 ppm x Da"
Fig3,a,separation curve point 106,mass_da,5000,"derived: K/M ppm, K = tolerance x mass_limit_da of the stored window rows (H_artifact5_docs/precursor_accuracy_decidability.csv)",grid point of the drawn curve
Fig3,a,separation curve point 106,separation_ppm,3.551612959999773,"derived: K/M ppm, K = tolerance x mass_limit_da of the stored window rows (H_artifact5_docs/precursor_accuracy_decidability.csv)","K / mass_da, K = 10.0 x 1775.8064799998865 = 17758.064799998865 ppm x Da"
Fig3,a,separation curve point 107,mass_da,5100,"derived: K/M ppm, K = tolerance x mass_limit_da of the stored window rows (H_artifact5_docs/precursor_accuracy_decidability.csv)",grid point of the drawn curve
Fig3,a,separation curve point 107,separation_ppm,3.481973490195856,"derived: K/M ppm, K = tolerance x mass_limit_da of the stored window rows (H_artifact5_docs/precursor_accuracy_decidability.csv)","K / mass_da, K = 10.0 x 1775.8064799998865 = 17758.064799998865 ppm x Da"
Fig3,a,separation curve point 108,mass_da,5200,"derived: K/M ppm, K = tolerance x mass_limit_da of the stored window rows (H_artifact5_docs/precursor_accuracy_decidability.csv)",grid point of the drawn curve
Fig3,a,separation curve point 108,separation_ppm,3.415012461538243,"derived: K/M ppm, K = tolerance x mass_limit_da of the stored window rows (H_artifact5_docs/precursor_accuracy_decidability.csv)","K / mass_da, K = 10.0 x 1775.8064799998865 = 17758.064799998865 ppm x Da"
Fig3,a,separation curve point 109,mass_da,5300,"derived: K/M ppm, K = tolerance x mass_limit_da of the stored window rows (H_artifact5_docs/precursor_accuracy_decidability.csv)",grid point of the drawn curve
Fig3,a,separation curve point 109,separation_ppm,3.3505782641507293,"derived: K/M ppm, K = tolerance x mass_limit_da of the stored window rows (H_artifact5_docs/precursor_accuracy_decidability.csv)","K / mass_da, K = 10.0 x 1775.8064799998865 = 17758.064799998865 ppm x Da"
Fig3,a,separation curve point 110,mass_da,5400,"derived: K/M ppm, K = tolerance x mass_limit_da of the stored window rows (H_artifact5_docs/precursor_accuracy_decidability.csv)",grid point of the drawn curve
Fig3,a,separation curve point 110,separation_ppm,3.2885305185183085,"derived: K/M ppm, K = tolerance x mass_limit_da of the stored window rows (H_artifact5_docs/precursor_accuracy_decidability.csv)","K / mass_da, K = 10.0 x 1775.8064799998865 = 17758.064799998865 ppm x Da"
Fig3,a,separation curve point 111,mass_da,5500,"derived: K/M ppm, K = tolerance x mass_limit_da of the stored window rows (H_artifact5_docs/precursor_accuracy_decidability.csv)",grid point of the drawn curve
Fig3,a,separation curve point 111,separation_ppm,3.2287390545452483,"derived: K/M ppm, K = tolerance x mass_limit_da of the stored window rows (H_artifact5_docs/precursor_accuracy_decidability.csv)","K / mass_da, K = 10.0 x 1775.8064799998865 = 17758.064799998865 ppm x Da"
Fig3,a,separation curve point 112,mass_da,5600,"derived: K/M ppm, K = tolerance x mass_limit_da of the stored window rows (H_artifact5_docs/precursor_accuracy_decidability.csv)",grid point of the drawn curve
Fig3,a,separation curve point 112,separation_ppm,3.1710829999997974,"derived: K/M ppm, K = tolerance x mass_limit_da of the stored window rows (H_artifact5_docs/precursor_accuracy_decidability.csv)","K / mass_da, K = 10.0 x 1775.8064799998865 = 17758.064799998865 ppm x Da"
Fig3,a,separation curve point 113,mass_da,5700,"derived: K/M ppm, K = tolerance x mass_limit_da of the stored window rows (H_artifact5_docs/precursor_accuracy_decidability.csv)",grid point of the drawn curve
Fig3,a,separation curve point 113,separation_ppm,3.1154499649120817,"derived: K/M ppm, K = tolerance x mass_limit_da of the stored window rows (H_artifact5_docs/precursor_accuracy_decidability.csv)","K / mass_da, K = 10.0 x 1775.8064799998865 = 17758.064799998865 ppm x Da"
Fig3,a,separation curve point 114,mass_da,5800,"derived: K/M ppm, K = tolerance x mass_limit_da of the stored window rows (H_artifact5_docs/precursor_accuracy_decidability.csv)",grid point of the drawn curve
Fig3,a,separation curve point 114,separation_ppm,3.061735310344632,"derived: K/M ppm, K = tolerance x mass_limit_da of the stored window rows (H_artifact5_docs/precursor_accuracy_decidability.csv)","K / mass_da, K = 10.0 x 1775.8064799998865 = 17758.064799998865 ppm x Da"
Fig3,a,separation curve point 115,mass_da,5900,"derived: K/M ppm, K = tolerance x mass_limit_da of the stored window rows (H_artifact5_docs/precursor_accuracy_decidability.csv)",grid point of the drawn curve
Fig3,a,separation curve point 115,separation_ppm,3.0098414915252314,"derived: K/M ppm, K = tolerance x mass_limit_da of the stored window rows (H_artifact5_docs/precursor_accuracy_decidability.csv)","K / mass_da, K = 10.0 x 1775.8064799998865 = 17758.064799998865 ppm x Da"
Fig3,a,separation curve point 116,mass_da,6000,"derived: K/M ppm, K = tolerance x mass_limit_da of the stored window rows (H_artifact5_docs/precursor_accuracy_decidability.csv)",grid point of the drawn curve
Fig3,a,separation curve point 116,separation_ppm,2.9596774666664776,"derived: K/M ppm, K = tolerance x mass_limit_da of the stored window rows (H_artifact5_docs/precursor_accuracy_decidability.csv)","K / mass_da, K = 10.0 x 1775.8064799998865 = 17758.064799998865 ppm x Da"
Fig3,a,separation curve point 117,mass_da,6100,"derived: K/M ppm, K = tolerance x mass_limit_da of the stored window rows (H_artifact5_docs/precursor_accuracy_decidability.csv)",grid point of the drawn curve
Fig3,a,separation curve point 117,separation_ppm,2.9111581639342403,"derived: K/M ppm, K = tolerance x mass_limit_da of the stored window rows (H_artifact5_docs/precursor_accuracy_decidability.csv)","K / mass_da, K = 10.0 x 1775.8064799998865 = 17758.064799998865 ppm x Da"
Fig3,a,separation curve point 118,mass_da,6200,"derived: K/M ppm, K = tolerance x mass_limit_da of the stored window rows (H_artifact5_docs/precursor_accuracy_decidability.csv)",grid point of the drawn curve
Fig3,a,separation curve point 118,separation_ppm,2.864203999999817,"derived: K/M ppm, K = tolerance x mass_limit_da of the stored window rows (H_artifact5_docs/precursor_accuracy_decidability.csv)","K / mass_da, K = 10.0 x 1775.8064799998865 = 17758.064799998865 ppm x Da"
Fig3,a,separation curve point 119,mass_da,6300,"derived: K/M ppm, K = tolerance x mass_limit_da of the stored window rows (H_artifact5_docs/precursor_accuracy_decidability.csv)",grid point of the drawn curve
Fig3,a,separation curve point 119,separation_ppm,2.818740444444264,"derived: K/M ppm, K = tolerance x mass_limit_da of the stored window rows (H_artifact5_docs/precursor_accuracy_decidability.csv)","K / mass_da, K = 10.0 x 1775.8064799998865 = 17758.064799998865 ppm x Da"
Fig3,a,separation curve point 120,mass_da,6400,"derived: K/M ppm, K = tolerance x mass_limit_da of the stored window rows (H_artifact5_docs/precursor_accuracy_decidability.csv)",grid point of the drawn curve
Fig3,a,separation curve point 120,separation_ppm,2.7746976249998228,"derived: K/M ppm, K = tolerance x mass_limit_da of the stored window rows (H_artifact5_docs/precursor_accuracy_decidability.csv)","K / mass_da, K = 10.0 x 1775.8064799998865 = 17758.064799998865 ppm x Da"
Fig3,a,separation curve point 121,mass_da,6500,"derived: K/M ppm, K = tolerance x mass_limit_da of the stored window rows (H_artifact5_docs/precursor_accuracy_decidability.csv)",grid point of the drawn curve
Fig3,a,separation curve point 121,separation_ppm,2.7320099692305946,"derived: K/M ppm, K = tolerance x mass_limit_da of the stored window rows (H_artifact5_docs/precursor_accuracy_decidability.csv)","K / mass_da, K = 10.0 x 1775.8064799998865 = 17758.064799998865 ppm x Da"
Fig3,a,separation curve point 122,mass_da,6600,"derived: K/M ppm, K = tolerance x mass_limit_da of the stored window rows (H_artifact5_docs/precursor_accuracy_decidability.csv)",grid point of the drawn curve
Fig3,a,separation curve point 122,separation_ppm,2.690615878787707,"derived: K/M ppm, K = tolerance x mass_limit_da of the stored window rows (H_artifact5_docs/precursor_accuracy_decidability.csv)","K / mass_da, K = 10.0 x 1775.8064799998865 = 17758.064799998865 ppm x Da"
Fig3,a,separation curve point 123,mass_da,6700,"derived: K/M ppm, K = tolerance x mass_limit_da of the stored window rows (H_artifact5_docs/precursor_accuracy_decidability.csv)",grid point of the drawn curve
Fig3,a,separation curve point 123,separation_ppm,2.6504574328356516,"derived: K/M ppm, K = tolerance x mass_limit_da of the stored window rows (H_artifact5_docs/precursor_accuracy_decidability.csv)","K / mass_da, K = 10.0 x 1775.8064799998865 = 17758.064799998865 ppm x Da"
Fig3,a,separation curve point 124,mass_da,6800,"derived: K/M ppm, K = tolerance x mass_limit_da of the stored window rows (H_artifact5_docs/precursor_accuracy_decidability.csv)",grid point of the drawn curve
Fig3,a,separation curve point 124,separation_ppm,2.611480117646892,"derived: K/M ppm, K = tolerance x mass_limit_da of the stored window rows (H_artifact5_docs/precursor_accuracy_decidability.csv)","K / mass_da, K = 10.0 x 1775.8064799998865 = 17758.064799998865 ppm x Da"
Fig3,a,separation curve point 125,mass_da,6900,"derived: K/M ppm, K = tolerance x mass_limit_da of the stored window rows (H_artifact5_docs/precursor_accuracy_decidability.csv)",grid point of the drawn curve
Fig3,a,separation curve point 125,separation_ppm,2.5736325797099804,"derived: K/M ppm, K = tolerance x mass_limit_da of the stored window rows (H_artifact5_docs/precursor_accuracy_decidability.csv)","K / mass_da, K = 10.0 x 1775.8064799998865 = 17758.064799998865 ppm x Da"
Fig3,a,separation curve point 126,mass_da,7000,"derived: K/M ppm, K = tolerance x mass_limit_da of the stored window rows (H_artifact5_docs/precursor_accuracy_decidability.csv)",grid point of the drawn curve
Fig3,a,separation curve point 126,separation_ppm,2.536866399999838,"derived: K/M ppm, K = tolerance x mass_limit_da of the stored window rows (H_artifact5_docs/precursor_accuracy_decidability.csv)","K / mass_da, K = 10.0 x 1775.8064799998865 = 17758.064799998865 ppm x Da"
Fig3,a,separation curve point 127,mass_da,7100,"derived: K/M ppm, K = tolerance x mass_limit_da of the stored window rows (H_artifact5_docs/precursor_accuracy_decidability.csv)",grid point of the drawn curve
Fig3,a,separation curve point 127,separation_ppm,2.501135887323784,"derived: K/M ppm, K = tolerance x mass_limit_da of the stored window rows (H_artifact5_docs/precursor_accuracy_decidability.csv)","K / mass_da, K = 10.0 x 1775.8064799998865 = 17758.064799998865 ppm x Da"
Fig3,a,separation curve point 128,mass_da,7200,"derived: K/M ppm, K = tolerance x mass_limit_da of the stored window rows (H_artifact5_docs/precursor_accuracy_decidability.csv)",grid point of the drawn curve
Fig3,a,separation curve point 128,separation_ppm,2.4663978888887312,"derived: K/M ppm, K = tolerance x mass_limit_da of the stored window rows (H_artifact5_docs/precursor_accuracy_decidability.csv)","K / mass_da, K = 10.0 x 1775.8064799998865 = 17758.064799998865 ppm x Da"
Fig3,a,separation curve point 129,mass_da,7300,"derived: K/M ppm, K = tolerance x mass_limit_da of the stored window rows (H_artifact5_docs/precursor_accuracy_decidability.csv)",grid point of the drawn curve
Fig3,a,separation curve point 129,separation_ppm,2.4326116164382006,"derived: K/M ppm, K = tolerance x mass_limit_da of the stored window rows (H_artifact5_docs/precursor_accuracy_decidability.csv)","K / mass_da, K = 10.0 x 1775.8064799998865 = 17758.064799998865 ppm x Da"
Fig3,a,separation curve point 130,mass_da,7400,"derived: K/M ppm, K = tolerance x mass_limit_da of the stored window rows (H_artifact5_docs/precursor_accuracy_decidability.csv)",grid point of the drawn curve
Fig3,a,separation curve point 130,separation_ppm,2.399738486486333,"derived: K/M ppm, K = tolerance x mass_limit_da of the stored window rows (H_artifact5_docs/precursor_accuracy_decidability.csv)","K / mass_da, K = 10.0 x 1775.8064799998865 = 17758.064799998865 ppm x Da"
Fig3,a,separation curve point 131,mass_da,7500,"derived: K/M ppm, K = tolerance x mass_limit_da of the stored window rows (H_artifact5_docs/precursor_accuracy_decidability.csv)",grid point of the drawn curve
Fig3,a,separation curve point 131,separation_ppm,2.367741973333182,"derived: K/M ppm, K = tolerance x mass_limit_da of the stored window rows (H_artifact5_docs/precursor_accuracy_decidability.csv)","K / mass_da, K = 10.0 x 1775.8064799998865 = 17758.064799998865 ppm x Da"
Fig3,a,separation curve point 132,mass_da,7600,"derived: K/M ppm, K = tolerance x mass_limit_da of the stored window rows (H_artifact5_docs/precursor_accuracy_decidability.csv)",grid point of the drawn curve
Fig3,a,separation curve point 132,separation_ppm,2.336587473684061,"derived: K/M ppm, K = tolerance x mass_limit_da of the stored window rows (H_artifact5_docs/precursor_accuracy_decidability.csv)","K / mass_da, K = 10.0 x 1775.8064799998865 = 17758.064799998865 ppm x Da"
Fig3,a,separation curve point 133,mass_da,7700,"derived: K/M ppm, K = tolerance x mass_limit_da of the stored window rows (H_artifact5_docs/precursor_accuracy_decidability.csv)",grid point of the drawn curve
Fig3,a,separation curve point 133,separation_ppm,2.3062421818180345,"derived: K/M ppm, K = tolerance x mass_limit_da of the stored window rows (H_artifact5_docs/precursor_accuracy_decidability.csv)","K / mass_da, K = 10.0 x 1775.8064799998865 = 17758.064799998865 ppm x Da"
Fig3,a,separation curve point 134,mass_da,7800,"derived: K/M ppm, K = tolerance x mass_limit_da of the stored window rows (H_artifact5_docs/precursor_accuracy_decidability.csv)",grid point of the drawn curve
Fig3,a,separation curve point 134,separation_ppm,2.276674974358829,"derived: K/M ppm, K = tolerance x mass_limit_da of the stored window rows (H_artifact5_docs/precursor_accuracy_decidability.csv)","K / mass_da, K = 10.0 x 1775.8064799998865 = 17758.064799998865 ppm x Da"
Fig3,a,separation curve point 135,mass_da,7900,"derived: K/M ppm, K = tolerance x mass_limit_da of the stored window rows (H_artifact5_docs/precursor_accuracy_decidability.csv)",grid point of the drawn curve
Fig3,a,separation curve point 135,separation_ppm,2.2478563037973247,"derived: K/M ppm, K = tolerance x mass_limit_da of the stored window rows (H_artifact5_docs/precursor_accuracy_decidability.csv)","K / mass_da, K = 10.0 x 1775.8064799998865 = 17758.064799998865 ppm x Da"
Fig3,a,separation curve point 136,mass_da,8000,"derived: K/M ppm, K = tolerance x mass_limit_da of the stored window rows (H_artifact5_docs/precursor_accuracy_decidability.csv)",grid point of the drawn curve
Fig3,a,separation curve point 136,separation_ppm,2.2197580999998583,"derived: K/M ppm, K = tolerance x mass_limit_da of the stored window rows (H_artifact5_docs/precursor_accuracy_decidability.csv)","K / mass_da, K = 10.0 x 1775.8064799998865 = 17758.064799998865 ppm x Da"
Fig3,a,separation curve point 137,mass_da,8100,"derived: K/M ppm, K = tolerance x mass_limit_da of the stored window rows (H_artifact5_docs/precursor_accuracy_decidability.csv)",grid point of the drawn curve
Fig3,a,separation curve point 137,separation_ppm,2.1923536790122053,"derived: K/M ppm, K = tolerance x mass_limit_da of the stored window rows (H_artifact5_docs/precursor_accuracy_decidability.csv)","K / mass_da, K = 10.0 x 1775.8064799998865 = 17758.064799998865 ppm x Da"
Fig3,a,separation curve point 138,mass_da,8200,"derived: K/M ppm, K = tolerance x mass_limit_da of the stored window rows (H_artifact5_docs/precursor_accuracy_decidability.csv)",grid point of the drawn curve
Fig3,a,separation curve point 138,separation_ppm,2.165617658536447,"derived: K/M ppm, K = tolerance x mass_limit_da of the stored window rows (H_artifact5_docs/precursor_accuracy_decidability.csv)","K / mass_da, K = 10.0 x 1775.8064799998865 = 17758.064799998865 ppm x Da"
Fig3,a,separation curve point 139,mass_da,8300,"derived: K/M ppm, K = tolerance x mass_limit_da of the stored window rows (H_artifact5_docs/precursor_accuracy_decidability.csv)",grid point of the drawn curve
Fig3,a,separation curve point 139,separation_ppm,2.1395258795179357,"derived: K/M ppm, K = tolerance x mass_limit_da of the stored window rows (H_artifact5_docs/precursor_accuracy_decidability.csv)","K / mass_da, K = 10.0 x 1775.8064799998865 = 17758.064799998865 ppm x Da"
Fig3,a,separation curve point 140,mass_da,8400,"derived: K/M ppm, K = tolerance x mass_limit_da of the stored window rows (H_artifact5_docs/precursor_accuracy_decidability.csv)",grid point of the drawn curve
Fig3,a,separation curve point 140,separation_ppm,2.1140553333331984,"derived: K/M ppm, K = tolerance x mass_limit_da of the stored window rows (H_artifact5_docs/precursor_accuracy_decidability.csv)","K / mass_da, K = 10.0 x 1775.8064799998865 = 17758.064799998865 ppm x Da"
Fig3,a,separation curve point 141,mass_da,8500,"derived: K/M ppm, K = tolerance x mass_limit_da of the stored window rows (H_artifact5_docs/precursor_accuracy_decidability.csv)",grid point of the drawn curve
Fig3,a,separation curve point 141,separation_ppm,2.0891840941175137,"derived: K/M ppm, K = tolerance x mass_limit_da of the stored window rows (H_artifact5_docs/precursor_accuracy_decidability.csv)","K / mass_da, K = 10.0 x 1775.8064799998865 = 17758.064799998865 ppm x Da"
Fig3,a,separation curve point 142,mass_da,8600,"derived: K/M ppm, K = tolerance x mass_limit_da of the stored window rows (H_artifact5_docs/precursor_accuracy_decidability.csv)",grid point of the drawn curve
Fig3,a,separation curve point 142,separation_ppm,2.0648912558138215,"derived: K/M ppm, K = tolerance x mass_limit_da of the stored window rows (H_artifact5_docs/precursor_accuracy_decidability.csv)","K / mass_da, K = 10.0 x 1775.8064799998865 = 17758.064799998865 ppm x Da"
Fig3,a,separation curve point 143,mass_da,8700,"derived: K/M ppm, K = tolerance x mass_limit_da of the stored window rows (H_artifact5_docs/precursor_accuracy_decidability.csv)",grid point of the drawn curve
Fig3,a,separation curve point 143,separation_ppm,2.041156873563088,"derived: K/M ppm, K = tolerance x mass_limit_da of the stored window rows (H_artifact5_docs/precursor_accuracy_decidability.csv)","K / mass_da, K = 10.0 x 1775.8064799998865 = 17758.064799998865 ppm x Da"
Fig3,a,separation curve point 144,mass_da,8800,"derived: K/M ppm, K = tolerance x mass_limit_da of the stored window rows (H_artifact5_docs/precursor_accuracy_decidability.csv)",grid point of the drawn curve
Fig3,a,separation curve point 144,separation_ppm,2.01796190909078,"derived: K/M ppm, K = tolerance x mass_limit_da of the stored window rows (H_artifact5_docs/precursor_accuracy_decidability.csv)","K / mass_da, K = 10.0 x 1775.8064799998865 = 17758.064799998865 ppm x Da"
Fig3,a,separation curve point 145,mass_da,8900,"derived: K/M ppm, K = tolerance x mass_limit_da of the stored window rows (H_artifact5_docs/precursor_accuracy_decidability.csv)",grid point of the drawn curve
Fig3,a,separation curve point 145,separation_ppm,1.9952881797751534,"derived: K/M ppm, K = tolerance x mass_limit_da of the stored window rows (H_artifact5_docs/precursor_accuracy_decidability.csv)","K / mass_da, K = 10.0 x 1775.8064799998865 = 17758.064799998865 ppm x Da"
Fig3,a,separation curve point 146,mass_da,9000,"derived: K/M ppm, K = tolerance x mass_limit_da of the stored window rows (H_artifact5_docs/precursor_accuracy_decidability.csv)",grid point of the drawn curve
Fig3,a,separation curve point 146,separation_ppm,1.973118311110985,"derived: K/M ppm, K = tolerance x mass_limit_da of the stored window rows (H_artifact5_docs/precursor_accuracy_decidability.csv)","K / mass_da, K = 10.0 x 1775.8064799998865 = 17758.064799998865 ppm x Da"
Fig3,a,separation curve point 147,mass_da,9100,"derived: K/M ppm, K = tolerance x mass_limit_da of the stored window rows (H_artifact5_docs/precursor_accuracy_decidability.csv)",grid point of the drawn curve
Fig3,a,separation curve point 147,separation_ppm,1.9514356923075675,"derived: K/M ppm, K = tolerance x mass_limit_da of the stored window rows (H_artifact5_docs/precursor_accuracy_decidability.csv)","K / mass_da, K = 10.0 x 1775.8064799998865 = 17758.064799998865 ppm x Da"
Fig3,a,separation curve point 148,mass_da,9200,"derived: K/M ppm, K = tolerance x mass_limit_da of the stored window rows (H_artifact5_docs/precursor_accuracy_decidability.csv)",grid point of the drawn curve
Fig3,a,separation curve point 148,separation_ppm,1.9302244347824853,"derived: K/M ppm, K = tolerance x mass_limit_da of the stored window rows (H_artifact5_docs/precursor_accuracy_decidability.csv)","K / mass_da, K = 10.0 x 1775.8064799998865 = 17758.064799998865 ppm x Da"
Fig3,a,separation curve point 149,mass_da,9300,"derived: K/M ppm, K = tolerance x mass_limit_da of the stored window rows (H_artifact5_docs/precursor_accuracy_decidability.csv)",grid point of the drawn curve
Fig3,a,separation curve point 149,separation_ppm,1.9094693333332113,"derived: K/M ppm, K = tolerance x mass_limit_da of the stored window rows (H_artifact5_docs/precursor_accuracy_decidability.csv)","K / mass_da, K = 10.0 x 1775.8064799998865 = 17758.064799998865 ppm x Da"
Fig3,a,separation curve point 150,mass_da,9400,"derived: K/M ppm, K = tolerance x mass_limit_da of the stored window rows (H_artifact5_docs/precursor_accuracy_decidability.csv)",grid point of the drawn curve
Fig3,a,separation curve point 150,separation_ppm,1.8891558297871134,"derived: K/M ppm, K = tolerance x mass_limit_da of the stored window rows (H_artifact5_docs/precursor_accuracy_decidability.csv)","K / mass_da, K = 10.0 x 1775.8064799998865 = 17758.064799998865 ppm x Da"
Fig3,a,separation curve point 151,mass_da,9500,"derived: K/M ppm, K = tolerance x mass_limit_da of the stored window rows (H_artifact5_docs/precursor_accuracy_decidability.csv)",grid point of the drawn curve
Fig3,a,separation curve point 151,separation_ppm,1.869269978947249,"derived: K/M ppm, K = tolerance x mass_limit_da of the stored window rows (H_artifact5_docs/precursor_accuracy_decidability.csv)","K / mass_da, K = 10.0 x 1775.8064799998865 = 17758.064799998865 ppm x Da"
Fig3,a,separation curve point 152,mass_da,9600,"derived: K/M ppm, K = tolerance x mass_limit_da of the stored window rows (H_artifact5_docs/precursor_accuracy_decidability.csv)",grid point of the drawn curve
Fig3,a,separation curve point 152,separation_ppm,1.8497984166665484,"derived: K/M ppm, K = tolerance x mass_limit_da of the stored window rows (H_artifact5_docs/precursor_accuracy_decidability.csv)","K / mass_da, K = 10.0 x 1775.8064799998865 = 17758.064799998865 ppm x Da"
Fig3,a,separation curve point 153,mass_da,9700,"derived: K/M ppm, K = tolerance x mass_limit_da of the stored window rows (H_artifact5_docs/precursor_accuracy_decidability.csv)",grid point of the drawn curve
Fig3,a,separation curve point 153,separation_ppm,1.8307283298967902,"derived: K/M ppm, K = tolerance x mass_limit_da of the stored window rows (H_artifact5_docs/precursor_accuracy_decidability.csv)","K / mass_da, K = 10.0 x 1775.8064799998865 = 17758.064799998865 ppm x Da"
Fig3,a,separation curve point 154,mass_da,9800,"derived: K/M ppm, K = tolerance x mass_limit_da of the stored window rows (H_artifact5_docs/precursor_accuracy_decidability.csv)",grid point of the drawn curve
Fig3,a,separation curve point 154,separation_ppm,1.8120474285713128,"derived: K/M ppm, K = tolerance x mass_limit_da of the stored window rows (H_artifact5_docs/precursor_accuracy_decidability.csv)","K / mass_da, K = 10.0 x 1775.8064799998865 = 17758.064799998865 ppm x Da"
Fig3,a,separation curve point 155,mass_da,9900,"derived: K/M ppm, K = tolerance x mass_limit_da of the stored window rows (H_artifact5_docs/precursor_accuracy_decidability.csv)",grid point of the drawn curve
Fig3,a,separation curve point 155,separation_ppm,1.7937439191918045,"derived: K/M ppm, K = tolerance x mass_limit_da of the stored window rows (H_artifact5_docs/precursor_accuracy_decidability.csv)","K / mass_da, K = 10.0 x 1775.8064799998865 = 17758.064799998865 ppm x Da"
Fig3,a,separation curve point 156,mass_da,10000,"derived: K/M ppm, K = tolerance x mass_limit_da of the stored window rows (H_artifact5_docs/precursor_accuracy_decidability.csv)",grid point of the drawn curve
Fig3,a,separation curve point 156,separation_ppm,1.7758064799998865,"derived: K/M ppm, K = tolerance x mass_limit_da of the stored window rows (H_artifact5_docs/precursor_accuracy_decidability.csv)","K / mass_da, K = 10.0 x 1775.8064799998865 = 17758.064799998865 ppm x Da"
Fig3,a,separation curve point 157,mass_da,10100,"derived: K/M ppm, K = tolerance x mass_limit_da of the stored window rows (H_artifact5_docs/precursor_accuracy_decidability.csv)",grid point of the drawn curve
Fig3,a,separation curve point 157,separation_ppm,1.75822423762365,"derived: K/M ppm, K = tolerance x mass_limit_da of the stored window rows (H_artifact5_docs/precursor_accuracy_decidability.csv)","K / mass_da, K = 10.0 x 1775.8064799998865 = 17758.064799998865 ppm x Da"
Fig3,a,separation curve point 158,mass_da,10200,"derived: K/M ppm, K = tolerance x mass_limit_da of the stored window rows (H_artifact5_docs/precursor_accuracy_decidability.csv)",grid point of the drawn curve
Fig3,a,separation curve point 158,separation_ppm,1.740986745097928,"derived: K/M ppm, K = tolerance x mass_limit_da of the stored window rows (H_artifact5_docs/precursor_accuracy_decidability.csv)","K / mass_da, K = 10.0 x 1775.8064799998865 = 17758.064799998865 ppm x Da"
Fig3,a,separation curve point 159,mass_da,10300,"derived: K/M ppm, K = tolerance x mass_limit_da of the stored window rows (H_artifact5_docs/precursor_accuracy_decidability.csv)",grid point of the drawn curve
Fig3,a,separation curve point 159,separation_ppm,1.7240839611649383,"derived: K/M ppm, K = tolerance x mass_limit_da of the stored window rows (H_artifact5_docs/precursor_accuracy_decidability.csv)","K / mass_da, K = 10.0 x 1775.8064799998865 = 17758.064799998865 ppm x Da"
Fig3,a,separation curve point 160,mass_da,10400,"derived: K/M ppm, K = tolerance x mass_limit_da of the stored window rows (H_artifact5_docs/precursor_accuracy_decidability.csv)",grid point of the drawn curve
Fig3,a,separation curve point 160,separation_ppm,1.7075062307691216,"derived: K/M ppm, K = tolerance x mass_limit_da of the stored window rows (H_artifact5_docs/precursor_accuracy_decidability.csv)","K / mass_da, K = 10.0 x 1775.8064799998865 = 17758.064799998865 ppm x Da"
Fig3,a,separation curve point 161,mass_da,10500,"derived: K/M ppm, K = tolerance x mass_limit_da of the stored window rows (H_artifact5_docs/precursor_accuracy_decidability.csv)",grid point of the drawn curve
Fig3,a,separation curve point 161,separation_ppm,1.6912442666665586,"derived: K/M ppm, K = tolerance x mass_limit_da of the stored window rows (H_artifact5_docs/precursor_accuracy_decidability.csv)","K / mass_da, K = 10.0 x 1775.8064799998865 = 17758.064799998865 ppm x Da"
Fig3,a,separation curve point 162,mass_da,10600,"derived: K/M ppm, K = tolerance x mass_limit_da of the stored window rows (H_artifact5_docs/precursor_accuracy_decidability.csv)",grid point of the drawn curve
Fig3,a,separation curve point 162,separation_ppm,1.6752891320753647,"derived: K/M ppm, K = tolerance x mass_limit_da of the stored window rows (H_artifact5_docs/precursor_accuracy_decidability.csv)","K / mass_da, K = 10.0 x 1775.8064799998865 = 17758.064799998865 ppm x Da"
Fig3,a,separation curve point 163,mass_da,10700,"derived: K/M ppm, K = tolerance x mass_limit_da of the stored window rows (H_artifact5_docs/precursor_accuracy_decidability.csv)",grid point of the drawn curve
Fig3,a,separation curve point 163,separation_ppm,1.6596322242989594,"derived: K/M ppm, K = tolerance x mass_limit_da of the stored window rows (H_artifact5_docs/precursor_accuracy_decidability.csv)","K / mass_da, K = 10.0 x 1775.8064799998865 = 17758.064799998865 ppm x Da"
Fig3,a,separation curve point 164,mass_da,10800,"derived: K/M ppm, K = tolerance x mass_limit_da of the stored window rows (H_artifact5_docs/precursor_accuracy_decidability.csv)",grid point of the drawn curve
Fig3,a,separation curve point 164,separation_ppm,1.6442652592591542,"derived: K/M ppm, K = tolerance x mass_limit_da of the stored window rows (H_artifact5_docs/precursor_accuracy_decidability.csv)","K / mass_da, K = 10.0 x 1775.8064799998865 = 17758.064799998865 ppm x Da"
Fig3,a,separation curve point 165,mass_da,10900,"derived: K/M ppm, K = tolerance x mass_limit_da of the stored window rows (H_artifact5_docs/precursor_accuracy_decidability.csv)",grid point of the drawn curve
Fig3,a,separation curve point 165,separation_ppm,1.6291802568806297,"derived: K/M ppm, K = tolerance x mass_limit_da of the stored window rows (H_artifact5_docs/precursor_accuracy_decidability.csv)","K / mass_da, K = 10.0 x 1775.8064799998865 = 17758.064799998865 ppm x Da"
Fig3,a,separation curve point 166,mass_da,11000,"derived: K/M ppm, K = tolerance x mass_limit_da of the stored window rows (H_artifact5_docs/precursor_accuracy_decidability.csv)",grid point of the drawn curve
Fig3,a,separation curve point 166,separation_ppm,1.6143695272726242,"derived: K/M ppm, K = tolerance x mass_limit_da of the stored window rows (H_artifact5_docs/precursor_accuracy_decidability.csv)","K / mass_da, K = 10.0 x 1775.8064799998865 = 17758.064799998865 ppm x Da"
Fig3,a,separation curve point 167,mass_da,11100,"derived: K/M ppm, K = tolerance x mass_limit_da of the stored window rows (H_artifact5_docs/precursor_accuracy_decidability.csv)",grid point of the drawn curve
Fig3,a,separation curve point 167,separation_ppm,1.5998256576575554,"derived: K/M ppm, K = tolerance x mass_limit_da of the stored window rows (H_artifact5_docs/precursor_accuracy_decidability.csv)","K / mass_da, K = 10.0 x 1775.8064799998865 = 17758.064799998865 ppm x Da"
Fig3,a,separation curve point 168,mass_da,11200,"derived: K/M ppm, K = tolerance x mass_limit_da of the stored window rows (H_artifact5_docs/precursor_accuracy_decidability.csv)",grid point of the drawn curve
Fig3,a,separation curve point 168,separation_ppm,1.5855414999998987,"derived: K/M ppm, K = tolerance x mass_limit_da of the stored window rows (H_artifact5_docs/precursor_accuracy_decidability.csv)","K / mass_da, K = 10.0 x 1775.8064799998865 = 17758.064799998865 ppm x Da"
Fig3,a,separation curve point 169,mass_da,11300,"derived: K/M ppm, K = tolerance x mass_limit_da of the stored window rows (H_artifact5_docs/precursor_accuracy_decidability.csv)",grid point of the drawn curve
Fig3,a,separation curve point 169,separation_ppm,1.571510159291935,"derived: K/M ppm, K = tolerance x mass_limit_da of the stored window rows (H_artifact5_docs/precursor_accuracy_decidability.csv)","K / mass_da, K = 10.0 x 1775.8064799998865 = 17758.064799998865 ppm x Da"
Fig3,a,separation curve point 170,mass_da,11400,"derived: K/M ppm, K = tolerance x mass_limit_da of the stored window rows (H_artifact5_docs/precursor_accuracy_decidability.csv)",grid point of the drawn curve
Fig3,a,separation curve point 170,separation_ppm,1.5577249824560409,"derived: K/M ppm, K = tolerance x mass_limit_da of the stored window rows (H_artifact5_docs/precursor_accuracy_decidability.csv)","K / mass_da, K = 10.0 x 1775.8064799998865 = 17758.064799998865 ppm x Da"
Fig3,a,separation curve point 171,mass_da,11500,"derived: K/M ppm, K = tolerance x mass_limit_da of the stored window rows (H_artifact5_docs/precursor_accuracy_decidability.csv)",grid point of the drawn curve
Fig3,a,separation curve point 171,separation_ppm,1.5441795478259883,"derived: K/M ppm, K = tolerance x mass_limit_da of the stored window rows (H_artifact5_docs/precursor_accuracy_decidability.csv)","K / mass_da, K = 10.0 x 1775.8064799998865 = 17758.064799998865 ppm x Da"
Fig3,a,separation curve point 172,mass_da,11600,"derived: K/M ppm, K = tolerance x mass_limit_da of the stored window rows (H_artifact5_docs/precursor_accuracy_decidability.csv)",grid point of the drawn curve
Fig3,a,separation curve point 172,separation_ppm,1.530867655172316,"derived: K/M ppm, K = tolerance x mass_limit_da of the stored window rows (H_artifact5_docs/precursor_accuracy_decidability.csv)","K / mass_da, K = 10.0 x 1775.8064799998865 = 17758.064799998865 ppm x Da"
Fig3,a,separation curve point 173,mass_da,11700,"derived: K/M ppm, K = tolerance x mass_limit_da of the stored window rows (H_artifact5_docs/precursor_accuracy_decidability.csv)",grid point of the drawn curve
Fig3,a,separation curve point 173,separation_ppm,1.5177833162392191,"derived: K/M ppm, K = tolerance x mass_limit_da of the stored window rows (H_artifact5_docs/precursor_accuracy_decidability.csv)","K / mass_da, K = 10.0 x 1775.8064799998865 = 17758.064799998865 ppm x Da"
Fig3,a,separation curve point 174,mass_da,11800,"derived: K/M ppm, K = tolerance x mass_limit_da of the stored window rows (H_artifact5_docs/precursor_accuracy_decidability.csv)",grid point of the drawn curve
Fig3,a,separation curve point 174,separation_ppm,1.5049207457626157,"derived: K/M ppm, K = tolerance x mass_limit_da of the stored window rows (H_artifact5_docs/precursor_accuracy_decidability.csv)","K / mass_da, K = 10.0 x 1775.8064799998865 = 17758.064799998865 ppm x Da"
Fig3,a,separation curve point 175,mass_da,11900,"derived: K/M ppm, K = tolerance x mass_limit_da of the stored window rows (H_artifact5_docs/precursor_accuracy_decidability.csv)",grid point of the drawn curve
Fig3,a,separation curve point 175,separation_ppm,1.4922743529410811,"derived: K/M ppm, K = tolerance x mass_limit_da of the stored window rows (H_artifact5_docs/precursor_accuracy_decidability.csv)","K / mass_da, K = 10.0 x 1775.8064799998865 = 17758.064799998865 ppm x Da"
Fig3,a,separation curve point 176,mass_da,12000,"derived: K/M ppm, K = tolerance x mass_limit_da of the stored window rows (H_artifact5_docs/precursor_accuracy_decidability.csv)",grid point of the drawn curve
Fig3,a,separation curve point 176,separation_ppm,1.4798387333332388,"derived: K/M ppm, K = tolerance x mass_limit_da of the stored window rows (H_artifact5_docs/precursor_accuracy_decidability.csv)","K / mass_da, K = 10.0 x 1775.8064799998865 = 17758.064799998865 ppm x Da"
Fig3,a,separation curve point 177,mass_da,12100,"derived: K/M ppm, K = tolerance x mass_limit_da of the stored window rows (H_artifact5_docs/precursor_accuracy_decidability.csv)",grid point of the drawn curve
Fig3,a,separation curve point 177,separation_ppm,1.467608661156931,"derived: K/M ppm, K = tolerance x mass_limit_da of the stored window rows (H_artifact5_docs/precursor_accuracy_decidability.csv)","K / mass_da, K = 10.0 x 1775.8064799998865 = 17758.064799998865 ppm x Da"
Fig3,a,separation curve point 178,mass_da,12200,"derived: K/M ppm, K = tolerance x mass_limit_da of the stored window rows (H_artifact5_docs/precursor_accuracy_decidability.csv)",grid point of the drawn curve
Fig3,a,separation curve point 178,separation_ppm,1.4555790819671202,"derived: K/M ppm, K = tolerance x mass_limit_da of the stored window rows (H_artifact5_docs/precursor_accuracy_decidability.csv)","K / mass_da, K = 10.0 x 1775.8064799998865 = 17758.064799998865 ppm x Da"
Fig3,a,separation curve point 179,mass_da,12300,"derived: K/M ppm, K = tolerance x mass_limit_da of the stored window rows (H_artifact5_docs/precursor_accuracy_decidability.csv)",grid point of the drawn curve
Fig3,a,separation curve point 179,separation_ppm,1.4437451056909647,"derived: K/M ppm, K = tolerance x mass_limit_da of the stored window rows (H_artifact5_docs/precursor_accuracy_decidability.csv)","K / mass_da, K = 10.0 x 1775.8064799998865 = 17758.064799998865 ppm x Da"
Fig3,a,separation curve point 180,mass_da,12400,"derived: K/M ppm, K = tolerance x mass_limit_da of the stored window rows (H_artifact5_docs/precursor_accuracy_decidability.csv)",grid point of the drawn curve
Fig3,a,separation curve point 180,separation_ppm,1.4321019999999085,"derived: K/M ppm, K = tolerance x mass_limit_da of the stored window rows (H_artifact5_docs/precursor_accuracy_decidability.csv)","K / mass_da, K = 10.0 x 1775.8064799998865 = 17758.064799998865 ppm x Da"
Fig3,a,separation curve point 181,mass_da,12500,"derived: K/M ppm, K = tolerance x mass_limit_da of the stored window rows (H_artifact5_docs/precursor_accuracy_decidability.csv)",grid point of the drawn curve
Fig3,a,separation curve point 181,separation_ppm,1.4206451839999092,"derived: K/M ppm, K = tolerance x mass_limit_da of the stored window rows (H_artifact5_docs/precursor_accuracy_decidability.csv)","K / mass_da, K = 10.0 x 1775.8064799998865 = 17758.064799998865 ppm x Da"
Fig3,a,separation curve point 182,mass_da,12600,"derived: K/M ppm, K = tolerance x mass_limit_da of the stored window rows (H_artifact5_docs/precursor_accuracy_decidability.csv)",grid point of the drawn curve
Fig3,a,separation curve point 182,separation_ppm,1.409370222222132,"derived: K/M ppm, K = tolerance x mass_limit_da of the stored window rows (H_artifact5_docs/precursor_accuracy_decidability.csv)","K / mass_da, K = 10.0 x 1775.8064799998865 = 17758.064799998865 ppm x Da"
Fig3,a,separation curve point 183,mass_da,12700,"derived: K/M ppm, K = tolerance x mass_limit_da of the stored window rows (H_artifact5_docs/precursor_accuracy_decidability.csv)",grid point of the drawn curve
Fig3,a,separation curve point 183,separation_ppm,1.3982728188975484,"derived: K/M ppm, K = tolerance x mass_limit_da of the stored window rows (H_artifact5_docs/precursor_accuracy_decidability.csv)","K / mass_da, K = 10.0 x 1775.8064799998865 = 17758.064799998865 ppm x Da"
Fig3,a,separation curve point 184,mass_da,12800,"derived: K/M ppm, K = tolerance x mass_limit_da of the stored window rows (H_artifact5_docs/precursor_accuracy_decidability.csv)",grid point of the drawn curve
Fig3,a,separation curve point 184,separation_ppm,1.3873488124999114,"derived: K/M ppm, K = tolerance x mass_limit_da of the stored window rows (H_artifact5_docs/precursor_accuracy_decidability.csv)","K / mass_da, K = 10.0 x 1775.8064799998865 = 17758.064799998865 ppm x Da"
Fig3,a,separation curve point 185,mass_da,12900,"derived: K/M ppm, K = tolerance x mass_limit_da of the stored window rows (H_artifact5_docs/precursor_accuracy_decidability.csv)",grid point of the drawn curve
Fig3,a,separation curve point 185,separation_ppm,1.3765941705425477,"derived: K/M ppm, K = tolerance x mass_limit_da of the stored window rows (H_artifact5_docs/precursor_accuracy_decidability.csv)","K / mass_da, K = 10.0 x 1775.8064799998865 = 17758.064799998865 ppm x Da"
Fig3,a,separation curve point 186,mass_da,13000,"derived: K/M ppm, K = tolerance x mass_limit_da of the stored window rows (H_artifact5_docs/precursor_accuracy_decidability.csv)",grid point of the drawn curve
Fig3,a,separation curve point 186,separation_ppm,1.3660049846152973,"derived: K/M ppm, K = tolerance x mass_limit_da of the stored window rows (H_artifact5_docs/precursor_accuracy_decidability.csv)","K / mass_da, K = 10.0 x 1775.8064799998865 = 17758.064799998865 ppm x Da"
Fig3,a,2-SD mass range|Fig-1D,mass_limit_da,2122.9515110939724,H_artifact5_docs/precursor_accuracy_decidability.csv,accuracy: separation >= 4 SD (2 SD each side of the midpoint); PXD015307 re-search Fig-1D (n baseline PSMs 245); SD 2.0912 ppm
Fig3,a,2-SD mass range|Fig4-L_CTH_Cys,mass_limit_da,10862.530462441193,H_artifact5_docs/precursor_accuracy_decidability.csv,accuracy: separation >= 4 SD (2 SD each side of the midpoint); PXD015307 re-search Fig4-L_CTH_Cys (n baseline PSMs 14); SD 0.4087 ppm
Fig3,a,2-SD mass range|Fig4-L_NaHS,mass_limit_da,2181.2588807545403,H_artifact5_docs/precursor_accuracy_decidability.csv,accuracy: separation >= 4 SD (2 SD each side of the midpoint); PXD015307 re-search Fig4-L_NaHS (n baseline PSMs 18); SD 2.0353 ppm
Fig3,a,2-SD mass range|Fig4-L_control,mass_limit_da,7523.32858837437,H_artifact5_docs/precursor_accuracy_decidability.csv,accuracy: separation >= 4 SD (2 SD each side of the midpoint); PXD015307 re-search Fig4-L_control (n baseline PSMs 26); SD 0.5901 ppm
Fig3,a,2-SD mass range|Fig4-L_heat_inactive_CTH,mass_limit_da,4246.309134385189,H_artifact5_docs/precursor_accuracy_decidability.csv,accuracy: separation >= 4 SD (2 SD each side of the midpoint); PXD015307 re-search Fig4-L_heat_inactive_CTH (n baseline PSMs 18); SD 1.0455 ppm
Fig3,b,deposit PSMs|control,n_psms,0,H_artifact5_docs/deposit_plus32_summary.json,targeted_arms.control.n_psms (the control consensus file carries no PSM)
Fig3,b,deposit PSM 01|CTH_Cys|B chain|z=3|Nethylmaleimide,observed_ppm,2.8200269493414774,repo/results/search_space_mass_accuracy.csv,the deposit's TargetPsms.DeltaMassInPPM (stored extraction); chain from the sequence (H_artifact5_docs/deposit_sulfide_psms_reassessed.csv); no sulfide
Fig3,b,deposit PSM 02|CTH_Cys|B chain|z=4|Nethylmaleimide,observed_ppm,4.3925271003949025,repo/results/search_space_mass_accuracy.csv,the deposit's TargetPsms.DeltaMassInPPM (stored extraction); chain from the sequence (H_artifact5_docs/deposit_sulfide_psms_reassessed.csv); no sulfide
Fig3,b,deposit PSM 03|CTH_Cys|B chain|z=3|Nethylmaleimide,observed_ppm,4.512319976489981,repo/results/search_space_mass_accuracy.csv,the deposit's TargetPsms.DeltaMassInPPM (stored extraction); chain from the sequence (H_artifact5_docs/deposit_sulfide_psms_reassessed.csv); no sulfide
Fig3,b,deposit PSM 04|CTH_Cys|B chain|z=4|Nethylmaleimide,observed_ppm,4.724349262580883,repo/results/search_space_mass_accuracy.csv,the deposit's TargetPsms.DeltaMassInPPM (stored extraction); chain from the sequence (H_artifact5_docs/deposit_sulfide_psms_reassessed.csv); no sulfide
Fig3,b,deposit PSM 05|CTH_Cys|B chain|z=3|Nethylmaleimide,observed_ppm,6.204613003638484,repo/results/search_space_mass_accuracy.csv,the deposit's TargetPsms.DeltaMassInPPM (stored extraction); chain from the sequence (H_artifact5_docs/deposit_sulfide_psms_reassessed.csv); no sulfide
Fig3,b,deposit PSM 06|CTH_Cys|B chain|z=5|Nethylmaleimide,observed_ppm,5.765933954136738,repo/results/search_space_mass_accuracy.csv,the deposit's TargetPsms.DeltaMassInPPM (stored extraction); chain from the sequence (H_artifact5_docs/deposit_sulfide_psms_reassessed.csv); no sulfide
Fig3,b,deposit PSM 07|CTH_Cys|B chain|z=4|Nethylmaleimide,observed_ppm,5.321629154515649,repo/results/search_space_mass_accuracy.csv,the deposit's TargetPsms.DeltaMassInPPM (stored extraction); chain from the sequence (H_artifact5_docs/deposit_sulfide_psms_reassessed.csv); no sulfide
Fig3,b,deposit PSM 08|CTH_Cys|B chain|z=5|Nethylmaleimide,observed_ppm,6.180711656869215,repo/results/search_space_mass_accuracy.csv,the deposit's TargetPsms.DeltaMassInPPM (stored extraction); chain from the sequence (H_artifact5_docs/deposit_sulfide_psms_reassessed.csv); no sulfide
Fig3,b,deposit PSM 09|CTH_Cys|B chain|z=5|Nethylmaleimide,observed_ppm,5.765933954136738,repo/results/search_space_mass_accuracy.csv,the deposit's TargetPsms.DeltaMassInPPM (stored extraction); chain from the sequence (H_artifact5_docs/deposit_sulfide_psms_reassessed.csv); no sulfide
Fig3,b,deposit PSM 10|CTH_Cys|B chain|z=4|Nethylmaleimide,observed_ppm,5.803824877115274,repo/results/search_space_mass_accuracy.csv,the deposit's TargetPsms.DeltaMassInPPM (stored extraction); chain from the sequence (H_artifact5_docs/deposit_sulfide_psms_reassessed.csv); no sulfide
Fig3,b,deposit PSM 11|CTH_Cys|B chain|z=4|Nethylmaleimide,observed_ppm,6.284722354799146,repo/results/search_space_mass_accuracy.csv,the deposit's TargetPsms.DeltaMassInPPM (stored extraction); chain from the sequence (H_artifact5_docs/deposit_sulfide_psms_reassessed.csv); no sulfide
Fig3,b,deposit PSM 12|CTH_Cys|B chain|z=4|Nethylmaleimide,observed_ppm,6.216022715130022,repo/results/search_space_mass_accuracy.csv,the deposit's TargetPsms.DeltaMassInPPM (stored extraction); chain from the sequence (H_artifact5_docs/deposit_sulfide_psms_reassessed.csv); no sulfide
Fig3,b,deposit PSM 13|CTH_Cys|A chain|z=2|Nethylmaleimide;Sulfide,observed_ppm,-6.497743547370178,repo/results/search_space_mass_accuracy.csv,the deposit's TargetPsms.DeltaMassInPPM (stored extraction); chain from the sequence (H_artifact5_docs/deposit_sulfide_psms_reassessed.csv); sulfide-assigned
Fig3,b,deposit PSM 14|CTH_Cys|A chain|z=2|Sulfide,observed_ppm,4.598372052546707,repo/results/search_space_mass_accuracy.csv,the deposit's TargetPsms.DeltaMassInPPM (stored extraction); chain from the sequence (H_artifact5_docs/deposit_sulfide_psms_reassessed.csv); sulfide-assigned
Fig3,b,deposit PSM 15|NaHS|B chain|z=4|Nethylmaleimide;Sulfide,observed_ppm,4.41737649307104,repo/results/search_space_mass_accuracy.csv,the deposit's TargetPsms.DeltaMassInPPM (stored extraction); chain from the sequence (H_artifact5_docs/deposit_sulfide_psms_reassessed.csv); sulfide-assigned
Fig3,b,deposit PSM 16|NaHS|B chain|z=4|Nethylmaleimide;Sulfide,observed_ppm,7.75364331130552,repo/results/search_space_mass_accuracy.csv,the deposit's TargetPsms.DeltaMassInPPM (stored extraction); chain from the sequence (H_artifact5_docs/deposit_sulfide_psms_reassessed.csv); sulfide-assigned
Fig3,b,deposit PSM 17|NaHS|B chain|z=5|Nethylmaleimide,observed_ppm,5.9318450352297285,repo/results/search_space_mass_accuracy.csv,the deposit's TargetPsms.DeltaMassInPPM (stored extraction); chain from the sequence (H_artifact5_docs/deposit_sulfide_psms_reassessed.csv); no sulfide
Fig3,b,deposit PSM 18|NaHS|B chain|z=4|Nethylmaleimide,observed_ppm,5.520722451827238,repo/results/search_space_mass_accuracy.csv,the deposit's TargetPsms.DeltaMassInPPM (stored extraction); chain from the sequence (H_artifact5_docs/deposit_sulfide_psms_reassessed.csv); no sulfide
Fig3,b,deposit PSM 19|NaHS|B chain|z=5|Nethylmaleimide,observed_ppm,6.678444900148186,repo/results/search_space_mass_accuracy.csv,the deposit's TargetPsms.DeltaMassInPPM (stored extraction); chain from the sequence (H_artifact5_docs/deposit_sulfide_psms_reassessed.csv); no sulfide
Fig3,b,deposit PSM 20|NaHS|B chain|z=4|Nethylmaleimide,observed_ppm,5.587086884264434,repo/results/search_space_mass_accuracy.csv,the deposit's TargetPsms.DeltaMassInPPM (stored extraction); chain from the sequence (H_artifact5_docs/deposit_sulfide_psms_reassessed.csv); no sulfide
Fig3,b,deposit PSM 21|NaHS|B chain|z=5|Nethylmaleimide,observed_ppm,6.8443559812411765,repo/results/search_space_mass_accuracy.csv,the deposit's TargetPsms.DeltaMassInPPM (stored extraction); chain from the sequence (H_artifact5_docs/deposit_sulfide_psms_reassessed.csv); no sulfide
Fig3,b,deposit PSM 22|NaHS|B chain|z=3|Nethylmaleimide,observed_ppm,7.299626138852222,repo/results/search_space_mass_accuracy.csv,the deposit's TargetPsms.DeltaMassInPPM (stored extraction); chain from the sequence (H_artifact5_docs/deposit_sulfide_psms_reassessed.csv); no sulfide
Fig3,b,deposit PSM 23|NaHS|B chain|z=4|Nethylmaleimide,observed_ppm,5.852544614013219,repo/results/search_space_mass_accuracy.csv,the deposit's TargetPsms.DeltaMassInPPM (stored extraction); chain from the sequence (H_artifact5_docs/deposit_sulfide_psms_reassessed.csv); no sulfide
Fig3,b,deposit PSM 24|NaHS|B chain|z=3|Nethylmaleimide,observed_ppm,5.40823981439213,repo/results/search_space_mass_accuracy.csv,the deposit's TargetPsms.DeltaMassInPPM (stored extraction); chain from the sequence (H_artifact5_docs/deposit_sulfide_psms_reassessed.csv); no sulfide
Fig3,b,deposit PSM 25|NaHS|B chain|z=3|Nethylmaleimide,observed_ppm,5.607333111703719,repo/results/search_space_mass_accuracy.csv,the deposit's TargetPsms.DeltaMassInPPM (stored extraction); chain from the sequence (H_artifact5_docs/deposit_sulfide_psms_reassessed.csv); no sulfide
Fig3,b,deposit PSM 26|NaHS|B chain|z=4|Nethylmaleimide,observed_ppm,3.399337488695915,repo/results/search_space_mass_accuracy.csv,the deposit's TargetPsms.DeltaMassInPPM (stored extraction); chain from the sequence (H_artifact5_docs/deposit_sulfide_psms_reassessed.csv); no sulfide
Fig3,b,deposit PSM 27|NaHS|B chain|z=4|Nethylmaleimide,observed_ppm,4.498531723401908,repo/results/search_space_mass_accuracy.csv,the deposit's TargetPsms.DeltaMassInPPM (stored extraction); chain from the sequence (H_artifact5_docs/deposit_sulfide_psms_reassessed.csv); no sulfide
Fig3,b,deposit PSM 28|NaHS|B chain|z=4|Nethylmaleimide,observed_ppm,4.704630642409281,repo/results/search_space_mass_accuracy.csv,the deposit's TargetPsms.DeltaMassInPPM (stored extraction); chain from the sequence (H_artifact5_docs/deposit_sulfide_psms_reassessed.csv); no sulfide
Fig3,b,deposit PSM 29|NaHS|B chain|z=5|Nethylmaleimide,observed_ppm,8.171644629985101,repo/results/search_space_mass_accuracy.csv,the deposit's TargetPsms.DeltaMassInPPM (stored extraction); chain from the sequence (H_artifact5_docs/deposit_sulfide_psms_reassessed.csv); no sulfide
Fig3,b,deposit PSM 30|NaHS|B chain|z=4|Nethylmaleimide,observed_ppm,1.0079410460978946,repo/results/search_space_mass_accuracy.csv,the deposit's TargetPsms.DeltaMassInPPM (stored extraction); chain from the sequence (H_artifact5_docs/deposit_sulfide_psms_reassessed.csv); no sulfide
Fig3,b,deposit PSM 31|NaHS|B chain|z=4|Nethylmaleimide,observed_ppm,3.795247208460136,repo/results/search_space_mass_accuracy.csv,the deposit's TargetPsms.DeltaMassInPPM (stored extraction); chain from the sequence (H_artifact5_docs/deposit_sulfide_psms_reassessed.csv); no sulfide
Fig3,b,deposit PSM 32|NaHS|B chain|z=5|Nethylmaleimide,observed_ppm,5.600022873043748,repo/results/search_space_mass_accuracy.csv,the deposit's TargetPsms.DeltaMassInPPM (stored extraction); chain from the sequence (H_artifact5_docs/deposit_sulfide_psms_reassessed.csv); no sulfide
Fig3,b,deposit PSM 33|NaHS|B chain|z=5|Nethylmaleimide,observed_ppm,6.097756116322719,repo/results/search_space_mass_accuracy.csv,the deposit's TargetPsms.DeltaMassInPPM (stored extraction); chain from the sequence (H_artifact5_docs/deposit_sulfide_psms_reassessed.csv); no sulfide
Fig3,b,deposit PSM 34|NaHS|B chain|z=4|Nethylmaleimide,observed_ppm,3.5961539111485474,repo/results/search_space_mass_accuracy.csv,the deposit's TargetPsms.DeltaMassInPPM (stored extraction); chain from the sequence (H_artifact5_docs/deposit_sulfide_psms_reassessed.csv); no sulfide
Fig3,b,deposit PSM 35|NaHS|A chain|z=3|Nethylmaleimide,observed_ppm,-0.37993296490518536,repo/results/search_space_mass_accuracy.csv,the deposit's TargetPsms.DeltaMassInPPM (stored extraction); chain from the sequence (H_artifact5_docs/deposit_sulfide_psms_reassessed.csv); no sulfide
Fig3,b,deposit PSM 36|NaHS|A chain|z=3|Nethylmaleimide,observed_ppm,-1.4230301729922967,repo/results/search_space_mass_accuracy.csv,the deposit's TargetPsms.DeltaMassInPPM (stored extraction); chain from the sequence (H_artifact5_docs/deposit_sulfide_psms_reassessed.csv); no sulfide
Fig3,b,deposit PSM 37|NaHS|B chain|z=5|Nethylmaleimide,observed_ppm,2.8624900350094036,repo/results/search_space_mass_accuracy.csv,the deposit's TargetPsms.DeltaMassInPPM (stored extraction); chain from the sequence (H_artifact5_docs/deposit_sulfide_psms_reassessed.csv); no sulfide
Fig3,b,deposit PSM 38|NaHS|B chain|z=5|Nethylmaleimide,observed_ppm,4.189778683753328,repo/results/search_space_mass_accuracy.csv,the deposit's TargetPsms.DeltaMassInPPM (stored extraction); chain from the sequence (H_artifact5_docs/deposit_sulfide_psms_reassessed.csv); no sulfide
Fig3,b,deposit PSM 39|NaHS|B chain|z=4|Nethylmaleimide,observed_ppm,3.8616116408973324,repo/results/search_space_mass_accuracy.csv,the deposit's TargetPsms.DeltaMassInPPM (stored extraction); chain from the sequence (H_artifact5_docs/deposit_sulfide_psms_reassessed.csv); no sulfide
Fig3,b,deposit PSM 40|NaHS|B chain|z=4|Nethylmaleimide,observed_ppm,2.202500829967427,repo/results/search_space_mass_accuracy.csv,the deposit's TargetPsms.DeltaMassInPPM (stored extraction); chain from the sequence (H_artifact5_docs/deposit_sulfide_psms_reassessed.csv); no sulfide
Fig3,b,deposit PSM 41|NaHS|B chain|z=5|Nethylmaleimide,observed_ppm,4.521600845939309,repo/results/search_space_mass_accuracy.csv,the deposit's TargetPsms.DeltaMassInPPM (stored extraction); chain from the sequence (H_artifact5_docs/deposit_sulfide_psms_reassessed.csv); no sulfide
Fig3,b,deposit PSM 42|NaHS|B chain|z=5|Nethylmaleimide,observed_ppm,3.028401116102394,repo/results/search_space_mass_accuracy.csv,the deposit's TargetPsms.DeltaMassInPPM (stored extraction); chain from the sequence (H_artifact5_docs/deposit_sulfide_psms_reassessed.csv); no sulfide
Fig3,b,deposit PSM 43|NaHS|B chain|z=4|Nethylmaleimide,observed_ppm,5.587086884264434,repo/results/search_space_mass_accuracy.csv,the deposit's TargetPsms.DeltaMassInPPM (stored extraction); chain from the sequence (H_artifact5_docs/deposit_sulfide_psms_reassessed.csv); no sulfide
Fig3,b,deposit PSM 44|NaHS|B chain|z=5|Nethylmaleimide,observed_ppm,3.7750009810208516,repo/results/search_space_mass_accuracy.csv,the deposit's TargetPsms.DeltaMassInPPM (stored extraction); chain from the sequence (H_artifact5_docs/deposit_sulfide_psms_reassessed.csv); no sulfide
Fig3,b,deposit PSM 45|heat_inactive_CTH|B chain|z=4|Nethylmaleimide,observed_ppm,5.056171424766864,repo/results/search_space_mass_accuracy.csv,the deposit's TargetPsms.DeltaMassInPPM (stored extraction); chain from the sequence (H_artifact5_docs/deposit_sulfide_psms_reassessed.csv); no sulfide
Fig3,b,deposit PSM 46|heat_inactive_CTH|B chain|z=5|Nethylmaleimide,observed_ppm,7.7568669272526245,repo/results/search_space_mass_accuracy.csv,the deposit's TargetPsms.DeltaMassInPPM (stored extraction); chain from the sequence (H_artifact5_docs/deposit_sulfide_psms_reassessed.csv); no sulfide
Fig3,b,deposit PSM 47|heat_inactive_CTH|B chain|z=4|Nethylmaleimide,observed_ppm,6.516188938385181,repo/results/search_space_mass_accuracy.csv,the deposit's TargetPsms.DeltaMassInPPM (stored extraction); chain from the sequence (H_artifact5_docs/deposit_sulfide_psms_reassessed.csv); no sulfide
Fig3,b,deposit PSM 48|heat_inactive_CTH|B chain|z=5|Nethylmaleimide,observed_ppm,5.600022873043748,repo/results/search_space_mass_accuracy.csv,the deposit's TargetPsms.DeltaMassInPPM (stored extraction); chain from the sequence (H_artifact5_docs/deposit_sulfide_psms_reassessed.csv); no sulfide
Fig3,b,deposit PSM 49|heat_inactive_CTH|B chain|z=4|Nethylmaleimide,observed_ppm,5.122535857204061,repo/results/search_space_mass_accuracy.csv,the deposit's TargetPsms.DeltaMassInPPM (stored extraction); chain from the sequence (H_artifact5_docs/deposit_sulfide_psms_reassessed.csv); no sulfide
Fig3,b,deposit PSM 50|heat_inactive_CTH|B chain|z=5|Nethylmaleimide,observed_ppm,5.351156251404261,repo/results/search_space_mass_accuracy.csv,the deposit's TargetPsms.DeltaMassInPPM (stored extraction); chain from the sequence (H_artifact5_docs/deposit_sulfide_psms_reassessed.csv); no sulfide
Fig3,b,deposit PSM 51|heat_inactive_CTH|B chain|z=3|Nethylmaleimide,observed_ppm,5.2091465170805415,repo/results/search_space_mass_accuracy.csv,the deposit's TargetPsms.DeltaMassInPPM (stored extraction); chain from the sequence (H_artifact5_docs/deposit_sulfide_psms_reassessed.csv); no sulfide
Fig3,b,deposit PSM 52|heat_inactive_CTH|B chain|z=3|Nethylmaleimide,observed_ppm,6.5032529496058675,repo/results/search_space_mass_accuracy.csv,the deposit's TargetPsms.DeltaMassInPPM (stored extraction); chain from the sequence (H_artifact5_docs/deposit_sulfide_psms_reassessed.csv); no sulfide
Fig3,b,deposit PSM 53|heat_inactive_CTH|B chain|z=3|Nethylmaleimide,observed_ppm,6.304159652294279,repo/results/search_space_mass_accuracy.csv,the deposit's TargetPsms.DeltaMassInPPM (stored extraction); chain from the sequence (H_artifact5_docs/deposit_sulfide_psms_reassessed.csv); no sulfide
Fig3,b,sulfide PSM|CTH_Cys|A chain|z=2|Nethylmaleimide;Sulfide|-6.497743547370178|baseline D1,observed_ppm,-6.497743547370178,H_artifact5_docs/deposit_sulfide_psms_baseline_sensitivity.csv,"D1 file, all non-sulfide PSMs (median, SD); baseline PSMs A 0 / B 12; spread from: SD of the same PSMs"
Fig3,b,sulfide PSM|CTH_Cys|A chain|z=2|Nethylmaleimide;Sulfide|-6.497743547370178|baseline D1,n_baseline_psms,12,H_artifact5_docs/deposit_sulfide_psms_baseline_sensitivity.csv,"D1 file, all non-sulfide PSMs (median, SD); baseline PSMs A 0 / B 12; spread from: SD of the same PSMs"
Fig3,b,sulfide PSM|CTH_Cys|A chain|z=2|Nethylmaleimide;Sulfide|-6.497743547370178|baseline D1,centre_ppm,5.765933954136738,H_artifact5_docs/deposit_sulfide_psms_baseline_sensitivity.csv,"D1 file, all non-sulfide PSMs (median, SD); baseline PSMs A 0 / B 12; spread from: SD of the same PSMs"
Fig3,b,sulfide PSM|CTH_Cys|A chain|z=2|Nethylmaleimide;Sulfide|-6.497743547370178|baseline D1,expected_ppm_if_dioxidised_but_reported_as_sulfide,12.759933954136738,H_artifact5_docs/deposit_sulfide_psms_baseline_sensitivity.csv,"D1 file, all non-sulfide PSMs (median, SD); baseline PSMs A 0 / B 12; spread from: SD of the same PSMs"
Fig3,b,sulfide PSM|CTH_Cys|A chain|z=2|Nethylmaleimide;Sulfide|-6.497743547370178|baseline D1,z_if_sulfide,-11.7396251872847,H_artifact5_docs/deposit_sulfide_psms_baseline_sensitivity.csv,"D1 file, all non-sulfide PSMs (median, SD); baseline PSMs A 0 / B 12; spread from: SD of the same PSMs"
Fig3,b,sulfide PSM|CTH_Cys|A chain|z=2|Nethylmaleimide;Sulfide|-6.497743547370178|baseline D1,z_if_dioxidation,-18.434757096108967,H_artifact5_docs/deposit_sulfide_psms_baseline_sensitivity.csv,"D1 file, all non-sulfide PSMs (median, SD); baseline PSMs A 0 / B 12; spread from: SD of the same PSMs"
Fig3,b,sulfide PSM|CTH_Cys|A chain|z=2|Nethylmaleimide;Sulfide|-6.497743547370178|baseline D1,reading,neither,H_artifact5_docs/deposit_sulfide_psms_baseline_sensitivity.csv,"D1 file, all non-sulfide PSMs (median, SD); baseline PSMs A 0 / B 12; spread from: SD of the same PSMs"
Fig3,b,sulfide PSM|CTH_Cys|A chain|z=2|Nethylmaleimide;Sulfide|-6.497743547370178|baseline D6b,observed_ppm,-6.497743547370178,H_artifact5_docs/deposit_sulfide_psms_baseline_sensitivity.csv,"D6b four files, same chain (file SD as stand-in); baseline PSMs A 2 / B 0; spread from: SD of all non-sulfide PSMs of the file"
Fig3,b,sulfide PSM|CTH_Cys|A chain|z=2|Nethylmaleimide;Sulfide|-6.497743547370178|baseline D6b,n_baseline_psms,2,H_artifact5_docs/deposit_sulfide_psms_baseline_sensitivity.csv,"D6b four files, same chain (file SD as stand-in); baseline PSMs A 2 / B 0; spread from: SD of all non-sulfide PSMs of the file"
Fig3,b,sulfide PSM|CTH_Cys|A chain|z=2|Nethylmaleimide;Sulfide|-6.497743547370178|baseline D6b,centre_ppm,-0.901481568948741,H_artifact5_docs/deposit_sulfide_psms_baseline_sensitivity.csv,"D6b four files, same chain (file SD as stand-in); baseline PSMs A 2 / B 0; spread from: SD of all non-sulfide PSMs of the file"
Fig3,b,sulfide PSM|CTH_Cys|A chain|z=2|Nethylmaleimide;Sulfide|-6.497743547370178|baseline D6b,expected_ppm_if_dioxidised_but_reported_as_sulfide,6.092518431051259,H_artifact5_docs/deposit_sulfide_psms_baseline_sensitivity.csv,"D6b four files, same chain (file SD as stand-in); baseline PSMs A 2 / B 0; spread from: SD of all non-sulfide PSMs of the file"
Fig3,b,sulfide PSM|CTH_Cys|A chain|z=2|Nethylmaleimide;Sulfide|-6.497743547370178|baseline D6b,z_if_sulfide,-5.357122124945579,H_artifact5_docs/deposit_sulfide_psms_baseline_sensitivity.csv,"D6b four files, same chain (file SD as stand-in); baseline PSMs A 2 / B 0; spread from: SD of all non-sulfide PSMs of the file"
Fig3,b,sulfide PSM|CTH_Cys|A chain|z=2|Nethylmaleimide;Sulfide|-6.497743547370178|baseline D6b,z_if_dioxidation,-12.052254033769845,H_artifact5_docs/deposit_sulfide_psms_baseline_sensitivity.csv,"D6b four files, same chain (file SD as stand-in); baseline PSMs A 2 / B 0; spread from: SD of all non-sulfide PSMs of the file"
Fig3,b,sulfide PSM|CTH_Cys|A chain|z=2|Nethylmaleimide;Sulfide|-6.497743547370178|baseline D6b,reading,neither,H_artifact5_docs/deposit_sulfide_psms_baseline_sensitivity.csv,"D6b four files, same chain (file SD as stand-in); baseline PSMs A 2 / B 0; spread from: SD of all non-sulfide PSMs of the file"
Fig3,b,sulfide PSM|CTH_Cys|A chain|z=2|Sulfide|4.598372052546707|baseline D1,observed_ppm,4.598372052546707,H_artifact5_docs/deposit_sulfide_psms_baseline_sensitivity.csv,"D1 file, all non-sulfide PSMs (median, SD); baseline PSMs A 0 / B 12; spread from: SD of the same PSMs"
Fig3,b,sulfide PSM|CTH_Cys|A chain|z=2|Sulfide|4.598372052546707|baseline D1,n_baseline_psms,12,H_artifact5_docs/deposit_sulfide_psms_baseline_sensitivity.csv,"D1 file, all non-sulfide PSMs (median, SD); baseline PSMs A 0 / B 12; spread from: SD of the same PSMs"
Fig3,b,sulfide PSM|CTH_Cys|A chain|z=2|Sulfide|4.598372052546707|baseline D1,centre_ppm,5.765933954136738,H_artifact5_docs/deposit_sulfide_psms_baseline_sensitivity.csv,"D1 file, all non-sulfide PSMs (median, SD); baseline PSMs A 0 / B 12; spread from: SD of the same PSMs"
Fig3,b,sulfide PSM|CTH_Cys|A chain|z=2|Sulfide|4.598372052546707|baseline D1,expected_ppm_if_dioxidised_but_reported_as_sulfide,12.759933954136738,H_artifact5_docs/deposit_sulfide_psms_baseline_sensitivity.csv,"D1 file, all non-sulfide PSMs (median, SD); baseline PSMs A 0 / B 12; spread from: SD of the same PSMs"
Fig3,b,sulfide PSM|CTH_Cys|A chain|z=2|Sulfide|4.598372052546707|baseline D1,z_if_sulfide,-1.1176695657510658,H_artifact5_docs/deposit_sulfide_psms_baseline_sensitivity.csv,"D1 file, all non-sulfide PSMs (median, SD); baseline PSMs A 0 / B 12; spread from: SD of the same PSMs"
Fig3,b,sulfide PSM|CTH_Cys|A chain|z=2|Sulfide|4.598372052546707|baseline D1,z_if_dioxidation,-7.8128014745753305,H_artifact5_docs/deposit_sulfide_psms_baseline_sensitivity.csv,"D1 file, all non-sulfide PSMs (median, SD); baseline PSMs A 0 / B 12; spread from: SD of the same PSMs"
Fig3,b,sulfide PSM|CTH_Cys|A chain|z=2|Sulfide|4.598372052546707|baseline D1,reading,sulfide only,H_artifact5_docs/deposit_sulfide_psms_baseline_sensitivity.csv,"D1 file, all non-sulfide PSMs (median, SD); baseline PSMs A 0 / B 12; spread from: SD of the same PSMs"
Fig3,b,sulfide PSM|CTH_Cys|A chain|z=2|Sulfide|4.598372052546707|baseline D6b,observed_ppm,4.598372052546707,H_artifact5_docs/deposit_sulfide_psms_baseline_sensitivity.csv,"D6b four files, same chain (file SD as stand-in); baseline PSMs A 2 / B 0; spread from: SD of all non-sulfide PSMs of the file"
Fig3,b,sulfide PSM|CTH_Cys|A chain|z=2|Sulfide|4.598372052546707|baseline D6b,n_baseline_psms,2,H_artifact5_docs/deposit_sulfide_psms_baseline_sensitivity.csv,"D6b four files, same chain (file SD as stand-in); baseline PSMs A 2 / B 0; spread from: SD of all non-sulfide PSMs of the file"
Fig3,b,sulfide PSM|CTH_Cys|A chain|z=2|Sulfide|4.598372052546707|baseline D6b,centre_ppm,-0.901481568948741,H_artifact5_docs/deposit_sulfide_psms_baseline_sensitivity.csv,"D6b four files, same chain (file SD as stand-in); baseline PSMs A 2 / B 0; spread from: SD of all non-sulfide PSMs of the file"
Fig3,b,sulfide PSM|CTH_Cys|A chain|z=2|Sulfide|4.598372052546707|baseline D6b,expected_ppm_if_dioxidised_but_reported_as_sulfide,6.092518431051259,H_artifact5_docs/deposit_sulfide_psms_baseline_sensitivity.csv,"D6b four files, same chain (file SD as stand-in); baseline PSMs A 2 / B 0; spread from: SD of all non-sulfide PSMs of the file"
Fig3,b,sulfide PSM|CTH_Cys|A chain|z=2|Sulfide|4.598372052546707|baseline D6b,z_if_sulfide,5.264833496588056,H_artifact5_docs/deposit_sulfide_psms_baseline_sensitivity.csv,"D6b four files, same chain (file SD as stand-in); baseline PSMs A 2 / B 0; spread from: SD of all non-sulfide PSMs of the file"
Fig3,b,sulfide PSM|CTH_Cys|A chain|z=2|Sulfide|4.598372052546707|baseline D6b,z_if_dioxidation,-1.4302984122362088,H_artifact5_docs/deposit_sulfide_psms_baseline_sensitivity.csv,"D6b four files, same chain (file SD as stand-in); baseline PSMs A 2 / B 0; spread from: SD of all non-sulfide PSMs of the file"
Fig3,b,sulfide PSM|CTH_Cys|A chain|z=2|Sulfide|4.598372052546707|baseline D6b,reading,dioxidation only,H_artifact5_docs/deposit_sulfide_psms_baseline_sensitivity.csv,"D6b four files, same chain (file SD as stand-in); baseline PSMs A 2 / B 0; spread from: SD of all non-sulfide PSMs of the file"
Fig3,b,sulfide PSM|NaHS|B chain|z=4|Nethylmaleimide;Sulfide|4.41737649307104|baseline D6a,observed_ppm,4.41737649307104,H_artifact5_docs/deposit_sulfide_psms_baseline_sensitivity.csv,"D6a four files, same chain (SD of those PSMs); baseline PSMs A 0 / B 47; spread from: SD of the same PSMs"
Fig3,b,sulfide PSM|NaHS|B chain|z=4|Nethylmaleimide;Sulfide|4.41737649307104|baseline D6a,n_baseline_psms,47,H_artifact5_docs/deposit_sulfide_psms_baseline_sensitivity.csv,"D6a four files, same chain (SD of those PSMs); baseline PSMs A 0 / B 47; spread from: SD of the same PSMs"
Fig3,b,sulfide PSM|NaHS|B chain|z=4|Nethylmaleimide;Sulfide|4.41737649307104|baseline D6a,centre_ppm,5.520722451827238,H_artifact5_docs/deposit_sulfide_psms_baseline_sensitivity.csv,"D6a four files, same chain (SD of those PSMs); baseline PSMs A 0 / B 47; spread from: SD of the same PSMs"
Fig3,b,sulfide PSM|NaHS|B chain|z=4|Nethylmaleimide;Sulfide|4.41737649307104|baseline D6a,expected_ppm_if_dioxidised_but_reported_as_sulfide,10.474722451827237,H_artifact5_docs/deposit_sulfide_psms_baseline_sensitivity.csv,"D6a four files, same chain (SD of those PSMs); baseline PSMs A 0 / B 47; spread from: SD of the same PSMs"
Fig3,b,sulfide PSM|NaHS|B chain|z=4|Nethylmaleimide;Sulfide|4.41737649307104|baseline D6a,z_if_sulfide,-0.7685442951944083,H_artifact5_docs/deposit_sulfide_psms_baseline_sensitivity.csv,"D6a four files, same chain (SD of those PSMs); baseline PSMs A 0 / B 47; spread from: SD of the same PSMs"
Fig3,b,sulfide PSM|NaHS|B chain|z=4|Nethylmaleimide;Sulfide|4.41737649307104|baseline D6a,z_if_dioxidation,-4.219291912637214,H_artifact5_docs/deposit_sulfide_psms_baseline_sensitivity.csv,"D6a four files, same chain (SD of those PSMs); baseline PSMs A 0 / B 47; spread from: SD of the same PSMs"
Fig3,b,sulfide PSM|NaHS|B chain|z=4|Nethylmaleimide;Sulfide|4.41737649307104|baseline D6a,reading,sulfide only,H_artifact5_docs/deposit_sulfide_psms_baseline_sensitivity.csv,"D6a four files, same chain (SD of those PSMs); baseline PSMs A 0 / B 47; spread from: SD of the same PSMs"
Fig3,b,sulfide PSM|NaHS|B chain|z=4|Nethylmaleimide;Sulfide|7.75364331130552|baseline D6a,observed_ppm,7.75364331130552,H_artifact5_docs/deposit_sulfide_psms_baseline_sensitivity.csv,"D6a four files, same chain (SD of those PSMs); baseline PSMs A 0 / B 47; spread from: SD of the same PSMs"
Fig3,b,sulfide PSM|NaHS|B chain|z=4|Nethylmaleimide;Sulfide|7.75364331130552|baseline D6a,n_baseline_psms,47,H_artifact5_docs/deposit_sulfide_psms_baseline_sensitivity.csv,"D6a four files, same chain (SD of those PSMs); baseline PSMs A 0 / B 47; spread from: SD of the same PSMs"
Fig3,b,sulfide PSM|NaHS|B chain|z=4|Nethylmaleimide;Sulfide|7.75364331130552|baseline D6a,centre_ppm,5.520722451827238,H_artifact5_docs/deposit_sulfide_psms_baseline_sensitivity.csv,"D6a four files, same chain (SD of those PSMs); baseline PSMs A 0 / B 47; spread from: SD of the same PSMs"
Fig3,b,sulfide PSM|NaHS|B chain|z=4|Nethylmaleimide;Sulfide|7.75364331130552|baseline D6a,expected_ppm_if_dioxidised_but_reported_as_sulfide,10.474722451827237,H_artifact5_docs/deposit_sulfide_psms_baseline_sensitivity.csv,"D6a four files, same chain (SD of those PSMs); baseline PSMs A 0 / B 47; spread from: SD of the same PSMs"
Fig3,b,sulfide PSM|NaHS|B chain|z=4|Nethylmaleimide;Sulfide|7.75364331130552|baseline D6a,z_if_sulfide,1.555358565963469,H_artifact5_docs/deposit_sulfide_psms_baseline_sensitivity.csv,"D6a four files, same chain (SD of those PSMs); baseline PSMs A 0 / B 47; spread from: SD of the same PSMs"
Fig3,b,sulfide PSM|NaHS|B chain|z=4|Nethylmaleimide;Sulfide|7.75364331130552|baseline D6a,z_if_dioxidation,-1.8953890514793368,H_artifact5_docs/deposit_sulfide_psms_baseline_sensitivity.csv,"D6a four files, same chain (SD of those PSMs); baseline PSMs A 0 / B 47; spread from: SD of the same PSMs"
Fig3,b,sulfide PSM|NaHS|B chain|z=4|Nethylmaleimide;Sulfide|7.75364331130552|baseline D6a,reading,either,H_artifact5_docs/deposit_sulfide_psms_baseline_sensitivity.csv,"D6a four files, same chain (SD of those PSMs); baseline PSMs A 0 / B 47; spread from: SD of the same PSMs"
Fig3,c,Fig-1D,n_psms_at_1pct_fdr,245,repo/results/pxd015307_research_summary.csv,
Fig3,c,Fig-1D,n_plus32_cys_psms,0,repo/results/pxd015307_research_summary.csv,
Fig3,c,Fig4-L_CTH_Cys,n_psms_at_1pct_fdr,14,repo/results/pxd015307_research_summary.csv,
Fig3,c,Fig4-L_CTH_Cys,n_plus32_cys_psms,0,repo/results/pxd015307_research_summary.csv,
Fig3,c,Fig4-L_NaHS,n_psms_at_1pct_fdr,18,repo/results/pxd015307_research_summary.csv,
Fig3,c,Fig4-L_NaHS,n_plus32_cys_psms,0,repo/results/pxd015307_research_summary.csv,
Fig3,c,Fig4-L_control,n_psms_at_1pct_fdr,26,repo/results/pxd015307_research_summary.csv,
Fig3,c,Fig4-L_control,n_plus32_cys_psms,0,repo/results/pxd015307_research_summary.csv,
Fig3,c,Fig4-L_heat_inactive_CTH,n_psms_at_1pct_fdr,18,repo/results/pxd015307_research_summary.csv,
Fig3,c,Fig4-L_heat_inactive_CTH,n_plus32_cys_psms,0,repo/results/pxd015307_research_summary.csv,
Fig3,d,"Fig-1D (FTMS MS2, 0.02-Da bins)|best E-value (0.0, 1.0]",n_both_scored,60,H_artifact5_docs/single_cys_tie_rate_when_both_scored.csv,single-cysteine spectra whose best interpretation carries one +32-class modification and whose alternative lies inside the +/-10-ppm window (both scored)
Fig3,d,"Fig-1D (FTMS MS2, 0.02-Da bins)|best E-value (0.0, 1.0]",n_tied,6,H_artifact5_docs/single_cys_tie_rate_when_both_scored.csv,single-cysteine spectra whose best interpretation carries one +32-class modification and whose alternative lies inside the +/-10-ppm window (both scored)
Fig3,d,"Fig-1D (FTMS MS2, 0.02-Da bins)|best E-value (0.0, 1.0]",share_tied,0.1,H_artifact5_docs/single_cys_tie_rate_when_both_scored.csv,single-cysteine spectra whose best interpretation carries one +32-class modification and whose alternative lies inside the +/-10-ppm window (both scored)
Fig3,d,"Fig-1D (FTMS MS2, 0.02-Da bins)|best E-value (1.0, 10.0]",n_both_scored,258,H_artifact5_docs/single_cys_tie_rate_when_both_scored.csv,single-cysteine spectra whose best interpretation carries one +32-class modification and whose alternative lies inside the +/-10-ppm window (both scored)
Fig3,d,"Fig-1D (FTMS MS2, 0.02-Da bins)|best E-value (1.0, 10.0]",n_tied,58,H_artifact5_docs/single_cys_tie_rate_when_both_scored.csv,single-cysteine spectra whose best interpretation carries one +32-class modification and whose alternative lies inside the +/-10-ppm window (both scored)
Fig3,d,"Fig-1D (FTMS MS2, 0.02-Da bins)|best E-value (1.0, 10.0]",share_tied,0.2248062015503876,H_artifact5_docs/single_cys_tie_rate_when_both_scored.csv,single-cysteine spectra whose best interpretation carries one +32-class modification and whose alternative lies inside the +/-10-ppm window (both scored)
Fig3,d,"Fig-1D (FTMS MS2, 0.02-Da bins)|best E-value (10.0, 100.0]",n_both_scored,246,H_artifact5_docs/single_cys_tie_rate_when_both_scored.csv,single-cysteine spectra whose best interpretation carries one +32-class modification and whose alternative lies inside the +/-10-ppm window (both scored)
Fig3,d,"Fig-1D (FTMS MS2, 0.02-Da bins)|best E-value (10.0, 100.0]",n_tied,91,H_artifact5_docs/single_cys_tie_rate_when_both_scored.csv,single-cysteine spectra whose best interpretation carries one +32-class modification and whose alternative lies inside the +/-10-ppm window (both scored)
Fig3,d,"Fig-1D (FTMS MS2, 0.02-Da bins)|best E-value (10.0, 100.0]",share_tied,0.3699186991869919,H_artifact5_docs/single_cys_tie_rate_when_both_scored.csv,single-cysteine spectra whose best interpretation carries one +32-class modification and whose alternative lies inside the +/-10-ppm window (both scored)
Fig3,d,"Fig-1D (FTMS MS2, 0.02-Da bins)|best E-value (100.0, 1000.1]",n_both_scored,118,H_artifact5_docs/single_cys_tie_rate_when_both_scored.csv,single-cysteine spectra whose best interpretation carries one +32-class modification and whose alternative lies inside the +/-10-ppm window (both scored)
Fig3,d,"Fig-1D (FTMS MS2, 0.02-Da bins)|best E-value (100.0, 1000.1]",n_tied,51,H_artifact5_docs/single_cys_tie_rate_when_both_scored.csv,single-cysteine spectra whose best interpretation carries one +32-class modification and whose alternative lies inside the +/-10-ppm window (both scored)
Fig3,d,"Fig-1D (FTMS MS2, 0.02-Da bins)|best E-value (100.0, 1000.1]",share_tied,0.4322033898305085,H_artifact5_docs/single_cys_tie_rate_when_both_scored.csv,single-cysteine spectra whose best interpretation carries one +32-class modification and whose alternative lies inside the +/-10-ppm window (both scored)
Fig3,d,"insulin files (ion-trap MS2, 1.0005-Da bins)|best E-value (0.0, 1.0]",n_both_scored,26,H_artifact5_docs/single_cys_tie_rate_when_both_scored.csv,single-cysteine spectra whose best interpretation carries one +32-class modification and whose alternative lies inside the +/-10-ppm window (both scored)
Fig3,d,"insulin files (ion-trap MS2, 1.0005-Da bins)|best E-value (0.0, 1.0]",n_tied,21,H_artifact5_docs/single_cys_tie_rate_when_both_scored.csv,single-cysteine spectra whose best interpretation carries one +32-class modification and whose alternative lies inside the +/-10-ppm window (both scored)
Fig3,d,"insulin files (ion-trap MS2, 1.0005-Da bins)|best E-value (0.0, 1.0]",share_tied,0.8076923076923077,H_artifact5_docs/single_cys_tie_rate_when_both_scored.csv,single-cysteine spectra whose best interpretation carries one +32-class modification and whose alternative lies inside the +/-10-ppm window (both scored)
Fig3,d,"insulin files (ion-trap MS2, 1.0005-Da bins)|best E-value (1.0, 10.0]",n_both_scored,56,H_artifact5_docs/single_cys_tie_rate_when_both_scored.csv,single-cysteine spectra whose best interpretation carries one +32-class modification and whose alternative lies inside the +/-10-ppm window (both scored)
Fig3,d,"insulin files (ion-trap MS2, 1.0005-Da bins)|best E-value (1.0, 10.0]",n_tied,46,H_artifact5_docs/single_cys_tie_rate_when_both_scored.csv,single-cysteine spectra whose best interpretation carries one +32-class modification and whose alternative lies inside the +/-10-ppm window (both scored)
Fig3,d,"insulin files (ion-trap MS2, 1.0005-Da bins)|best E-value (1.0, 10.0]",share_tied,0.8214285714285714,H_artifact5_docs/single_cys_tie_rate_when_both_scored.csv,single-cysteine spectra whose best interpretation carries one +32-class modification and whose alternative lies inside the +/-10-ppm window (both scored)
Fig3,d,"insulin files (ion-trap MS2, 1.0005-Da bins)|best E-value (10.0, 100.0]",n_both_scored,16,H_artifact5_docs/single_cys_tie_rate_when_both_scored.csv,single-cysteine spectra whose best interpretation carries one +32-class modification and whose alternative lies inside the +/-10-ppm window (both scored)
Fig3,d,"insulin files (ion-trap MS2, 1.0005-Da bins)|best E-value (10.0, 100.0]",n_tied,14,H_artifact5_docs/single_cys_tie_rate_when_both_scored.csv,single-cysteine spectra whose best interpretation carries one +32-class modification and whose alternative lies inside the +/-10-ppm window (both scored)
Fig3,d,"insulin files (ion-trap MS2, 1.0005-Da bins)|best E-value (10.0, 100.0]",share_tied,0.875,H_artifact5_docs/single_cys_tie_rate_when_both_scored.csv,single-cysteine spectra whose best interpretation carries one +32-class modification and whose alternative lies inside the +/-10-ppm window (both scored)
Fig3,d,"insulin files (ion-trap MS2, 1.0005-Da bins)|best E-value (100.0, 1000.1]",n_both_scored,2,H_artifact5_docs/single_cys_tie_rate_when_both_scored.csv,single-cysteine spectra whose best interpretation carries one +32-class modification and whose alternative lies inside the +/-10-ppm window (both scored)
Fig3,d,"insulin files (ion-trap MS2, 1.0005-Da bins)|best E-value (100.0, 1000.1]",n_tied,2,H_artifact5_docs/single_cys_tie_rate_when_both_scored.csv,single-cysteine spectra whose best interpretation carries one +32-class modification and whose alternative lies inside the +/-10-ppm window (both scored)
Fig3,d,"insulin files (ion-trap MS2, 1.0005-Da bins)|best E-value (100.0, 1000.1]",share_tied,1.0,H_artifact5_docs/single_cys_tie_rate_when_both_scored.csv,single-cysteine spectra whose best interpretation carries one +32-class modification and whose alternative lies inside the +/-10-ppm window (both scored)
Fig3,d,"Fig-1D (FTMS MS2, 0.02-Da bins)|best E-value all",n_both_scored,682,H_artifact5_docs/single_cys_tie_rate_when_both_scored.csv,single-cysteine spectra whose best interpretation carries one +32-class modification and whose alternative lies inside the +/-10-ppm window (both scored)
Fig3,d,"Fig-1D (FTMS MS2, 0.02-Da bins)|best E-value all",n_tied,206,H_artifact5_docs/single_cys_tie_rate_when_both_scored.csv,single-cysteine spectra whose best interpretation carries one +32-class modification and whose alternative lies inside the +/-10-ppm window (both scored)
Fig3,d,"Fig-1D (FTMS MS2, 0.02-Da bins)|best E-value all",share_tied,0.3020527859237537,H_artifact5_docs/single_cys_tie_rate_when_both_scored.csv,single-cysteine spectra whose best interpretation carries one +32-class modification and whose alternative lies inside the +/-10-ppm window (both scored)
Fig3,d,"insulin files (ion-trap MS2, 1.0005-Da bins)|best E-value all",n_both_scored,100,H_artifact5_docs/single_cys_tie_rate_when_both_scored.csv,single-cysteine spectra whose best interpretation carries one +32-class modification and whose alternative lies inside the +/-10-ppm window (both scored)
Fig3,d,"insulin files (ion-trap MS2, 1.0005-Da bins)|best E-value all",n_tied,83,H_artifact5_docs/single_cys_tie_rate_when_both_scored.csv,single-cysteine spectra whose best interpretation carries one +32-class modification and whose alternative lies inside the +/-10-ppm window (both scored)
Fig3,d,"insulin files (ion-trap MS2, 1.0005-Da bins)|best E-value all",share_tied,0.83,H_artifact5_docs/single_cys_tie_rate_when_both_scored.csv,single-cysteine spectra whose best interpretation carries one +32-class modification and whose alternative lies inside the +/-10-ppm window (both scored)
